arch_seq,id,objective,elapsed_sec,duration
"[0, 1, 0, 1, 5, 0, 0, 7, 6, 0, 0, 1, 7, 2, 0, 1, 1, 7, 8, 0, 0, 0]",4,2.3731508255004883,41398.30252933502,41366.38024735451
