{"n_parameters": 313057, "training_time": 14901.569560289383, "loss": [6.379889965057373, 5.943566799163818, 5.904568672180176, 5.870636463165283, 5.824608325958252, 5.801942825317383, 5.757101058959961, 5.729221343994141, 5.690167427062988, 5.655693054199219, 5.621925354003906, 5.573273181915283, 5.540343284606934, 5.5122599601745605, 5.480454921722412, 5.456057548522949, 5.4464569091796875, 5.416481971740723, 5.371603965759277, 5.353492736816406, 5.309221267700195, 5.279545307159424, 5.2621002197265625, 5.244494438171387, 5.205265522003174, 5.175544738769531, 5.131012439727783, 5.101797580718994, 5.07114839553833, 5.026229381561279, 4.976726055145264, 4.940394878387451, 4.899874687194824, 4.838535785675049, 4.778895854949951, 4.727637767791748, 4.665607929229736, 4.604686737060547, 4.540343761444092, 4.4901299476623535, 4.438595771789551, 4.380632400512695, 4.331905364990234, 4.280250072479248, 4.24945592880249, 4.2141947746276855, 4.181831359863281, 4.1350998878479, 4.1113200187683105, 4.063344478607178, 4.008897304534912, 3.97615647315979, 3.950091600418091, 3.915668487548828, 3.8965842723846436, 3.8670196533203125, 3.8387489318847656, 3.82924485206604, 3.8000082969665527, 3.7827634811401367, 3.7572219371795654, 3.7415964603424072, 3.703101634979248, 3.6867892742156982, 3.676584005355835, 3.6675033569335938, 3.6412341594696045, 3.6233205795288086, 3.6095452308654785, 3.5927348136901855, 3.571377992630005, 3.530385732650757, 3.5195870399475098, 3.522862672805786, 3.48030424118042, 3.491684675216675, 3.462308645248413, 3.461276054382324, 3.423006534576416, 3.396531581878662, 3.399143934249878, 3.378931999206543, 3.370882511138916, 3.367945671081543, 3.3277227878570557, 3.3264963626861572, 3.3106069564819336, 3.28609299659729, 3.266684055328369, 3.2433173656463623, 3.2501630783081055, 3.2155163288116455, 3.214728593826294, 3.1984446048736572, 3.1887340545654297, 3.1654727458953857, 3.169877052307129, 3.127873659133911, 3.135390281677246, 3.133666515350342, 3.1057560443878174, 3.0897057056427, 3.0707101821899414, 3.0879435539245605, 3.063239574432373, 3.0711820125579834, 3.0382118225097656, 3.028740167617798, 3.019315481185913, 3.022409439086914, 2.986355781555176, 2.9872701168060303, 2.9662442207336426, 2.9613590240478516, 2.957050085067749, 2.940211057662964, 2.9458231925964355, 2.919645071029663, 2.9253714084625244, 2.912952423095703, 2.903562307357788], "rmse": [2.501016855239868, 2.4198267459869385, 2.412393093109131, 2.404421091079712, 2.395392894744873, 2.3916208744049072, 2.3821234703063965, 2.3764688968658447, 2.3683769702911377, 2.3613693714141846, 2.3546950817108154, 2.3453216552734375, 2.337801694869995, 2.3323755264282227, 2.325639247894287, 2.320047378540039, 2.3192925453186035, 2.3126206398010254, 2.3023269176483154, 2.2986645698547363, 2.2895851135253906, 2.2835464477539062, 2.27925443649292, 2.2757980823516846, 2.2669458389282227, 2.261060953140259, 2.2509567737579346, 2.2442526817321777, 2.2374844551086426, 2.227186918258667, 2.215998888015747, 2.2080962657928467, 2.199065685272217, 2.185877561569214, 2.172100782394409, 2.15993070602417, 2.1452434062957764, 2.13039231300354, 2.116011142730713, 2.1033315658569336, 2.090787410736084, 2.0777745246887207, 2.0657236576080322, 2.054067850112915, 2.0463104248046875, 2.037428855895996, 2.0296926498413086, 2.0183327198028564, 2.0122570991516113, 2.000520944595337, 1.9870816469192505, 1.979515790939331, 1.9720410108566284, 1.9632104635238647, 1.9596173763275146, 1.9508556127548218, 1.9432493448257446, 1.9412715435028076, 1.9336280822753906, 1.9297739267349243, 1.9235283136367798, 1.919466257095337, 1.909812092781067, 1.9046342372894287, 1.9014302492141724, 1.8997154235839844, 1.893096923828125, 1.8888136148452759, 1.88461434841156, 1.8803784847259521, 1.8745697736740112, 1.8641188144683838, 1.8613030910491943, 1.8613170385360718, 1.850399374961853, 1.8537867069244385, 1.8456270694732666, 1.8453384637832642, 1.834721326828003, 1.8277902603149414, 1.8288581371307373, 1.8237308263778687, 1.8208107948303223, 1.8203130960464478, 1.8092041015625, 1.808614730834961, 1.8047820329666138, 1.798105001449585, 1.792987585067749, 1.7866184711456299, 1.7880457639694214, 1.778023362159729, 1.778809905052185, 1.774224877357483, 1.7716211080551147, 1.7644178867340088, 1.7654831409454346, 1.7545078992843628, 1.7565985918045044, 1.7557623386383057, 1.7480199337005615, 1.74344801902771, 1.7386457920074463, 1.742779016494751, 1.735566258430481, 1.7377042770385742, 1.7287726402282715, 1.7266298532485962, 1.7228204011917114, 1.7243156433105469, 1.7138434648513794, 1.714126467704773, 1.7087188959121704, 1.7068854570388794, 1.7052940130233765, 1.7007062435150146, 1.7020360231399536, 1.6949530839920044, 1.6958168745040894, 1.693156361579895, 1.6900302171707153], "val_loss": [6.006539821624756, 5.9445881843566895, 5.924471378326416, 5.914605617523193, 5.872125148773193, 5.873252868652344, 5.789780139923096, 5.742504119873047, 5.704507350921631, 5.670270919799805, 5.614191055297852, 5.557820796966553, 5.508115768432617, 5.429070472717285, 5.4021196365356445, 5.3632001876831055, 5.313472270965576, 5.279230117797852, 5.229864597320557, 5.171945095062256, 5.105382919311523, 5.1245832443237305, 5.102078914642334, 5.137518405914307, 5.097464561462402, 5.103641986846924, 5.002562999725342, 4.975821495056152, 4.906106948852539, 4.844724178314209, 4.7753167152404785, 4.660336494445801, 4.577865123748779, 4.4867448806762695, 4.375713348388672, 4.303308963775635, 4.145493507385254, 4.008639812469482, 3.928682565689087, 3.8197665214538574, 3.731600284576416, 3.621666669845581, 3.5432851314544678, 3.4588513374328613, 3.3688254356384277, 3.295177936553955, 3.1903252601623535, 3.1598448753356934, 3.0703847408294678, 2.977710723876953, 2.9258265495300293, 2.8713297843933105, 2.8588438034057617, 2.82898211479187, 2.792661428451538, 2.7350010871887207, 2.7062699794769287, 2.704097032546997, 2.6787302494049072, 2.6624481678009033, 2.622166633605957, 2.6046061515808105, 2.5842578411102295, 2.5759217739105225, 2.5410847663879395, 2.5264251232147217, 2.5269651412963867, 2.508509874343872, 2.49159836769104, 2.460022449493408, 2.438392400741577, 2.4352216720581055, 2.428133487701416, 2.403186798095703, 2.3875021934509277, 2.4034111499786377, 2.375385284423828, 2.3866641521453857, 2.391317367553711, 2.3463070392608643, 2.342214345932007, 2.3647477626800537, 2.345729112625122, 2.34002423286438, 2.3138251304626465, 2.3062009811401367, 2.293154001235962, 2.303410053253174, 2.2930855751037598, 2.2893755435943604, 2.298550605773926, 2.281982183456421, 2.2470767498016357, 2.258213520050049, 2.2349352836608887, 2.2288408279418945, 2.227156400680542, 2.2619965076446533, 2.2357969284057617, 2.228158473968506, 2.2024216651916504, 2.1926445960998535, 2.202252149581909, 2.1925833225250244, 2.193232774734497, 2.1825244426727295, 2.1608431339263916, 2.165290594100952, 2.1451780796051025, 2.165186882019043, 2.1585192680358887, 2.164238214492798, 2.144794225692749, 2.13663649559021, 2.1509737968444824, 2.1244263648986816, 2.1370790004730225, 2.1449198722839355, 2.1560921669006348, 2.1492652893066406, 2.137653112411499],