{"n_parameters": 183361, "training_time": 4901.240264892578, "loss": [5.781129837036133, 5.523475646972656, 5.402383804321289, 5.316899299621582, 5.2366414070129395, 5.159168243408203, 5.072859287261963, 4.9982380867004395, 4.908856391906738, 4.804776668548584, 4.697455406188965, 4.581916332244873, 4.455925941467285, 4.343541145324707, 4.222224712371826, 4.104202747344971, 3.9849627017974854, 3.866206645965576, 3.7859785556793213, 3.6826066970825195, 3.5946667194366455, 3.520216941833496, 3.445244550704956, 3.394421100616455, 3.316953420639038, 3.260442018508911, 3.2063004970550537, 3.1522769927978516, 3.1099159717559814, 3.0645265579223633, 3.0172324180603027, 2.969318151473999, 2.9297544956207275, 2.910275936126709, 2.8623037338256836, 2.829540252685547, 2.795377492904663, 2.766533374786377, 2.732062339782715, 2.7192368507385254, 2.6842801570892334, 2.650566577911377, 2.6285042762756348, 2.6046266555786133, 2.5909459590911865, 2.5666959285736084, 2.5463433265686035, 2.52333927154541, 2.5134148597717285, 2.4934024810791016, 2.4637949466705322, 2.4550437927246094, 2.430911064147949, 2.413778305053711, 2.3985695838928223, 2.37732195854187, 2.375490665435791, 2.3632335662841797, 2.349498987197876, 2.3340768814086914, 2.3171403408050537, 2.30024790763855, 2.2920429706573486, 2.266833782196045, 2.26861572265625, 2.261080026626587, 2.2369132041931152, 2.2270588874816895, 2.2172188758850098, 2.2129697799682617, 2.204120397567749, 2.1846725940704346, 2.186225175857544, 2.169454336166382, 2.1598570346832275], "rmse": [2.3880205154418945, 2.334852695465088, 2.3091719150543213, 2.290698528289795, 2.2743585109710693, 2.2567028999328613, 2.238436698913574, 2.221665382385254, 2.2022814750671387, 2.177379608154297, 2.152240514755249, 2.126516819000244, 2.095867156982422, 2.069241523742676, 2.038404941558838, 2.0097415447235107, 1.9793559312820435, 1.9489481449127197, 1.9280062913894653, 1.9001425504684448, 1.877976655960083, 1.8583006858825684, 1.8372139930725098, 1.8240517377853394, 1.802362322807312, 1.7868263721466064, 1.771936058998108, 1.757089376449585, 1.7452313899993896, 1.7326611280441284, 1.7186286449432373, 1.7046922445297241, 1.6926615238189697, 1.687811255455017, 1.6735749244689941, 1.6639093160629272, 1.6540905237197876, 1.6439839601516724, 1.6351807117462158, 1.6307612657546997, 1.6198062896728516, 1.6107536554336548, 1.6032993793487549, 1.5960884094238281, 1.5916200876235962, 1.5847967863082886, 1.5778326988220215, 1.57213294506073, 1.567094326019287, 1.5622307062149048, 1.5529026985168457, 1.548746109008789, 1.5424624681472778, 1.5367714166641235, 1.5318070650100708, 1.5252089500427246, 1.5246355533599854, 1.5206273794174194, 1.5155203342437744, 1.510595440864563, 1.5053198337554932, 1.4997321367263794, 1.4975076913833618, 1.4890248775482178, 1.4895151853561401, 1.4876549243927002, 1.4783726930618286, 1.4760147333145142, 1.4719358682632446, 1.4707013368606567, 1.4676270484924316, 1.4613560438156128, 1.4619636535644531, 1.4557549953460693, 1.453827142715454], "val_loss": [5.631052017211914, 5.435020923614502, 5.311321258544922, 5.179682731628418, 5.060300350189209, 4.944268226623535, 4.830440998077393, 4.706761837005615, 4.5845208168029785, 4.449764728546143, 4.271319389343262, 4.11850118637085, 3.954777479171753, 3.7844066619873047, 3.629354953765869, 3.4689409732818604, 3.339736223220825, 3.206465721130371, 3.111952066421509, 3.0165839195251465, 2.941340684890747, 2.8736393451690674, 2.809375524520874, 2.7511441707611084, 2.7030203342437744, 2.6492016315460205, 2.6077842712402344, 2.580308675765991, 2.555821418762207, 2.5092110633850098, 2.4900786876678467, 2.4485931396484375, 2.424204111099243, 2.4047765731811523, 2.367281913757324, 2.361719846725464, 2.3421471118927, 2.336850643157959, 2.302499771118164, 2.302302360534668, 2.2808845043182373, 2.283048152923584, 2.2553887367248535, 2.2434322834014893, 2.2144997119903564, 2.1994895935058594, 2.1956939697265625, 2.1591224670410156, 2.1710031032562256, 2.134050130844116, 2.1372509002685547, 2.113621234893799, 2.086254358291626, 2.0887672901153564, 2.061000108718872, 2.0306708812713623, 2.024498224258423, 2.013916015625, 2.0210795402526855, 2.0056657791137695, 2.020301103591919, 1.9791263341903687, 1.998827576637268, 1.9639403820037842, 1.996031641960144, 1.942406415939331, 1.9571033716201782, 1.9549553394317627, 1.9456957578659058, 1.9078309535980225, 1.9635686874389648, 1.9560637474060059, 1.9167574644088745, 1.9521865844726562, 1.927085280418396], "val_rmse": [2.356964588165283, 2.3164379596710205, 2.2904505729675293, 2.261965274810791, 2.235668897628784, 2.2099859714508057, 2.1845483779907227, 2.1562068462371826, 2.127746820449829, 2.0956454277038574, 2.0525076389312744, 2.0147337913513184, 1.9734420776367188, 1.9296845197677612, 1.8887417316436768, 1.845465064048767, 1.8097352981567383, 1.7724751234054565, 1.7452951669692993, 1.717739224433899, 1.695786714553833, 1.675902247428894, 1.6567838191986084, 1.6393992900848389, 1.624788522720337, 1.6085178852081299, 1.5957852602005005, 1.5874500274658203, 1.5800037384033203, 1.5654696226119995, 1.55988609790802, 1.5467079877853394, 1.5391225814819336, 1.5330946445465088, 1.520976185798645, 1.519641399383545, 1.5133461952209473, 1.511871576309204, 1.500662922859192, 1.5009845495224, 1.493944525718689, 1.4950717687606812, 1.4859164953231812, 1.4821346998214722, 1.4725075960159302, 1.467485785484314, 1.4666085243225098, 1.4540674686431885, 1.4584378004074097, 1.445733904838562, 1.4473154544830322, 1.4392223358154297, 1.4297209978103638, 1.4307746887207031, 1.4211349487304688, 1.4104864597320557, 1.4083765745162964, 1.404837965965271, 1.4073752164840698, 1.402122974395752, 1.407507300376892, 1.3927185535430908, 1.4000531435012817, 1.38755464553833, 1.3992012739181519, 1.379772424697876, 1.385216236114502, 1.3845007419586182, 1.3811733722686768, 1.3673439025878906, 1.3878792524337769, 1.3849775791168213, 1.370633602142334, 1.3836395740509033, 1.3745677471160889]}