{"n_parameters": 411137, "training_time": 17433.09773159027, "loss": [9.338399887084961, 5.88415002822876, 5.843785762786865, 5.82045841217041, 5.8070878982543945, 5.789025783538818, 5.771818161010742, 5.761122703552246, 5.748334884643555, 5.738995552062988, 5.720810890197754, 5.711313247680664, 5.705236434936523, 5.696377277374268, 5.690361022949219, 5.680538654327393, 5.673050880432129, 5.666532039642334, 5.652956485748291, 5.648073196411133, 5.649592876434326, 5.635865688323975, 5.620425701141357, 5.613611221313477, 5.613081455230713, 5.597848892211914, 5.592566013336182, 5.59063720703125, 5.578505039215088, 5.575177192687988, 5.560288906097412, 5.568365097045898, 5.549049377441406, 5.537121295928955, 5.527923583984375, 5.518214702606201, 5.518290042877197, 5.504875659942627, 5.499600410461426, 5.481461048126221, 5.469545364379883, 5.4489569664001465, 5.427907466888428, 5.421926021575928, 5.403896808624268, 5.387346267700195, 5.374002456665039, 5.35726261138916, 5.323550224304199, 5.299861431121826, 5.295759201049805, 5.264528274536133, 5.224232196807861, 5.2020039558410645, 5.176364421844482, 5.157155513763428, 5.129024028778076, 5.094334125518799, 5.061500549316406, 5.0302042961120605, 5.001149654388428, 4.9644575119018555, 4.9376444816589355, 4.890393257141113, 4.858794689178467, 4.846941947937012, 4.790942668914795, 4.767695903778076, 4.7387871742248535, 4.718610763549805, 4.6890788078308105, 4.658402919769287, 4.621747016906738, 4.598147869110107, 4.578026294708252, 4.544361114501953, 4.514383792877197, 4.498349189758301, 4.477628231048584, 4.481085777282715, 4.4213762283325195, 4.4106764793396, 4.393082141876221, 4.365967273712158, 4.323829650878906, 4.331305503845215, 4.307015895843506, 4.3015642166137695, 4.270155906677246, 4.257600784301758, 4.221369743347168, 4.186963081359863, 4.165743350982666, 4.177403450012207, 4.150722980499268, 4.112744331359863, 4.08591890335083, 4.087393760681152, 4.06614875793457, 4.050255298614502, 4.016290664672852, 3.9781479835510254, 3.9802603721618652, 3.9479739665985107, 3.947462558746338, 3.893263578414917, 3.878570318222046, 3.845942735671997, 3.827749490737915, 3.8187570571899414, 3.8002724647521973, 3.7799670696258545, 3.7521824836730957, 3.747044563293457, 3.7348663806915283, 3.7158522605895996, 3.680046319961548, 3.641594648361206, 3.6735761165618896, 3.6482107639312744, 3.628854274749756, 3.605104446411133, 3.570054054260254, 3.5451860427856445, 3.5610594749450684, 3.5480313301086426, 3.5161550045013428, 3.5102622509002686, 3.4852161407470703, 3.452740430831909, 3.4579246044158936, 3.439908266067505, 3.39450740814209, 3.4214165210723877, 3.404571533203125, 3.357081890106201, 3.3284401893615723, 3.35010027885437, 3.3296115398406982, 3.3307855129241943, 3.2953503131866455, 3.272197723388672, 3.285860538482666, 3.2549493312835693, 3.2348451614379883, 3.2137084007263184, 3.2047626972198486, 3.1974611282348633, 3.187877893447876, 3.172700881958008, 3.158931255340576, 3.1411449909210205, 3.117403507232666, 3.1207258701324463, 3.10967755317688, 3.0976781845092773, 3.059314250946045, 3.0603644847869873, 3.048609972000122, 3.0553061962127686, 3.0155436992645264, 3.0269775390625, 3.0022330284118652, 2.978182315826416, 2.9576239585876465], "rmse": [2.8876190185546875, 2.4083282947540283, 2.400059700012207, 2.395480155944824, 2.3917527198791504, 2.3883776664733887, 2.384772539138794, 2.382534980773926, 2.3790199756622314, 2.378715991973877, 2.3757307529449463, 2.373372793197632, 2.371361017227173, 2.369194269180298, 2.369541645050049, 2.3668556213378906, 2.3655154705047607, 2.3638954162597656, 2.361560344696045, 2.359959363937378, 2.3598990440368652, 2.357199192047119, 2.3545124530792236, 2.3527944087982178, 2.3534419536590576, 2.350132465362549, 2.3490915298461914, 2.348716974258423, 2.346877336502075, 2.3457858562469482, 2.34273099899292, 2.3436813354492188, 2.339843511581421, 2.3379526138305664, 2.335892915725708, 2.333307981491089, 2.3331940174102783, 2.331254005432129, 2.328890800476074, 2.3251967430114746, 2.323390483856201, 2.318533420562744, 2.3142025470733643, 2.312565565109253, 2.308560609817505, 2.3063125610351562, 2.3024003505706787, 2.2996881008148193, 2.2918243408203125, 2.2882778644561768, 2.286243200302124, 2.2796201705932617, 2.2703311443328857, 2.265657901763916, 2.259838342666626, 2.256021499633789, 2.2499148845672607, 2.2412421703338623, 2.2338767051696777, 2.227201223373413, 2.2204229831695557, 2.2124991416931152, 2.20592999458313, 2.1959762573242188, 2.188023090362549, 2.186063528060913, 2.1719250679016113, 2.166245937347412, 2.1601579189300537, 2.1556620597839355, 2.1477556228637695, 2.141650915145874, 2.1330747604370117, 2.1267831325531006, 2.122157573699951, 2.114254951477051, 2.107640504837036, 2.1038217544555664, 2.0975356101989746, 2.0995423793792725, 2.0846259593963623, 2.083716630935669, 2.0772321224212646, 2.0710480213165283, 2.062072992324829, 2.0622355937957764, 2.0577218532562256, 2.055434465408325, 2.0476784706115723, 2.044844150543213, 2.0356969833374023, 2.02763295173645, 2.0238866806030273, 2.0255539417266846, 2.019277572631836, 2.009913921356201, 2.003593683242798, 2.0034165382385254, 1.9983437061309814, 1.9937326908111572, 1.9850746393203735, 1.976135492324829, 1.975940227508545, 1.9680218696594238, 1.9690748453140259, 1.9544097185134888, 1.9513877630233765, 1.9428050518035889, 1.9385106563568115, 1.9350744485855103, 1.9303311109542847, 1.9258865118026733, 1.9184308052062988, 1.917215347290039, 1.915024757385254, 1.908323884010315, 1.8996912240982056, 1.8892537355422974, 1.8980443477630615, 1.8915027379989624, 1.8865474462509155, 1.8807357549667358, 1.8703525066375732, 1.8640929460525513, 1.8692328929901123, 1.8657206296920776, 1.8568081855773926, 1.8551244735717773, 1.8474055528640747, 1.8399971723556519, 1.8411272764205933, 1.8363986015319824, 1.8227956295013428, 1.830991506576538, 1.8264790773391724, 1.8134227991104126, 1.8070179224014282, 1.8126577138900757, 1.8067817687988281, 1.8058534860610962, 1.7969276905059814, 1.7913044691085815, 1.7942324876785278, 1.785900592803955, 1.7796611785888672, 1.7741352319717407, 1.7716643810272217, 1.7694470882415771, 1.7666873931884766, 1.7630428075790405, 1.7588396072387695, 1.753672480583191, 1.7469391822814941, 1.7486968040466309, 1.7455713748931885, 1.741296410560608, 1.730173110961914, 1.7309272289276123, 1.7279767990112305, 1.7294344902038574, 1.71785569190979, 1.7220873832702637, 1.7138900756835938, 1.7078239917755127, 1.7027157545089722],