{"n_parameters": 469185, "training_time": 6014.689130306244, "loss": [5.7472405433654785, 5.551658630371094, 5.424337863922119, 5.332005023956299, 5.237206935882568, 5.133232593536377, 5.04945182800293, 4.9484639167785645, 4.846041679382324, 4.756767272949219, 4.653491020202637, 4.530392646789551, 4.408799171447754, 4.271604061126709, 4.124339580535889, 3.9543256759643555, 3.7808854579925537, 3.60538649559021, 3.446389675140381, 3.2998385429382324, 3.1649329662323, 3.0495173931121826, 2.9560844898223877, 2.8685860633850098, 2.794907808303833, 2.7304022312164307, 2.6688642501831055, 2.612510919570923, 2.5642268657684326, 2.512587785720825, 2.4661285877227783, 2.4277539253234863, 2.3919661045074463, 2.3485920429229736, 2.3055450916290283, 2.268902063369751, 2.244994878768921, 2.210244655609131, 2.192352294921875, 2.164557933807373, 2.1401054859161377, 2.1225268840789795, 2.1006364822387695, 2.0831291675567627, 2.0563323497772217, 2.0354959964752197, 2.025172233581543, 2.008915424346924, 1.998844027519226, 1.9875800609588623, 1.9692810773849487, 1.9537752866744995, 1.9401823282241821], "rmse": [2.379608154296875, 2.3409926891326904, 2.31307053565979, 2.2938523292541504, 2.274418830871582, 2.250850200653076, 2.233525276184082, 2.210209846496582, 2.187331199645996, 2.1667258739471436, 2.1434085369110107, 2.1144747734069824, 2.085148572921753, 2.05220890045166, 2.0157816410064697, 1.973699927330017, 1.929579734802246, 1.8829643726348877, 1.8400089740753174, 1.799479603767395, 1.7619683742523193, 1.7298107147216797, 1.7015546560287476, 1.6753900051116943, 1.6546809673309326, 1.6347811222076416, 1.6159956455230713, 1.5989727973937988, 1.5846360921859741, 1.5678800344467163, 1.5543516874313354, 1.542059302330017, 1.529772162437439, 1.5154995918273926, 1.5023936033248901, 1.489900827407837, 1.4817298650741577, 1.470888614654541, 1.4645740985870361, 1.4543718099594116, 1.4465103149414062, 1.4401922225952148, 1.4330573081970215, 1.4271763563156128, 1.4171026945114136, 1.4103124141693115, 1.4067027568817139, 1.4013123512268066, 1.3974262475967407, 1.394862413406372, 1.387007713317871, 1.381768822669983, 1.377126693725586], "val_loss": [5.698222637176514, 5.503544330596924, 5.381878852844238, 5.265830039978027, 5.121723651885986, 5.009284496307373, 4.878661155700684, 4.7472052574157715, 4.616280555725098, 4.484788417816162, 4.349538803100586, 4.208361625671387, 4.030275821685791, 3.8544116020202637, 3.66548752784729, 3.433028221130371, 3.240077018737793, 3.061262369155884, 2.8996291160583496, 2.792916774749756, 2.6577095985412598, 2.5590052604675293, 2.496872901916504, 2.429542064666748, 2.376941442489624, 2.334368944168091, 2.2964096069335938, 2.227201461791992, 2.1730124950408936, 2.1249592304229736, 2.078158140182495, 2.0344274044036865, 2.002692222595215, 1.9746044874191284, 1.953840970993042, 1.9043221473693848, 1.8959511518478394, 1.8797588348388672, 1.8487714529037476, 1.825177788734436, 1.8374751806259155, 1.8008966445922852, 1.7825677394866943, 1.7876068353652954, 1.7817577123641968, 1.7969266176223755, 1.764570713043213, 1.7517584562301636, 1.7770472764968872, 1.7618151903152466, 1.7526425123214722, 1.7601934671401978, 1.7646920680999756], "val_rmse": [2.37109637260437, 2.331084728240967, 2.3053183555603027, 2.2809176445007324, 2.249274730682373, 2.2250592708587646, 2.1955556869506836, 2.165846109390259, 2.1353821754455566, 2.1047897338867188, 2.0722947120666504, 2.037860155105591, 1.9942446947097778, 1.949614405632019, 1.9008350372314453, 1.8386478424072266, 1.7857341766357422, 1.7347631454467773, 1.6872762441635132, 1.6555962562561035, 1.613811731338501, 1.582802414894104, 1.563218593597412, 1.5416041612625122, 1.5246003866195679, 1.5105539560317993, 1.4982130527496338, 1.475564956665039, 1.4575735330581665, 1.441284418106079, 1.4254279136657715, 1.4100024700164795, 1.399196743965149, 1.3892996311187744, 1.3818995952606201, 1.3645100593566895, 1.3616552352905273, 1.3557381629943848, 1.3446259498596191, 1.3359522819519043, 1.3405444622039795, 1.3270291090011597, 1.3202120065689087, 1.3220809698104858, 1.320180892944336, 1.3256908655166626, 1.3137909173965454, 1.308738112449646, 1.3184709548950195, 1.312605381011963, 1.3091343641281128, 1.311917781829834, 1.313983678817749]}