{"n_parameters": 81377, "training_time": 5935.839605808258, "loss": [5.9780707359313965, 5.8561601638793945, 5.747030735015869, 5.673983097076416, 5.584497451782227, 5.504955291748047, 5.418885707855225, 5.345112323760986, 5.263484477996826, 5.223204135894775, 5.1423726081848145, 5.065235137939453, 5.0035271644592285, 4.944770812988281, 4.876522064208984, 4.815937519073486, 4.75106143951416, 4.683802604675293, 4.634678363800049, 4.576286792755127, 4.511209011077881, 4.459008693695068, 4.397036075592041, 4.336080074310303, 4.270290374755859, 4.198121070861816, 4.135798454284668, 4.033979892730713, 3.9540748596191406, 3.8619067668914795, 3.759963035583496, 3.6792187690734863, 3.5839622020721436, 3.4781296253204346, 3.385829448699951, 3.303593635559082, 3.1981141567230225, 3.1261672973632812, 3.051352024078369, 2.964754581451416, 2.904348850250244, 2.8386857509613037, 2.779604196548462, 2.7139272689819336, 2.6499500274658203, 2.5938987731933594, 2.558473825454712, 2.5135374069213867, 2.4811620712280273, 2.4549930095672607, 2.403707504272461, 2.365685224533081, 2.3402960300445557, 2.3135955333709717, 2.2794485092163086, 2.2621915340423584, 2.2288479804992676, 2.21071457862854, 2.18938946723938, 2.176854372024536, 2.154081106185913, 2.1364974975585938, 2.117095708847046, 2.0984370708465576, 2.09515643119812, 2.062346935272217, 2.0639946460723877, 2.024998903274536, 2.0313003063201904, 2.0290791988372803, 2.023709774017334, 1.9972891807556152, 1.9830223321914673, 1.9718210697174072, 1.9695937633514404, 1.9570270776748657, 1.9506323337554932, 1.9383444786071777, 1.9235607385635376, 1.9202553033828735, 1.9089462757110596, 1.9053860902786255, 1.899499535560608, 1.8928992748260498, 1.889243483543396, 1.878505825996399, 1.8682498931884766, 1.870375394821167, 1.859514594078064, 1.8487321138381958, 1.8555697202682495, 1.8469253778457642, 1.8277055025100708, 1.8288921117782593, 1.827741026878357, 1.826481580734253, 1.814435601234436, 1.8113389015197754, 1.7957252264022827, 1.80117928981781, 1.7858610153198242, 1.7868257761001587, 1.7793583869934082, 1.784002661705017, 1.7782559394836426, 1.7622910737991333, 1.7634150981903076, 1.7595784664154053, 1.7603964805603027, 1.750250220298767, 1.7483693361282349, 1.74114191532135, 1.7428100109100342, 1.7313079833984375, 1.7307562828063965, 1.7249265909194946, 1.72506844997406, 1.7250887155532837, 1.7229925394058228, 1.7125474214553833, 1.71701979637146, 1.7139662504196167, 1.7051267623901367, 1.705711841583252, 1.6945058107376099, 1.6932610273361206, 1.6933043003082275, 1.6871514320373535, 1.6852911710739136, 1.6868023872375488, 1.6777058839797974, 1.6778162717819214, 1.669643759727478, 1.6725120544433594, 1.6680127382278442, 1.6631141901016235, 1.6652582883834839, 1.665956974029541, 1.6643741130828857, 1.6598516702651978, 1.6534322500228882], "rmse": [2.4274795055389404, 2.4015629291534424, 2.38055682182312, 2.365095615386963, 2.3469884395599365, 2.329756736755371, 2.3117358684539795, 2.2963061332702637, 2.2787439823150635, 2.27050518989563, 2.2517857551574707, 2.2354953289031982, 2.2227816581726074, 2.2085211277008057, 2.1935038566589355, 2.1805105209350586, 2.1648964881896973, 2.149566173553467, 2.1382668018341064, 2.124812364578247, 2.1096127033233643, 2.096379280090332, 2.0819954872131348, 2.0667848587036133, 2.051062822341919, 2.0330677032470703, 2.017897844314575, 1.992983102798462, 1.9723671674728394, 1.9490724802017212, 1.9226359128952026, 1.9011179208755493, 1.8770599365234375, 1.849016785621643, 1.82314932346344, 1.8011608123779297, 1.7717993259429932, 1.7524874210357666, 1.7304350137710571, 1.7052024602890015, 1.6884989738464355, 1.669019103050232, 1.6504206657409668, 1.6319489479064941, 1.612941861152649, 1.5953097343444824, 1.5852315425872803, 1.569798231124878, 1.5602450370788574, 1.5521186590194702, 1.535583257675171, 1.5243678092956543, 1.515228033065796, 1.5068823099136353, 1.4950511455535889, 1.4897217750549316, 1.4787981510162354, 1.4721962213516235, 1.4662188291549683, 1.4607853889465332, 1.4530410766601562, 1.4479427337646484, 1.440453290939331, 1.4339114427566528, 1.4329981803894043, 1.4221487045288086, 1.4216841459274292, 1.4085441827774048, 1.4100754261016846, 1.4102425575256348, 1.4077911376953125, 1.397849440574646, 1.3936355113983154, 1.3899515867233276, 1.388970971107483, 1.3850548267364502, 1.38222336769104, 1.3773869276046753, 1.371885895729065, 1.3713887929916382, 1.3665165901184082, 1.365464687347412, 1.3633630275726318, 1.3610453605651855, 1.3600895404815674, 1.3549138307571411, 1.3516855239868164, 1.352782964706421, 1.3489432334899902, 1.3449479341506958, 1.3474525213241577, 1.343982219696045, 1.3370226621627808, 1.3370426893234253, 1.3368520736694336, 1.3363970518112183, 1.3317770957946777, 1.3307478427886963, 1.3247262239456177, 1.3264094591140747, 1.3221781253814697, 1.3218870162963867, 1.3187705278396606, 1.3201717138290405, 1.3177976608276367, 1.3119220733642578, 1.3128533363342285, 1.3114436864852905, 1.3116484880447388, 1.3081105947494507, 1.3064513206481934, 1.3045861721038818, 1.3047372102737427, 1.3009105920791626, 1.300917148590088, 1.2984673976898193, 1.298274040222168, 1.2988485097885132, 1.29767906665802, 1.293379545211792, 1.2954683303833008, 1.2938076257705688, 1.2906544208526611, 1.2906161546707153, 1.2868585586547852, 1.2862099409103394, 1.2860822677612305, 1.2837762832641602, 1.282922625541687, 1.283692717552185, 1.2803956270217896, 1.2796838283538818, 1.2767385244369507, 1.2785252332687378, 1.2764711380004883, 1.2747485637664795, 1.2748780250549316, 1.2753362655639648, 1.2745270729064941, 1.274177074432373, 1.2703968286514282],