{"n_parameters": 99233, "training_time": 6797.17293548584, "loss": [5.827522277832031, 5.7052717208862305, 5.655439853668213, 5.62354040145874, 5.596737384796143, 5.566904544830322, 5.5345048904418945, 5.498232364654541, 5.454259872436523, 5.399159908294678, 5.337056636810303, 5.273556709289551, 5.208205223083496, 5.1347198486328125, 5.047348499298096, 4.950376987457275, 4.83273983001709, 4.717413425445557, 4.596216201782227, 4.4710259437561035, 4.3442487716674805, 4.21876859664917, 4.092886447906494, 3.9654788970947266, 3.8426454067230225, 3.7287957668304443, 3.6197519302368164, 3.509996175765991, 3.4069905281066895, 3.310410976409912, 3.226790189743042, 3.1390442848205566, 3.0614147186279297, 2.988327741622925, 2.920586109161377, 2.8661935329437256, 2.800583600997925, 2.7475521564483643, 2.698826789855957, 2.652801513671875, 2.6113619804382324, 2.5642147064208984, 2.5298616886138916, 2.499567747116089, 2.470942497253418, 2.432997465133667, 2.410825490951538, 2.3801259994506836, 2.3588695526123047, 2.329085111618042, 2.3158202171325684, 2.288212299346924, 2.273975372314453, 2.249932050704956, 2.229678153991699, 2.2166080474853516, 2.2021191120147705, 2.182481050491333, 2.175842761993408, 2.1594886779785156, 2.144542932510376, 2.127406120300293, 2.1254167556762695, 2.1099891662597656, 2.0984785556793213, 2.091379404067993, 2.0804216861724854, 2.072762966156006, 2.0648200511932373, 2.047292709350586, 2.0424892902374268, 2.0341339111328125, 2.017141342163086, 2.0117337703704834, 2.014833450317383, 1.9969748258590698, 1.9906219244003296, 1.9817861318588257, 1.966737985610962, 1.9646599292755127, 1.9589649438858032, 1.9520727396011353, 1.9424643516540527, 1.9331629276275635, 1.933717966079712, 1.9221775531768799, 1.9139630794525146, 1.9082943201065063, 1.9053524732589722, 1.8900690078735352, 1.8831501007080078, 1.8821780681610107, 1.8747259378433228, 1.8728538751602173, 1.8649590015411377, 1.862407922744751, 1.8537966012954712, 1.8422876596450806, 1.841631531715393, 1.8277440071105957, 1.828908085823059, 1.8194353580474854, 1.8194644451141357, 1.8078386783599854, 1.8037422895431519, 1.7976939678192139, 1.7931170463562012, 1.788488507270813, 1.7831642627716064, 1.7720259428024292, 1.7706942558288574, 1.756687045097351, 1.753039836883545, 1.7522456645965576, 1.7425241470336914, 1.7426196336746216, 1.737352967262268, 1.7275605201721191, 1.7224901914596558, 1.7131778001785278, 1.7128634452819824, 1.703311800956726, 1.701114296913147, 1.6945198774337769, 1.6851235628128052, 1.6785892248153687, 1.6720705032348633, 1.6686320304870605, 1.665573239326477, 1.653338074684143, 1.6533187627792358, 1.6419103145599365, 1.6382718086242676, 1.6270982027053833, 1.6288825273513794, 1.6194663047790527, 1.617466926574707, 1.6069276332855225, 1.6023863554000854, 1.597113847732544, 1.5889743566513062, 1.5793802738189697, 1.5826988220214844, 1.5704331398010254, 1.565778136253357, 1.5543718338012695, 1.5535966157913208, 1.5454212427139282, 1.530730128288269, 1.5360673666000366, 1.5187523365020752, 1.518316626548767, 1.5108221769332886, 1.5067343711853027, 1.4991098642349243, 1.4880033731460571, 1.4855061769485474, 1.4761459827423096, 1.471875548362732, 1.468401312828064, 1.4570115804672241, 1.452562928199768, 1.4492177963256836, 1.4396369457244873, 1.4309054613113403, 1.4217523336410522, 1.4175633192062378, 1.4160090684890747, 1.407163381576538, 1.4029220342636108, 1.3958300352096558, 1.386318564414978, 1.379156470298767, 1.3779470920562744, 1.3701657056808472, 1.3594614267349243, 1.364328384399414, 1.3455238342285156, 1.3421692848205566, 1.3391207456588745, 1.3355598449707031, 1.3261208534240723, 1.317069172859192, 1.3099879026412964, 1.3054131269454956, 1.300052285194397, 1.2928794622421265, 1.287621259689331, 1.2815574407577515, 1.2766505479812622, 1.2748605012893677, 1.2674707174301147, 1.2633622884750366, 1.2611305713653564, 1.2499172687530518, 1.2452489137649536, 1.2462371587753296, 1.235207438468933, 1.2249999046325684, 1.2247627973556519, 1.2221485376358032, 1.2184172868728638, 1.2112953662872314, 1.201011061668396, 1.2048448324203491, 1.198809266090393, 1.192800521850586, 1.1922706365585327, 1.186141014099121, 1.179218053817749, 1.1780508756637573, 1.1736079454421997, 1.1689274311065674, 1.168336272239685, 1.1609317064285278, 1.1570820808410645, 1.150855302810669, 1.150858759880066, 1.148025393486023, 1.1435601711273193, 1.1384061574935913],