{"n_parameters": 259377, "training_time": 9940.144539117813, "loss": [5.727351188659668, 5.58791971206665, 5.519279956817627, 5.445938587188721, 5.354485034942627, 5.246556282043457, 5.126452445983887, 4.994022846221924, 4.84759521484375, 4.687071323394775, 4.5214924812316895, 4.355128765106201, 4.182527542114258, 4.020199775695801, 3.859992504119873, 3.7147135734558105, 3.5692813396453857, 3.433650016784668, 3.307886838912964, 3.1876041889190674, 3.0649077892303467, 2.9492554664611816, 2.836017608642578, 2.7316064834594727, 2.6314024925231934, 2.542543411254883, 2.4624252319335938, 2.3897063732147217, 2.318131446838379, 2.2636098861694336, 2.204226016998291, 2.1655473709106445, 2.1237168312072754, 2.0854122638702393, 2.0524799823760986, 2.020754337310791, 1.9973796606063843, 1.9784592390060425, 1.9549773931503296, 1.9361952543258667, 1.919737458229065, 1.901010513305664, 1.8908199071884155, 1.8765746355056763, 1.8666625022888184, 1.8512060642242432, 1.8425788879394531, 1.834291934967041, 1.816282868385315, 1.810250997543335, 1.8030062913894653, 1.7875113487243652, 1.7801909446716309, 1.7712690830230713, 1.7611030340194702, 1.7565081119537354, 1.7474732398986816, 1.7376728057861328, 1.732790231704712, 1.7251214981079102, 1.7160462141036987, 1.7091501951217651, 1.7066259384155273, 1.698915719985962, 1.6912760734558105, 1.6848796606063843, 1.6755096912384033, 1.6677939891815186, 1.6595293283462524, 1.6529902219772339, 1.645006775856018, 1.6394717693328857, 1.6377348899841309, 1.627633810043335, 1.6219931840896606, 1.6161096096038818, 1.6139755249023438, 1.6068686246871948, 1.5991902351379395, 1.5928682088851929, 1.587328314781189, 1.584601640701294, 1.5771297216415405, 1.5696742534637451, 1.5652797222137451, 1.5604530572891235, 1.5517092943191528, 1.5476057529449463, 1.5447944402694702, 1.5345869064331055, 1.5303213596343994, 1.5262374877929688, 1.5191409587860107, 1.5126466751098633, 1.5118194818496704, 1.497633457183838, 1.4989573955535889, 1.4927482604980469, 1.4876631498336792, 1.4798650741577148, 1.47292959690094, 1.4656368494033813, 1.4622724056243896, 1.4560083150863647, 1.4508607387542725, 1.4456974267959595, 1.4386857748031616, 1.4281296730041504, 1.4238460063934326, 1.4187825918197632, 1.410658836364746, 1.4053014516830444, 1.3984358310699463, 1.3929297924041748, 1.3867048025131226, 1.3793116807937622, 1.3753255605697632, 1.367192029953003, 1.3612550497055054, 1.3515233993530273, 1.3442035913467407, 1.336884617805481, 1.3305789232254028, 1.3270822763442993, 1.3180632591247559, 1.3104249238967896, 1.3016242980957031, 1.2975331544876099, 1.2868272066116333, 1.279746174812317, 1.2720608711242676, 1.263899803161621, 1.2549892663955688, 1.2485313415527344, 1.2401806116104126, 1.2346649169921875, 1.2245739698410034, 1.2141262292861938, 1.2101227045059204, 1.1992526054382324, 1.193238377571106, 1.1820836067199707, 1.1761924028396606, 1.1649341583251953, 1.1579020023345947, 1.1524118185043335, 1.1422573328018188, 1.1330031156539917, 1.1269323825836182, 1.1132837533950806, 1.1067861318588257, 1.0991458892822266, 1.089240312576294, 1.0854287147521973, 1.071815013885498, 1.063611388206482, 1.05655038356781, 1.0445022583007812, 1.0384702682495117, 1.03201162815094, 1.0233317613601685, 1.014374852180481, 1.0075956583023071, 1.0001468658447266, 0.9924575686454773, 0.9837302565574646, 0.9774794578552246, 0.9700642824172974, 0.9607492685317993, 0.9529264569282532, 0.9441478848457336, 0.9379482865333557, 0.9313994646072388, 0.9242510199546814, 0.9213833212852478, 0.9116384387016296, 0.906180739402771, 0.8959000706672668, 0.8901163339614868, 0.8845551013946533, 0.8803731799125671, 0.8754048943519592, 0.8661442995071411, 0.8624693155288696, 0.8570960760116577, 0.8484157919883728, 0.8446150422096252, 0.8360915780067444, 0.8317287564277649, 0.8278540968894958, 0.8226255774497986, 0.8215988278388977, 0.8151803016662598, 0.8107150197029114, 0.8060762286186218, 0.8040181398391724, 0.7994674444198608, 0.794739305973053, 0.7916743159294128, 0.7855762839317322, 0.7838050127029419, 0.782209038734436, 0.7754553556442261, 0.7750544548034668, 0.7675638198852539, 0.7659235596656799, 0.7621482014656067, 0.7592272162437439, 0.7600715756416321, 0.7538175582885742, 0.7523141503334045, 0.7513415217399597, 0.7484147548675537, 0.7425115704536438, 0.7413315773010254, 0.7392504811286926, 0.7359866499900818, 0.7335014939308167, 0.7314270734786987, 0.7284498810768127, 0.7223799228668213, 0.722684919834137],