{"n_parameters": 132849, "training_time": 432.2081582546234, "loss": [7.523438453674316, 6.594882965087891, 6.326629161834717, 6.1806511878967285, 6.065473556518555, 5.997758388519287, 5.916624069213867], "rmse": [2.712913751602173, 2.5490121841430664, 2.4974584579467773, 2.468334913253784, 2.4454572200775146, 2.4320309162139893, 2.4155774116516113], "val_loss": [5.844237327575684, 5.8379621505737305, 5.865070343017578, 5.852755069732666, 5.881415367126465, 5.8901286125183105, 5.951857089996338], "val_rmse": [2.4001431465148926, 2.3988687992095947, 2.4039556980133057, 2.401459217071533, 2.4072420597076416, 2.4090631008148193, 2.4214415550231934]}