{"n_parameters": 308689, "training_time": 9376.019798278809, "loss": [6.309606552124023, 5.932117462158203, 5.743706226348877, 5.640836238861084, 5.554703235626221, 5.4799275398254395, 5.409185886383057, 5.372936725616455, 5.327001094818115, 5.279578685760498, 5.250912666320801, 5.213691711425781, 5.165829658508301, 5.135071277618408, 5.084054946899414, 5.042393684387207, 5.000821113586426, 4.958568572998047, 4.9111127853393555, 4.852116584777832, 4.809147834777832, 4.7563886642456055, 4.683290481567383, 4.620728969573975, 4.545874118804932, 4.475074768066406, 4.3944783210754395, 4.309354782104492, 4.226762771606445, 4.136515140533447, 4.0462236404418945, 3.9564976692199707, 3.8764073848724365, 3.790276288986206, 3.7034246921539307, 3.62423038482666, 3.55525541305542, 3.4974799156188965, 3.435661554336548, 3.3763535022735596, 3.3151803016662598, 3.26485276222229, 3.2134902477264404, 3.1504104137420654, 3.0992867946624756, 3.0480751991271973, 2.984417200088501, 2.9457972049713135, 2.8980154991149902, 2.8401918411254883, 2.7927374839782715, 2.748952627182007, 2.714411497116089, 2.668637275695801, 2.6235406398773193, 2.5854506492614746, 2.5643701553344727, 2.522569179534912, 2.4882445335388184, 2.4529833793640137, 2.4355340003967285, 2.410224437713623, 2.3841121196746826, 2.349695920944214, 2.336993455886841, 2.298814058303833, 2.2918694019317627, 2.264071226119995, 2.2368433475494385, 2.220292329788208, 2.2069804668426514, 2.183488130569458, 2.1703898906707764, 2.151546001434326, 2.135054588317871, 2.1137828826904297, 2.0941178798675537, 2.0869193077087402, 2.0665090084075928, 2.050981283187866, 2.034325122833252, 2.0231945514678955, 2.0207366943359375, 2.013730764389038, 1.9979121685028076, 1.9849761724472046, 1.9739489555358887, 1.9585622549057007, 1.9514726400375366, 1.942469835281372, 1.9396257400512695, 1.9265321493148804, 1.923340082168579, 1.9217268228530884, 1.9113407135009766, 1.9052139520645142, 1.8920916318893433, 1.893068790435791, 1.883250117301941, 1.8781864643096924, 1.8799912929534912], "rmse": [2.4915223121643066, 2.417827606201172, 2.3797874450683594, 2.3591177463531494, 2.3409416675567627, 2.3270692825317383, 2.311101198196411, 2.304015874862671, 2.2938263416290283, 2.283766984939575, 2.278160810470581, 2.2696568965911865, 2.2595584392547607, 2.253012180328369, 2.2408676147460938, 2.2319979667663574, 2.223323106765747, 2.212867498397827, 2.2033157348632812, 2.188693046569824, 2.1783502101898193, 2.1664681434631348, 2.1504757404327393, 2.135343313217163, 2.1171422004699707, 2.100780725479126, 2.080340623855591, 2.060167074203491, 2.039254665374756, 2.0165395736694336, 1.9943877458572388, 1.9708195924758911, 1.9506418704986572, 1.9275410175323486, 1.9057286977767944, 1.8837182521820068, 1.864624261856079, 1.8489128351211548, 1.8321210145950317, 1.816586971282959, 1.7998008728027344, 1.7843751907348633, 1.7704246044158936, 1.7520419359207153, 1.7381960153579712, 1.7236720323562622, 1.7058745622634888, 1.6936417818069458, 1.68028724193573, 1.6652404069900513, 1.650316834449768, 1.6354643106460571, 1.625878095626831, 1.6129095554351807, 1.5994160175323486, 1.5871375799179077, 1.582008957862854, 1.5680105686187744, 1.5579100847244263, 1.5469273328781128, 1.5407294034957886, 1.5332674980163574, 1.5244193077087402, 1.5135843753814697, 1.509946346282959, 1.49736750125885, 1.4952479600906372, 1.4861435890197754, 1.4775391817092896, 1.4719805717468262, 1.4677183628082275, 1.4585732221603394, 1.4556152820587158, 1.449049949645996, 1.4431461095809937, 1.4359155893325806, 1.4295839071273804, 1.4268244504928589, 1.420269250869751, 1.41441011428833, 1.4082566499710083, 1.4049630165100098, 1.40479576587677, 1.4026802778244019, 1.3963152170181274, 1.3917256593704224, 1.3882259130477905, 1.3826665878295898, 1.380422830581665, 1.376829981803894, 1.3758941888809204, 1.3711649179458618, 1.370818018913269, 1.3694078922271729, 1.3651589155197144, 1.3627629280090332, 1.3587079048156738, 1.3589681386947632, 1.356293797492981, 1.3544021844863892, 1.3551805019378662], "val_loss": [5.885004997253418, 5.699749946594238, 5.589495658874512, 5.503735542297363, 5.437490463256836, 5.3673810958862305, 5.313442707061768, 5.290041446685791, 5.229963779449463, 5.19333028793335, 5.147893905639648, 5.100833892822266, 5.063269138336182, 5.0167436599731445, 4.955688953399658, 4.876101016998291, 4.789737224578857, 4.724008560180664, 4.659677028656006, 4.623107433319092, 4.52572774887085, 4.435378551483154, 4.32965612411499, 4.245241641998291, 4.146777153015137, 4.054338455200195, 3.9474072456359863, 3.854574203491211, 3.7597532272338867, 3.664508581161499, 3.5576789379119873, 3.4597835540771484, 3.369708299636841, 3.2928290367126465, 3.221839666366577, 3.158392906188965, 3.11295223236084, 3.0693745613098145, 3.0289084911346436, 2.9945850372314453, 2.9524362087249756, 2.8944032192230225, 2.859682321548462, 2.81169056892395, 2.765895128250122, 2.739264965057373, 2.709463357925415, 2.665478467941284, 2.6369059085845947, 2.598875045776367, 2.5529673099517822, 2.513009786605835, 2.4979488849639893, 2.4580283164978027, 2.4534120559692383, 2.4242732524871826, 2.387295722961426, 2.3729214668273926, 2.4023401737213135, 2.3567864894866943, 2.3169944286346436, 2.322739601135254, 2.2989232540130615, 2.2594053745269775, 2.2469513416290283, 2.2469465732574463, 2.2338624000549316, 2.1951467990875244, 2.1965279579162598, 2.1681113243103027, 2.155987024307251, 2.1532959938049316, 2.1319830417633057, 2.137117862701416, 2.0953125953674316, 2.0572729110717773, 2.0705771446228027, 2.052550792694092, 2.0453286170959473, 2.0430331230163574, 2.0225236415863037, 2.0055644512176514, 1.9910951852798462, 1.9928579330444336, 1.9776540994644165, 1.9832319021224976, 1.9798617362976074, 1.9799847602844238, 1.9919617176055908, 1.9750031232833862, 1.980466365814209, 1.942901849746704, 1.9534133672714233, 1.9528589248657227, 1.9468446969985962, 1.929206371307373, 1.9395428895950317, 1.9504965543746948, 1.933639645576477, 1.9489374160766602, 1.9293195009231567],