{"n_parameters": 198465, "training_time": 9250.062569379807, "loss": [5.833024501800537, 5.72352409362793, 5.648493766784668, 5.586077690124512, 5.527020454406738, 5.466368675231934, 5.421239376068115, 5.372847557067871, 5.3181657791137695, 5.2621870040893555, 5.226386070251465, 5.176322937011719, 5.1274189949035645, 5.088031768798828, 5.03403377532959, 4.963796615600586, 4.910955905914307, 4.841080188751221, 4.784916877746582, 4.6972503662109375, 4.63117790222168, 4.548264980316162, 4.4637346267700195, 4.3624677658081055, 4.28969669342041, 4.21301794052124, 4.126433372497559, 4.0321736335754395, 3.9743120670318604, 3.9000351428985596, 3.8071048259735107, 3.7754170894622803, 3.714888572692871, 3.653455972671509, 3.6128690242767334, 3.554831027984619, 3.5131824016571045, 3.4714560508728027, 3.4224491119384766, 3.388519287109375, 3.368381977081299, 3.3256654739379883, 3.30010724067688, 3.2521708011627197, 3.2487258911132812, 3.193916082382202, 3.1655545234680176, 3.1567416191101074, 3.1229143142700195, 3.1024770736694336, 3.079132556915283, 3.072706937789917, 3.036068916320801, 3.0131008625030518, 2.9922568798065186, 2.972735643386841, 2.962972640991211, 2.9350998401641846, 2.9304757118225098, 2.9022655487060547, 2.888124942779541, 2.8638789653778076, 2.856606960296631, 2.823462963104248, 2.8277950286865234, 2.8230888843536377, 2.8068511486053467, 2.791534900665283, 2.7694003582000732, 2.7547354698181152, 2.7501232624053955, 2.7290401458740234, 2.7229559421539307, 2.693018674850464, 2.7001724243164062, 2.6583282947540283, 2.6766960620880127, 2.6540400981903076, 2.6364035606384277, 2.6277318000793457, 2.6087002754211426, 2.614368200302124, 2.5897161960601807, 2.58644437789917, 2.5668654441833496, 2.564100503921509, 2.567378044128418, 2.547478199005127, 2.536254405975342, 2.524240732192993, 2.522784471511841, 2.512345552444458, 2.4995057582855225, 2.4806318283081055, 2.493833303451538, 2.4564735889434814, 2.459000587463379, 2.444673776626587, 2.450122833251953, 2.439145088195801, 2.4251749515533447, 2.4264016151428223, 2.4277403354644775, 2.4091553688049316, 2.3876450061798096, 2.4044342041015625, 2.3887956142425537, 2.373262405395508, 2.3612380027770996, 2.3577094078063965, 2.3557615280151367, 2.338066577911377, 2.344975709915161, 2.3332228660583496, 2.3254528045654297, 2.3217999935150146, 2.3199055194854736, 2.319687604904175, 2.3004069328308105, 2.294491767883301, 2.2872602939605713, 2.285025119781494, 2.2684426307678223, 2.280911922454834, 2.255869150161743, 2.2656424045562744, 2.257814407348633, 2.24580454826355, 2.235274076461792, 2.248508930206299, 2.244335651397705, 2.2278735637664795, 2.22721266746521, 2.217935085296631, 2.215799331665039, 2.210057497024536, 2.1912052631378174], "rmse": [2.3978347778320312, 2.3741228580474854, 2.3592591285705566, 2.34725284576416, 2.3355748653411865, 2.321687698364258, 2.3140294551849365, 2.303367853164673, 2.2919301986694336, 2.278834104537964, 2.2721850872039795, 2.260066509246826, 2.2498104572296143, 2.2421376705169678, 2.22940731048584, 2.213960886001587, 2.202115774154663, 2.1861684322357178, 2.17350697517395, 2.1528053283691406, 2.1377251148223877, 2.1185495853424072, 2.0977911949157715, 2.073148012161255, 2.056464910507202, 2.037118911743164, 2.0158355236053467, 1.9925634860992432, 1.9772593975067139, 1.9583019018173218, 1.935186743736267, 1.9269181489944458, 1.9110881090164185, 1.8952391147613525, 1.8847837448120117, 1.8686083555221558, 1.8582037687301636, 1.8466287851333618, 1.8323721885681152, 1.823614239692688, 1.8187791109085083, 1.8067032098770142, 1.7994440793991089, 1.7867411375045776, 1.7850924730300903, 1.7703615427017212, 1.7629488706588745, 1.7598154544830322, 1.7498456239700317, 1.7441368103027344, 1.7380199432373047, 1.73550283908844, 1.726318359375, 1.7184375524520874, 1.7130885124206543, 1.7081048488616943, 1.7046442031860352, 1.6959176063537598, 1.6951020956039429, 1.6864042282104492, 1.682580590248108, 1.6750006675720215, 1.674194097518921, 1.6642745733261108, 1.664808750152588, 1.6633902788162231, 1.6587332487106323, 1.6546562910079956, 1.6480560302734375, 1.6432108879089355, 1.6415348052978516, 1.6352405548095703, 1.633117437362671, 1.62442147731781, 1.627272129058838, 1.6133872270584106, 1.6198841333389282, 1.6123170852661133, 1.6072865724563599, 1.6043283939361572, 1.5984994173049927, 1.6004887819290161, 1.5930156707763672, 1.592189908027649, 1.5868759155273438, 1.5848358869552612, 1.586379885673523, 1.5795954465866089, 1.5756111145019531, 1.5711722373962402, 1.5714136362075806, 1.5683797597885132, 1.56447172164917, 1.5588475465774536, 1.5629128217697144, 1.5512317419052124, 1.5519438982009888, 1.5479300022125244, 1.5484453439712524, 1.54570472240448, 1.540777564048767, 1.5406116247177124, 1.5408320426940918, 1.535765528678894, 1.529325008392334, 1.5338234901428223, 1.5290032625198364, 1.5240532159805298, 1.5200115442276, 1.5188058614730835, 1.518784999847412, 1.5129719972610474, 1.5148065090179443, 1.5111972093582153, 1.5082296133041382, 1.5081425905227661, 1.507241129875183, 1.5069208145141602, 1.5004328489303589, 1.4986523389816284, 1.4958385229110718, 1.4945954084396362, 1.4887269735336304, 1.4934773445129395, 1.4854353666305542, 1.4892611503601074, 1.4859051704406738, 1.48236882686615, 1.4789255857467651, 1.4826596975326538, 1.4819415807724, 1.4761896133422852, 1.4765468835830688, 1.4736063480377197, 1.4721242189407349, 1.470008134841919, 1.4636602401733398],