{"n_parameters": 51793, "training_time": 5440.122548818588, "loss": [5.963156700134277, 5.793540000915527, 5.6382551193237305, 5.52237606048584, 5.415213108062744, 5.315003395080566, 5.214132785797119, 5.120821952819824, 5.029699325561523, 4.946107387542725, 4.868066787719727, 4.792368412017822, 4.7210283279418945, 4.648989677429199, 4.587898254394531, 4.530742168426514, 4.461841583251953, 4.402031421661377, 4.3215508460998535, 4.252673625946045, 4.174911022186279, 4.102179050445557, 4.013261318206787, 3.9401957988739014, 3.8551411628723145, 3.776127815246582, 3.6884877681732178, 3.5986945629119873, 3.5091662406921387, 3.42206072807312, 3.3500025272369385, 3.27715802192688, 3.1972992420196533, 3.127066135406494, 3.0548300743103027, 2.9984869956970215, 2.949198007583618, 2.8829832077026367, 2.8374462127685547, 2.7904052734375, 2.7341206073760986, 2.6944193840026855, 2.657069683074951, 2.61869215965271, 2.5892603397369385, 2.5557873249053955, 2.519277334213257, 2.491246223449707, 2.453265905380249, 2.4355671405792236, 2.4123687744140625, 2.3843629360198975, 2.348313808441162, 2.3307502269744873, 2.303914785385132, 2.2816832065582275, 2.2655882835388184, 2.242664337158203, 2.223297119140625, 2.207367420196533, 2.184616804122925, 2.169990301132202, 2.154292106628418, 2.141976833343506, 2.1136279106140137, 2.0999200344085693, 2.0943522453308105, 2.0750865936279297, 2.0612480640411377, 2.046672821044922, 2.0274078845977783, 2.0168838500976562, 2.005885124206543, 1.9928040504455566, 1.9804387092590332, 1.9746233224868774, 1.9583885669708252, 1.9496068954467773, 1.9383416175842285, 1.9294637441635132, 1.9250351190567017, 1.9125200510025024, 1.9013264179229736, 1.903690218925476, 1.8921812772750854, 1.88544499874115, 1.8810193538665771, 1.8790762424468994, 1.8675832748413086, 1.8625060319900513, 1.8554887771606445, 1.8418468236923218, 1.8443928956985474, 1.8342403173446655, 1.8371872901916504, 1.828407645225525, 1.8266181945800781, 1.821642518043518, 1.8209223747253418, 1.812609076499939, 1.8132497072219849, 1.8029717206954956, 1.7898575067520142, 1.7939543724060059, 1.7859593629837036, 1.7892478704452515, 1.7828593254089355, 1.7862422466278076, 1.7820978164672852, 1.7748701572418213, 1.7634841203689575, 1.7751588821411133, 1.7573379278182983, 1.7667226791381836, 1.7655478715896606, 1.7593483924865723, 1.7561675310134888, 1.7491317987442017, 1.7477772235870361, 1.7526309490203857, 1.7518818378448486, 1.7398799657821655, 1.7365527153015137, 1.733189344406128, 1.741437554359436, 1.7247318029403687, 1.7302396297454834, 1.7207527160644531, 1.7220056056976318, 1.7189199924468994, 1.7179311513900757, 1.713089108467102, 1.7162142992019653, 1.712151288986206, 1.710829734802246, 1.70502769947052, 1.7027366161346436, 1.708052396774292, 1.6962414979934692, 1.6956992149353027, 1.6953904628753662], "rmse": [2.424046754837036, 2.389782190322876, 2.3571419715881348, 2.334275007247925, 2.310912847518921, 2.289104700088501, 2.268561363220215, 2.2485451698303223, 2.2289183139801025, 2.209512233734131, 2.192525625228882, 2.1750900745391846, 2.159273147583008, 2.1425352096557617, 2.1279118061065674, 2.1145777702331543, 2.098510265350342, 2.083383560180664, 2.0635697841644287, 2.047616958618164, 2.0276777744293213, 2.009718418121338, 1.9877352714538574, 1.9687926769256592, 1.9468227624893188, 1.9263701438903809, 1.9037765264511108, 1.8799978494644165, 1.8552978038787842, 1.8313117027282715, 1.8108502626419067, 1.7915741205215454, 1.7682065963745117, 1.7494213581085205, 1.7276239395141602, 1.7120137214660645, 1.6956090927124023, 1.677857756614685, 1.664138913154602, 1.6503353118896484, 1.6333444118499756, 1.6211096048355103, 1.6098474264144897, 1.5977504253387451, 1.5878623723983765, 1.5781351327896118, 1.5663378238677979, 1.5585541725158691, 1.5458697080612183, 1.5411429405212402, 1.532879114151001, 1.5234581232070923, 1.5135324001312256, 1.5069658756256104, 1.4980982542037964, 1.4905908107757568, 1.485758900642395, 1.4779397249221802, 1.471949577331543, 1.4673432111740112, 1.4589945077896118, 1.4547514915466309, 1.4493874311447144, 1.4443366527557373, 1.435894250869751, 1.431395411491394, 1.4299284219741821, 1.4228063821792603, 1.4174059629440308, 1.4134409427642822, 1.4073606729507446, 1.4031333923339844, 1.400051236152649, 1.3950458765029907, 1.3907537460327148, 1.3887157440185547, 1.3821388483047485, 1.3796762228012085, 1.3756370544433594, 1.3732943534851074, 1.3708710670471191, 1.3666646480560303, 1.3624714612960815, 1.3639291524887085, 1.3595539331436157, 1.3576985597610474, 1.3554937839508057, 1.3556443452835083, 1.3499690294265747, 1.349276065826416, 1.3464159965515137, 1.3408002853393555, 1.3427232503890991, 1.3392316102981567, 1.340386152267456, 1.3363826274871826, 1.3361188173294067, 1.3340599536895752, 1.333029866218567, 1.3302754163742065, 1.3312230110168457, 1.327712059020996, 1.322815179824829, 1.3243194818496704, 1.3215821981430054, 1.322881817817688, 1.3204097747802734, 1.3211086988449097, 1.3202847242355347, 1.3176430463790894, 1.3127321004867554, 1.3166234493255615, 1.3110543489456177, 1.3143701553344727, 1.3137974739074707, 1.31166410446167, 1.3101478815078735, 1.30707585811615, 1.307167887687683, 1.3086692094802856, 1.3084548711776733, 1.30347740650177, 1.3032399415969849, 1.3013010025024414, 1.3047549724578857, 1.2986372709274292, 1.3004310131072998, 1.296970248222351, 1.2975220680236816, 1.2958539724349976, 1.2961273193359375, 1.29391348361969, 1.295513391494751, 1.2944766283035278, 1.293479561805725, 1.2905703783035278, 1.2893010377883911, 1.291604995727539, 1.2866332530975342, 1.2872118949890137, 1.2874059677124023],