{"n_parameters": 199345, "training_time": 14240.361918210983, "loss": [5.832358360290527, 5.677795886993408, 5.634732723236084, 5.605251312255859, 5.5724592208862305, 5.536571025848389, 5.504777431488037, 5.4605255126953125, 5.408452987670898, 5.364788055419922, 5.307784557342529, 5.252494812011719, 5.199761867523193, 5.140408039093018, 5.084030628204346, 5.017403602600098, 4.944534778594971, 4.8670654296875, 4.791618824005127, 4.699995517730713, 4.622681617736816, 4.525635719299316, 4.440804958343506, 4.352831840515137, 4.267070770263672, 4.169079780578613, 4.078625679016113, 3.9835193157196045, 3.90728497505188, 3.8148598670959473, 3.7164306640625, 3.6331400871276855, 3.5500340461730957, 3.4707369804382324, 3.396723985671997, 3.32029128074646, 3.239295482635498, 3.172945261001587, 3.1043360233306885, 3.0309643745422363, 2.9748270511627197, 2.915177583694458, 2.8456223011016846, 2.7957265377044678, 2.7341344356536865, 2.697542428970337, 2.639259099960327, 2.5988929271698, 2.5542805194854736, 2.514012098312378, 2.465925931930542, 2.440262794494629, 2.39670467376709, 2.364872455596924, 2.3363964557647705, 2.3043177127838135, 2.2789134979248047, 2.241495132446289, 2.2157480716705322, 2.2052106857299805, 2.1703760623931885, 2.150322198867798, 2.1309285163879395, 2.109099864959717, 2.0855722427368164, 2.080800771713257, 2.055964231491089, 2.0591964721679688, 2.0235283374786377, 2.013270616531372, 1.9987298250198364, 1.9911222457885742, 1.9751254320144653, 1.9619312286376953, 1.9480252265930176, 1.9462547302246094, 1.926867961883545, 1.922632098197937, 1.9097301959991455, 1.9027132987976074, 1.8928697109222412, 1.882691502571106, 1.8768750429153442, 1.867717981338501, 1.8668932914733887, 1.8612607717514038, 1.8482919931411743, 1.8383632898330688, 1.8292280435562134, 1.8254166841506958, 1.8235610723495483, 1.8137497901916504, 1.8083337545394897, 1.8024259805679321, 1.796310544013977, 1.80047607421875, 1.7938439846038818, 1.7830286026000977, 1.780717134475708, 1.7744985818862915, 1.7657862901687622, 1.7596161365509033, 1.7572171688079834, 1.7456179857254028, 1.7428746223449707, 1.7353137731552124, 1.7347187995910645, 1.7374730110168457, 1.7293504476547241, 1.7306617498397827, 1.7224401235580444, 1.717592477798462, 1.7161650657653809, 1.7096236944198608, 1.704101324081421, 1.698796272277832, 1.6993941068649292, 1.6881366968154907, 1.687912940979004, 1.6742138862609863, 1.6637362241744995, 1.666900873184204, 1.6590275764465332, 1.6569361686706543, 1.6513752937316895, 1.6495418548583984, 1.6428651809692383, 1.6363532543182373, 1.632436990737915, 1.62864089012146, 1.6186386346817017, 1.6146312952041626, 1.6103376150131226, 1.606713891029358, 1.59714937210083, 1.5931459665298462, 1.5875649452209473, 1.5810662508010864, 1.5728100538253784, 1.565858006477356, 1.5609922409057617, 1.5595498085021973, 1.5446947813034058, 1.5353206396102905, 1.5359963178634644, 1.5167067050933838, 1.5150210857391357, 1.5034931898117065, 1.50046706199646, 1.4900541305541992, 1.4866446256637573, 1.4784034490585327, 1.4652684926986694, 1.4565925598144531, 1.4531234502792358, 1.4459517002105713, 1.4384912252426147, 1.424011468887329, 1.4084500074386597, 1.4067705869674683, 1.4014955759048462, 1.3851161003112793, 1.3714309930801392, 1.3737409114837646, 1.357801079750061, 1.349461555480957, 1.3308521509170532, 1.3300762176513672, 1.3144128322601318, 1.3064253330230713, 1.2985711097717285, 1.281407117843628, 1.27329421043396, 1.2653944492340088, 1.255947232246399, 1.2505584955215454, 1.2334436178207397, 1.2294785976409912, 1.2210667133331299, 1.2119929790496826, 1.1979354619979858, 1.192932367324829, 1.1830875873565674, 1.1751644611358643, 1.1681537628173828, 1.1634243726730347, 1.1514986753463745, 1.1443074941635132, 1.1378520727157593, 1.1329050064086914, 1.126434326171875, 1.1213785409927368, 1.1096028089523315, 1.104958415031433, 1.098453402519226, 1.093634009361267, 1.0893397331237793, 1.08265221118927, 1.0755317211151123, 1.0756480693817139, 1.0735012292861938, 1.0666401386260986, 1.0580527782440186, 1.0611170530319214, 1.06048583984375, 1.056371808052063, 1.0527980327606201, 1.0441606044769287, 1.0413075685501099, 1.0393012762069702, 1.0322308540344238, 1.0290961265563965, 1.026848554611206, 1.0248874425888062, 1.0216338634490967, 1.0219371318817139, 1.0136524438858032, 1.0124155282974243, 1.0128791332244873, 1.005717158317566],