{"n_parameters": 154769, "training_time": 5164.3309853076935, "loss": [5.962210655212402, 5.686336040496826, 5.582528114318848, 5.499580383300781, 5.420525550842285, 5.3717265129089355, 5.325504779815674, 5.277074813842773, 5.2388811111450195, 5.208008766174316, 5.17710542678833, 5.138279914855957, 5.104928493499756, 5.055124282836914, 5.0061445236206055, 4.969346523284912, 4.919432163238525, 4.871822357177734, 4.815543174743652, 4.771812915802002, 4.7072672843933105, 4.645628929138184, 4.586141586303711, 4.5248703956604, 4.435417652130127, 4.36308479309082, 4.294166088104248, 4.228070259094238, 4.145205497741699, 4.073083877563477, 3.983574151992798, 3.921092987060547, 3.8339831829071045, 3.7659473419189453, 3.6994881629943848, 3.6228675842285156, 3.558885097503662, 3.4985504150390625, 3.4375641345977783, 3.391017198562622, 3.326362133026123, 3.26723575592041, 3.2161431312561035, 3.1637496948242188, 3.1110386848449707, 3.061915636062622, 2.994236946105957, 2.963153123855591, 2.907095193862915, 2.8582522869110107, 2.813319206237793, 2.787407398223877, 2.73091459274292, 2.699016571044922, 2.6509199142456055, 2.622321844100952, 2.5890467166900635, 2.552306652069092, 2.5252535343170166, 2.4860384464263916, 2.467345714569092, 2.4467265605926514, 2.4069862365722656, 2.3973329067230225, 2.3764822483062744, 2.348283529281616, 2.322622776031494, 2.302462339401245, 2.293229818344116, 2.2753913402557373, 2.2640931606292725, 2.2372243404388428, 2.2299656867980957, 2.221647262573242, 2.21567964553833, 2.1880545616149902, 2.191126585006714, 2.171328067779541, 2.154254198074341, 2.145749807357788, 2.135348081588745, 2.138247489929199, 2.1199185848236084, 2.1087119579315186, 2.0996334552764893, 2.085404872894287, 2.081357479095459, 2.066927433013916, 2.0586631298065186, 2.052393913269043, 2.0459470748901367, 2.037555456161499, 2.037522554397583, 2.0201690196990967, 2.0130414962768555, 2.011204481124878], "rmse": [2.4246461391448975, 2.36745548248291, 2.3465871810913086, 2.3289284706115723, 2.3132705688476562, 2.3025078773498535, 2.2938356399536133, 2.2827835083007812, 2.2754154205322266, 2.2678818702697754, 2.2613775730133057, 2.253383159637451, 2.245812177658081, 2.2351696491241455, 2.2239601612091064, 2.2151050567626953, 2.2044403553009033, 2.193145751953125, 2.1809263229370117, 2.1700832843780518, 2.1551363468170166, 2.1416845321655273, 2.1274094581604004, 2.111914873123169, 2.091595411300659, 2.073134422302246, 2.057149648666382, 2.0404443740844727, 2.0192785263061523, 2.001800298690796, 1.9791746139526367, 1.9639970064163208, 1.9416426420211792, 1.9234155416488647, 1.9073289632797241, 1.885962724685669, 1.8699262142181396, 1.853625774383545, 1.8375548124313354, 1.8253768682479858, 1.8070062398910522, 1.7913942337036133, 1.7770048379898071, 1.7627966403961182, 1.7481106519699097, 1.7345057725906372, 1.7160210609436035, 1.70569908618927, 1.6904397010803223, 1.6760261058807373, 1.6619232892990112, 1.6549726724624634, 1.6375985145568848, 1.628000020980835, 1.6143497228622437, 1.6051945686340332, 1.5952444076538086, 1.5834628343582153, 1.5755480527877808, 1.5632036924362183, 1.556365728378296, 1.550333857536316, 1.5376752614974976, 1.5349438190460205, 1.5277159214019775, 1.5186383724212646, 1.5104223489761353, 1.5036994218826294, 1.5002998113632202, 1.4947137832641602, 1.4911926984786987, 1.4818066358566284, 1.4794412851333618, 1.4769032001495361, 1.4746719598770142, 1.4652024507522583, 1.4665935039520264, 1.459216833114624, 1.4542386531829834, 1.451379656791687, 1.4474369287490845, 1.4483485221862793, 1.4416404962539673, 1.438604712486267, 1.4350122213363647, 1.4303759336471558, 1.4281799793243408, 1.4231551885604858, 1.4202724695205688, 1.4186967611312866, 1.4167753458023071, 1.4126276969909668, 1.4132945537567139, 1.40752112865448, 1.4044979810714722, 1.403925895690918], "val_loss": [5.852538108825684, 5.724058628082275, 5.616365432739258, 5.533993721008301, 5.450244903564453, 5.371638298034668, 5.300722599029541, 5.2392802238464355, 5.1847381591796875, 5.137725353240967, 5.078476905822754, 5.0229268074035645, 4.951476573944092, 4.88715934753418, 4.831450939178467, 4.77590799331665, 4.710771083831787, 4.621284484863281, 4.553826332092285, 4.476558208465576, 4.386256694793701, 4.298223495483398, 4.201893329620361, 4.105513095855713, 4.015828609466553, 3.924238920211792, 3.8207058906555176, 3.720792531967163, 3.627495765686035, 3.5369834899902344, 3.4564483165740967, 3.372032880783081, 3.2972841262817383, 3.2192342281341553, 3.145230293273926, 3.0757696628570557, 3.0181243419647217, 2.9536564350128174, 2.8989763259887695, 2.834843635559082, 2.787222385406494, 2.7447352409362793, 2.6865179538726807, 2.6350862979888916, 2.59226131439209, 2.5457191467285156, 2.5165905952453613, 2.450289487838745, 2.413067102432251, 2.3962671756744385, 2.3542003631591797, 2.3130242824554443, 2.29895281791687, 2.26887583732605, 2.2653369903564453, 2.241450786590576, 2.211308717727661, 2.194054126739502, 2.164175271987915, 2.158470869064331, 2.1405556201934814, 2.113255023956299, 2.1116585731506348, 2.1128358840942383, 2.086728096008301, 2.070359468460083, 2.0849034786224365, 2.047457218170166, 2.0443520545959473, 2.0414652824401855, 2.03198504447937, 2.000046730041504, 2.018442153930664, 1.9978611469268799, 1.9737462997436523, 1.984175205230713, 1.9611077308654785, 1.960257887840271, 1.9475042819976807, 1.9481863975524902, 1.9319292306900024, 1.9204462766647339, 1.906937837600708, 1.9219474792480469, 1.9085942506790161, 1.9167664051055908, 1.9059405326843262, 1.8984159231185913, 1.9089246988296509, 1.8930872678756714, 1.8686460256576538, 1.8790953159332275, 1.8754901885986328, 1.8701515197753906, 1.8756176233291626, 1.8757691383361816], "val_rmse": [2.4017112255096436, 2.3757681846618652, 2.354038715362549, 2.3371734619140625, 2.319885015487671, 2.303417921066284, 2.288404703140259, 2.2753360271453857, 2.263603687286377, 2.253218173980713, 2.240140676498413, 2.227717161178589, 2.2116990089416504, 2.1970674991607666, 2.184304714202881, 2.171513080596924, 2.1564197540283203, 2.135658025741577, 2.119676351547241, 2.101292610168457, 2.079716920852661, 2.0583419799804688, 2.0348079204559326, 2.0109736919403076, 1.9883261919021606, 1.9651137590408325, 1.9384998083114624, 1.912557601928711, 1.8881292343139648, 1.8639329671859741, 1.8423542976379395, 1.8194551467895508, 1.7990418672561646, 1.777445912361145, 1.7566866874694824, 1.7370549440383911, 1.720743179321289, 1.7023552656173706, 1.6865816116333008, 1.6678601503372192, 1.6539732217788696, 1.6415356397628784, 1.6240723133087158, 1.6084802150726318, 1.595526933670044, 1.581274151802063, 1.5725048780441284, 1.551494836807251, 1.5398043394088745, 1.5347399711608887, 1.5212496519088745, 1.5078836679458618, 1.503503441810608, 1.493700385093689, 1.4927735328674316, 1.4849015474319458, 1.4748625755310059, 1.4692211151123047, 1.4591046571731567, 1.4572652578353882, 1.4512301683425903, 1.4418426752090454, 1.441373348236084, 1.4418329000473022, 1.4327512979507446, 1.4271130561828613, 1.4322388172149658, 1.4191662073135376, 1.4181517362594604, 1.4171323776245117, 1.4138352870941162, 1.4024931192398071, 1.4091185331344604, 1.4017702341079712, 1.393157720565796, 1.3969063758850098, 1.3886559009552002, 1.3883761167526245, 1.3837916851043701, 1.3841015100479126, 1.3781780004501343, 1.3740037679672241, 1.3690427541732788, 1.3745845556259155, 1.3697110414505005, 1.372739553451538, 1.3687703609466553, 1.3660023212432861, 1.3698840141296387, 1.3640550374984741, 1.3549598455429077, 1.3589015007019043, 1.3575910329818726, 1.3555938005447388, 1.3576749563217163, 1.3577609062194824]}