{"n_parameters": 235041, "training_time": 7406.203784942627, "loss": [5.923243999481201, 5.614802837371826, 5.465425491333008, 5.352570533752441, 5.229917049407959, 5.117215156555176, 5.017866134643555, 4.913918495178223, 4.812289714813232, 4.690507411956787, 4.559009552001953, 4.436997890472412, 4.3115434646606445, 4.160918235778809, 4.008848190307617, 3.8541371822357178, 3.7079479694366455, 3.55153226852417, 3.420659303665161, 3.2679898738861084, 3.151672601699829, 3.0348730087280273, 2.92116379737854, 2.8275933265686035, 2.726334810256958, 2.6473398208618164, 2.578953504562378, 2.5068039894104004, 2.4554357528686523, 2.392906427383423, 2.349329948425293, 2.3131749629974365, 2.2696523666381836, 2.230421781539917, 2.1960859298706055, 2.170327663421631, 2.145139694213867, 2.124384880065918, 2.0951850414276123, 2.0744619369506836, 2.0549683570861816, 2.044267416000366, 2.0219242572784424, 2.0070998668670654, 1.9854087829589844, 1.9737037420272827, 1.9713362455368042, 1.954005479812622, 1.9451797008514404, 1.924036979675293, 1.9201931953430176, 1.9060254096984863, 1.897340178489685, 1.88848876953125, 1.8798854351043701, 1.8804570436477661, 1.8676502704620361, 1.8505849838256836, 1.851181149482727, 1.8378634452819824, 1.837780237197876, 1.8247861862182617, 1.8191355466842651, 1.817937970161438, 1.7979615926742554, 1.8014535903930664, 1.7939364910125732, 1.7851154804229736, 1.7795586585998535, 1.7777842283248901, 1.761136770248413, 1.766282320022583, 1.7580422163009644, 1.7504003047943115, 1.7457712888717651, 1.7373071908950806, 1.731474757194519, 1.7258731126785278, 1.7312513589859009, 1.720357060432434, 1.7053794860839844, 1.7027397155761719, 1.6994880437850952, 1.6902180910110474, 1.6918123960494995, 1.684216856956482, 1.6884052753448486, 1.673319935798645, 1.669257402420044, 1.6645376682281494, 1.6526471376419067, 1.6541812419891357, 1.652031421661377, 1.6434427499771118], "rmse": [2.415170669555664, 2.3527374267578125, 2.3220202922821045, 2.2983503341674805, 2.2724270820617676, 2.248183250427246, 2.225139617919922, 2.2026543617248535, 2.1789681911468506, 2.151750087738037, 2.120326042175293, 2.091153621673584, 2.0613133907318115, 2.0234360694885254, 1.9864495992660522, 1.9462974071502686, 1.9097658395767212, 1.8669264316558838, 1.8316144943237305, 1.789680004119873, 1.7577396631240845, 1.7242205142974854, 1.6924712657928467, 1.6648428440093994, 1.634139060974121, 1.6102266311645508, 1.5892094373703003, 1.566135048866272, 1.550304651260376, 1.5316951274871826, 1.5171960592269897, 1.5051127672195435, 1.4910588264465332, 1.478258490562439, 1.4664212465286255, 1.4580379724502563, 1.4495207071304321, 1.4427955150604248, 1.4325335025787354, 1.4250489473342896, 1.4187872409820557, 1.41472327709198, 1.406895399093628, 1.4025425910949707, 1.3940002918243408, 1.3895334005355835, 1.3898111581802368, 1.3834468126296997, 1.379188895225525, 1.3725781440734863, 1.3709231615066528, 1.3653533458709717, 1.3627140522003174, 1.3592259883880615, 1.3557900190353394, 1.3564711809158325, 1.351488471031189, 1.3453729152679443, 1.3453694581985474, 1.3406121730804443, 1.340355634689331, 1.3369734287261963, 1.3343781232833862, 1.3330057859420776, 1.3262782096862793, 1.3273580074310303, 1.3245761394500732, 1.3210737705230713, 1.3189170360565186, 1.3181517124176025, 1.31167733669281, 1.3140201568603516, 1.3109291791915894, 1.3091715574264526, 1.3067904710769653, 1.3032963275909424, 1.3009111881256104, 1.2980029582977295, 1.30105721950531, 1.2977418899536133, 1.2907354831695557, 1.2897685766220093, 1.2890911102294922, 1.2850475311279297, 1.286529779434204, 1.2829731702804565, 1.2852369546890259, 1.2793593406677246, 1.2770260572433472, 1.2753320932388306, 1.271040439605713, 1.2721108198165894, 1.270756721496582, 1.2673869132995605], "val_loss": [5.716413974761963, 5.541842937469482, 5.3855299949646, 5.259096622467041, 5.154152870178223, 5.042383670806885, 4.929728031158447, 4.80627965927124, 4.72385311126709, 4.6137495040893555, 4.498924255371094, 4.370677471160889, 4.214272499084473, 4.055742263793945, 3.907254457473755, 3.73831844329834, 3.556215524673462, 3.387424945831299, 3.2668421268463135, 3.1377177238464355, 3.0121586322784424, 2.8925914764404297, 2.813026189804077, 2.7466201782226562, 2.6598336696624756, 2.6188275814056396, 2.541410207748413, 2.5027964115142822, 2.45940899848938, 2.4097487926483154, 2.373765707015991, 2.3771021366119385, 2.3229103088378906, 2.2838284969329834, 2.278074264526367, 2.2517294883728027, 2.228592872619629, 2.2003509998321533, 2.15724778175354, 2.1721715927124023, 2.165822982788086, 2.152374744415283, 2.133235216140747, 2.121605157852173, 2.108710765838623, 2.0713868141174316, 2.0996971130371094, 2.07328724861145, 2.054292678833008, 2.067307710647583, 2.015836000442505, 2.0322184562683105, 2.022608757019043, 2.0245108604431152, 2.033690929412842, 2.0077710151672363, 2.028986692428589, 2.0075926780700684, 1.9998607635498047, 1.991209864616394, 2.0063276290893555, 1.9727996587753296, 1.9701085090637207, 1.96060049533844, 1.970047116279602, 1.947033405303955, 1.9621716737747192, 1.9529132843017578, 1.962440013885498, 1.947180151939392, 1.9392805099487305, 1.9545872211456299, 1.9115452766418457, 1.9375617504119873, 1.9267840385437012, 1.932915449142456, 1.9028513431549072, 1.8931204080581665, 1.9287290573120117, 1.9217381477355957, 1.9009979963302612, 1.8851044178009033, 1.9082156419754028, 1.8872696161270142, 1.8601033687591553, 1.871657133102417, 1.862594723701477, 1.9011322259902954, 1.8485571146011353, 1.8791582584381104, 1.853002667427063, 1.8498355150222778, 1.85479736328125, 1.8534573316574097], "val_rmse": [2.3748557567596436, 2.3386189937591553, 2.305682420730591, 2.278620958328247, 2.255786657333374, 2.2310214042663574, 2.2056291103363037, 2.177553653717041, 2.1583006381988525, 2.1323885917663574, 2.1050028800964355, 2.0740582942962646, 2.035820245742798, 1.9963475465774536, 1.9586827754974365, 1.9150664806365967, 1.86720609664917, 1.8218185901641846, 1.7888544797897339, 1.7528682947158813, 1.7174830436706543, 1.683018445968628, 1.6599838733673096, 1.6406620740890503, 1.614716649055481, 1.6025173664093018, 1.578973412513733, 1.5672575235366821, 1.553863525390625, 1.5382485389709473, 1.5270123481750488, 1.5284838676452637, 1.5110511779785156, 1.4984084367752075, 1.4967385530471802, 1.4881601333618164, 1.4806394577026367, 1.4711670875549316, 1.4566220045089722, 1.4618797302246094, 1.4598504304885864, 1.4552503824234009, 1.4488524198532104, 1.4448140859603882, 1.4404726028442383, 1.427551507949829, 1.4375724792480469, 1.4282907247543335, 1.421764612197876, 1.4264354705810547, 1.408270001411438, 1.4142142534255981, 1.4108209609985352, 1.4116222858428955, 1.4149550199508667, 1.4057296514511108, 1.41340970993042, 1.4058424234390259, 1.4031537771224976, 1.400010347366333, 1.4055237770080566, 1.3936067819595337, 1.3926846981048584, 1.3892602920532227, 1.3927632570266724, 1.384443759918213, 1.3900272846221924, 1.386740803718567, 1.390202283859253, 1.3847447633743286, 1.381925344467163, 1.3875396251678467, 1.3719313144683838, 1.3814631700515747, 1.3775269985198975, 1.3798885345458984, 1.3689610958099365, 1.3652817010879517, 1.378476858139038, 1.3759430646896362, 1.3684765100479126, 1.3625234365463257, 1.3711457252502441, 1.363492488861084, 1.3534002304077148, 1.3575787544250488, 1.3544384241104126, 1.368653655052185, 1.3493694067001343, 1.3607044219970703, 1.3511468172073364, 1.3499503135681152, 1.3517853021621704, 1.3513535261154175]}