{"n_parameters": 182097, "training_time": 5780.364413499832, "loss": [5.889919757843018, 5.725104331970215, 5.621191501617432, 5.528221607208252, 5.445740699768066, 5.361721515655518, 5.2678022384643555, 5.176348686218262, 5.052917957305908, 4.92335319519043, 4.803456783294678, 4.667058944702148, 4.541883945465088, 4.4131903648376465, 4.2742767333984375, 4.099954605102539, 3.917691707611084, 3.7497003078460693, 3.5978872776031494, 3.4636991024017334, 3.34869384765625, 3.2270779609680176, 3.119086742401123, 3.026355028152466, 2.9494221210479736, 2.873953342437744, 2.813786506652832, 2.7566733360290527, 2.709346055984497, 2.660865068435669, 2.6224029064178467, 2.57985782623291, 2.538135290145874, 2.497209072113037, 2.448417901992798, 2.413895845413208, 2.3804733753204346, 2.3479769229888916, 2.3190715312957764, 2.296757936477661, 2.276801586151123, 2.2426462173461914, 2.225672483444214, 2.200742483139038, 2.1849260330200195, 2.164036989212036, 2.1404950618743896, 2.1223931312561035, 2.102842092514038, 2.086609125137329, 2.070070743560791, 2.0545639991760254, 2.0399858951568604, 2.0218467712402344, 2.011087417602539, 1.9968618154525757, 1.9821211099624634, 1.9625300168991089, 1.9563219547271729, 1.9346169233322144, 1.9255627393722534, 1.9151941537857056, 1.9088753461837769, 1.8925528526306152, 1.8803735971450806, 1.8776118755340576, 1.861898422241211, 1.8557878732681274, 1.8469486236572266, 1.8400194644927979, 1.8249247074127197, 1.8217049837112427, 1.807004451751709, 1.800836205482483, 1.7946518659591675, 1.787732720375061, 1.7797260284423828, 1.7781898975372314, 1.7671701908111572, 1.7663626670837402, 1.7635427713394165, 1.7585314512252808, 1.754370093345642, 1.7507089376449585, 1.7371159791946411, 1.7347567081451416, 1.7289743423461914, 1.7320066690444946, 1.7272286415100098, 1.7233988046646118, 1.7191555500030518, 1.715651273727417, 1.7169463634490967], "rmse": [2.4075801372528076, 2.375514507293701, 2.3539159297943115, 2.333787679672241, 2.31718111038208, 2.2996761798858643, 2.2791483402252197, 2.2597994804382324, 2.2327311038970947, 2.2036027908325195, 2.177506685256958, 2.146692991256714, 2.1176350116729736, 2.086637496948242, 2.0534093379974365, 2.0102241039276123, 1.9636327028274536, 1.9209438562393188, 1.8811899423599243, 1.8453737497329712, 1.8126800060272217, 1.7801086902618408, 1.74795401096344, 1.7221039533615112, 1.700135350227356, 1.6766506433486938, 1.658318042755127, 1.6418075561523438, 1.6272810697555542, 1.6124224662780762, 1.5986748933792114, 1.586624026298523, 1.574467420578003, 1.5603857040405273, 1.544473648071289, 1.532796025276184, 1.523523211479187, 1.5124543905258179, 1.5025016069412231, 1.4955971240997314, 1.4883661270141602, 1.4774565696716309, 1.4713785648345947, 1.4632713794708252, 1.457606554031372, 1.4508576393127441, 1.4435679912567139, 1.4369183778762817, 1.4298678636550903, 1.4250314235687256, 1.4197807312011719, 1.4140090942382812, 1.4093252420425415, 1.4029462337493896, 1.399352788925171, 1.3939989805221558, 1.389693021774292, 1.3827334642410278, 1.3801432847976685, 1.3725091218948364, 1.3697582483291626, 1.3663417100906372, 1.3631843328475952, 1.357344627380371, 1.3535579442977905, 1.3535019159317017, 1.3474165201187134, 1.3445531129837036, 1.3416883945465088, 1.3387317657470703, 1.3331799507141113, 1.3321425914764404, 1.3274122476577759, 1.3244620561599731, 1.3222360610961914, 1.3200870752334595, 1.3169686794281006, 1.3166468143463135, 1.3119522333145142, 1.3122366666793823, 1.3106831312179565, 1.3089042901992798, 1.3076698780059814, 1.305680513381958, 1.301151156425476, 1.3005555868148804, 1.2976319789886475, 1.2996742725372314, 1.2971709966659546, 1.2960753440856934, 1.2946622371673584, 1.2926257848739624, 1.2934762239456177], "val_loss": [5.938610076904297, 5.840805530548096, 5.735142707824707, 5.633299350738525, 5.54228401184082, 5.4219841957092285, 5.310891151428223, 5.158633708953857, 5.017755508422852, 4.8979010581970215, 4.744793891906738, 4.615745544433594, 4.4990081787109375, 4.368398666381836, 4.1736063957214355, 4.005943298339844, 3.8321521282196045, 3.689087390899658, 3.5174903869628906, 3.440856456756592, 3.361834764480591, 3.2417068481445312, 3.1139440536499023, 3.062894105911255, 2.9937069416046143, 2.9183132648468018, 2.8410348892211914, 2.8004863262176514, 2.7739977836608887, 2.7284297943115234, 2.6843292713165283, 2.6455070972442627, 2.6478686332702637, 2.5854454040527344, 2.569779396057129, 2.5558104515075684, 2.512685537338257, 2.4808413982391357, 2.447533369064331, 2.401545524597168, 2.3856325149536133, 2.4046669006347656, 2.3752827644348145, 2.314741849899292, 2.344301462173462, 2.3023717403411865, 2.264709711074829, 2.297480583190918, 2.2724485397338867, 2.2638344764709473, 2.232787847518921, 2.197387456893921, 2.1986682415008545, 2.2042031288146973, 2.1482841968536377, 2.160414457321167, 2.1418063640594482, 2.1181893348693848, 2.0850918292999268, 2.108811616897583, 2.0943684577941895, 2.0556089878082275, 2.0367414951324463, 2.0593605041503906, 2.080784320831299, 2.0076000690460205, 2.0271103382110596, 2.0125818252563477, 1.9811116456985474, 1.964970350265503, 1.9271527528762817, 1.9475572109222412, 1.9396458864212036, 1.9365549087524414, 1.8901121616363525, 1.9258275032043457, 1.8900201320648193, 1.8954230546951294, 1.8962907791137695, 1.875629186630249, 1.8791896104812622, 1.888770341873169, 1.8492549657821655, 1.8430507183074951, 1.844560980796814, 1.8320502042770386, 1.8635106086730957, 1.8064532279968262, 1.8298708200454712, 1.8347166776657104, 1.819787859916687, 1.814556360244751, 1.8254191875457764], "val_rmse": [2.4191365242004395, 2.399568796157837, 2.3780789375305176, 2.357205629348755, 2.3384950160980225, 2.312953233718872, 2.2894458770751953, 2.2563672065734863, 2.2247281074523926, 2.1979331970214844, 2.163670063018799, 2.134084463119507, 2.106752395629883, 2.0758790969848633, 2.0281033515930176, 1.986322283744812, 1.9418063163757324, 1.9045052528381348, 1.8592063188552856, 1.8380354642868042, 1.8160665035247803, 1.7828365564346313, 1.7468944787979126, 1.7321668863296509, 1.7120972871780396, 1.69007408618927, 1.6673829555511475, 1.6551175117492676, 1.647108554840088, 1.6331273317337036, 1.6196069717407227, 1.607559084892273, 1.6082993745803833, 1.5888102054595947, 1.583931803703308, 1.5794291496276855, 1.5659571886062622, 1.5560803413391113, 1.5452604293823242, 1.5305514335632324, 1.5254099369049072, 1.5319275856018066, 1.522229790687561, 1.5024324655532837, 1.5122660398483276, 1.4985350370407104, 1.486076831817627, 1.497085690498352, 1.4888641834259033, 1.4859352111816406, 1.4757018089294434, 1.463838815689087, 1.464443325996399, 1.466386079788208, 1.4475312232971191, 1.4518018960952759, 1.4454456567764282, 1.4373860359191895, 1.4262486696243286, 1.4345486164093018, 1.4295247793197632, 1.416272759437561, 1.4096795320510864, 1.417670488357544, 1.4253519773483276, 1.3998050689697266, 1.4067093133926392, 1.401659369468689, 1.3905515670776367, 1.3848434686660767, 1.3714313507080078, 1.378857970237732, 1.375900387763977, 1.3749021291732788, 1.3581206798553467, 1.3710622787475586, 1.3581560850143433, 1.3602045774459839, 1.3604834079742432, 1.352972149848938, 1.3543630838394165, 1.3577871322631836, 1.3435128927230835, 1.3411569595336914, 1.341741919517517, 1.337166666984558, 1.3486679792404175, 1.3278298377990723, 1.3364925384521484, 1.338261604309082, 1.3328617811203003, 1.3308860063552856, 1.334895133972168]}