{"n_parameters": 223297, "training_time": 5570.239364862442, "loss": [5.77068567276001, 5.647119522094727, 5.569370269775391, 5.500526428222656, 5.432127475738525, 5.368174076080322, 5.3148193359375, 5.255107402801514, 5.191216468811035, 5.127264022827148, 5.069674968719482, 4.997318267822266, 4.932506084442139, 4.8464460372924805, 4.769552230834961, 4.676855564117432, 4.5881757736206055, 4.491015434265137, 4.398570537567139, 4.290472030639648, 4.189303874969482, 4.075140476226807, 3.9557740688323975, 3.846811532974243, 3.727400779724121, 3.6079952716827393, 3.4988999366760254, 3.39897084236145, 3.2975072860717773, 3.2122421264648438, 3.1313412189483643, 3.0539467334747314, 2.99758243560791, 2.9286398887634277, 2.8849334716796875, 2.8258726596832275, 2.76908802986145, 2.720501661300659, 2.6784822940826416, 2.6349847316741943, 2.586822509765625, 2.5541086196899414, 2.5158650875091553, 2.4935860633850098, 2.459017515182495, 2.430049180984497, 2.3998327255249023, 2.3740618228912354, 2.347527503967285, 2.318662643432617, 2.3011484146118164, 2.2753570079803467, 2.255633592605591, 2.2452921867370605, 2.211379051208496, 2.186408042907715, 2.1754305362701416, 2.1585097312927246, 2.1366615295410156, 2.12556529045105, 2.0997085571289062, 2.089704990386963, 2.076986789703369, 2.06915545463562, 2.048473834991455, 2.0407986640930176, 2.0294342041015625, 2.0126640796661377, 2.005563259124756, 1.9883842468261719, 1.9860283136367798, 1.9771393537521362, 1.9650136232376099, 1.9549620151519775, 1.9459037780761719, 1.930983543395996, 1.9230884313583374, 1.9276580810546875, 1.912588119506836, 1.9140174388885498, 1.9049067497253418], "rmse": [2.38539457321167, 2.359233856201172, 2.3431055545806885, 2.3299882411956787, 2.3148396015167236, 2.3012402057647705, 2.290665626525879, 2.2779064178466797, 2.2642228603363037, 2.24973464012146, 2.2373383045196533, 2.222015142440796, 2.2060046195983887, 2.1881494522094727, 2.170295238494873, 2.1485424041748047, 2.128309965133667, 2.1052868366241455, 2.0831079483032227, 2.057690382003784, 2.03159499168396, 2.0036885738372803, 1.973917841911316, 1.9459726810455322, 1.9145087003707886, 1.8826490640640259, 1.8539810180664062, 1.8262933492660522, 1.7973729372024536, 1.773396611213684, 1.7514240741729736, 1.728148341178894, 1.7115471363067627, 1.6914551258087158, 1.6785733699798584, 1.6603314876556396, 1.6429336071014404, 1.6287320852279663, 1.615854024887085, 1.6030389070510864, 1.5871655941009521, 1.5787622928619385, 1.5651658773422241, 1.559408187866211, 1.5467591285705566, 1.5387564897537231, 1.5282706022262573, 1.5200848579406738, 1.5116734504699707, 1.5027992725372314, 1.4972057342529297, 1.4869035482406616, 1.4810336828231812, 1.4783282279968262, 1.4658598899841309, 1.4583096504211426, 1.4547252655029297, 1.4488909244537354, 1.441184639930725, 1.438157558441162, 1.428723692893982, 1.4255080223083496, 1.4219361543655396, 1.4198695421218872, 1.4121745824813843, 1.4095982313156128, 1.4059991836547852, 1.3998373746871948, 1.3972077369689941, 1.391038179397583, 1.3908400535583496, 1.3876922130584717, 1.3841477632522583, 1.3789445161819458, 1.3764159679412842, 1.3709969520568848, 1.3686331510543823, 1.3706737756729126, 1.364687442779541, 1.365026831626892, 1.363000512123108], "val_loss": [5.799205780029297, 5.688081741333008, 5.5984601974487305, 5.515085697174072, 5.424064636230469, 5.349574089050293, 5.271031379699707, 5.186661243438721, 5.087011814117432, 4.991929054260254, 4.905261516571045, 4.801083564758301, 4.6931281089782715, 4.581042289733887, 4.4733147621154785, 4.367660999298096, 4.268707752227783, 4.138635158538818, 4.013432502746582, 3.8953542709350586, 3.7616798877716064, 3.6229097843170166, 3.486485719680786, 3.3598382472991943, 3.237863540649414, 3.114276885986328, 2.9948861598968506, 2.9017879962921143, 2.812603712081909, 2.740337610244751, 2.6839535236358643, 2.6379244327545166, 2.5796902179718018, 2.5529732704162598, 2.5006091594696045, 2.4639947414398193, 2.4309985637664795, 2.403186082839966, 2.3863048553466797, 2.354621648788452, 2.3358514308929443, 2.317697286605835, 2.30484938621521, 2.24912166595459, 2.2785425186157227, 2.229604721069336, 2.204894781112671, 2.186204195022583, 2.186333656311035, 2.17946720123291, 2.1461310386657715, 2.1029446125030518, 2.084714651107788, 2.1037161350250244, 2.052377462387085, 2.0669350624084473, 2.03287410736084, 2.0211691856384277, 2.018559455871582, 2.012632369995117, 1.9688977003097534, 1.9592268466949463, 1.9820144176483154, 1.9592387676239014, 1.9240833520889282, 1.9735954999923706, 1.92779541015625, 1.9535800218582153, 1.892663836479187, 1.893659234046936, 1.9066920280456543, 1.906537652015686, 1.889733910560608, 1.8914251327514648, 1.8469512462615967, 1.8353099822998047, 1.8860325813293457, 1.8373030424118042, 1.8451045751571655, 1.8517494201660156, 1.8540916442871094], "val_rmse": [2.391235828399658, 2.368797540664673, 2.350402593612671, 2.33309006690979, 2.3141074180603027, 2.2985615730285645, 2.281705141067505, 2.2632980346679688, 2.2416179180145264, 2.2207164764404297, 2.2013392448425293, 2.177950620651245, 2.153228998184204, 2.1271889209747314, 2.101825714111328, 2.07669734954834, 2.052743434906006, 2.0211095809936523, 1.9898743629455566, 1.9597872495651245, 1.9253345727920532, 1.888745665550232, 1.8520115613937378, 1.8171967267990112, 1.7829277515411377, 1.7476502656936646, 1.713055968284607, 1.6850929260253906, 1.6585228443145752, 1.6362907886505127, 1.6187140941619873, 1.6045042276382446, 1.5861248970031738, 1.5777394771575928, 1.5612162351608276, 1.5495755672454834, 1.538927674293518, 1.5299301147460938, 1.5244181156158447, 1.5141633749008179, 1.5081080198287964, 1.5024662017822266, 1.4981794357299805, 1.4794963598251343, 1.4897798299789429, 1.4733116626739502, 1.4651330709457397, 1.4589914083480835, 1.4594175815582275, 1.4573159217834473, 1.4460264444351196, 1.4310095310211182, 1.424886703491211, 1.4320310354232788, 1.4141196012496948, 1.4197089672088623, 1.4078378677368164, 1.4039642810821533, 1.4034322500228882, 1.4014215469360352, 1.3858187198638916, 1.382544755935669, 1.3911340236663818, 1.382988452911377, 1.3703209161758423, 1.3885443210601807, 1.371904969215393, 1.381711721420288, 1.3593461513519287, 1.359787106513977, 1.3648079633712769, 1.3649967908859253, 1.3589067459106445, 1.3596258163452148, 1.3429207801818848, 1.338831901550293, 1.358044981956482, 1.3399004936218262, 1.3429322242736816, 1.3455196619033813, 1.346519112586975]}