{"n_parameters": 276753, "training_time": 4338.451577425003, "loss": [5.6998748779296875, 5.633661270141602, 5.6025390625, 5.5715742111206055, 5.535958766937256, 5.504648208618164, 5.463205814361572, 5.4279255867004395, 5.383878707885742, 5.338315010070801, 5.291720867156982, 5.244313716888428, 5.197673320770264, 5.1515069007873535, 5.099916458129883, 5.063817977905273, 5.003324031829834, 4.954122066497803, 4.9116902351379395, 4.852745532989502, 4.797967910766602, 4.749638080596924, 4.6801910400390625, 4.620450019836426, 4.5559773445129395, 4.493337154388428, 4.413046836853027, 4.344262599945068, 4.254851818084717, 4.175453186035156, 4.090310096740723, 4.000758647918701, 3.918494939804077, 3.814504384994507, 3.7323527336120605, 3.6321890354156494, 3.5416252613067627, 3.4591927528381348, 3.3686695098876953, 3.278841972351074, 3.191101312637329, 3.1206560134887695, 3.045778274536133, 2.9667317867279053, 2.8970844745635986, 2.8431601524353027, 2.792440414428711, 2.729671001434326, 2.68033766746521, 2.6357436180114746, 2.6108367443084717, 2.5747523307800293], "rmse": [2.369959592819214, 2.35589599609375, 2.3501410484313965, 2.343668222427368, 2.335287570953369, 2.3283092975616455, 2.320293426513672, 2.3128342628479004, 2.30464243888855, 2.2941231727600098, 2.2848129272460938, 2.2736926078796387, 2.2653098106384277, 2.254136323928833, 2.2437336444854736, 2.235584020614624, 2.222879409790039, 2.2118775844573975, 2.2026984691619873, 2.1891751289367676, 2.176543951034546, 2.1662404537200928, 2.1505141258239746, 2.13732647895813, 2.121432304382324, 2.1071548461914062, 2.087644100189209, 2.0720365047454834, 2.0508337020874023, 2.0312695503234863, 2.009727954864502, 1.9888159036636353, 1.9678113460540771, 1.9415730237960815, 1.9201539754867554, 1.893324375152588, 1.8704637289047241, 1.848731279373169, 1.823609709739685, 1.7998162508010864, 1.7751376628875732, 1.754797339439392, 1.7331509590148926, 1.7103197574615479, 1.6903457641601562, 1.6746671199798584, 1.6598644256591797, 1.64070463180542, 1.6252849102020264, 1.6120790243148804, 1.6039180755615234, 1.5926342010498047], "val_loss": [5.795634746551514, 5.751151084899902, 5.712062358856201, 5.669506072998047, 5.622491359710693, 5.583248138427734, 5.535686492919922, 5.483285427093506, 5.446810245513916, 5.387232303619385, 5.3356428146362305, 5.276812553405762, 5.217601299285889, 5.171718120574951, 5.086928844451904, 5.030888557434082, 4.957916736602783, 4.89808988571167, 4.826346397399902, 4.743536949157715, 4.648381233215332, 4.570596218109131, 4.495937347412109, 4.4046125411987305, 4.304365158081055, 4.226114273071289, 4.133004188537598, 4.029670715332031, 3.9490303993225098, 3.8486130237579346, 3.783817768096924, 3.6820051670074463, 3.5733108520507812, 3.5149166584014893, 3.4321935176849365, 3.317849636077881, 3.261091470718384, 3.209336996078491, 3.146604299545288, 3.1440980434417725, 3.082703113555908, 3.031611680984497, 3.035738468170166, 3.021202802658081, 2.992438316345215, 3.005600690841675, 2.9714980125427246, 3.0503220558166504, 2.989891767501831, 3.058286190032959, 3.1210412979125977, 3.08764910697937], "val_rmse": [2.3901450634002686, 2.380955219268799, 2.3729188442230225, 2.3641059398651123, 2.354337215423584, 2.3462626934051514, 2.336383819580078, 2.3254196643829346, 2.317889451980591, 2.3052711486816406, 2.2943413257598877, 2.281777858734131, 2.2690775394439697, 2.259267807006836, 2.240718364715576, 2.2284717559814453, 2.2123537063598633, 2.1990606784820557, 2.182971239089966, 2.164250373840332, 2.142509698867798, 2.1245944499969482, 2.1073014736175537, 2.0858798027038574, 2.06207013130188, 2.043316602706909, 2.0208427906036377, 1.9954626560211182, 1.9755070209503174, 1.9503288269042969, 1.9340261220932007, 1.9079371690750122, 1.8795119524002075, 1.8645284175872803, 1.8425995111465454, 1.811630368232727, 1.7963414192199707, 1.7822234630584717, 1.7648696899414062, 1.7645169496536255, 1.7472772598266602, 1.7328591346740723, 1.734161376953125, 1.730116367340088, 1.7219202518463135, 1.725890040397644, 1.7158602476119995, 1.7386924028396606, 1.7212774753570557, 1.7408933639526367, 1.75881826877594, 1.7492520809173584]}