{"n_parameters": 511425, "training_time": 14673.589458227158, "loss": [5.769854545593262, 4.984652519226074, 4.507986068725586, 4.062649250030518, 3.6993327140808105, 3.382673978805542, 3.0951333045959473, 2.880558967590332, 2.670194149017334, 2.495704174041748, 2.344209671020508, 2.2274677753448486, 2.1289002895355225, 2.0625412464141846, 2.0159878730773926, 1.9570465087890625, 1.924984097480774, 1.8979895114898682, 1.8822314739227295, 1.855722188949585, 1.8298728466033936, 1.8104870319366455, 1.7971105575561523, 1.786854863166809, 1.7657687664031982, 1.7489211559295654, 1.7450761795043945, 1.7354907989501953, 1.7245042324066162, 1.7112951278686523, 1.6999186277389526, 1.6907514333724976, 1.6769002676010132, 1.668318271636963, 1.6657480001449585, 1.6536096334457397, 1.6457366943359375, 1.6380648612976074, 1.6302800178527832, 1.6133553981781006, 1.6125037670135498, 1.6053577661514282, 1.589760661125183, 1.5775595903396606, 1.5718034505844116, 1.5602288246154785, 1.549953818321228, 1.5383856296539307, 1.5299760103225708, 1.5263200998306274, 1.5097137689590454, 1.4971104860305786, 1.49359130859375, 1.4775381088256836, 1.4612430334091187, 1.451154112815857, 1.4390780925750732, 1.425032377243042, 1.4132840633392334, 1.3959330320358276, 1.3886386156082153, 1.3754945993423462, 1.3590137958526611, 1.3521745204925537, 1.3260148763656616, 1.3114532232284546, 1.2965446710586548, 1.286096215248108, 1.2643024921417236, 1.2368619441986084, 1.221380352973938, 1.2145224809646606, 1.1899003982543945, 1.177154541015625, 1.1554527282714844, 1.14036226272583, 1.122619867324829, 1.107002854347229, 1.0966260433197021, 1.0815086364746094, 1.0643848180770874, 1.0492604970932007, 1.0373210906982422, 1.0228291749954224, 1.0065975189208984, 1.0012303590774536, 0.9884956479072571, 0.9766222238540649, 0.9690929055213928, 0.9502132534980774, 0.9510932564735413, 0.9383735060691833, 0.9305458664894104, 0.9254986643791199, 0.9148150682449341, 0.9090675711631775, 0.9018540382385254, 0.9004566073417664, 0.8886711001396179, 0.8871498703956604, 0.8805722594261169, 0.8714619278907776, 0.8619248867034912, 0.8558648228645325, 0.852584719657898, 0.8499928116798401, 0.8425151705741882, 0.839528501033783, 0.8330143094062805], "rmse": [2.380439281463623, 2.2170825004577637, 2.1077611446380615, 1.9991436004638672, 1.9042176008224487, 1.8201929330825806, 1.739406704902649, 1.6760131120681763, 1.6137034893035889, 1.5605149269104004, 1.5124155282974243, 1.4743670225143433, 1.441996455192566, 1.4191720485687256, 1.4029558897018433, 1.3828017711639404, 1.3709709644317627, 1.3613907098770142, 1.3559744358062744, 1.3464406728744507, 1.3375784158706665, 1.330051302909851, 1.3254374265670776, 1.3207093477249146, 1.3127251863479614, 1.3073066473007202, 1.3051179647445679, 1.301730751991272, 1.2975994348526, 1.2931855916976929, 1.2883845567703247, 1.2852057218551636, 1.2789738178253174, 1.2754665613174438, 1.2743769884109497, 1.2699371576309204, 1.2681773900985718, 1.2648394107818604, 1.261789083480835, 1.2551108598709106, 1.255253791809082, 1.2515689134597778, 1.2456105947494507, 1.240808129310608, 1.2391178607940674, 1.2339180707931519, 1.2300704717636108, 1.2252470254898071, 1.221780776977539, 1.2200870513916016, 1.2145124673843384, 1.209515929222107, 1.2075395584106445, 1.2008785009384155, 1.1946558952331543, 1.1902581453323364, 1.185448408126831, 1.1795387268066406, 1.1747686862945557, 1.1674562692642212, 1.1650958061218262, 1.1584833860397339, 1.1518725156784058, 1.148185133934021, 1.1379247903823853, 1.131445050239563, 1.1249011754989624, 1.120155930519104, 1.1105115413665771, 1.098220944404602, 1.0910379886627197, 1.0879091024398804, 1.0767006874084473, 1.0713151693344116, 1.0614286661148071, 1.0540399551391602, 1.0461891889572144, 1.0380626916885376, 1.0334186553955078, 1.0265170335769653, 1.01816987991333, 1.0104588270187378, 1.0043842792510986, 0.9980823397636414, 0.9891566634178162, 0.986726701259613, 0.9799989461898804, 0.9734790325164795, 0.9703205823898315, 0.9607895016670227, 0.9605309963226318, 0.9546962380409241, 0.9503808617591858, 0.9474722146987915, 0.9421213269233704, 0.9389467239379883, 0.9353640675544739, 0.9342701435089111, 0.927562952041626, 0.9274590015411377, 0.9234980344772339, 0.9189450144767761, 0.9136101603507996, 0.9104804992675781, 0.9078090190887451, 0.9076181650161743, 0.9038820862770081, 0.9018784761428833, 0.8980454206466675], "val_loss": [5.148776531219482, 4.597445011138916, 4.0746331214904785, 3.666499376296997, 3.310948371887207, 3.0026912689208984, 2.7286667823791504, 2.5367865562438965, 2.3633601665496826, 2.230612277984619, 2.127811908721924, 2.0841641426086426, 2.037454605102539, 1.9889053106307983, 1.9464144706726074, 1.9071154594421387, 1.8767168521881104, 1.8572566509246826, 1.8233762979507446, 1.8047734498977661, 1.7773938179016113, 1.7631458044052124, 1.7454668283462524, 1.7581312656402588, 1.7370234727859497, 1.7345269918441772, 1.6984944343566895, 1.69903564453125, 1.7254408597946167, 1.6722773313522339, 1.6703153848648071, 1.7119958400726318, 1.668168544769287, 1.673802137374878, 1.64519202709198, 1.6361349821090698, 1.6503088474273682, 1.6258509159088135, 1.6248730421066284, 1.620227336883545, 1.6062917709350586, 1.6030904054641724, 1.5873537063598633, 1.5899261236190796, 1.558199405670166, 1.5527372360229492, 1.535636305809021, 1.5309568643569946, 1.5067708492279053, 1.5182404518127441, 1.5094119310379028, 1.486747145652771, 1.473608374595642, 1.4672006368637085, 1.476832389831543, 1.463186264038086, 1.42887544631958, 1.408401608467102, 1.3831406831741333, 1.3865326642990112, 1.364632248878479, 1.3441987037658691, 1.323509693145752, 1.328987956047058, 1.2829241752624512, 1.2643167972564697, 1.2570898532867432, 1.2332279682159424, 1.1963553428649902, 1.2248897552490234, 1.1685115098953247, 1.1209988594055176, 1.1384979486465454, 1.120119333267212, 1.0867778062820435, 1.0641367435455322, 1.033130168914795, 1.026107668876648, 1.0137975215911865, 1.0168675184249878, 1.0015369653701782, 0.9802733063697815, 0.960813045501709, 0.9599919319152832, 0.9403732419013977, 0.9307035803794861, 0.9503880739212036, 0.9122686386108398, 0.9269528985023499, 0.9329183101654053, 0.9087828993797302, 0.9034969806671143, 0.8892265558242798, 0.8894395232200623, 0.9002276659011841, 0.8892709016799927, 0.8955891728401184, 0.8662832379341125, 0.8680557608604431, 0.873354434967041, 0.8494375348091125, 0.8551093339920044, 0.8556114435195923, 0.8298097848892212, 0.8549748659133911, 0.8429333567619324, 0.8425899744033813, 0.8304410576820374, 0.829948365688324],