{"n_parameters": 339857, "training_time": 6330.986517190933, "loss": [5.764349937438965, 5.463098049163818, 5.266582489013672, 5.119699954986572, 4.962609767913818, 4.802779674530029, 4.624413013458252, 4.414776802062988, 4.185688495635986, 3.927401065826416, 3.6807212829589844, 3.4373419284820557, 3.232330799102783, 3.0559182167053223, 2.915989875793457, 2.7809929847717285, 2.662277936935425, 2.5793027877807617, 2.4895622730255127, 2.4200916290283203, 2.359570026397705, 2.3015401363372803, 2.2463974952697754, 2.2029128074645996, 2.15667724609375, 2.1187925338745117, 2.0800037384033203, 2.0443027019500732, 2.0114171504974365, 1.9895051717758179, 1.9623409509658813, 1.935197353363037, 1.9110615253448486, 1.8972684144973755, 1.8826017379760742, 1.8599352836608887, 1.8496952056884766, 1.835827112197876, 1.8203072547912598, 1.8131486177444458, 1.8034871816635132, 1.797359824180603, 1.784909963607788, 1.7764389514923096, 1.7755780220031738, 1.7614555358886719, 1.762904405593872, 1.7546322345733643, 1.7490123510360718, 1.7421875, 1.7400683164596558, 1.7303528785705566, 1.725712776184082, 1.7269538640975952, 1.7118784189224243, 1.7127541303634644, 1.7140789031982422, 1.7013887166976929, 1.6962645053863525, 1.6964513063430786, 1.689623475074768, 1.6823384761810303, 1.677550196647644, 1.6807706356048584, 1.6776505708694458, 1.6662334203720093, 1.670390248298645, 1.665472149848938, 1.663808822631836], "rmse": [2.3827483654022217, 2.320204257965088, 2.2806310653686523, 2.248533010482788, 2.2144007682800293, 2.1775338649749756, 2.137009620666504, 2.0871551036834717, 2.0312671661376953, 1.9667787551879883, 1.9021024703979492, 1.8367910385131836, 1.7804138660430908, 1.7294942140579224, 1.6884056329727173, 1.6490516662597656, 1.6122537851333618, 1.5870966911315918, 1.5600969791412354, 1.5367239713668823, 1.5171126127243042, 1.498338222503662, 1.4807082414627075, 1.4655814170837402, 1.4501376152038574, 1.4382283687591553, 1.4232455492019653, 1.4120458364486694, 1.4001575708389282, 1.3936266899108887, 1.3832274675369263, 1.3736560344696045, 1.3652151823043823, 1.359677791595459, 1.3555396795272827, 1.3466047048568726, 1.3436833620071411, 1.3377946615219116, 1.3327934741973877, 1.3292176723480225, 1.3260414600372314, 1.3234773874282837, 1.3190183639526367, 1.3158265352249146, 1.3165907859802246, 1.3105922937393188, 1.310729742050171, 1.3081178665161133, 1.3064219951629639, 1.3032439947128296, 1.302956223487854, 1.2990251779556274, 1.2967885732650757, 1.2981114387512207, 1.2921189069747925, 1.2928558588027954, 1.292533040046692, 1.2877188920974731, 1.2858145236968994, 1.2863401174545288, 1.2833749055862427, 1.2803164720535278, 1.2781130075454712, 1.2797163724899292, 1.2788629531860352, 1.2741436958312988, 1.275955080986023, 1.274072289466858, 1.274016261100769], "val_loss": [5.673129558563232, 5.486406326293945, 5.306435585021973, 5.1392083168029785, 4.9102349281311035, 4.683280944824219, 4.433253288269043, 4.182758331298828, 3.8950390815734863, 3.5987937450408936, 3.3274412155151367, 3.1013362407684326, 2.9097747802734375, 2.759705066680908, 2.641517400741577, 2.5302460193634033, 2.457828998565674, 2.3751144409179688, 2.3126871585845947, 2.2478747367858887, 2.189666271209717, 2.13116455078125, 2.075310468673706, 2.0297679901123047, 1.9819284677505493, 1.938297152519226, 1.8934746980667114, 1.874795913696289, 1.8376202583312988, 1.8119349479675293, 1.7911566495895386, 1.7695035934448242, 1.7565040588378906, 1.7440500259399414, 1.7347204685211182, 1.7298610210418701, 1.7107408046722412, 1.7069518566131592, 1.6852748394012451, 1.6905421018600464, 1.682842493057251, 1.6722373962402344, 1.6781058311462402, 1.6697869300842285, 1.652823805809021, 1.661670207977295, 1.666811227798462, 1.6543210744857788, 1.6377615928649902, 1.6399701833724976, 1.6442041397094727, 1.6294013261795044, 1.6359421014785767, 1.6201965808868408, 1.6272789239883423, 1.623455286026001, 1.6230043172836304, 1.6187176704406738, 1.6177905797958374, 1.6126459836959839, 1.608290195465088, 1.6050128936767578, 1.6062167882919312, 1.5936427116394043, 1.6074198484420776, 1.6039223670959473, 1.594832181930542, 1.5997940301895142, 1.5943974256515503], "val_rmse": [2.366046190261841, 2.3273284435272217, 2.2891948223114014, 2.2531890869140625, 2.2022078037261963, 2.1503539085388184, 2.0919530391693115, 2.031451940536499, 1.9593000411987305, 1.8820220232009888, 1.808586835861206, 1.7443493604660034, 1.6883004903793335, 1.643272042274475, 1.6070599555969238, 1.5724077224731445, 1.5491154193878174, 1.5227365493774414, 1.5024515390396118, 1.481227159500122, 1.461732029914856, 1.4421464204788208, 1.4231512546539307, 1.4074220657348633, 1.3907822370529175, 1.3753653764724731, 1.3594528436660767, 1.3527461290359497, 1.3393878936767578, 1.3298530578613281, 1.3223191499710083, 1.3142340183258057, 1.3094626665115356, 1.3050376176834106, 1.3015754222869873, 1.299659013748169, 1.2925004959106445, 1.2910304069519043, 1.2827348709106445, 1.2849276065826416, 1.2818620204925537, 1.2778990268707275, 1.2802990674972534, 1.2771027088165283, 1.270337700843811, 1.273833155632019, 1.2758855819702148, 1.2711281776428223, 1.2644397020339966, 1.26547110080719, 1.2672752141952515, 1.261259913444519, 1.2639482021331787, 1.257763385772705, 1.2606298923492432, 1.258965015411377, 1.258958339691162, 1.2570915222167969, 1.256738305091858, 1.25472891330719, 1.2530598640441895, 1.251817226409912, 1.252366304397583, 1.2472280263900757, 1.2528036832809448, 1.2513660192489624, 1.2476799488067627, 1.249722957611084, 1.2475882768630981]}