{"n_parameters": 411969, "training_time": 4044.6272122859955, "loss": [5.947835445404053, 5.81243896484375, 5.714605808258057, 5.62716817855835, 5.544010639190674, 5.472255706787109, 5.401214599609375, 5.3418049812316895, 5.292054653167725, 5.2478718757629395, 5.192373752593994, 5.150367259979248, 5.096251964569092, 5.066359996795654, 5.002929210662842, 4.942729949951172, 4.874347686767578, 4.798532009124756, 4.694620132446289, 4.590407371520996, 4.453322887420654, 4.322865962982178, 4.169783592224121, 3.9988365173339844, 3.843778371810913, 3.692532777786255, 3.5485551357269287, 3.399252414703369, 3.2880313396453857, 3.183708429336548, 3.082493305206299, 3.015873670578003, 2.9425177574157715, 2.8776016235351562, 2.811713457107544, 2.7843713760375977], "rmse": [2.4212746620178223, 2.3930575847625732, 2.3740041255950928, 2.3557469844818115, 2.338372230529785, 2.3233485221862793, 2.3085646629333496, 2.295917272567749, 2.285494327545166, 2.2765512466430664, 2.2646329402923584, 2.255127429962158, 2.243502140045166, 2.2370643615722656, 2.222726821899414, 2.208897590637207, 2.194016695022583, 2.1766505241394043, 2.1521413326263428, 2.128329277038574, 2.0958662033081055, 2.064901828765869, 2.0273854732513428, 1.9848453998565674, 1.94509756565094, 1.9057329893112183, 1.8684571981430054, 1.8265957832336426, 1.797300100326538, 1.7685065269470215, 1.7396936416625977, 1.7207074165344238, 1.698829174041748, 1.6803499460220337, 1.6604615449905396, 1.6527248620986938], "val_loss": [6.006343841552734, 5.911403179168701, 5.808108806610107, 5.699672222137451, 5.586462020874023, 5.491925239562988, 5.410777568817139, 5.3532304763793945, 5.293823719024658, 5.245630264282227, 5.18195104598999, 5.115577697753906, 5.0451226234436035, 4.983633518218994, 4.907336235046387, 4.84096097946167, 4.7469401359558105, 4.629937648773193, 4.497276782989502, 4.364925384521484, 4.184223175048828, 4.041591167449951, 3.884732484817505, 3.7411177158355713, 3.588576555252075, 3.5167346000671387, 3.431556463241577, 3.3941991329193115, 3.3803813457489014, 3.3118646144866943, 3.3058183193206787, 3.3328518867492676, 3.344665288925171, 3.3161110877990723, 3.3958661556243896, 3.3770968914031982], "val_rmse": [2.4328956604003906, 2.414027214050293, 2.393000602722168, 2.3710925579071045, 2.347811698913574, 2.3281500339508057, 2.311166524887085, 2.2990360260009766, 2.286440372467041, 2.2760653495788574, 2.26218581199646, 2.2476108074188232, 2.231971263885498, 2.2182064056396484, 2.2010161876678467, 2.1858208179473877, 2.16426944732666, 2.1371519565582275, 2.106027603149414, 2.0744359493255615, 2.0307464599609375, 1.9956212043762207, 1.9562513828277588, 1.9196885824203491, 1.8801108598709106, 1.8615105152130127, 1.8389337062835693, 1.8293583393096924, 1.8260570764541626, 1.807646632194519, 1.806132435798645, 1.8141433000564575, 1.8174023628234863, 1.8098244667053223, 1.8319059610366821, 1.8266096115112305]}