{"n_parameters": 224913, "training_time": 8019.126754760742, "loss": [6.163483619689941, 5.210357666015625, 4.880445957183838, 4.512479305267334, 4.189271450042725, 3.907355785369873, 3.6558992862701416, 3.437809467315674, 3.2440478801727295, 3.07666277885437, 2.917203664779663, 2.7814419269561768, 2.665553331375122, 2.5568525791168213, 2.456968307495117, 2.371859312057495, 2.290689468383789, 2.215292453765869, 2.1443450450897217, 2.0772931575775146, 2.021010160446167, 1.9773035049438477, 1.9419313669204712, 1.9028334617614746, 1.8753101825714111, 1.845910906791687, 1.8198363780975342, 1.804030179977417, 1.7791619300842285, 1.7608004808425903, 1.7442272901535034, 1.7331181764602661, 1.7162572145462036, 1.7130738496780396, 1.702386736869812, 1.6912654638290405, 1.6837958097457886, 1.6807177066802979, 1.6686441898345947, 1.6644657850265503, 1.6556410789489746, 1.654671311378479, 1.6499601602554321, 1.6461924314498901, 1.6409610509872437, 1.6347697973251343, 1.6333712339401245, 1.6315464973449707, 1.625051736831665, 1.6210507154464722, 1.6154447793960571, 1.6155730485916138, 1.6076380014419556, 1.6074681282043457, 1.6076552867889404, 1.601522445678711, 1.6009111404418945, 1.5995426177978516, 1.5912294387817383, 1.5942904949188232, 1.5857123136520386, 1.5865179300308228, 1.5819892883300781, 1.5816305875778198, 1.5773273706436157, 1.5741034746170044, 1.5728007555007935, 1.5716193914413452, 1.569516897201538, 1.5681946277618408, 1.5669039487838745, 1.5682123899459839, 1.5612444877624512, 1.56212317943573, 1.5621060132980347, 1.5556693077087402, 1.5563158988952637, 1.555173397064209, 1.5520929098129272, 1.548303484916687, 1.549414038658142, 1.546433448791504, 1.5469127893447876, 1.5431272983551025, 1.5411603450775146, 1.5385621786117554, 1.5387039184570312, 1.5340080261230469, 1.5350438356399536, 1.5328872203826904, 1.5315579175949097, 1.5275946855545044, 1.5267090797424316, 1.522959589958191, 1.5207782983779907, 1.5218400955200195, 1.5194848775863647, 1.5180704593658447, 1.5138946771621704, 1.5113416910171509, 1.505292534828186, 1.5026754140853882, 1.5007545948028564, 1.4957138299942017, 1.4932501316070557], "rmse": [2.4531145095825195, 2.2665886878967285, 2.1948904991149902, 2.1095097064971924, 2.0326027870178223, 1.9614959955215454, 1.89580237865448, 1.8365869522094727, 1.7823718786239624, 1.735703468322754, 1.688094139099121, 1.6482269763946533, 1.612786889076233, 1.5786386728286743, 1.5475552082061768, 1.5213557481765747, 1.4949796199798584, 1.4690423011779785, 1.4460279941558838, 1.4235173463821411, 1.4049149751663208, 1.3884704113006592, 1.375905156135559, 1.3618849515914917, 1.3518764972686768, 1.3412846326828003, 1.3316116333007812, 1.3262503147125244, 1.3163847923278809, 1.3106601238250732, 1.3034639358520508, 1.2990299463272095, 1.2925678491592407, 1.2920347452163696, 1.2883692979812622, 1.2831178903579712, 1.2808369398117065, 1.279587745666504, 1.274367094039917, 1.2728272676467896, 1.2707054615020752, 1.269283413887024, 1.2671253681182861, 1.2665901184082031, 1.2649115324020386, 1.2610095739364624, 1.261170506477356, 1.2605894804000854, 1.2577883005142212, 1.2556285858154297, 1.2543301582336426, 1.2536637783050537, 1.2506132125854492, 1.251218557357788, 1.25117826461792, 1.2487050294876099, 1.24947988986969, 1.2477315664291382, 1.245259404182434, 1.24611496925354, 1.2425295114517212, 1.2437018156051636, 1.2411590814590454, 1.239708423614502, 1.2396215200424194, 1.2376134395599365, 1.2373721599578857, 1.2367123365402222, 1.2364164590835571, 1.2352274656295776, 1.234797716140747, 1.2350456714630127, 1.2327066659927368, 1.2333524227142334, 1.2329386472702026, 1.230310320854187, 1.2305136919021606, 1.2305896282196045, 1.2289444208145142, 1.22737455368042, 1.2286224365234375, 1.226325273513794, 1.2275445461273193, 1.2260327339172363, 1.2243669033050537, 1.223588228225708, 1.2238324880599976, 1.2219409942626953, 1.2227458953857422, 1.221038818359375, 1.2214388847351074, 1.2201473712921143, 1.2191921472549438, 1.217336893081665, 1.2163211107254028, 1.21654212474823, 1.216539740562439, 1.2158544063568115, 1.2136378288269043, 1.2134870290756226, 1.2097766399383545, 1.209286093711853, 1.2083868980407715, 1.2064801454544067, 1.2054178714752197], "val_loss": [5.438815593719482, 5.155654430389404, 4.716057300567627, 4.3387980461120605, 4.07927131652832, 3.8504247665405273, 3.6232717037200928, 3.4161534309387207, 3.2381787300109863, 3.0689024925231934, 2.9337594509124756, 2.8115439414978027, 2.6972155570983887, 2.5973892211914062, 2.5205750465393066, 2.423400402069092, 2.352369546890259, 2.298811912536621, 2.2182345390319824, 2.1575236320495605, 2.1210079193115234, 2.0834052562713623, 2.0520858764648438, 2.0241951942443848, 1.9761972427368164, 1.963171362876892, 1.9311559200286865, 1.901599407196045, 1.901950716972351, 1.8799234628677368, 1.8672114610671997, 1.8380943536758423, 1.8339163064956665, 1.8195502758026123, 1.8036221265792847, 1.8078101873397827, 1.7836757898330688, 1.7868348360061646, 1.7821298837661743, 1.7660382986068726, 1.7847719192504883, 1.7595490217208862, 1.752496600151062, 1.7342740297317505, 1.7370848655700684, 1.7363626956939697, 1.7341312170028687, 1.7221958637237549, 1.7014262676239014, 1.7152849435806274, 1.7164353132247925, 1.700685977935791, 1.705014705657959, 1.7148101329803467, 1.6930906772613525, 1.6845461130142212, 1.67237389087677, 1.666516900062561, 1.676904320716858, 1.664309024810791, 1.661059856414795, 1.6667665243148804, 1.6585376262664795, 1.6606611013412476, 1.6570141315460205, 1.653468370437622, 1.6422561407089233, 1.6516999006271362, 1.657737135887146, 1.650886058807373, 1.6325922012329102, 1.631441593170166, 1.6484973430633545, 1.6365071535110474, 1.6327236890792847, 1.6288509368896484, 1.6243209838867188, 1.6185365915298462, 1.6199262142181396, 1.621431589126587, 1.619247555732727, 1.6109552383422852, 1.6102659702301025, 1.6031827926635742, 1.6016262769699097, 1.6052708625793457, 1.59877347946167, 1.5916423797607422, 1.5914310216903687, 1.5942716598510742, 1.6001620292663574, 1.5883336067199707, 1.5836262702941895, 1.5920182466506958, 1.5807384252548218, 1.5862928628921509, 1.5772137641906738, 1.5661424398422241, 1.5777475833892822, 1.5653722286224365, 1.5781702995300293, 1.575042963027954, 1.5778344869613647, 1.5711246728897095, 1.5675840377807617],