{"n_parameters": 504065, "training_time": 1007.9762375354767, "loss": [6.246766090393066, 6.049911975860596, 5.971079349517822, 5.893104076385498, 5.832536220550537, 5.807425498962402, 5.788156986236572, 5.75376558303833], "rmse": [2.480565309524536, 2.4414541721343994, 2.425205707550049, 2.409839391708374, 2.3984687328338623, 2.3936502933502197, 2.3885722160339355, 2.3822507858276367], "val_loss": [6.072705268859863, 5.938411235809326, 5.9313459396362305, 5.938310146331787, 5.997095108032227, 6.087393283843994, 6.102941513061523, 6.13346529006958], "val_rmse": [2.4447920322418213, 2.418271541595459, 2.4169423580169678, 2.418468952178955, 2.4303669929504395, 2.448538303375244, 2.4517736434936523, 2.4579803943634033]}