{"n_parameters": 239217, "training_time": 4008.5375447273254, "loss": [5.555291175842285, 5.266949653625488, 5.014552593231201, 4.760255813598633, 4.495862007141113, 4.190614223480225, 3.864203691482544, 3.531147003173828, 3.206519365310669, 2.946174144744873, 2.758495330810547, 2.618351936340332, 2.50638747215271, 2.4155497550964355, 2.3400826454162598, 2.271819591522217, 2.2224884033203125, 2.171191692352295, 2.127129077911377, 2.0869076251983643, 2.0495519638061523, 2.009157419204712, 1.9848146438598633, 1.9566346406936646, 1.931347370147705, 1.9089418649673462, 1.8910473585128784, 1.8752505779266357, 1.8591978549957275, 1.842060923576355, 1.8271549940109253, 1.8131296634674072, 1.8026562929153442, 1.7923485040664673, 1.7828028202056885, 1.7763041257858276, 1.7691487073898315, 1.7613180875778198, 1.755545973777771, 1.748855471611023, 1.742916464805603, 1.728542447090149, 1.7369723320007324, 1.7293493747711182, 1.7271034717559814, 1.719342589378357, 1.7145190238952637, 1.7147897481918335, 1.7130253314971924, 1.7133042812347412, 1.707343339920044, 1.7031450271606445, 1.692493200302124], "rmse": [2.3399815559387207, 2.279426336288452, 2.2255520820617676, 2.16825795173645, 2.106743097305298, 2.0324792861938477, 1.9505130052566528, 1.8623988628387451, 1.7730716466903687, 1.697934865951538, 1.6422957181930542, 1.5983812808990479, 1.5644100904464722, 1.5351347923278809, 1.5100253820419312, 1.4879682064056396, 1.4713964462280273, 1.4554944038391113, 1.439202904701233, 1.4259791374206543, 1.4131879806518555, 1.3990486860275269, 1.3910614252090454, 1.3802043199539185, 1.3729426860809326, 1.3633183240890503, 1.3576186895370483, 1.3524501323699951, 1.3467241525650024, 1.3401414155960083, 1.3341014385223389, 1.3296147584915161, 1.3255887031555176, 1.3216848373413086, 1.3181010484695435, 1.3165909051895142, 1.3132765293121338, 1.3105100393295288, 1.309345006942749, 1.3063095808029175, 1.303877353668213, 1.299025535583496, 1.301528811454773, 1.2983994483947754, 1.2977408170700073, 1.2950501441955566, 1.2936378717422485, 1.293274164199829, 1.292663335800171, 1.292603611946106, 1.2898452281951904, 1.28933846950531, 1.2847630977630615], "val_loss": [5.396869659423828, 5.085268020629883, 4.749227523803711, 4.454819202423096, 4.106942653656006, 3.770728349685669, 3.397012710571289, 3.064600944519043, 2.785968780517578, 2.6002960205078125, 2.4867262840270996, 2.401003122329712, 2.3430910110473633, 2.2661404609680176, 2.23091721534729, 2.169447898864746, 2.130488634109497, 2.0986173152923584, 2.0641844272613525, 2.0451791286468506, 2.00241756439209, 1.9642475843429565, 1.9361811876296997, 1.9141426086425781, 1.8767393827438354, 1.8684245347976685, 1.8420038223266602, 1.8386404514312744, 1.8325179815292358, 1.7985612154006958, 1.773061752319336, 1.7855632305145264, 1.7679120302200317, 1.760023593902588, 1.7587214708328247, 1.764833927154541, 1.738797664642334, 1.7314029932022095, 1.7408279180526733, 1.7333656549453735, 1.7347300052642822, 1.734142780303955, 1.7303051948547363, 1.7254537343978882, 1.7170041799545288, 1.7177199125289917, 1.7159134149551392, 1.705053448677063, 1.7108662128448486, 1.7051432132720947, 1.710938572883606, 1.7086416482925415, 1.7050775289535522], "val_rmse": [2.3076961040496826, 2.2407262325286865, 2.1656856536865234, 2.0971109867095947, 2.012737989425659, 1.9272698163986206, 1.8275227546691895, 1.73362398147583, 1.6512724161148071, 1.594226598739624, 1.5584399700164795, 1.5309569835662842, 1.512397050857544, 1.4870084524154663, 1.475599765777588, 1.4548773765563965, 1.441925048828125, 1.4312816858291626, 1.419683575630188, 1.4134858846664429, 1.3987115621566772, 1.3854912519454956, 1.3757177591323853, 1.3679912090301514, 1.3545373678207397, 1.3518787622451782, 1.3422095775604248, 1.3414021730422974, 1.3393676280975342, 1.3266820907592773, 1.317103624343872, 1.3221684694290161, 1.3155157566070557, 1.312619924545288, 1.3122960329055786, 1.3146281242370605, 1.304547905921936, 1.301832675933838, 1.3053890466690063, 1.302725911140442, 1.3032063245773315, 1.3028252124786377, 1.30134916305542, 1.299673080444336, 1.2962846755981445, 1.2968416213989258, 1.2960935831069946, 1.2917773723602295, 1.294068455696106, 1.291878581047058, 1.2939939498901367, 1.2931084632873535, 1.2918181419372559]}