{"n_parameters": 279489, "training_time": 20108.558458328247, "loss": [5.576442241668701, 5.194547653198242, 4.935530185699463, 4.675661087036133, 4.405756950378418, 4.1048126220703125, 3.8210389614105225, 3.5428152084350586, 3.2952256202697754, 3.0835201740264893, 2.9017930030822754, 2.7555294036865234, 2.637125015258789, 2.5305850505828857, 2.4560506343841553, 2.3909060955047607, 2.336153030395508, 2.287667989730835, 2.2530252933502197, 2.218562602996826, 2.1842751502990723, 2.153709888458252, 2.1358494758605957, 2.109471321105957, 2.0923194885253906, 2.0681991577148438, 2.0535337924957275, 2.042207956314087, 2.0189692974090576, 2.0127265453338623, 1.9955604076385498, 1.9862037897109985, 1.971652865409851, 1.9593602418899536, 1.9532709121704102, 1.939888834953308, 1.9280767440795898, 1.9193134307861328, 1.9102126359939575, 1.903295636177063, 1.8945720195770264, 1.88405179977417, 1.8711044788360596, 1.8690105676651, 1.8601490259170532, 1.8559060096740723, 1.8456395864486694, 1.8400120735168457, 1.8341957330703735, 1.8267408609390259, 1.8168842792510986, 1.8143606185913086, 1.8067021369934082, 1.8019063472747803, 1.800288200378418, 1.7943874597549438, 1.7851009368896484, 1.781591534614563, 1.7800928354263306, 1.7809480428695679, 1.7688407897949219, 1.7687427997589111, 1.7641105651855469, 1.7622745037078857, 1.7620805501937866, 1.7430874109268188, 1.7464922666549683, 1.7446171045303345, 1.7364758253097534, 1.7299820184707642, 1.7290794849395752, 1.7315682172775269, 1.723233938217163, 1.717341661453247, 1.7165392637252808, 1.7123371362686157, 1.7096304893493652, 1.7089896202087402, 1.7084282636642456, 1.698654294013977, 1.6992207765579224, 1.692309021949768, 1.686961054801941, 1.690273404121399, 1.6861422061920166, 1.680570125579834, 1.6804126501083374, 1.6739834547042847, 1.6722145080566406, 1.6727298498153687, 1.665357232093811, 1.6618642807006836, 1.6572593450546265, 1.654799222946167, 1.6529189348220825, 1.6468040943145752, 1.647889494895935, 1.6494559049606323, 1.638649821281433, 1.6404550075531006, 1.6295946836471558, 1.629767656326294, 1.6283893585205078, 1.6266955137252808, 1.6156431436538696, 1.6115022897720337, 1.6130223274230957, 1.6096181869506836, 1.6055231094360352, 1.6016631126403809, 1.6000467538833618, 1.597266435623169, 1.5887668132781982, 1.582829236984253, 1.5817656517028809, 1.582260012626648, 1.5701918601989746, 1.567254900932312, 1.5689582824707031, 1.5588157176971436, 1.5542032718658447, 1.553967833518982, 1.5535128116607666, 1.5434753894805908, 1.5406742095947266, 1.5379314422607422, 1.5289627313613892, 1.5265880823135376, 1.5189207792282104, 1.5209628343582153, 1.5190098285675049, 1.5067200660705566, 1.5033936500549316, 1.5011743307113647, 1.492576003074646, 1.481663703918457, 1.4788000583648682, 1.475913643836975, 1.4711254835128784, 1.4627900123596191, 1.4571577310562134, 1.4558345079421997, 1.4459267854690552, 1.4381437301635742, 1.4324079751968384, 1.429512858390808, 1.422305703163147, 1.4175103902816772, 1.415360689163208, 1.406999945640564, 1.3975660800933838, 1.3900115489959717, 1.385764479637146, 1.3865594863891602, 1.3793880939483643, 1.3667559623718262, 1.364197850227356, 1.3625805377960205, 1.349961280822754, 1.3477160930633545, 1.3418142795562744, 1.3435320854187012, 1.3302793502807617, 1.3301376104354858, 1.3224804401397705, 1.3119596242904663, 1.3116673231124878, 1.304478645324707, 1.2989305257797241, 1.2958372831344604, 1.2879571914672852, 1.2831884622573853, 1.2786319255828857, 1.2687630653381348, 1.2684866189956665, 1.2619737386703491, 1.2593454122543335, 1.2528895139694214, 1.2502127885818481, 1.2418605089187622, 1.2413935661315918, 1.2341362237930298, 1.2297751903533936, 1.226090669631958, 1.2207157611846924, 1.2152982950210571, 1.2160588502883911, 1.206494688987732, 1.2095876932144165, 1.2031198740005493, 1.1981791257858276, 1.191934585571289, 1.1880277395248413, 1.18996000289917, 1.1795905828475952, 1.1825149059295654, 1.178112506866455, 1.1720246076583862, 1.1660001277923584, 1.1687474250793457, 1.1645418405532837, 1.1572329998016357, 1.1502375602722168, 1.1542260646820068, 1.1523847579956055, 1.1508135795593262, 1.1375277042388916, 1.13473379611969, 1.1354620456695557, 1.135427474975586, 1.131663203239441, 1.1264959573745728, 1.121058702468872, 1.1199127435684204, 1.1184951066970825, 1.1187872886657715, 1.1197503805160522, 1.110156774520874, 1.112820029258728, 1.109850525856018, 1.10563325881958, 1.102197289466858, 1.103339672088623, 1.1032147407531738, 1.1003403663635254, 1.0939909219741821, 1.0927927494049072, 1.0910382270812988, 1.0905487537384033, 1.0858529806137085, 1.08344566822052, 1.0824471712112427, 1.0743439197540283, 1.0756713151931763, 1.0731240510940552, 1.0755805969238281, 1.0732276439666748, 1.0747336149215698, 1.0676957368850708, 1.0662803649902344, 1.0691452026367188, 1.062481164932251],