{"n_parameters": 128961, "training_time": 12143.932443380356, "loss": [5.885014533996582, 5.6888885498046875, 5.545633316040039, 5.446652889251709, 5.363524913787842, 5.2942118644714355, 5.229720115661621, 5.1651530265808105, 5.108384609222412, 5.050198078155518, 4.982378959655762, 4.911855697631836, 4.820614814758301, 4.735832691192627, 4.640542030334473, 4.546747207641602, 4.4289937019348145, 4.312673568725586, 4.189676761627197, 4.044552326202393, 3.918104648590088, 3.8031325340270996, 3.6648056507110596, 3.551546573638916, 3.4488472938537598, 3.34708833694458, 3.2476003170013428, 3.1494154930114746, 3.0708112716674805, 2.9912500381469727, 2.9152731895446777, 2.8404922485351562, 2.7756481170654297, 2.7042195796966553, 2.649893283843994, 2.582730293273926, 2.5263547897338867, 2.486464262008667, 2.435889482498169, 2.390014171600342, 2.349163055419922, 2.3235106468200684, 2.296713352203369, 2.2666587829589844, 2.246656894683838, 2.222322463989258, 2.201279878616333, 2.180475950241089, 2.1673636436462402, 2.150120496749878, 2.1361141204833984, 2.124683380126953, 2.1008877754211426, 2.09248685836792, 2.0737247467041016, 2.0607028007507324, 2.0490574836730957, 2.0417940616607666, 2.0310051441192627, 2.011704206466675, 2.006803035736084, 1.9950346946716309, 1.9848449230194092, 1.96934974193573, 1.9600884914398193, 1.9475682973861694, 1.9380061626434326, 1.926522135734558, 1.9198439121246338, 1.908492922782898, 1.8954755067825317, 1.8881593942642212, 1.8853998184204102, 1.8745676279067993, 1.8614047765731812, 1.854539394378662, 1.8504793643951416, 1.8386664390563965, 1.840448021888733, 1.8285720348358154, 1.819058895111084, 1.8169723749160767, 1.8140164613723755, 1.805511236190796, 1.792953610420227, 1.79279625415802, 1.7786186933517456, 1.779526710510254, 1.7710185050964355, 1.7639188766479492, 1.7573561668395996, 1.7618615627288818, 1.7449640035629272, 1.7429685592651367, 1.7409707307815552, 1.7332942485809326, 1.7296533584594727, 1.7277177572250366, 1.7222455739974976, 1.718180537223816, 1.7203091382980347, 1.7114572525024414, 1.705926775932312, 1.7030388116836548, 1.693235993385315, 1.689794659614563, 1.6829817295074463, 1.6827635765075684, 1.6796563863754272, 1.6758317947387695, 1.670157551765442, 1.6658169031143188, 1.6628525257110596, 1.658425211906433, 1.66011643409729, 1.6534229516983032, 1.653716802597046, 1.6444182395935059, 1.6388955116271973, 1.6440391540527344, 1.6319055557250977, 1.6309256553649902, 1.6339207887649536, 1.629219889640808, 1.6261066198349, 1.6206706762313843, 1.6123147010803223, 1.608144760131836, 1.605937123298645, 1.6080342531204224, 1.611617088317871, 1.6037688255310059, 1.593152403831482, 1.5921645164489746, 1.5901756286621094, 1.5848571062088013, 1.579242467880249, 1.5825973749160767, 1.5794800519943237, 1.572392225265503, 1.565619945526123, 1.5638401508331299, 1.5598516464233398, 1.5546269416809082, 1.5519297122955322, 1.552560806274414, 1.5548491477966309, 1.5541019439697266, 1.5476391315460205, 1.5398410558700562, 1.5305860042572021, 1.5285459756851196, 1.5332262516021729, 1.526967167854309, 1.5158491134643555, 1.5180202722549438, 1.512764811515808, 1.5049244165420532, 1.5085731744766235, 1.4922230243682861, 1.4940801858901978, 1.4874516725540161, 1.4830975532531738, 1.4826678037643433, 1.4791834354400635, 1.4760805368423462, 1.473252296447754, 1.4611872434616089, 1.4632940292358398, 1.466733694076538, 1.4565011262893677, 1.4511710405349731, 1.44204843044281, 1.443838357925415, 1.4306511878967285, 1.4332541227340698, 1.4269752502441406, 1.4193381071090698, 1.416327714920044, 1.414825677871704, 1.4092899560928345, 1.4057285785675049, 1.4021446704864502, 1.393846035003662, 1.3841599225997925, 1.3818506002426147, 1.386672854423523, 1.3763483762741089, 1.3672170639038086, 1.366417646408081, 1.3554205894470215, 1.3545571565628052, 1.3436084985733032, 1.3467532396316528, 1.3391432762145996, 1.333156943321228, 1.3326725959777832, 1.3206181526184082, 1.3148751258850098, 1.3085676431655884, 1.3051161766052246, 1.3037374019622803, 1.2929747104644775, 1.2877440452575684, 1.281976580619812, 1.277188777923584, 1.2732666730880737, 1.261657476425171, 1.2627899646759033, 1.2635995149612427, 1.2579783201217651, 1.2467453479766846, 1.2327214479446411, 1.2342723608016968, 1.229043960571289, 1.2291674613952637, 1.2211573123931885, 1.2153130769729614, 1.2089768648147583, 1.2046213150024414, 1.1965851783752441, 1.1984548568725586, 1.1881275177001953, 1.1834352016448975, 1.1711629629135132, 1.175771951675415, 1.1636137962341309, 1.1640018224716187, 1.155404806137085, 1.1527695655822754, 1.1539164781570435, 1.1451797485351562, 1.1416174173355103, 1.1399694681167603, 1.1321415901184082],