{"n_parameters": 169857, "training_time": 2158.1547889709473, "loss": [5.783600807189941, 5.681251525878906, 5.588024616241455, 5.49472713470459, 5.407896518707275, 5.312142372131348, 5.2134833335876465, 5.107101917266846, 4.98988676071167, 4.859907150268555, 4.721616268157959, 4.581790447235107, 4.435492515563965, 4.273606777191162, 4.118284702301025, 3.9529786109924316, 3.7913291454315186, 3.611346960067749, 3.447927951812744, 3.2769618034362793, 3.1430723667144775, 3.0159361362457275, 2.900641441345215, 2.8120334148406982, 2.7254161834716797, 2.643110752105713, 2.582332134246826, 2.53194522857666, 2.479163646697998, 2.432137966156006, 2.3930232524871826, 2.3498570919036865, 2.3192367553710938, 2.2730720043182373, 2.2456343173980713, 2.212446451187134], "rmse": [2.3877110481262207, 2.3674309253692627, 2.3472492694854736, 2.328469753265381, 2.309779644012451, 2.2902920246124268, 2.2691781520843506, 2.2460427284240723, 2.2202646732330322, 2.1905517578125, 2.159541130065918, 2.1275269985198975, 2.09309983253479, 2.0539841651916504, 2.0152595043182373, 1.9749011993408203, 1.932942509651184, 1.8858205080032349, 1.8420687913894653, 1.7941722869873047, 1.7564243078231812, 1.7198271751403809, 1.686173439025879, 1.6601319313049316, 1.6333134174346924, 1.6085257530212402, 1.5900020599365234, 1.574156403541565, 1.557780146598816, 1.5430208444595337, 1.5303242206573486, 1.5148648023605347, 1.5065276622772217, 1.489798903465271, 1.4811341762542725, 1.4699230194091797], "val_loss": [5.8650221824646, 5.738583564758301, 5.629700660705566, 5.525848865509033, 5.424214839935303, 5.3145551681518555, 5.189915180206299, 5.065488338470459, 4.915625095367432, 4.788978099822998, 4.657304763793945, 4.517978191375732, 4.401074409484863, 4.23294734954834, 4.093120574951172, 3.9616005420684814, 3.7740747928619385, 3.6644303798675537, 3.498582124710083, 3.384643077850342, 3.3066134452819824, 3.2271783351898193, 3.1708157062530518, 3.166471242904663, 3.1192140579223633, 3.109668016433716, 3.0489466190338135, 3.0497000217437744, 3.0710535049438477, 3.0889689922332764, 3.023969888687134, 3.0827903747558594, 3.086329936981201, 3.0820963382720947, 3.0973927974700928, 3.1493313312530518], "val_rmse": [2.4041528701782227, 2.3784995079040527, 2.3562347888946533, 2.334744930267334, 2.313450574874878, 2.2902045249938965, 2.2634377479553223, 2.2362241744995117, 2.203078508377075, 2.1745033264160156, 2.1443421840667725, 2.1119043827056885, 2.0841732025146484, 2.0437300205230713, 2.009267807006836, 1.976191759109497, 1.928277611732483, 1.8995219469070435, 1.8555433750152588, 1.824623703956604, 1.8033007383346558, 1.781430959701538, 1.7659962177276611, 1.7649829387664795, 1.752135992050171, 1.7498869895935059, 1.7329038381576538, 1.7336513996124268, 1.7402106523513794, 1.7456389665603638, 1.7272591590881348, 1.744193434715271, 1.7453231811523438, 1.7443146705627441, 1.748700737953186, 1.7635947465896606]}