{"n_parameters": 256801, "training_time": 6390.577964067459, "loss": [6.3410210609436035, 5.941361427307129, 5.790544033050537, 5.695458889007568, 5.633620738983154, 5.58257532119751, 5.53875207901001, 5.499628067016602, 5.4556708335876465, 5.420742988586426, 5.388111114501953, 5.344792366027832, 5.316524505615234, 5.268401145935059, 5.231067180633545, 5.190418243408203, 5.162632465362549, 5.096888065338135, 5.0605878829956055, 5.035475730895996, 4.972092628479004, 4.926489353179932, 4.896187782287598, 4.841643333435059, 4.806384086608887, 4.743448257446289, 4.690624713897705, 4.635952472686768, 4.590691566467285, 4.543328285217285, 4.487380027770996, 4.431122303009033, 4.374851226806641, 4.326441764831543, 4.251449108123779, 4.194770812988281, 4.144558906555176, 4.068578720092773, 4.033499240875244, 3.964226245880127, 3.9062061309814453, 3.843684673309326, 3.786935329437256, 3.755783796310425, 3.6861891746520996, 3.6643168926239014, 3.6057729721069336, 3.543660879135132, 3.507640838623047, 3.4475910663604736, 3.4035446643829346, 3.3560914993286133, 3.3213062286376953, 3.2704222202301025, 3.237706422805786, 3.1960678100585938, 3.15737247467041, 3.123993396759033, 3.083970308303833, 3.052717447280884, 3.017193555831909, 2.9981675148010254, 2.959214210510254, 2.9275057315826416, 2.883258819580078, 2.8630759716033936, 2.829784631729126, 2.79543137550354, 2.7765982151031494, 2.738201379776001, 2.7120521068573, 2.6863670349121094, 2.669506788253784, 2.6386098861694336, 2.615320920944214, 2.608945608139038, 2.568406820297241, 2.554732322692871, 2.5303988456726074, 2.5100176334381104, 2.485957384109497, 2.465789794921875], "rmse": [2.499222755432129, 2.420198678970337, 2.3891942501068115, 2.370084762573242, 2.357604742050171, 2.346698760986328, 2.3375914096832275, 2.3308300971984863, 2.3209292888641357, 2.313035249710083, 2.306060552597046, 2.2962450981140137, 2.291551351547241, 2.2801334857940674, 2.2725470066070557, 2.2635223865509033, 2.2584116458892822, 2.2437050342559814, 2.234647035598755, 2.2296266555786133, 2.2151148319244385, 2.2056756019592285, 2.19773268699646, 2.186373710632324, 2.177823305130005, 2.1631343364715576, 2.150178909301758, 2.1381633281707764, 2.1273856163024902, 2.1153411865234375, 2.102583169937134, 2.088552474975586, 2.075899362564087, 2.0631721019744873, 2.045602798461914, 2.0313560962677, 2.0188446044921875, 2.0004284381866455, 1.990347981452942, 1.9735887050628662, 1.9584312438964844, 1.9426506757736206, 1.9283525943756104, 1.9182744026184082, 1.9004242420196533, 1.895233154296875, 1.8783725500106812, 1.8639329671859741, 1.8529205322265625, 1.836746096611023, 1.8250800371170044, 1.81221342086792, 1.802112340927124, 1.7889819145202637, 1.7802623510360718, 1.7675186395645142, 1.7576422691345215, 1.7467482089996338, 1.7359107732772827, 1.72683584690094, 1.716654658317566, 1.7110605239868164, 1.7003254890441895, 1.6907622814178467, 1.6782090663909912, 1.6724209785461426, 1.662103533744812, 1.6509796380996704, 1.6466724872589111, 1.6343806982040405, 1.6276651620864868, 1.6191328763961792, 1.6140509843826294, 1.6052271127700806, 1.5981642007827759, 1.5969092845916748, 1.583951711654663, 1.5796666145324707, 1.5724716186523438, 1.5652321577072144, 1.5587865114212036, 1.5518957376480103], "val_loss": [5.909015655517578, 5.792343616485596, 5.695955276489258, 5.631047248840332, 5.589103698730469, 5.5243048667907715, 5.468473434448242, 5.405605316162109, 5.356820106506348, 5.330295562744141, 5.279705047607422, 5.204605579376221, 5.110610008239746, 5.036915302276611, 4.998825550079346, 4.951566696166992, 4.901708126068115, 4.858656883239746, 4.813840389251709, 4.769894599914551, 4.717599391937256, 4.675197124481201, 4.607433319091797, 4.5666046142578125, 4.494082927703857, 4.430035591125488, 4.372065544128418, 4.2936530113220215, 4.223073482513428, 4.1822285652160645, 4.1201701164245605, 4.056818008422852, 3.976693868637085, 3.890737295150757, 3.840653419494629, 3.748199701309204, 3.6436872482299805, 3.575148582458496, 3.4943721294403076, 3.4301741123199463, 3.356518268585205, 3.285348892211914, 3.210402011871338, 3.187026023864746, 3.1222171783447266, 3.0810346603393555, 3.0418076515197754, 3.021183967590332, 2.9439146518707275, 2.9175057411193848, 2.873871088027954, 2.8403713703155518, 2.794883966445923, 2.7608063220977783, 2.793513298034668, 2.7681140899658203, 2.7517714500427246, 2.750389337539673, 2.7375080585479736, 2.767129898071289, 2.7292747497558594, 2.695028781890869, 2.7104878425598145, 2.6736109256744385, 2.682325601577759, 2.646055221557617, 2.6524178981781006, 2.6663894653320312, 2.608989953994751, 2.7309837341308594, 2.6975793838500977, 2.6098034381866455, 2.6741302013397217, 2.589209794998169, 2.6188013553619385, 2.6113905906677246, 2.56020188331604, 2.5662381649017334, 2.5794878005981445, 2.6539478302001953, 2.5919086933135986, 2.568885326385498], "val_rmse": [2.414302110671997, 2.390906810760498, 2.371115207672119, 2.3578295707702637, 2.3494136333465576, 2.335822820663452, 2.3241512775421143, 2.310708522796631, 2.3003084659576416, 2.295020580291748, 2.2839624881744385, 2.2675294876098633, 2.2469115257263184, 2.2302968502044678, 2.2218778133392334, 2.211254358291626, 2.2002463340759277, 2.1904993057250977, 2.180173873901367, 2.1701102256774902, 2.1580986976623535, 2.1482274532318115, 2.132680892944336, 2.122844934463501, 2.1058759689331055, 2.090670108795166, 2.0766565799713135, 2.0576589107513428, 2.040517568588257, 2.030071973800659, 2.014681100845337, 1.9985945224761963, 1.9784046411514282, 1.9564967155456543, 1.94329035282135, 1.9191452264785767, 1.8916376829147339, 1.8732105493545532, 1.8514580726623535, 1.8338146209716797, 1.8134706020355225, 1.7937140464782715, 1.7725646495819092, 1.7659505605697632, 1.7473640441894531, 1.7356436252593994, 1.724287509918213, 1.7184687852859497, 1.6960809230804443, 1.6882983446121216, 1.675529956817627, 1.6654317378997803, 1.651794195175171, 1.6414830684661865, 1.6513999700546265, 1.6437323093414307, 1.638770341873169, 1.6386066675186157, 1.6347293853759766, 1.644079566001892, 1.632608413696289, 1.6220982074737549, 1.6270464658737183, 1.6156435012817383, 1.6186906099319458, 1.6075642108917236, 1.6098136901855469, 1.6144238710403442, 1.5965760946273804, 1.6350164413452148, 1.6247483491897583, 1.597630262374878, 1.6181676387786865, 1.5916768312454224, 1.6013251543045044, 1.5992836952209473, 1.5834299325942993, 1.5855634212493896, 1.5900014638900757, 1.6135896444320679, 1.5943994522094727, 1.5871756076812744]}