{"n_parameters": 178977, "training_time": 15802.45160484314, "loss": [5.845443248748779, 5.701082229614258, 5.573551654815674, 5.457542419433594, 5.347817420959473, 5.2484235763549805, 5.156091690063477, 5.054089069366455, 4.938218116760254, 4.84056282043457, 4.739862442016602, 4.6053466796875, 4.484394550323486, 4.334707736968994, 4.173175811767578, 4.010810852050781, 3.848400831222534, 3.6903574466705322, 3.5272610187530518, 3.376171588897705, 3.2375004291534424, 3.1031532287597656, 2.9988903999328613, 2.9034736156463623, 2.8259973526000977, 2.7594895362854004, 2.694786548614502, 2.646432638168335, 2.5907113552093506, 2.5538008213043213, 2.505157709121704, 2.4687340259552, 2.4359524250030518, 2.402207374572754, 2.3727574348449707, 2.345750331878662, 2.324517250061035, 2.300471544265747, 2.2763142585754395, 2.2520341873168945, 2.233651876449585, 2.2144315242767334, 2.1976287364959717, 2.170358896255493, 2.1514790058135986, 2.136308193206787, 2.113938808441162, 2.1043262481689453, 2.0793328285217285, 2.068566083908081, 2.050196886062622, 2.04013991355896, 2.0229744911193848, 2.00858736038208, 1.994462013244629, 1.972617745399475, 1.9704629182815552, 1.9472235441207886, 1.9388660192489624, 1.9281667470932007, 1.919524073600769, 1.8998016119003296, 1.8963772058486938, 1.893269419670105, 1.874226689338684, 1.8657435178756714, 1.8586534261703491, 1.8547320365905762, 1.8319389820098877, 1.8378400802612305, 1.8212084770202637, 1.8172584772109985, 1.80769681930542, 1.809733510017395, 1.8006466627120972, 1.7932137250900269, 1.7919539213180542, 1.7807207107543945, 1.7754524946212769, 1.7747859954833984, 1.7650139331817627, 1.7594648599624634, 1.7548469305038452, 1.7523484230041504, 1.740241527557373, 1.740928292274475, 1.7385488748550415, 1.7287341356277466, 1.728390097618103, 1.7228261232376099, 1.723020315170288, 1.7176811695098877, 1.712192416191101, 1.707623839378357, 1.7024775743484497, 1.7056394815444946, 1.6926378011703491, 1.693605661392212, 1.6894991397857666, 1.683825135231018, 1.6773362159729004, 1.6751704216003418, 1.6767033338546753, 1.6681348085403442, 1.665487289428711, 1.66346275806427, 1.6625028848648071, 1.655228853225708, 1.6442689895629883, 1.6358121633529663, 1.64041006565094, 1.637984275817871, 1.62759530544281, 1.6322622299194336, 1.6275041103363037, 1.6151970624923706, 1.6150634288787842, 1.6093108654022217, 1.6099135875701904, 1.6032142639160156, 1.5954400300979614, 1.5912559032440186, 1.5866777896881104, 1.5779001712799072, 1.5726675987243652, 1.5766621828079224, 1.5720059871673584, 1.5560892820358276, 1.5590060949325562, 1.5489495992660522, 1.5533604621887207, 1.542826533317566, 1.5392192602157593, 1.535856008529663, 1.5304343700408936, 1.5251399278640747, 1.5237231254577637, 1.5182976722717285, 1.5129812955856323, 1.5050350427627563, 1.4987859725952148, 1.49924898147583, 1.4810683727264404, 1.4874194860458374, 1.4803268909454346, 1.4725199937820435, 1.466313123703003, 1.4576926231384277, 1.450459361076355, 1.4532496929168701, 1.4371364116668701, 1.4300507307052612, 1.4285863637924194, 1.4198356866836548, 1.4196001291275024, 1.4108085632324219, 1.4104822874069214, 1.3974063396453857, 1.390732765197754, 1.3902993202209473, 1.3806464672088623, 1.3720871210098267, 1.366716742515564, 1.367611289024353, 1.3575425148010254, 1.354383111000061, 1.3519009351730347, 1.3413782119750977, 1.3374419212341309, 1.3299285173416138, 1.3237838745117188, 1.3167717456817627, 1.3107982873916626, 1.3033841848373413, 1.2967190742492676, 1.292916178703308, 1.290871500968933, 1.2809005975723267, 1.2789217233657837, 1.2709287405014038, 1.2683411836624146, 1.2614469528198242, 1.2564464807510376, 1.2562716007232666, 1.248440146446228, 1.2378969192504883, 1.2369011640548706, 1.2311146259307861, 1.2264946699142456, 1.2199838161468506, 1.2207694053649902, 1.2076218128204346, 1.201104760169983, 1.2014992237091064, 1.1921640634536743, 1.1898601055145264, 1.187254548072815, 1.1786175966262817, 1.1783877611160278, 1.1741667985916138, 1.1656701564788818, 1.1599491834640503, 1.1564626693725586, 1.146973729133606, 1.1460316181182861, 1.1437386274337769, 1.1344884634017944, 1.1401208639144897, 1.1256390810012817, 1.1248836517333984, 1.1228742599487305, 1.1110368967056274, 1.1127989292144775, 1.109948754310608, 1.0931497812271118, 1.0994436740875244, 1.0943539142608643, 1.087730050086975, 1.0900373458862305, 1.0803333520889282, 1.0787379741668701, 1.0780519247055054, 1.0788458585739136, 1.0695017576217651, 1.0726609230041504, 1.0648887157440186, 1.0645204782485962, 1.0610246658325195, 1.054907202720642, 1.0543975830078125, 1.0491093397140503, 1.0492465496063232, 1.0435373783111572, 1.0413285493850708, 1.0374796390533447, 1.0397510528564453, 1.0357507467269897, 1.0306692123413086, 1.0354565382003784],