{"n_parameters": 77569, "training_time": 2096.874116897583, "loss": [5.879763126373291, 5.689263820648193, 5.569175720214844, 5.477639675140381, 5.400550842285156, 5.336209774017334, 5.266141891479492, 5.214970588684082, 5.150667667388916, 5.089405536651611, 5.027463912963867, 4.963545322418213, 4.920199871063232, 4.8477253913879395, 4.786529064178467, 4.726105213165283, 4.661463737487793, 4.5875630378723145, 4.544713020324707, 4.468369007110596, 4.413506031036377, 4.330578804016113, 4.260675430297852, 4.195231914520264, 4.131584167480469, 4.0761566162109375, 3.988280773162842, 3.933079242706299, 3.8682098388671875, 3.813275098800659, 3.7341768741607666, 3.6873037815093994, 3.641284227371216, 3.5655605792999268, 3.535290241241455, 3.4882566928863525, 3.444122791290283, 3.4073147773742676, 3.357860803604126, 3.3199119567871094, 3.2806944847106934, 3.2422878742218018, 3.238445520401001, 3.185061454772949, 3.153986930847168, 3.1280713081359863, 3.1095919609069824, 3.0879757404327393], "rmse": [2.4080545902252197, 2.368196725845337, 2.3425424098968506, 2.3238086700439453, 2.3080995082855225, 2.294184684753418, 2.280076026916504, 2.268392324447632, 2.255173444747925, 2.2406721115112305, 2.2277369499206543, 2.214176893234253, 2.204017400741577, 2.1876909732818604, 2.173788070678711, 2.1597816944122314, 2.1450164318084717, 2.1279959678649902, 2.1177804470062256, 2.099696159362793, 2.0863609313964844, 2.066406488418579, 2.049224376678467, 2.032989263534546, 2.0175321102142334, 2.0037193298339844, 1.9813241958618164, 1.9679038524627686, 1.9516041278839111, 1.936742901802063, 1.9168956279754639, 1.9045900106430054, 1.8927284479141235, 1.872936487197876, 1.8640142679214478, 1.852024793624878, 1.8397784233093262, 1.8300871849060059, 1.8166892528533936, 1.806008219718933, 1.7950280904769897, 1.7847152948379517, 1.783983826637268, 1.769304633140564, 1.758924126625061, 1.7525207996368408, 1.7479768991470337, 1.7411539554595947], "val_loss": [5.666222095489502, 5.50593376159668, 5.352640628814697, 5.233614921569824, 5.127951622009277, 5.040245056152344, 4.962474346160889, 4.885241985321045, 4.819495677947998, 4.749134063720703, 4.696433067321777, 4.633735179901123, 4.565655708312988, 4.493704795837402, 4.430917739868164, 4.3565287590026855, 4.274228096008301, 4.217983722686768, 4.140580654144287, 4.060111999511719, 3.9951400756835938, 3.9342477321624756, 3.878603458404541, 3.7984390258789062, 3.7393200397491455, 3.645414113998413, 3.615474224090576, 3.554565191268921, 3.491427183151245, 3.439282178878784, 3.3736112117767334, 3.3263096809387207, 3.277862787246704, 3.253253936767578, 3.2106616497039795, 3.2037909030914307, 3.1689512729644775, 3.1834094524383545, 3.1351006031036377, 3.130195379257202, 3.1327104568481445, 3.1505703926086426, 3.112452983856201, 3.1297874450683594, 3.1511967182159424, 3.152167797088623, 3.1191816329956055, 3.130115032196045], "val_rmse": [2.363767147064209, 2.3307044506073, 2.2984914779663086, 2.273015260696411, 2.2502336502075195, 2.231001615524292, 2.2137184143066406, 2.1964664459228516, 2.1815810203552246, 2.1655945777893066, 2.1533541679382324, 2.1388227939605713, 2.1229233741760254, 2.1059577465057373, 2.090951919555664, 2.0730769634246826, 2.0532073974609375, 2.039238929748535, 2.0201845169067383, 2.0002124309539795, 1.9838218688964844, 1.968238353729248, 1.9539449214935303, 1.9333940744400024, 1.9178779125213623, 1.8934229612350464, 1.885382890701294, 1.8690578937530518, 1.852245807647705, 1.8384464979171753, 1.820623755455017, 1.8080286979675293, 1.7948702573776245, 1.7882810831069946, 1.7766246795654297, 1.7749570608139038, 1.7653216123580933, 1.7698023319244385, 1.7563234567642212, 1.7551103830337524, 1.756066083908081, 1.761361002922058, 1.7507649660110474, 1.755979299545288, 1.7622555494308472, 1.7626768350601196, 1.753340482711792, 1.756743311882019]}