{"n_parameters": 63073, "training_time": 3852.1558933258057, "loss": [6.5474019050598145, 5.9365668296813965, 5.865151405334473, 5.816567897796631, 5.772881984710693, 5.736595630645752, 5.70070219039917, 5.665828227996826, 5.631477355957031, 5.601578712463379, 5.561425685882568, 5.511999607086182, 5.478218078613281, 5.435947418212891, 5.390386581420898, 5.348048686981201, 5.297384738922119, 5.252493381500244, 5.202240943908691, 5.156895637512207, 5.0972113609313965, 5.048624038696289, 4.999053955078125, 4.9551262855529785, 4.897224426269531, 4.849175930023193, 4.799567699432373, 4.748116493225098, 4.686095714569092, 4.615154266357422, 4.567953586578369, 4.501823902130127, 4.445125102996826, 4.389784336090088, 4.326178550720215, 4.261312007904053, 4.207217216491699, 4.1315388679504395, 4.073214054107666, 4.011985778808594, 3.941573143005371, 3.8743085861206055, 3.8072257041931152, 3.741487503051758, 3.6726505756378174, 3.60640287399292, 3.5332489013671875, 3.4735255241394043, 3.4167003631591797, 3.344928741455078, 3.2867493629455566, 3.2168080806732178, 3.177962303161621, 3.1187586784362793, 3.0746710300445557, 3.027935266494751, 2.9682538509368896, 2.9337852001190186, 2.8997867107391357, 2.849928617477417, 2.8250527381896973, 2.7803471088409424, 2.7535898685455322, 2.7368266582489014, 2.7073891162872314, 2.681271553039551, 2.650132894515991, 2.627751588821411, 2.615615129470825, 2.5869216918945312, 2.5687901973724365, 2.549874782562256, 2.5296552181243896, 2.5140304565429688, 2.508742570877075, 2.4784233570098877, 2.4647347927093506, 2.452221632003784, 2.4316165447235107, 2.422650098800659, 2.411029815673828, 2.3958754539489746, 2.380897283554077], "rmse": [2.542004346847534, 2.4189138412475586, 2.4035890102386475, 2.393465757369995, 2.3853185176849365, 2.3773305416107178, 2.3701565265655518, 2.3636183738708496, 2.3559494018554688, 2.350438117980957, 2.341665267944336, 2.331615924835205, 2.324197292327881, 2.3152198791503906, 2.306175470352173, 2.2967655658721924, 2.28678560256958, 2.2763829231262207, 2.2654147148132324, 2.2562098503112793, 2.242811918258667, 2.233076810836792, 2.2215850353240967, 2.2111599445343018, 2.1987264156341553, 2.1875529289245605, 2.176408529281616, 2.164384126663208, 2.1501705646514893, 2.134237051010132, 2.12253999710083, 2.1072890758514404, 2.0940632820129395, 2.0813398361206055, 2.066439390182495, 2.050408363342285, 2.0363919734954834, 2.018059492111206, 2.0035440921783447, 1.988180160522461, 1.9712331295013428, 1.9537622928619385, 1.9366523027420044, 1.9194737672805786, 1.9019588232040405, 1.8837851285934448, 1.8640952110290527, 1.847704529762268, 1.8329589366912842, 1.8123284578323364, 1.7973477840423584, 1.7773282527923584, 1.7659276723861694, 1.749595284461975, 1.7361687421798706, 1.7230286598205566, 1.7049386501312256, 1.6946719884872437, 1.6847676038742065, 1.6710237264633179, 1.6617473363876343, 1.649351954460144, 1.6415700912475586, 1.6359808444976807, 1.6264787912368774, 1.6187533140182495, 1.609238624572754, 1.6018556356430054, 1.5979586839675903, 1.589013934135437, 1.5834672451019287, 1.5770405530929565, 1.569778323173523, 1.5658307075500488, 1.5643380880355835, 1.554031252861023, 1.5503054857254028, 1.5464447736740112, 1.5381802320480347, 1.5360982418060303, 1.5319623947143555, 1.528199553489685, 1.5234942436218262], "val_loss": [6.10825252532959, 5.995594024658203, 5.9473490715026855, 5.904268741607666, 5.867077350616455, 5.815635681152344, 5.76147985458374, 5.713133811950684, 5.65646505355835, 5.599673748016357, 5.547027587890625, 5.496715545654297, 5.438285827636719, 5.379997730255127, 5.324382781982422, 5.267869472503662, 5.2129645347595215, 5.165339946746826, 5.100122928619385, 5.037464141845703, 4.969588279724121, 4.911509990692139, 4.851358890533447, 4.790406703948975, 4.726480960845947, 4.680605411529541, 4.6128315925598145, 4.531090259552002, 4.435839653015137, 4.351190567016602, 4.306820392608643, 4.220553398132324, 4.15416955947876, 4.073659896850586, 3.99130916595459, 3.912198543548584, 3.840991973876953, 3.7553834915161133, 3.671823263168335, 3.595139741897583, 3.522357225418091, 3.4508109092712402, 3.3784265518188477, 3.29612135887146, 3.227470874786377, 3.152679920196533, 3.0841503143310547, 3.0302536487579346, 2.986703634262085, 2.9219701290130615, 2.8861961364746094, 2.843285322189331, 2.791659116744995, 2.766730785369873, 2.7195773124694824, 2.687082052230835, 2.672729253768921, 2.645059108734131, 2.622328996658325, 2.603039503097534, 2.5712778568267822, 2.5518510341644287, 2.5551223754882812, 2.5391898155212402, 2.551966667175293, 2.496417999267578, 2.507216453552246, 2.514554262161255, 2.5430335998535156, 2.4942057132720947, 2.492558240890503, 2.5006563663482666, 2.484802484512329, 2.471177101135254, 2.4625189304351807, 2.500878095626831, 2.468649387359619, 2.4552533626556396, 2.480458974838257, 2.4693713188171387, 2.472533702850342, 2.460508108139038, 2.4706954956054688], "val_rmse": [2.454193353652954, 2.4305500984191895, 2.4208998680114746, 2.4122350215911865, 2.404728412628174, 2.394345998764038, 2.383359432220459, 2.3734824657440186, 2.361816167831421, 2.3497958183288574, 2.3389644622802734, 2.328554630279541, 2.316133737564087, 2.303694009780884, 2.291762590408325, 2.2797279357910156, 2.267899513244629, 2.2574470043182373, 2.2432546615600586, 2.2295432090759277, 2.2146294116973877, 2.2016708850860596, 2.1881823539733887, 2.1745002269744873, 2.1600708961486816, 2.1494672298431396, 2.134051561355591, 2.114919424057007, 2.092341661453247, 2.072293996810913, 2.0613439083099365, 2.040663003921509, 2.024336576461792, 2.0045535564422607, 1.9841132164001465, 1.9641401767730713, 1.9458714723587036, 1.923924207687378, 1.9022490978240967, 1.8820602893829346, 1.8626232147216797, 1.843264102935791, 1.8235249519348145, 1.8009557723999023, 1.7816451787948608, 1.7606298923492432, 1.7411097288131714, 1.7253611087799072, 1.712478518486023, 1.6934620141983032, 1.6826263666152954, 1.6697217226028442, 1.654122233390808, 1.6463536024093628, 1.631922721862793, 1.6218794584274292, 1.6172620058059692, 1.60863196849823, 1.6015963554382324, 1.5955334901809692, 1.585607886314392, 1.579468846321106, 1.5805330276489258, 1.5754207372665405, 1.5795350074768066, 1.561809778213501, 1.5653042793273926, 1.5676705837249756, 1.576836109161377, 1.5612508058547974, 1.5607576370239258, 1.5634653568267822, 1.558349847793579, 1.5540120601654053, 1.5511603355407715, 1.5636870861053467, 1.5533602237701416, 1.5489892959594727, 1.5572586059570312, 1.553783655166626, 1.5548837184906006, 1.5510609149932861, 1.5544726848602295]}