{"n_parameters": 236753, "training_time": 5539.925936937332, "loss": [5.716576099395752, 5.457223892211914, 5.22670316696167, 5.032319068908691, 4.852333068847656, 4.694209098815918, 4.53394079208374, 4.368683338165283, 4.197201251983643, 4.0295538902282715, 3.834275722503662, 3.6482503414154053, 3.4766550064086914, 3.3069097995758057, 3.174292802810669, 3.051919460296631, 2.942031145095825, 2.8614518642425537, 2.7700393199920654, 2.6972463130950928, 2.6192824840545654, 2.5652763843536377, 2.497636318206787, 2.4480152130126953, 2.3968329429626465, 2.34751033782959, 2.3040027618408203, 2.259956121444702, 2.214818000793457, 2.175647735595703, 2.1444904804229736, 2.122098207473755, 2.0937695503234863, 2.0638504028320312, 2.032313108444214, 2.011470079421997, 1.9985384941101074, 1.9725362062454224, 1.9570167064666748, 1.9395201206207275, 1.9258472919464111, 1.9100422859191895, 1.8937965631484985, 1.8840398788452148, 1.8632968664169312, 1.8642215728759766, 1.849353313446045, 1.8407478332519531, 1.8372739553451538, 1.8319110870361328, 1.8215343952178955, 1.8114947080612183, 1.8117024898529053, 1.7969218492507935, 1.796517014503479, 1.7860095500946045, 1.7846465110778809, 1.776923656463623, 1.7692376375198364, 1.7673434019088745, 1.7584812641143799, 1.761817216873169, 1.7521616220474243, 1.7469401359558105, 1.7421008348464966, 1.7404576539993286, 1.7393614053726196, 1.7318627834320068, 1.7288471460342407, 1.7277015447616577, 1.7184861898422241, 1.71998131275177, 1.7123545408248901, 1.7124035358428955, 1.7075482606887817, 1.7061339616775513, 1.700543999671936, 1.6975951194763184], "rmse": [2.3732986450195312, 2.320164680480957, 2.2713675498962402, 2.2296018600463867, 2.189197301864624, 2.153918743133545, 2.1160876750946045, 2.077209949493408, 2.0353331565856934, 1.9935461282730103, 1.9436285495758057, 1.8949389457702637, 1.8495064973831177, 1.802091360092163, 1.7649940252304077, 1.7305707931518555, 1.6980938911437988, 1.6742907762527466, 1.6471699476242065, 1.624853253364563, 1.6011277437210083, 1.5847222805023193, 1.5643525123596191, 1.5479778051376343, 1.5313910245895386, 1.5155730247497559, 1.501772165298462, 1.4868695735931396, 1.4724472761154175, 1.4583404064178467, 1.4481713771820068, 1.4400297403335571, 1.4301444292068481, 1.421346664428711, 1.410264015197754, 1.4036370515823364, 1.3977868556976318, 1.38982355594635, 1.38287353515625, 1.3777151107788086, 1.3726750612258911, 1.3674744367599487, 1.3608307838439941, 1.357696294784546, 1.3494654893875122, 1.350773811340332, 1.345418930053711, 1.3410266637802124, 1.3406929969787598, 1.3383967876434326, 1.334701657295227, 1.3311989307403564, 1.3308708667755127, 1.3252718448638916, 1.3250600099563599, 1.321088433265686, 1.3206779956817627, 1.3177573680877686, 1.3153897523880005, 1.3141391277313232, 1.3113367557525635, 1.312573790550232, 1.3088687658309937, 1.3064571619033813, 1.3047881126403809, 1.3034790754318237, 1.3044381141662598, 1.300347924232483, 1.2992790937423706, 1.2986773252487183, 1.2951751947402954, 1.2963333129882812, 1.2935078144073486, 1.292720913887024, 1.2901833057403564, 1.29108726978302, 1.2888991832733154, 1.287292718887329], "val_loss": [5.614797115325928, 5.347172737121582, 5.087035179138184, 4.844496726989746, 4.6447367668151855, 4.465458393096924, 4.273296356201172, 4.079277038574219, 3.8780550956726074, 3.685882806777954, 3.4574997425079346, 3.2615277767181396, 3.080148458480835, 2.942568302154541, 2.7959351539611816, 2.7151687145233154, 2.61789870262146, 2.550772190093994, 2.4907617568969727, 2.4341773986816406, 2.3470427989959717, 2.3054587841033936, 2.240593433380127, 2.212629556655884, 2.162731170654297, 2.12399959564209, 2.084486722946167, 2.0235142707824707, 2.002082109451294, 1.972281813621521, 1.9597253799438477, 1.9323546886444092, 1.9071216583251953, 1.866393804550171, 1.8529958724975586, 1.8407374620437622, 1.8205311298370361, 1.814497709274292, 1.788460612297058, 1.7683148384094238, 1.761824131011963, 1.7532795667648315, 1.7467613220214844, 1.7328017950057983, 1.7373466491699219, 1.7161656618118286, 1.7219654321670532, 1.7182025909423828, 1.7155790328979492, 1.7152116298675537, 1.7048397064208984, 1.7097431421279907, 1.6881686449050903, 1.693608283996582, 1.6749215126037598, 1.682538390159607, 1.6790821552276611, 1.6700968742370605, 1.6650086641311646, 1.6656131744384766, 1.6677401065826416, 1.663041591644287, 1.660021424293518, 1.6510663032531738, 1.6606872081756592, 1.6437031030654907, 1.6464086771011353, 1.6549649238586426, 1.642721176147461, 1.642216444015503, 1.6364446878433228, 1.6388700008392334, 1.6237270832061768, 1.6304417848587036, 1.6285008192062378, 1.6284464597702026, 1.6263577938079834, 1.6294493675231934], "val_rmse": [2.3542747497558594, 2.2984516620635986, 2.242611885070801, 2.188692808151245, 2.143141269683838, 2.1012871265411377, 2.055180549621582, 2.007427453994751, 1.9565635919570923, 1.9068139791488647, 1.8456618785858154, 1.791617512702942, 1.740070104598999, 1.6999573707580566, 1.6561949253082275, 1.6318588256835938, 1.6019142866134644, 1.5811346769332886, 1.5624125003814697, 1.5446012020111084, 1.5162800550460815, 1.502946376800537, 1.4813084602355957, 1.4724115133285522, 1.4556413888931274, 1.4426541328430176, 1.4291452169418335, 1.4076359272003174, 1.4003568887710571, 1.3899085521697998, 1.3857629299163818, 1.376023530960083, 1.3670151233673096, 1.3519768714904785, 1.3472135066986084, 1.3428676128387451, 1.33538019657135, 1.3332921266555786, 1.323455572128296, 1.3158036470413208, 1.3134651184082031, 1.3102498054504395, 1.3077796697616577, 1.3023319244384766, 1.304286241531372, 1.2958484888076782, 1.2983903884887695, 1.2968723773956299, 1.2959277629852295, 1.2958108186721802, 1.2916918992996216, 1.293838620185852, 1.2851285934448242, 1.2874479293823242, 1.2799063920974731, 1.283074975013733, 1.2816969156265259, 1.278075933456421, 1.2760043144226074, 1.2762962579727173, 1.2771904468536377, 1.2752819061279297, 1.2740358114242554, 1.2703115940093994, 1.274450659751892, 1.267382025718689, 1.2685868740081787, 1.2721796035766602, 1.2671067714691162, 1.2669808864593506, 1.2645817995071411, 1.2656593322753906, 1.2592036724090576, 1.2621605396270752, 1.2613332271575928, 1.2612971067428589, 1.2603540420532227, 1.2618211507797241]}