{"n_parameters": 403841, "training_time": 4824.065240621567, "loss": [5.362733840942383, 4.954190731048584, 4.716033935546875, 4.5062408447265625, 4.3284912109375, 4.148369789123535, 3.9687440395355225, 3.806421995162964, 3.656411647796631, 3.5306124687194824, 3.407120704650879, 3.2958223819732666, 3.1941077709198, 3.0931384563446045, 2.9896011352539062, 2.895751476287842, 2.818301200866699, 2.720944404602051, 2.6428258419036865, 2.5587315559387207, 2.47735857963562, 2.404313087463379, 2.339700937271118, 2.276991128921509, 2.2255897521972656, 2.1802334785461426, 2.132509708404541, 2.1067209243774414, 2.072998523712158, 2.049769639968872, 2.0371756553649902, 2.0139365196228027, 1.9993525743484497, 1.9917550086975098, 1.9777079820632935, 1.9692294597625732, 1.950994849205017, 1.9573067426681519, 1.93911874294281, 1.9312794208526611, 1.9248809814453125, 1.9247655868530273, 1.9093825817108154, 1.9084633588790894, 1.9058321714401245, 1.9048442840576172, 1.8932123184204102, 1.8870735168457031], "rmse": [2.2994651794433594, 2.211791753768921, 2.1579463481903076, 2.108574867248535, 2.0658342838287354, 2.022010087966919, 1.9769079685211182, 1.935360074043274, 1.8963204622268677, 1.862682819366455, 1.8289060592651367, 1.7988919019699097, 1.7702040672302246, 1.7405335903167725, 1.7121808528900146, 1.6844650506973267, 1.6620886325836182, 1.6326264142990112, 1.6093391180038452, 1.5847777128219604, 1.5583679676055908, 1.5359355211257935, 1.5153183937072754, 1.4946849346160889, 1.4780704975128174, 1.4627591371536255, 1.4468272924423218, 1.4373328685760498, 1.4262889623641968, 1.4190040826797485, 1.4133087396621704, 1.4053834676742554, 1.4008640050888062, 1.3973333835601807, 1.3923991918563843, 1.389989972114563, 1.3835312128067017, 1.3856008052825928, 1.3788840770721436, 1.3753618001937866, 1.3733757734298706, 1.3734124898910522, 1.3680720329284668, 1.3680669069290161, 1.3666155338287354, 1.3660563230514526, 1.3620141744613647, 1.3593307733535767], "val_loss": [5.144952297210693, 4.81565523147583, 4.551416873931885, 4.310257434844971, 4.10463285446167, 3.920891761779785, 3.728961229324341, 3.568485975265503, 3.420799732208252, 3.29105544090271, 3.1810693740844727, 3.080899953842163, 2.9645590782165527, 2.8715689182281494, 2.7788493633270264, 2.700176239013672, 2.616220235824585, 2.553359270095825, 2.4611856937408447, 2.3727686405181885, 2.3249943256378174, 2.241928815841675, 2.1831214427948, 2.113358974456787, 2.0819976329803467, 2.019385814666748, 2.0134570598602295, 1.9699201583862305, 1.960663080215454, 1.9243433475494385, 1.9378900527954102, 1.9225010871887207, 1.8900872468948364, 1.8888953924179077, 1.9152740240097046, 1.8770325183868408, 1.8781741857528687, 1.8561402559280396, 1.8909313678741455, 1.8841981887817383, 1.870098352432251, 1.864060640335083, 1.8426504135131836, 1.8592469692230225, 1.853960394859314, 1.8575282096862793, 1.8648205995559692, 1.8597750663757324], "val_rmse": [2.2540371417999268, 2.1808459758758545, 2.1199374198913574, 2.062464714050293, 2.0119576454162598, 1.9657708406448364, 1.9163671731948853, 1.8738917112350464, 1.834078073501587, 1.7984431982040405, 1.7677994966506958, 1.7394613027572632, 1.705852746963501, 1.6788897514343262, 1.6515446901321411, 1.628260850906372, 1.602964162826538, 1.5841360092163086, 1.5553832054138184, 1.5273033380508423, 1.5124675035476685, 1.4852346181869507, 1.4658143520355225, 1.442132830619812, 1.4316810369491577, 1.4097392559051514, 1.4079768657684326, 1.3923606872558594, 1.3891068696975708, 1.375839114189148, 1.380858063697815, 1.3752027750015259, 1.3632278442382812, 1.3627630472183228, 1.3725218772888184, 1.358331561088562, 1.358751654624939, 1.3504910469055176, 1.3634434938430786, 1.3610111474990845, 1.3557727336883545, 1.353521466255188, 1.3455207347869873, 1.3517307043075562, 1.3498269319534302, 1.3511048555374146, 1.3538885116577148, 1.3520312309265137]}