{"n_parameters": 560993, "training_time": 4939.803502321243, "loss": [5.74573278427124, 5.4897332191467285, 5.346777439117432, 5.23865270614624, 5.1184234619140625, 4.959975719451904, 4.780214786529541, 4.54303503036499, 4.272194862365723, 3.996968984603882, 3.765979290008545, 3.574150800704956, 3.429558515548706, 3.286433458328247, 3.175462245941162, 3.0574259757995605, 2.9849987030029297, 2.8951570987701416, 2.8394222259521484, 2.7762649059295654, 2.7121236324310303, 2.657055616378784, 2.602940797805786, 2.5671515464782715, 2.5090718269348145, 2.470832586288452, 2.4346227645874023, 2.3993871212005615, 2.362361192703247, 2.332395553588867, 2.301821708679199, 2.280841827392578, 2.247121810913086], "rmse": [2.3800668716430664, 2.328056812286377, 2.2982146739959717, 2.2752609252929688, 2.2482383251190186, 2.213338851928711, 2.1720919609069824, 2.1168642044067383, 2.0509278774261475, 1.9829471111297607, 1.9247386455535889, 1.8737685680389404, 1.8359997272491455, 1.7963236570358276, 1.765898585319519, 1.7318040132522583, 1.7122443914413452, 1.6861779689788818, 1.6697531938552856, 1.6510738134384155, 1.6314830780029297, 1.614996075630188, 1.5984002351760864, 1.586988925933838, 1.5688320398330688, 1.556543231010437, 1.5455615520477295, 1.5339738130569458, 1.5224727392196655, 1.5123800039291382, 1.501708745956421, 1.4959810972213745, 1.4847253561019897], "val_loss": [5.584918022155762, 5.345393657684326, 5.149768829345703, 5.019787311553955, 4.790596008300781, 4.505208492279053, 4.156652927398682, 3.729369640350342, 3.3363358974456787, 3.020271062850952, 2.824702739715576, 2.6265716552734375, 2.4872474670410156, 2.408221960067749, 2.3312883377075195, 2.2918522357940674, 2.210672378540039, 2.176363706588745, 2.1602120399475098, 2.094832181930542, 2.0650572776794434, 2.0495996475219727, 2.052076578140259, 2.0082530975341797, 2.023258924484253, 1.9709579944610596, 1.9631329774856567, 1.9187363386154175, 1.9636071920394897, 1.9669703245162964, 1.9641886949539185, 1.941159963607788, 2.005019426345825], "val_rmse": [2.347679853439331, 2.2981996536254883, 2.2561562061309814, 2.227419853210449, 2.1758651733398438, 2.109346866607666, 2.0245256423950195, 1.9159752130508423, 1.8100769519805908, 1.7209643125534058, 1.6637001037597656, 1.6034622192382812, 1.560073733329773, 1.535367488861084, 1.5106319189071655, 1.4978238344192505, 1.4710421562194824, 1.4599130153656006, 1.4549124240875244, 1.4326438903808594, 1.422749400138855, 1.4178051948547363, 1.419173002243042, 1.40379798412323, 1.4095635414123535, 1.3909878730773926, 1.3883230686187744, 1.3722068071365356, 1.3888256549835205, 1.3901400566101074, 1.3892583847045898, 1.380959153175354, 1.4038811922073364]}