{"n_parameters": 238049, "training_time": 11123.073225736618, "loss": [5.680371284484863, 5.605594635009766, 5.555058479309082, 5.508689880371094, 5.452516555786133, 5.398919105529785, 5.3402485847473145, 5.278477668762207, 5.21976900100708, 5.150970935821533, 5.077611923217773, 5.005754470825195, 4.922433376312256, 4.8422346115112305, 4.752374172210693, 4.6545023918151855, 4.5574164390563965, 4.457056999206543, 4.34760856628418, 4.242541790008545, 4.128554344177246, 4.013596534729004, 3.9117534160614014, 3.799884796142578, 3.6878724098205566, 3.594907522201538, 3.4901444911956787, 3.3955230712890625, 3.3042447566986084, 3.213306427001953, 3.13095760345459, 3.056770086288452, 2.974133253097534, 2.9013381004333496, 2.8303749561309814, 2.7644708156585693, 2.695589065551758, 2.6414544582366943, 2.5751149654388428, 2.5226423740386963, 2.473846197128296, 2.418225049972534, 2.366471290588379, 2.3308510780334473, 2.297708511352539, 2.2583673000335693, 2.2094264030456543, 2.184924840927124, 2.1577885150909424, 2.1221721172332764, 2.1035478115081787, 2.079493761062622, 2.051312208175659, 2.0228092670440674, 2.0097086429595947, 1.993957757949829, 1.9741261005401611, 1.9614428281784058, 1.9471487998962402, 1.9403257369995117, 1.9216125011444092, 1.9070501327514648, 1.8960480690002441, 1.8860386610031128, 1.8761050701141357, 1.863210916519165, 1.8611676692962646, 1.8466726541519165, 1.8362205028533936, 1.8213260173797607, 1.819867491722107, 1.8127245903015137, 1.8037772178649902, 1.7986199855804443, 1.7879359722137451, 1.7836718559265137, 1.7768542766571045, 1.7731409072875977, 1.7648286819458008, 1.7549843788146973, 1.7464284896850586, 1.7355369329452515, 1.7372716665267944, 1.7404626607894897, 1.7280038595199585, 1.7200233936309814, 1.7175847291946411, 1.7127054929733276, 1.7056866884231567, 1.7018299102783203, 1.6991336345672607, 1.6917989253997803, 1.6879509687423706, 1.6846059560775757, 1.676584005355835, 1.6784604787826538, 1.6761726140975952, 1.6653738021850586, 1.6698073148727417, 1.6630619764328003, 1.6609113216400146, 1.6524380445480347, 1.6564679145812988, 1.64962899684906, 1.6452730894088745, 1.6379872560501099, 1.6407487392425537, 1.6344316005706787, 1.6363778114318848, 1.6264348030090332, 1.6285301446914673, 1.6229493618011475, 1.6177704334259033, 1.617124319076538, 1.6117634773254395, 1.608235239982605, 1.6061958074569702, 1.602732539176941, 1.5994012355804443, 1.5989530086517334, 1.5945825576782227, 1.5947099924087524, 1.5863760709762573, 1.5911785364151, 1.5897722244262695, 1.585792899131775, 1.5790996551513672, 1.5773224830627441, 1.5710381269454956, 1.5725204944610596, 1.573038101196289, 1.5658777952194214, 1.5579921007156372, 1.563362717628479, 1.5606027841567993, 1.5509896278381348, 1.5495014190673828, 1.549912452697754, 1.5459755659103394, 1.5508251190185547, 1.5400550365447998, 1.541893720626831, 1.5355284214019775, 1.535739779472351, 1.5331542491912842, 1.5329707860946655, 1.5263571739196777, 1.5248122215270996], "rmse": [2.365952253341675, 2.3502984046936035, 2.339716672897339, 2.330352544784546, 2.3185815811157227, 2.3066868782043457, 2.294121265411377, 2.280113935470581, 2.2679860591888428, 2.2531192302703857, 2.237327814102173, 2.221254348754883, 2.2032694816589355, 2.1860361099243164, 2.1656570434570312, 2.1425485610961914, 2.1200449466705322, 2.097247838973999, 2.0717978477478027, 2.0462348461151123, 2.019014835357666, 1.990522861480713, 1.964758038520813, 1.9363796710968018, 1.9079248905181885, 1.8835090398788452, 1.8547580242156982, 1.8297429084777832, 1.8050272464752197, 1.780495524406433, 1.7567110061645508, 1.7354350090026855, 1.7111619710922241, 1.69014573097229, 1.6688613891601562, 1.649490475654602, 1.6289128065109253, 1.6114553213119507, 1.5914435386657715, 1.5748062133789062, 1.5600489377975464, 1.5421279668807983, 1.5257586240768433, 1.5141472816467285, 1.5025198459625244, 1.4895546436309814, 1.4733937978744507, 1.4653334617614746, 1.4561635255813599, 1.44385826587677, 1.4363077878952026, 1.42878258228302, 1.4189224243164062, 1.4095882177352905, 1.4042373895645142, 1.3990240097045898, 1.3915623426437378, 1.3877475261688232, 1.3814342021942139, 1.3787930011749268, 1.372680902481079, 1.3672679662704468, 1.364241361618042, 1.3595118522644043, 1.3562254905700684, 1.3505350351333618, 1.3498469591140747, 1.3451567888259888, 1.3407392501831055, 1.335031270980835, 1.3344497680664062, 1.3323040008544922, 1.3291102647781372, 1.3270679712295532, 1.3222655057907104, 1.3215107917785645, 1.3186626434326172, 1.317236065864563, 1.3135286569595337, 1.310710072517395, 1.3074179887771606, 1.3031573295593262, 1.303879737854004, 1.3048170804977417, 1.3004202842712402, 1.2968652248382568, 1.296338677406311, 1.2938066720962524, 1.2912007570266724, 1.2902816534042358, 1.289008617401123, 1.2861359119415283, 1.2842289209365845, 1.2829170227050781, 1.2800883054733276, 1.2809383869171143, 1.2792651653289795, 1.275451421737671, 1.2771146297454834, 1.2752692699432373, 1.2738181352615356, 1.270054578781128, 1.2721339464187622, 1.2687830924987793, 1.268219232559204, 1.264763593673706, 1.2658497095108032, 1.2632607221603394, 1.2634491920471191, 1.2608007192611694, 1.261186122894287, 1.2586437463760376, 1.2563822269439697, 1.2564319372177124, 1.2541253566741943, 1.2537896633148193, 1.252632737159729, 1.2516794204711914, 1.249201774597168, 1.248997688293457, 1.2490050792694092, 1.2477145195007324, 1.2445591688156128, 1.246577262878418, 1.2470260858535767, 1.244189977645874, 1.2417789697647095, 1.2398555278778076, 1.2389271259307861, 1.2393295764923096, 1.2383990287780762, 1.2367748022079468, 1.233040452003479, 1.2347080707550049, 1.2341428995132446, 1.2304308414459229, 1.2301640510559082, 1.22991144657135, 1.2281314134597778, 1.2307343482971191, 1.226306438446045, 1.2261724472045898, 1.2247512340545654, 1.2242858409881592, 1.222869634628296, 1.2231342792510986, 1.2205822467803955, 1.2202609777450562],