{"n_parameters": 338817, "training_time": 4731.005882978439, "loss": [6.18134069442749, 5.812665939331055, 5.751175403594971, 5.705619812011719, 5.643529891967773, 5.5812177658081055, 5.510995388031006, 5.458818435668945, 5.396045207977295, 5.352657318115234, 5.304166793823242, 5.2611403465271, 5.2213454246521, 5.183091640472412, 5.149363994598389, 5.122928142547607, 5.088132381439209, 5.056096076965332, 5.023195743560791, 4.987483978271484, 4.960413455963135, 4.927379131317139, 4.8883233070373535, 4.839524269104004, 4.795605182647705, 4.73539400100708, 4.685536861419678, 4.622157096862793, 4.538974285125732, 4.459161758422852, 4.375804424285889, 4.272792339324951, 4.161394119262695, 4.039972305297852, 3.920485019683838, 3.8090639114379883, 3.6889514923095703, 3.5857250690460205, 3.4798583984375, 3.3712291717529297, 3.289773464202881, 3.2013843059539795, 3.1234796047210693, 3.0458505153656006, 2.9863386154174805, 2.9142611026763916, 2.8576853275299072, 2.8052260875701904, 2.758932113647461], "rmse": [2.4666175842285156, 2.3928356170654297, 2.380614995956421, 2.372615098953247, 2.3587889671325684, 2.3454198837280273, 2.330972194671631, 2.3206562995910645, 2.307779550552368, 2.298940420150757, 2.2883803844451904, 2.279618263244629, 2.2711129188537598, 2.263122081756592, 2.255626916885376, 2.250216484069824, 2.2422711849212646, 2.235081911087036, 2.2276666164398193, 2.2200469970703125, 2.2133162021636963, 2.206169366836548, 2.1977834701538086, 2.18570613861084, 2.1756904125213623, 2.1625287532806396, 2.150853157043457, 2.136782646179199, 2.11639142036438, 2.097656726837158, 2.0774025917053223, 2.051500082015991, 2.0248827934265137, 1.994752049446106, 1.9634650945663452, 1.935117244720459, 1.9036080837249756, 1.8755372762680054, 1.846801996231079, 1.8179603815078735, 1.7958052158355713, 1.7707457542419434, 1.7491205930709839, 1.7266188859939575, 1.709153652191162, 1.689091444015503, 1.6712497472763062, 1.6567693948745728, 1.642318844795227], "val_loss": [5.9009270668029785, 5.849783897399902, 5.7829976081848145, 5.711733818054199, 5.646541118621826, 5.569812297821045, 5.497356414794922, 5.443487644195557, 5.377011299133301, 5.328786849975586, 5.292604923248291, 5.253781318664551, 5.25611686706543, 5.2405805587768555, 5.192919731140137, 5.168530464172363, 5.1682448387146, 5.1394782066345215, 5.118316650390625, 5.101656436920166, 5.102664947509766, 5.029578685760498, 5.019405364990234, 4.988960266113281, 4.9222612380981445, 4.901947498321533, 4.825950622558594, 4.780401706695557, 4.642390727996826, 4.578405380249023, 4.465221405029297, 4.2828521728515625, 4.188549041748047, 4.045540809631348, 3.9156577587127686, 3.7704110145568848, 3.637721538543701, 3.5664849281311035, 3.5036861896514893, 3.4499902725219727, 3.382420301437378, 3.447596549987793, 3.364365339279175, 3.3312528133392334, 3.388758420944214, 3.3858449459075928, 3.4086170196533203, 3.4789721965789795, 3.416841983795166], "val_rmse": [2.4118528366088867, 2.401350736618042, 2.387876033782959, 2.373365640640259, 2.3600125312805176, 2.344298839569092, 2.3293204307556152, 2.3180251121520996, 2.304108142852783, 2.293987274169922, 2.2863450050354004, 2.278113603591919, 2.2785353660583496, 2.2751517295837402, 2.264812707901001, 2.259408950805664, 2.259150505065918, 2.2527339458465576, 2.2479140758514404, 2.2440645694732666, 2.2440147399902344, 2.227792263031006, 2.2253215312957764, 2.218353509902954, 2.203296184539795, 2.1984176635742188, 2.1809871196746826, 2.1702520847320557, 2.1383285522460938, 2.122987747192383, 2.0959408283233643, 2.051985502243042, 2.0285158157348633, 1.992757797241211, 1.9598002433776855, 1.9224904775619507, 1.888014554977417, 1.8691562414169312, 1.8527284860610962, 1.8386180400848389, 1.8207833766937256, 1.8388242721557617, 1.8167304992675781, 1.808240294456482, 1.8242942094802856, 1.8237394094467163, 1.8305021524429321, 1.8497010469436646, 1.8335790634155273]}