{"n_parameters": 206721, "training_time": 9152.713822841644, "loss": [5.958099365234375, 5.780247688293457, 5.7220072746276855, 5.682056427001953, 5.638882637023926, 5.602216720581055, 5.567962169647217, 5.530423641204834, 5.508155822753906, 5.47218132019043, 5.445857048034668, 5.415340900421143, 5.395185470581055, 5.364252090454102, 5.337589263916016, 5.314053058624268, 5.293072700500488, 5.2613067626953125, 5.238117218017578, 5.210341930389404, 5.176155090332031, 5.144084453582764, 5.102275371551514, 5.066573619842529, 5.015232086181641, 4.961793899536133, 4.896806716918945, 4.819797515869141, 4.741012096405029, 4.647194862365723, 4.540701389312744, 4.434335708618164, 4.302016735076904, 4.159968852996826, 4.006204605102539, 3.85455322265625, 3.6911497116088867, 3.5335922241210938, 3.3932838439941406, 3.259469747543335, 3.1464955806732178, 3.0355212688446045, 2.953360080718994, 2.873789072036743, 2.807661533355713, 2.7482142448425293, 2.691926956176758, 2.6366381645202637, 2.590564489364624, 2.547675132751465, 2.5096442699432373, 2.4641480445861816, 2.434774398803711, 2.4025278091430664, 2.3617043495178223, 2.3396642208099365, 2.3160524368286133, 2.3008458614349365, 2.2686760425567627, 2.2553658485412598, 2.2334492206573486, 2.220918893814087, 2.2054171562194824, 2.190354585647583, 2.1832404136657715, 2.167067527770996, 2.164355993270874, 2.1491219997406006, 2.135798692703247, 2.1311378479003906, 2.1174676418304443, 2.10448956489563, 2.1024889945983887, 2.091824769973755, 2.0845415592193604, 2.077152967453003, 2.069169044494629, 2.062476873397827, 2.054905652999878, 2.04952073097229, 2.042807102203369, 2.0415849685668945, 2.0307507514953613, 2.0209741592407227, 2.010005235671997, 2.0120720863342285, 2.0096259117126465, 1.995509147644043, 1.9943772554397583, 1.989568829536438, 1.9777112007141113, 1.975504994392395, 1.9681708812713623, 1.964826226234436, 1.9637573957443237, 1.957354187965393, 1.9439643621444702, 1.942572832107544, 1.9377223253250122, 1.932507872581482, 1.9279897212982178, 1.9200102090835571, 1.9176349639892578, 1.9080866575241089, 1.9051048755645752, 1.9039138555526733, 1.9008758068084717, 1.8905946016311646, 1.8913930654525757, 1.887972354888916, 1.8832834959030151, 1.880305290222168, 1.8728597164154053, 1.8755542039871216, 1.8704091310501099, 1.864372968673706, 1.8656089305877686, 1.855332851409912, 1.8469732999801636, 1.8448435068130493, 1.847797155380249, 1.8462083339691162, 1.8363618850708008, 1.8448103666305542, 1.8313575983047485, 1.833008885383606, 1.8268237113952637, 1.8283849954605103, 1.826674222946167, 1.81709885597229, 1.8180276155471802, 1.8132354021072388, 1.8087713718414307, 1.8066140413284302, 1.8082613945007324], "rmse": [2.4224298000335693, 2.386341094970703, 2.3755295276641846, 2.366414785385132, 2.3581483364105225, 2.3503143787384033, 2.342899799346924, 2.336315393447876, 2.331301212310791, 2.3245444297790527, 2.3179728984832764, 2.3122363090515137, 2.3088645935058594, 2.3016462326049805, 2.296673059463501, 2.291107416152954, 2.2866458892822266, 2.280041217803955, 2.275692939758301, 2.2686681747436523, 2.261915445327759, 2.255246639251709, 2.245648145675659, 2.237920045852661, 2.2268505096435547, 2.214600086212158, 2.2001047134399414, 2.1827261447906494, 2.164572238922119, 2.1427910327911377, 2.1182916164398193, 2.092085123062134, 2.060060739517212, 2.0251455307006836, 1.9872885942459106, 1.9475220441818237, 1.9047197103500366, 1.86235511302948, 1.8236404657363892, 1.7859439849853516, 1.7549508810043335, 1.722282886505127, 1.6987712383270264, 1.6731928586959839, 1.655003309249878, 1.6370723247528076, 1.6184558868408203, 1.6025700569152832, 1.5877950191497803, 1.574823021888733, 1.5628442764282227, 1.5479466915130615, 1.5403094291687012, 1.5285533666610718, 1.515633463859558, 1.5088475942611694, 1.5010334253311157, 1.4964929819107056, 1.4853014945983887, 1.4800829887390137, 1.4745486974716187, 1.4692827463150024, 1.4645498991012573, 1.459821343421936, 1.4572809934616089, 1.4511107206344604, 1.4509587287902832, 1.4458258152008057, 1.443401575088501, 1.4400885105133057, 1.4354604482650757, 1.4306457042694092, 1.4299328327178955, 1.4265727996826172, 1.4249026775360107, 1.4229636192321777, 1.419352412223816, 1.4169511795043945, 1.4143272638320923, 1.4131273031234741, 1.4106025695800781, 1.4105771780014038, 1.40610933303833, 1.4029579162597656, 1.3989156484603882, 1.4002536535263062, 1.3994407653808594, 1.3944611549377441, 1.3934286832809448, 1.3919579982757568, 1.3886350393295288, 1.3881067037582397, 1.3851845264434814, 1.3837289810180664, 1.3840631246566772, 1.3815245628356934, 1.3763619661331177, 1.375611662864685, 1.3746596574783325, 1.3727487325668335, 1.3709113597869873, 1.3678008317947388, 1.3667933940887451, 1.3647563457489014, 1.362443447113037, 1.3625396490097046, 1.360992431640625, 1.3574719429016113, 1.3581568002700806, 1.3566802740097046, 1.3549336194992065, 1.3530060052871704, 1.3516937494277954, 1.352749228477478, 1.3501536846160889, 1.3480113744735718, 1.3489516973495483, 1.345280647277832, 1.3424752950668335, 1.3416826725006104, 1.342658519744873, 1.3423091173171997, 1.3391081094741821, 1.3414812088012695, 1.3360755443572998, 1.3366731405258179, 1.335671305656433, 1.335150122642517, 1.3354847431182861, 1.3308833837509155, 1.3315987586975098, 1.329806923866272, 1.329553484916687, 1.328172206878662, 1.328953504562378],