{"n_parameters": 316945, "training_time": 10638.04591846466, "loss": [5.859972953796387, 5.664566993713379, 5.611363887786865, 5.555108547210693, 5.475348949432373, 5.356597900390625, 5.174798965454102, 4.919979095458984, 4.594545364379883, 4.204885482788086, 3.7925853729248047, 3.398189067840576, 3.064505100250244, 2.8142852783203125, 2.6450483798980713, 2.5271782875061035, 2.431217908859253, 2.3547849655151367, 2.29150390625, 2.2363030910491943, 2.183129072189331, 2.138735771179199, 2.0875589847564697, 2.0509724617004395, 2.0179290771484375, 1.9819386005401611, 1.952424168586731, 1.9254087209701538, 1.9052351713180542, 1.8748232126235962, 1.8620609045028687, 1.843168020248413, 1.8279236555099487, 1.8122789859771729, 1.796951413154602, 1.7827298641204834, 1.7684009075164795, 1.7618372440338135, 1.7494908571243286, 1.7394037246704102, 1.730324149131775, 1.7189053297042847, 1.7108367681503296, 1.7019038200378418, 1.6892582178115845, 1.6824928522109985, 1.676436424255371, 1.6654925346374512, 1.6564451456069946, 1.645298719406128, 1.635960340499878, 1.6287939548492432, 1.6186612844467163, 1.6131806373596191, 1.6025642156600952, 1.5922558307647705, 1.5851185321807861, 1.5753931999206543, 1.5653475522994995, 1.557554006576538, 1.5441887378692627, 1.5380825996398926, 1.5313431024551392, 1.519002914428711, 1.511132001876831, 1.4987475872039795, 1.4919912815093994, 1.480814814567566, 1.4694621562957764, 1.4619605541229248, 1.4461883306503296, 1.4376132488250732, 1.4240659475326538, 1.415987253189087, 1.4005510807037354, 1.3893349170684814, 1.3801779747009277, 1.365936517715454, 1.3561028242111206, 1.3401793241500854, 1.3287858963012695, 1.3153765201568604, 1.303613543510437, 1.291123867034912, 1.2757700681686401, 1.258942723274231, 1.2466835975646973, 1.2307456731796265, 1.2210862636566162, 1.2023628950119019, 1.1896660327911377, 1.1742238998413086, 1.1603593826293945, 1.145521640777588, 1.1354254484176636, 1.1195217370986938, 1.1084463596343994, 1.0950504541397095, 1.0844054222106934, 1.0691720247268677, 1.0590837001800537, 1.0462679862976074, 1.0384764671325684, 1.0253596305847168, 1.0168620347976685, 1.0075311660766602, 0.997347354888916, 0.9911622405052185, 0.9787313938140869, 0.9761478304862976, 0.966012716293335, 0.9562040567398071, 0.9514599442481995, 0.9455863237380981, 0.9346102476119995, 0.9343202710151672, 0.92881840467453, 0.9231809377670288, 0.9168094992637634, 0.9093523621559143, 0.9101505875587463, 0.9064106941223145, 0.8973725438117981], "rmse": [2.403843402862549, 2.362757921218872, 2.3514745235443115, 2.339820623397827, 2.322654962539673, 2.2991182804107666, 2.2582106590270996, 2.2030115127563477, 2.1293511390686035, 2.0366201400756836, 1.934293508529663, 1.830488920211792, 1.7380461692810059, 1.663277268409729, 1.611822247505188, 1.5750685930252075, 1.5454131364822388, 1.5199803113937378, 1.4994477033615112, 1.4803274869918823, 1.4630458354949951, 1.44790518283844, 1.4304325580596924, 1.41720449924469, 1.4062949419021606, 1.393762469291687, 1.3831572532653809, 1.3734811544418335, 1.3665353059768677, 1.3551379442214966, 1.3503069877624512, 1.3436901569366455, 1.338823676109314, 1.332265019416809, 1.3266136646270752, 1.3210299015045166, 1.3158929347991943, 1.313390851020813, 1.308402180671692, 1.3051594495773315, 1.3014224767684937, 1.2969391345977783, 1.293904185295105, 1.2907540798187256, 1.2854336500167847, 1.283355712890625, 1.2806986570358276, 1.276331901550293, 1.2734583616256714, 1.267791748046875, 1.264560341835022, 1.2626254558563232, 1.2584189176559448, 1.256022334098816, 1.2517439126968384, 1.2475109100341797, 1.2445850372314453, 1.241039514541626, 1.2368559837341309, 1.2349804639816284, 1.2287547588348389, 1.2262392044067383, 1.2233741283416748, 1.218659520149231, 1.215562343597412, 1.2101397514343262, 1.2072248458862305, 1.2025372982025146, 1.197813868522644, 1.1950767040252686, 1.1888285875320435, 1.1850615739822388, 1.1798137426376343, 1.1759189367294312, 1.169111728668213, 1.1648544073104858, 1.161047101020813, 1.154899001121521, 1.150810718536377, 1.1438950300216675, 1.1387583017349243, 1.1341724395751953, 1.127925157546997, 1.1225672960281372, 1.1160022020339966, 1.1087003946304321, 1.1025937795639038, 1.0958648920059204, 1.0918974876403809, 1.0824257135391235, 1.07748281955719, 1.0702494382858276, 1.063014030456543, 1.0564779043197632, 1.051908254623413, 1.0455158948898315, 1.0393320322036743, 1.0324138402938843, 1.0273164510726929, 1.0202487707138062, 1.0154578685760498, 1.008686900138855, 1.0054503679275513, 0.9980760216712952, 0.9945657849311829, 0.9902215600013733, 0.9841047525405884, 0.981087327003479, 0.9755772352218628, 0.9746640920639038, 0.9691416621208191, 0.9629992246627808, 0.9608345031738281, 0.9579289555549622, 0.9519788026809692, 0.951957106590271, 0.9487729072570801, 0.9459746479988098, 0.942844569683075, 0.9384726881980896, 0.9393042922019958, 0.937230110168457, 0.9322764277458191], "val_loss": [5.865671634674072, 5.788269519805908, 5.728662014007568, 5.648472309112549, 5.534821033477783, 5.371737003326416, 5.1311821937561035, 4.81328821182251, 4.416790962219238, 3.9802942276000977, 3.5364084243774414, 3.1294586658477783, 2.8182196617126465, 2.598142385482788, 2.450042963027954, 2.3405685424804688, 2.2494542598724365, 2.173321008682251, 2.1172430515289307, 2.0659751892089844, 2.0215909481048584, 1.987796664237976, 1.944645643234253, 1.9180865287780762, 1.8759640455245972, 1.8494722843170166, 1.8295810222625732, 1.8085087537765503, 1.7851423025131226, 1.7837986946105957, 1.7578463554382324, 1.741423487663269, 1.735597848892212, 1.7263195514678955, 1.7152565717697144, 1.710436463356018, 1.703168511390686, 1.6861696243286133, 1.6903849840164185, 1.6848374605178833, 1.6731730699539185, 1.6614429950714111, 1.6598821878433228, 1.649052619934082, 1.6442592144012451, 1.6379908323287964, 1.6265429258346558, 1.6316841840744019, 1.6163530349731445, 1.597402572631836, 1.606475591659546, 1.6043150424957275, 1.5969842672348022, 1.5716910362243652, 1.5830786228179932, 1.568764090538025, 1.5614312887191772, 1.534887671470642, 1.5439132452011108, 1.5406315326690674, 1.5221830606460571, 1.5225718021392822, 1.5068732500076294, 1.5000852346420288, 1.4805939197540283, 1.474764108657837, 1.485312819480896, 1.458789587020874, 1.4353481531143188, 1.4378328323364258, 1.4284449815750122, 1.4264476299285889, 1.4024553298950195, 1.4007127285003662, 1.385288119316101, 1.3675674200057983, 1.3742352724075317, 1.3572354316711426, 1.3455464839935303, 1.2993873357772827, 1.305176019668579, 1.2745364904403687, 1.2926323413848877, 1.2669061422348022, 1.231426477432251, 1.2305787801742554, 1.2197669744491577, 1.2185285091400146, 1.203880786895752, 1.1685080528259277, 1.160826563835144, 1.1380289793014526, 1.1261543035507202, 1.14445960521698, 1.1135205030441284, 1.0927321910858154, 1.0734052658081055, 1.0603291988372803, 1.0538886785507202, 1.0419738292694092, 1.0292537212371826, 1.0242551565170288, 1.0143429040908813, 1.006331205368042, 0.9999868273735046, 0.9996687173843384, 0.9815637469291687, 0.9620039463043213, 0.9614050984382629, 0.9235579967498779, 0.9341000318527222, 0.9457139372825623, 0.9302874803543091, 0.9381072521209717, 0.9217739105224609, 0.920050859451294, 0.9096581339836121, 0.881538987159729, 0.9128457903862, 0.8954063057899475, 0.8914995789527893, 0.907289445400238, 0.8981285691261292],