{"n_parameters": 265777, "training_time": 3429.011958837509, "loss": [5.845996379852295, 5.753066539764404, 5.676043510437012, 5.608229637145996, 5.536297798156738, 5.463640213012695, 5.397496223449707, 5.320116996765137, 5.244373321533203, 5.158980369567871, 5.062136650085449, 4.946800231933594, 4.829949855804443, 4.692748546600342, 4.557223796844482, 4.393109321594238, 4.202155590057373, 3.979978084564209, 3.742464065551758, 3.505661964416504, 3.3027234077453613, 3.1448824405670166, 3.026226043701172, 2.926856517791748, 2.8372886180877686, 2.751633644104004, 2.688605785369873, 2.633600950241089, 2.5782010555267334, 2.5309090614318848, 2.485551357269287, 2.4624083042144775, 2.4366729259490967, 2.4088945388793945, 2.367882013320923, 2.352979898452759, 2.32662296295166, 2.313293218612671, 2.291215181350708, 2.264235258102417, 2.259093999862671, 2.241126537322998, 2.222388982772827], "rmse": [2.400052547454834, 2.3811728954315186, 2.3657193183898926, 2.351433038711548, 2.3379201889038086, 2.3228774070739746, 2.3088221549987793, 2.2926125526428223, 2.2765800952911377, 2.25801157951355, 2.236758232116699, 2.2105276584625244, 2.1847805976867676, 2.1538405418395996, 2.122370958328247, 2.0833685398101807, 2.036623477935791, 1.9809062480926514, 1.9193226099014282, 1.8556439876556396, 1.8004894256591797, 1.7556414604187012, 1.7201669216156006, 1.6923179626464844, 1.6649270057678223, 1.639413595199585, 1.6207797527313232, 1.6033670902252197, 1.585403561592102, 1.5712459087371826, 1.5572794675827026, 1.5503981113433838, 1.5411758422851562, 1.5323526859283447, 1.5190303325653076, 1.513925313949585, 1.5061736106872559, 1.5016579627990723, 1.4933784008026123, 1.485249638557434, 1.4842630624771118, 1.4783005714416504, 1.4712798595428467], "val_loss": [5.911816596984863, 5.831799507141113, 5.766417503356934, 5.677347660064697, 5.605638027191162, 5.523494243621826, 5.449948310852051, 5.361425399780273, 5.262730598449707, 5.141904830932617, 5.055492401123047, 4.8933563232421875, 4.78400993347168, 4.636837005615234, 4.455082416534424, 4.2728705406188965, 4.028814315795898, 3.769848346710205, 3.5107436180114746, 3.238400936126709, 3.0279812812805176, 2.9044134616851807, 2.7782585620880127, 2.7094433307647705, 2.608241081237793, 2.5515100955963135, 2.5252413749694824, 2.4591779708862305, 2.4100341796875, 2.389892101287842, 2.381486177444458, 2.3363378047943115, 2.325859308242798, 2.3261752128601074, 2.32747745513916, 2.3151206970214844, 2.301255226135254, 2.294259548187256, 2.2961204051971436, 2.3185200691223145, 2.312281370162964, 2.3080201148986816, 2.3196568489074707], "val_rmse": [2.413586139678955, 2.3976759910583496, 2.3845021724700928, 2.366603136062622, 2.3519458770751953, 2.3352150917053223, 2.319800853729248, 2.3013269901275635, 2.280360221862793, 2.2542917728424072, 2.235262632369995, 2.1994519233703613, 2.1746063232421875, 2.140721082687378, 2.0980398654937744, 2.0540072917938232, 1.9935693740844727, 1.927162766456604, 1.8580424785614014, 1.7825196981430054, 1.7218835353851318, 1.685226559638977, 1.6474071741104126, 1.6264053583145142, 1.5951957702636719, 1.5774223804473877, 1.5693215131759644, 1.5483434200286865, 1.5324381589889526, 1.5259939432144165, 1.5232324600219727, 1.508315920829773, 1.5048930644989014, 1.5048593282699585, 1.5052883625030518, 1.5008258819580078, 1.4960633516311646, 1.4938080310821533, 1.4940985441207886, 1.5009392499923706, 1.499066948890686, 1.4972386360168457, 1.501009225845337]}