{"n_parameters": 275825, "training_time": 2067.391874074936, "loss": [5.941572189331055, 5.643388748168945, 5.446201801300049, 5.261659622192383, 5.054428577423096, 4.809282302856445, 4.539403915405273, 4.219844818115234, 3.8815009593963623, 3.5635929107666016, 3.315001964569092, 3.1217877864837646, 2.9722890853881836, 2.844830274581909, 2.735738515853882, 2.655068874359131], "rmse": [2.4197170734405518, 2.3584935665130615, 2.318140745162964, 2.278484344482422, 2.2337677478790283, 2.1791703701019287, 2.1164135932922363, 2.0387680530548096, 1.9542624950408936, 1.8713136911392212, 1.8024475574493408, 1.7476946115493774, 1.7051361799240112, 1.6664718389511108, 1.6343250274658203, 1.6105170249938965], "val_loss": [5.828962802886963, 5.6064348220825195, 5.299792766571045, 5.012537002563477, 4.726137161254883, 4.443206787109375, 4.136288166046143, 3.8748362064361572, 3.7184648513793945, 3.56803035736084, 3.5154976844787598, 3.525665521621704, 3.5869035720825195, 3.7017667293548584, 3.6443614959716797, 3.636110782623291], "val_rmse": [2.3966121673583984, 2.351088285446167, 2.2866783142089844, 2.2241098880767822, 2.1594154834747314, 2.093493700027466, 2.019166946411133, 1.953324556350708, 1.9126142263412476, 1.8733389377593994, 1.8602159023284912, 1.863574504852295, 1.8805800676345825, 1.9115006923675537, 1.896637201309204, 1.894798994064331]}