{"n_parameters": 248337, "training_time": 6756.876050233841, "loss": [5.626037120819092, 5.258365631103516, 4.859579086303711, 4.421512126922607, 3.975748062133789, 3.578277587890625, 3.240659713745117, 2.961315155029297, 2.776160955429077, 2.6283481121063232, 2.5387191772460938, 2.4738714694976807, 2.419478416442871, 2.3694469928741455, 2.334346294403076, 2.305452585220337, 2.282881498336792, 2.251749038696289, 2.2250592708587646, 2.195624351501465, 2.173811435699463, 2.1588244438171387, 2.131666660308838, 2.106231212615967, 2.0908443927764893, 2.0722994804382324, 2.037044048309326, 2.0250916481018066, 2.0051019191741943, 1.9813511371612549, 1.958159327507019, 1.9500607252120972, 1.930079460144043, 1.9130725860595703, 1.900994896888733, 1.8839207887649536, 1.8800404071807861, 1.8558125495910645, 1.8538610935211182, 1.8485978841781616, 1.8288823366165161, 1.8290125131607056, 1.8239293098449707, 1.8179734945297241, 1.8015968799591064, 1.7960615158081055, 1.79053795337677, 1.7909791469573975, 1.7784284353256226, 1.776221752166748, 1.764400839805603, 1.7645577192306519, 1.7651517391204834, 1.7586582899093628, 1.7499028444290161, 1.7455437183380127, 1.7387250661849976, 1.7335933446884155, 1.7263365983963013, 1.726853847503662, 1.7194652557373047, 1.7136824131011963, 1.7061576843261719, 1.7030702829360962, 1.6988698244094849, 1.6918319463729858, 1.6871225833892822, 1.6853828430175781, 1.683264970779419, 1.671512246131897, 1.668516993522644, 1.6634716987609863, 1.6622401475906372, 1.6522586345672607, 1.641625165939331, 1.631065845489502, 1.632575511932373, 1.626294732093811, 1.6213011741638184, 1.6153547763824463, 1.61073637008667, 1.604308009147644, 1.6028034687042236, 1.5916595458984375, 1.576483130455017, 1.5791598558425903, 1.579479694366455], "rmse": [2.3552956581115723, 2.2770485877990723, 2.189761161804199, 2.088853120803833, 1.9805843830108643, 1.8771789073944092, 1.7847052812576294, 1.7043211460113525, 1.6479026079177856, 1.602211356163025, 1.5743093490600586, 1.553580403327942, 1.5357908010482788, 1.5193901062011719, 1.5078552961349487, 1.4992613792419434, 1.4914954900741577, 1.4813849925994873, 1.4721816778182983, 1.4624489545822144, 1.4551726579666138, 1.4489223957061768, 1.441642165184021, 1.432377815246582, 1.4264695644378662, 1.4216197729110718, 1.4087214469909668, 1.4051796197891235, 1.3979359865188599, 1.3908241987228394, 1.3821512460708618, 1.3797036409378052, 1.3720563650131226, 1.3662266731262207, 1.3625282049179077, 1.3555073738098145, 1.35342276096344, 1.3463200330734253, 1.3454337120056152, 1.3435389995574951, 1.3365029096603394, 1.3369439840316772, 1.3347358703613281, 1.3324549198150635, 1.3265032768249512, 1.3251311779022217, 1.3221421241760254, 1.3221266269683838, 1.318980097770691, 1.3170592784881592, 1.3130046129226685, 1.3126063346862793, 1.3128588199615479, 1.3108538389205933, 1.3071506023406982, 1.305679202079773, 1.3029394149780273, 1.3014293909072876, 1.299092173576355, 1.2987133264541626, 1.2963006496429443, 1.294636845588684, 1.290568232536316, 1.289987325668335, 1.2884989976882935, 1.285530686378479, 1.2831780910491943, 1.2836405038833618, 1.2821300029754639, 1.2776587009429932, 1.2761579751968384, 1.274747610092163, 1.2742035388946533, 1.2700178623199463, 1.2660267353057861, 1.2622963190078735, 1.2620428800582886, 1.2597681283950806, 1.2585622072219849, 1.256303310394287, 1.2538844347000122, 1.2516270875930786, 1.2511229515075684, 1.2466951608657837, 1.2405424118041992, 1.241586446762085, 1.242475152015686], "val_loss": [5.489497184753418, 5.049985408782959, 4.484201431274414, 3.9525585174560547, 3.485562324523926, 3.110090494155884, 2.8205082416534424, 2.594802141189575, 2.452575445175171, 2.344881772994995, 2.2784841060638428, 2.2282276153564453, 2.1956019401550293, 2.1495473384857178, 2.1228809356689453, 2.1040332317352295, 2.07682728767395, 2.043015480041504, 2.032611608505249, 2.001800298690796, 1.9838345050811768, 1.9541804790496826, 1.9505616426467896, 1.934612512588501, 1.9238570928573608, 1.8809462785720825, 1.8626534938812256, 1.8539080619812012, 1.843604564666748, 1.8479321002960205, 1.797847032546997, 1.7887431383132935, 1.7972396612167358, 1.7694127559661865, 1.761538028717041, 1.7481818199157715, 1.7544300556182861, 1.7295846939086914, 1.7407711744308472, 1.7124758958816528, 1.7347431182861328, 1.7121176719665527, 1.724876880645752, 1.7083523273468018, 1.7052370309829712, 1.6886012554168701, 1.7031508684158325, 1.679160237312317, 1.6895321607589722, 1.6991112232208252, 1.6972113847732544, 1.6791473627090454, 1.6681089401245117, 1.6599133014678955, 1.669776439666748, 1.6627180576324463, 1.66551673412323, 1.670434594154358, 1.6579976081848145, 1.6474136114120483, 1.66374671459198, 1.6361619234085083, 1.6291483640670776, 1.643919587135315, 1.651915192604065, 1.6267266273498535, 1.6186041831970215, 1.622543215751648, 1.6288682222366333, 1.6100698709487915, 1.6105421781539917, 1.5948289632797241, 1.601771593093872, 1.6003837585449219, 1.603847622871399, 1.5733920335769653, 1.5759457349777222, 1.5569041967391968, 1.591347575187683, 1.56834077835083, 1.558929204940796, 1.5277204513549805, 1.561889410018921, 1.5484981536865234, 1.5442335605621338, 1.53001868724823, 1.5300512313842773], "val_rmse": [2.326996326446533, 2.23264479637146, 2.1039233207702637, 1.9749592542648315, 1.853577733039856, 1.7490204572677612, 1.6635808944702148, 1.5936251878738403, 1.54778254032135, 1.5121687650680542, 1.4899213314056396, 1.472970962524414, 1.4620521068572998, 1.4462605714797974, 1.4373010396957397, 1.4311647415161133, 1.4218915700912476, 1.4101834297180176, 1.4069706201553345, 1.3961745500564575, 1.3901641368865967, 1.379818081855774, 1.3790994882583618, 1.3736103773117065, 1.3700140714645386, 1.3545589447021484, 1.3480737209320068, 1.3452335596084595, 1.3418221473693848, 1.3440148830413818, 1.3251937627792358, 1.3220149278640747, 1.3255308866500854, 1.3149805068969727, 1.3124017715454102, 1.3074055910110474, 1.3099948167800903, 1.3005833625793457, 1.3048394918441772, 1.2941116094589233, 1.3029978275299072, 1.2941467761993408, 1.2993165254592896, 1.2927734851837158, 1.2915443181991577, 1.2850925922393799, 1.2909653186798096, 1.2815120220184326, 1.2859326601028442, 1.2893186807632446, 1.2889174222946167, 1.2819304466247559, 1.2777225971221924, 1.274182915687561, 1.2781522274017334, 1.2756538391113281, 1.2766845226287842, 1.2786160707473755, 1.2738832235336304, 1.2694975137710571, 1.2760980129241943, 1.2653194665908813, 1.2624973058700562, 1.2684540748596191, 1.2716588973999023, 1.2617534399032593, 1.25843346118927, 1.2600817680358887, 1.262961506843567, 1.2551389932632446, 1.2553752660751343, 1.2493042945861816, 1.2519581317901611, 1.251203179359436, 1.2531293630599976, 1.2407552003860474, 1.2417774200439453, 1.234113097190857, 1.2482571601867676, 1.2391709089279175, 1.2351754903793335, 1.2224260568618774, 1.236271619796753, 1.2310987710952759, 1.22943115234375, 1.2233787775039673, 1.223689317703247]}