{"n_parameters": 457681, "training_time": 6007.663496494293, "loss": [5.802361488342285, 5.498592376708984, 5.324849605560303, 5.094846725463867, 4.839910507202148, 4.578497886657715, 4.2703537940979, 3.9507460594177246, 3.6428306102752686, 3.3878071308135986, 3.1447176933288574, 2.9571292400360107, 2.7700583934783936, 2.6353070735931396, 2.5176961421966553, 2.414431571960449, 2.3389039039611816, 2.282181739807129, 2.219386577606201, 2.1699576377868652, 2.1269447803497314, 2.0925662517547607, 2.0523149967193604, 2.0165855884552, 2.0028250217437744, 1.9679663181304932, 1.9483658075332642, 1.9364069700241089, 1.911303997039795, 1.908814549446106, 1.8845127820968628, 1.8694506883621216, 1.8646756410598755, 1.84895658493042, 1.8394778966903687, 1.829695463180542, 1.8160120248794556, 1.8126685619354248, 1.8079323768615723, 1.7956712245941162, 1.7885003089904785, 1.7816394567489624, 1.7715950012207031, 1.7634947299957275, 1.755504846572876, 1.748276710510254, 1.7497358322143555, 1.7426406145095825, 1.736918568611145], "rmse": [2.391697645187378, 2.3298025131225586, 2.2936365604400635, 2.2431676387786865, 2.1858015060424805, 2.123879909515381, 2.0499184131622314, 1.9697974920272827, 1.8900580406188965, 1.8210374116897583, 1.753800630569458, 1.6989519596099854, 1.6448026895523071, 1.604092001914978, 1.5682873725891113, 1.534948468208313, 1.510722041130066, 1.4919531345367432, 1.4723936319351196, 1.4548264741897583, 1.4402029514312744, 1.4285329580307007, 1.4155669212341309, 1.4040578603744507, 1.3980367183685303, 1.386072039604187, 1.3791471719741821, 1.3748526573181152, 1.3661725521087646, 1.364987850189209, 1.3563607931137085, 1.3511614799499512, 1.34831964969635, 1.343302607536316, 1.3397910594940186, 1.3361968994140625, 1.3309611082077026, 1.330458641052246, 1.32756507396698, 1.3235042095184326, 1.3209728002548218, 1.319140911102295, 1.3141552209854126, 1.3112586736679077, 1.308882474899292, 1.3056641817092896, 1.3060766458511353, 1.303440809249878, 1.302085518836975], "val_loss": [5.487565040588379, 5.277785778045654, 4.968163967132568, 4.6374831199646, 4.273997783660889, 3.9200730323791504, 3.5355403423309326, 3.224034070968628, 2.9658737182617188, 2.791186571121216, 2.630234956741333, 2.519301652908325, 2.397989273071289, 2.305020570755005, 2.2453644275665283, 2.208275079727173, 2.131410598754883, 2.0686638355255127, 1.9975982904434204, 1.9740630388259888, 1.9554461240768433, 1.9137513637542725, 1.854295253753662, 1.8531984090805054, 1.8430296182632446, 1.7923243045806885, 1.8058701753616333, 1.7923823595046997, 1.8262869119644165, 1.816164255142212, 1.7902162075042725, 1.7836904525756836, 1.7847830057144165, 1.7648521661758423, 1.7834665775299072, 1.7820414304733276, 1.745721459388733, 1.7803164720535278, 1.7368794679641724, 1.7512511014938354, 1.727812647819519, 1.7455034255981445, 1.7377452850341797, 1.7044382095336914, 1.7244616746902466, 1.7169073820114136, 1.7099474668502808, 1.7214925289154053, 1.707249641418457], "val_rmse": [2.3274130821228027, 2.2836217880249023, 2.2154476642608643, 2.1397461891174316, 2.052581548690796, 1.9634590148925781, 1.8621058464050293, 1.7760144472122192, 1.7024645805358887, 1.6515247821807861, 1.6031492948532104, 1.5693490505218506, 1.5308383703231812, 1.500907063484192, 1.4814188480377197, 1.4697383642196655, 1.4439876079559326, 1.4227527379989624, 1.3978301286697388, 1.3899815082550049, 1.3835546970367432, 1.3686286211013794, 1.3469139337539673, 1.3468972444534302, 1.3429923057556152, 1.3241405487060547, 1.3294447660446167, 1.3244000673294067, 1.3369390964508057, 1.3334654569625854, 1.3234224319458008, 1.320902943611145, 1.3218555450439453, 1.3141685724258423, 1.320981740951538, 1.3202917575836182, 1.3068441152572632, 1.3195338249206543, 1.303209662437439, 1.3088101148605347, 1.2996315956115723, 1.3068307638168335, 1.3035650253295898, 1.2908117771148682, 1.2983479499816895, 1.2955607175827026, 1.2927088737487793, 1.2970954179763794, 1.2918113470077515]}