{"n_parameters": 126081, "training_time": 5198.762783765793, "loss": [5.825745105743408, 5.754887104034424, 5.701498985290527, 5.655821323394775, 5.610310077667236, 5.571361064910889, 5.521109580993652, 5.475636959075928, 5.440669536590576, 5.3943963050842285, 5.337576389312744, 5.3008503913879395, 5.237888813018799, 5.189854145050049, 5.126380443572998, 5.079146862030029, 5.030786514282227, 4.96955680847168, 4.914557933807373, 4.857446193695068, 4.7913079261779785, 4.735273838043213, 4.661779403686523, 4.588582515716553, 4.49843692779541, 4.407896518707275, 4.314237594604492, 4.222731590270996, 4.127869606018066, 4.007954120635986, 3.912288188934326, 3.8105528354644775, 3.7161684036254883, 3.6094605922698975, 3.5183310508728027, 3.4482345581054688, 3.370011329650879, 3.313312292098999, 3.2448980808258057, 3.1760265827178955, 3.1394991874694824, 3.086945056915283, 3.0609796047210693, 3.0184783935546875, 3.0017988681793213, 2.9604239463806152, 2.9406471252441406, 2.9134366512298584, 2.882364511489868, 2.88596773147583, 2.849186420440674, 2.8224236965179443, 2.802067518234253, 2.7830069065093994, 2.7596683502197266, 2.7505836486816406, 2.742310047149658, 2.7112936973571777, 2.6948790550231934, 2.6729631423950195, 2.6664791107177734, 2.649075508117676, 2.645197629928589, 2.6126177310943604, 2.599804639816284, 2.5895309448242188, 2.585681915283203, 2.5693793296813965, 2.550541400909424, 2.5432145595550537, 2.5333521366119385, 2.5058202743530273, 2.5000686645507812, 2.4839284420013428, 2.4902074337005615, 2.462796211242676, 2.4569239616394043, 2.4409985542297363, 2.44130539894104, 2.4232420921325684, 2.4181411266326904, 2.403062343597412, 2.404635429382324, 2.397792339324951, 2.3819613456726074, 2.367100715637207, 2.3633828163146973, 2.3572604656219482, 2.336730718612671, 2.331580638885498, 2.3332293033599854, 2.3277499675750732, 2.312382936477661, 2.303981304168701, 2.297574996948242, 2.2956111431121826, 2.2746334075927734, 2.2754299640655518, 2.2676925659179688, 2.2626237869262695, 2.249037981033325, 2.262641429901123, 2.2323973178863525, 2.2265384197235107], "rmse": [2.3956851959228516, 2.382233142852783, 2.3707830905914307, 2.3620193004608154, 2.351680040359497, 2.3436028957366943, 2.334303855895996, 2.324808120727539, 2.3166043758392334, 2.307542562484741, 2.295449733734131, 2.2875983715057373, 2.2739858627319336, 2.263371229171753, 2.249985933303833, 2.2401461601257324, 2.2291367053985596, 2.215088129043579, 2.2037179470062256, 2.190239667892456, 2.1757876873016357, 2.1619153022766113, 2.1459105014801025, 2.1284291744232178, 2.1074769496917725, 2.0857667922973633, 2.0634407997131348, 2.0406081676483154, 2.0168356895446777, 1.9873555898666382, 1.9632339477539062, 1.9375078678131104, 1.9120118618011475, 1.8841484785079956, 1.8598830699920654, 1.8402721881866455, 1.8189541101455688, 1.803285837173462, 1.7843914031982422, 1.7645301818847656, 1.7542005777359009, 1.7389349937438965, 1.7325912714004517, 1.7195658683776855, 1.7152246236801147, 1.703054666519165, 1.6969146728515625, 1.687943935394287, 1.6802648305892944, 1.6804931163787842, 1.6704050302505493, 1.6625458002090454, 1.6562952995300293, 1.6513159275054932, 1.642969012260437, 1.6413642168045044, 1.6379811763763428, 1.6290700435638428, 1.6248184442520142, 1.6180500984191895, 1.6167073249816895, 1.610534429550171, 1.6090480089187622, 1.5987037420272827, 1.5958285331726074, 1.593153476715088, 1.5903186798095703, 1.5862839221954346, 1.5803989171981812, 1.5770992040634155, 1.574764370918274, 1.566260576248169, 1.5650887489318848, 1.559843897819519, 1.5609527826309204, 1.5527210235595703, 1.5505194664001465, 1.5456300973892212, 1.5458850860595703, 1.5398186445236206, 1.5382179021835327, 1.5339012145996094, 1.5335201025009155, 1.5313687324523926, 1.5272997617721558, 1.5228997468948364, 1.5211838483810425, 1.5188249349594116, 1.5126012563705444, 1.5098466873168945, 1.5109809637069702, 1.5091021060943604, 1.5048518180847168, 1.5013247728347778, 1.4991042613983154, 1.4986239671707153, 1.4922791719436646, 1.491979718208313, 1.4894968271255493, 1.4887421131134033, 1.4836194515228271, 1.487807273864746, 1.4778344631195068, 1.4770338535308838], "val_loss": [5.90776252746582, 5.839337348937988, 5.777287483215332, 5.728330612182617, 5.682147979736328, 5.642324447631836, 5.576949119567871, 5.508964538574219, 5.454240322113037, 5.362215042114258, 5.289968013763428, 5.2159905433654785, 5.135767459869385, 5.08057975769043, 5.001370906829834, 4.9330949783325195, 4.8600687980651855, 4.786735534667969, 4.723431587219238, 4.635012626647949, 4.58082914352417, 4.478518009185791, 4.392944812774658, 4.292209148406982, 4.144258499145508, 4.050709247589111, 3.912841320037842, 3.8111813068389893, 3.677706003189087, 3.547877788543701, 3.427351951599121, 3.3326213359832764, 3.2090277671813965, 3.099722385406494, 2.9934370517730713, 2.8979902267456055, 2.8137500286102295, 2.7467329502105713, 2.6837193965911865, 2.634913206100464, 2.5710487365722656, 2.5298678874969482, 2.501643419265747, 2.4589173793792725, 2.447573184967041, 2.419100522994995, 2.40393328666687, 2.355318546295166, 2.3381235599517822, 2.327139377593994, 2.3154563903808594, 2.2925870418548584, 2.2552359104156494, 2.2469353675842285, 2.233991861343384, 2.210355281829834, 2.1852362155914307, 2.179868459701538, 2.178502321243286, 2.14139723777771, 2.1231727600097656, 2.109792947769165, 2.1022958755493164, 2.096741199493408, 2.0971567630767822, 2.062246322631836, 2.065610408782959, 2.05812931060791, 2.056527614593506, 2.0454893112182617, 2.0311992168426514, 2.0212156772613525, 2.013753652572632, 2.0322585105895996, 2.0091938972473145, 2.005875825881958, 1.9999891519546509, 1.9888454675674438, 1.9868849515914917, 1.9860787391662598, 1.9659245014190674, 1.949967861175537, 1.9478569030761719, 1.9734549522399902, 1.936745285987854, 1.948702335357666, 1.9308409690856934, 1.922487497329712, 1.9072562456130981, 1.9117616415023804, 1.9260636568069458, 1.9106570482254028, 1.8893855810165405, 1.894191026687622, 1.9091458320617676, 1.876462459564209, 1.9049824476242065, 1.915605902671814, 1.8663469552993774, 1.8943099975585938, 1.8724534511566162, 1.9065591096878052, 1.8724578619003296, 1.8742074966430664],