{"n_parameters": 385713, "training_time": 5739.102543830872, "loss": [5.826505661010742, 5.63200569152832, 5.565462112426758, 5.509912490844727, 5.4482550621032715, 5.389728546142578, 5.3229756355285645, 5.266509056091309, 5.210821628570557, 5.152355670928955, 5.0901665687561035, 5.025577545166016, 4.959495544433594, 4.894047260284424, 4.826053619384766, 4.746443748474121, 4.659821510314941, 4.564431667327881, 4.439341068267822, 4.317510604858398, 4.179362773895264, 4.030384540557861, 3.8617477416992188, 3.713426113128662, 3.5717036724090576, 3.422098398208618, 3.290498971939087, 3.1839544773101807, 3.08929705619812, 2.9898202419281006, 2.9233405590057373, 2.8605692386627197, 2.7864511013031006, 2.7309534549713135, 2.6740102767944336, 2.6246728897094727, 2.569672107696533, 2.5241434574127197, 2.4821889400482178, 2.440636157989502, 2.40114426612854, 2.3720500469207764, 2.347538948059082, 2.310638904571533, 2.2774744033813477, 2.2533552646636963, 2.227001905441284, 2.205174446105957, 2.183579921722412, 2.159886360168457, 2.1311495304107666, 2.114834785461426, 2.1028943061828613, 2.080378532409668, 2.0635643005371094, 2.045511484146118, 2.0282609462738037, 2.017688035964966, 1.9963934421539307, 1.9802676439285278], "rmse": [2.396794080734253, 2.3554422855377197, 2.3418033123016357, 2.3310132026672363, 2.3179845809936523, 2.305506706237793, 2.2915098667144775, 2.279104709625244, 2.266935348510742, 2.2553184032440186, 2.2412350177764893, 2.2271153926849365, 2.21181058883667, 2.1989619731903076, 2.183013677597046, 2.1653671264648438, 2.1446266174316406, 2.1236069202423096, 2.094287157058716, 2.0653913021087646, 2.03179931640625, 1.995652675628662, 1.9524424076080322, 1.9147437810897827, 1.8776012659072876, 1.8373547792434692, 1.8019424676895142, 1.7724992036819458, 1.74507737159729, 1.7170493602752686, 1.6982395648956299, 1.6793873310089111, 1.6578572988510132, 1.6405624151229858, 1.6236375570297241, 1.608291506767273, 1.5913594961166382, 1.5773544311523438, 1.5639822483062744, 1.550447940826416, 1.5373347997665405, 1.5283743143081665, 1.5204429626464844, 1.5078316926956177, 1.4973535537719727, 1.4893399477005005, 1.4799952507019043, 1.4737813472747803, 1.4665716886520386, 1.457666039466858, 1.4481399059295654, 1.441959261894226, 1.437889814376831, 1.4297568798065186, 1.4240309000015259, 1.417279601097107, 1.411433219909668, 1.4076331853866577, 1.4002625942230225, 1.3949964046478271], "val_loss": [5.810561656951904, 5.720730781555176, 5.651066780090332, 5.581251621246338, 5.50881814956665, 5.4411940574646, 5.3672308921813965, 5.301929473876953, 5.2340087890625, 5.161404132843018, 5.099801540374756, 5.012539386749268, 4.924075126647949, 4.825918197631836, 4.741552352905273, 4.644768714904785, 4.521076202392578, 4.390827178955078, 4.232419490814209, 4.068425178527832, 3.9073402881622314, 3.730846405029297, 3.555447578430176, 3.3849034309387207, 3.23469614982605, 3.086290121078491, 2.9618561267852783, 2.8481576442718506, 2.770244598388672, 2.673504114151001, 2.61417555809021, 2.5705487728118896, 2.5203135013580322, 2.486598014831543, 2.433061361312866, 2.424452543258667, 2.3971495628356934, 2.370741844177246, 2.3530168533325195, 2.3178505897521973, 2.2968873977661133, 2.286264419555664, 2.2649927139282227, 2.2705917358398438, 2.244396209716797, 2.2410645484924316, 2.242971420288086, 2.255706548690796, 2.2490429878234863, 2.2483606338500977, 2.2152321338653564, 2.216353178024292, 2.2000832557678223, 2.210364818572998, 2.1671061515808105, 2.2263550758361816, 2.1815311908721924, 2.2217214107513428, 2.2065062522888184, 2.1986682415008545], "val_rmse": [2.393097162246704, 2.374664783477783, 2.3602283000946045, 2.3457114696502686, 2.3305253982543945, 2.3163070678710938, 2.3006434440612793, 2.2868340015411377, 2.272369861602783, 2.2567899227142334, 2.2435131072998047, 2.2243709564208984, 2.2047908306121826, 2.1827807426452637, 2.1637814044952393, 2.1416831016540527, 2.1130645275115967, 2.0824954509735107, 2.0445573329925537, 2.004503011703491, 1.9643484354019165, 1.9193201065063477, 1.8734779357910156, 1.8279378414154053, 1.786862850189209, 1.7451714277267456, 1.7099205255508423, 1.6767964363098145, 1.653875708580017, 1.6247190237045288, 1.6066758632659912, 1.5933022499084473, 1.5776915550231934, 1.5671350955963135, 1.5501164197921753, 1.5475151538848877, 1.5388046503067017, 1.5302637815475464, 1.524559497833252, 1.5129835605621338, 1.5061112642288208, 1.5026710033416748, 1.495672583580017, 1.4975836277008057, 1.4887863397598267, 1.4877253770828247, 1.4884768724441528, 1.4927279949188232, 1.4905318021774292, 1.4903016090393066, 1.4791696071624756, 1.4795502424240112, 1.4740397930145264, 1.4775595664978027, 1.4628688097000122, 1.483046054840088, 1.4677990674972534, 1.4815080165863037, 1.4763820171356201, 1.4737505912780762]}