{"n_parameters": 164625, "training_time": 4629.976254224777, "loss": [7.056422233581543, 5.605369567871094, 5.23737907409668, 4.9020233154296875, 4.599331378936768, 4.33164119720459, 4.079161167144775, 3.8545243740081787, 3.6476340293884277, 3.465801954269409, 3.3154454231262207, 3.1896913051605225, 3.08951735496521, 3.001497745513916, 2.9300458431243896, 2.870539903640747, 2.814321994781494, 2.748514413833618, 2.6918423175811768, 2.6238229274749756, 2.574528694152832, 2.524904489517212, 2.4683868885040283, 2.4066851139068604, 2.3541388511657715, 2.3028128147125244, 2.2491989135742188, 2.2026000022888184, 2.1639907360076904, 2.124375104904175, 2.0793237686157227, 2.0389678478240967, 2.0028042793273926, 1.9658879041671753, 1.9356461763381958, 1.9113179445266724, 1.8894758224487305, 1.8647656440734863, 1.854647159576416, 1.833178997039795, 1.819219708442688, 1.810394048690796, 1.7929402589797974, 1.7896943092346191, 1.7788662910461426, 1.7692023515701294, 1.7669721841812134, 1.7534074783325195, 1.7513818740844727, 1.7475471496582031, 1.7338684797286987, 1.7280588150024414, 1.7291102409362793, 1.7237626314163208, 1.7203168869018555, 1.7148690223693848, 1.7082903385162354, 1.7035318613052368, 1.7003813982009888, 1.697022557258606, 1.6989212036132812, 1.6902294158935547, 1.6872082948684692, 1.6838945150375366, 1.6812186241149902, 1.6768183708190918, 1.6802096366882324, 1.670770525932312, 1.6673187017440796, 1.6637743711471558, 1.6601015329360962, 1.6564226150512695, 1.6614534854888916], "rmse": [2.6163668632507324, 2.349594831466675, 2.271902561187744, 2.19879412651062, 2.129728078842163, 2.0654733180999756, 2.0034139156341553, 1.94776451587677, 1.8932671546936035, 1.8430362939834595, 1.8009742498397827, 1.7661168575286865, 1.7379003763198853, 1.711849331855774, 1.690994381904602, 1.6731339693069458, 1.6572201251983643, 1.6372532844543457, 1.6193678379058838, 1.6000133752822876, 1.5851192474365234, 1.5693469047546387, 1.5523046255111694, 1.5320007801055908, 1.5162209272384644, 1.499876856803894, 1.4812082052230835, 1.4667984247207642, 1.453985571861267, 1.4414160251617432, 1.4257638454437256, 1.4125542640686035, 1.4002755880355835, 1.3870872259140015, 1.3754487037658691, 1.3678327798843384, 1.360503911972046, 1.3506752252578735, 1.3466894626617432, 1.3395975828170776, 1.3341283798217773, 1.3314179182052612, 1.3241976499557495, 1.3232742547988892, 1.3189762830734253, 1.3149473667144775, 1.3146560192108154, 1.3087910413742065, 1.3087286949157715, 1.3073596954345703, 1.3017876148223877, 1.2995851039886475, 1.3002454042434692, 1.2978147268295288, 1.2963651418685913, 1.2945748567581177, 1.292238473892212, 1.290602445602417, 1.2896310091018677, 1.2876083850860596, 1.2881931066513062, 1.2855112552642822, 1.2848488092422485, 1.2819563150405884, 1.2812163829803467, 1.2799991369247437, 1.2803640365600586, 1.2773635387420654, 1.2760443687438965, 1.2750091552734375, 1.2733036279678345, 1.2717323303222656, 1.274213194847107], "val_loss": [5.836059093475342, 5.424618721008301, 5.051567077636719, 4.713142395019531, 4.399129867553711, 4.1199212074279785, 3.8584582805633545, 3.6292757987976074, 3.4203333854675293, 3.258903741836548, 3.1118342876434326, 2.988816499710083, 2.899162530899048, 2.8218271732330322, 2.749828815460205, 2.6919710636138916, 2.627636432647705, 2.569383382797241, 2.5094199180603027, 2.464956521987915, 2.4108588695526123, 2.3502066135406494, 2.3067667484283447, 2.249436378479004, 2.1992740631103516, 2.150343894958496, 2.1022768020629883, 2.0580294132232666, 2.0115559101104736, 1.971871018409729, 1.9389971494674683, 1.8966045379638672, 1.8670111894607544, 1.8308619260787964, 1.8114527463912964, 1.773368239402771, 1.7575407028198242, 1.744538426399231, 1.7301568984985352, 1.705808162689209, 1.7057818174362183, 1.7003083229064941, 1.679268717765808, 1.6736030578613281, 1.6752249002456665, 1.66934072971344, 1.6626378297805786, 1.6587544679641724, 1.6621357202529907, 1.6429227590560913, 1.653084635734558, 1.6340219974517822, 1.6354331970214844, 1.641520619392395, 1.6238267421722412, 1.6255937814712524, 1.639122486114502, 1.625731348991394, 1.6175637245178223, 1.6117464303970337, 1.6148139238357544, 1.6135904788970947, 1.598737359046936, 1.6053184270858765, 1.613799810409546, 1.6025029420852661, 1.5984538793563843, 1.590641736984253, 1.6009005308151245, 1.594711422920227, 1.5956289768218994, 1.5951827764511108, 1.5952996015548706], "val_rmse": [2.3982796669006348, 2.312915086746216, 2.232506275177002, 2.1567299365997314, 2.083510398864746, 2.015634775161743, 1.949580192565918, 1.8895679712295532, 1.8328198194503784, 1.7877380847930908, 1.745887041091919, 1.7099207639694214, 1.6833775043487549, 1.660285234451294, 1.6386710405349731, 1.621456265449524, 1.6017690896987915, 1.5838607549667358, 1.565065860748291, 1.5514732599258423, 1.5344715118408203, 1.5149239301681519, 1.5012948513031006, 1.4825974702835083, 1.4660917520523071, 1.4498807191848755, 1.4337494373321533, 1.4188333749771118, 1.402787446975708, 1.3890501260757446, 1.3777167797088623, 1.3625401258468628, 1.3520416021347046, 1.338854432106018, 1.3318557739257812, 1.3175091743469238, 1.3116881847381592, 1.3068455457687378, 1.3014795780181885, 1.291973352432251, 1.2921217679977417, 1.2900763750076294, 1.281761646270752, 1.2795734405517578, 1.280266523361206, 1.2779603004455566, 1.2752596139907837, 1.273740530014038, 1.2750747203826904, 1.2673401832580566, 1.2714816331863403, 1.2638096809387207, 1.2643548250198364, 1.2669321298599243, 1.259724497795105, 1.260521650314331, 1.2659716606140137, 1.2605489492416382, 1.2572416067123413, 1.254843831062317, 1.2560986280441284, 1.2556142807006836, 1.2495088577270508, 1.2522740364074707, 1.2558103799819946, 1.25119149684906, 1.2495676279067993, 1.2462871074676514, 1.2505614757537842, 1.2480707168579102, 1.248512864112854, 1.248319149017334, 1.248404622077942]}