{"n_parameters": 120161, "training_time": 6487.193331241608, "loss": [6.563210964202881, 5.641847133636475, 5.475975036621094, 5.345846652984619, 5.236595630645752, 5.149204730987549, 5.065577983856201, 4.984586715698242, 4.902525901794434, 4.82070779800415, 4.740809440612793, 4.6583251953125, 4.564316749572754, 4.467310428619385, 4.368706703186035, 4.262285232543945, 4.1602630615234375, 4.046225547790527, 3.9388949871063232, 3.828937292098999, 3.7159035205841064, 3.605210542678833, 3.5075902938842773, 3.4094479084014893, 3.320789098739624, 3.23310923576355, 3.1556317806243896, 3.0803563594818115, 3.013901472091675, 2.9534993171691895, 2.8964993953704834, 2.841146469116211, 2.794633626937866, 2.7455568313598633, 2.6960737705230713, 2.65440034866333, 2.610358476638794, 2.5700478553771973, 2.528270959854126, 2.490616798400879, 2.45072078704834, 2.4214401245117188, 2.3896079063415527, 2.3565335273742676, 2.3196847438812256, 2.2912421226501465, 2.2676095962524414, 2.243489980697632, 2.2128028869628906, 2.193554401397705, 2.1653621196746826, 2.1515986919403076, 2.128875732421875, 2.105600357055664, 2.087979316711426, 2.0729236602783203, 2.050621509552002, 2.032362222671509, 2.0119247436523438, 1.998134970664978, 1.974698781967163, 1.9620331525802612, 1.9443949460983276, 1.933799386024475, 1.908018708229065, 1.8884177207946777, 1.877657413482666, 1.8697634935379028, 1.8531410694122314, 1.8415608406066895, 1.8266043663024902, 1.8174142837524414, 1.8074209690093994, 1.7976598739624023, 1.7823833227157593, 1.7807657718658447, 1.772650957107544, 1.7608531713485718, 1.7562763690948486, 1.7505995035171509, 1.7533459663391113, 1.7380170822143555, 1.7345526218414307, 1.7271078824996948, 1.7268236875534058, 1.71998929977417, 1.7136390209197998, 1.7110252380371094, 1.714165210723877, 1.706020474433899, 1.7049100399017334, 1.699122667312622, 1.6949719190597534, 1.6981382369995117, 1.6947158575057983, 1.6920329332351685, 1.691112995147705, 1.6834827661514282, 1.6866432428359985, 1.680093765258789, 1.6806938648223877, 1.6776719093322754, 1.6775301694869995, 1.6777970790863037, 1.6704734563827515, 1.6725884675979614, 1.6735135316848755, 1.6714823246002197, 1.6627864837646484, 1.6665470600128174, 1.6690709590911865, 1.664249300956726, 1.661194086074829, 1.6601225137710571, 1.6544829607009888, 1.6546716690063477], "rmse": [2.5367584228515625, 2.358950138092041, 2.3241703510284424, 2.296651840209961, 2.273083448410034, 2.2547607421875, 2.236534595489502, 2.218013048171997, 2.2004470825195312, 2.182342529296875, 2.1634109020233154, 2.1443045139312744, 2.12178373336792, 2.099752187728882, 2.075204610824585, 2.049314022064209, 2.0247480869293213, 1.9963722229003906, 1.9689563512802124, 1.9404385089874268, 1.9102851152420044, 1.8820078372955322, 1.8544129133224487, 1.8281208276748657, 1.8023104667663574, 1.7790625095367432, 1.7555595636367798, 1.7336947917938232, 1.7152200937271118, 1.6979180574417114, 1.680750846862793, 1.664397954940796, 1.6498291492462158, 1.6356027126312256, 1.6196104288101196, 1.607351303100586, 1.592605471611023, 1.5815097093582153, 1.5685700178146362, 1.5566962957382202, 1.5440587997436523, 1.534204363822937, 1.5252327919006348, 1.5140341520309448, 1.5018255710601807, 1.4919246435165405, 1.4842610359191895, 1.477158784866333, 1.4662739038467407, 1.460867166519165, 1.451907753944397, 1.4466577768325806, 1.4387606382369995, 1.4306226968765259, 1.4245249032974243, 1.419640302658081, 1.4119362831115723, 1.4059925079345703, 1.3984712362289429, 1.3945772647857666, 1.3861467838287354, 1.3823562860488892, 1.375470757484436, 1.371982216835022, 1.3629329204559326, 1.3554621934890747, 1.352043628692627, 1.3487709760665894, 1.3431684970855713, 1.3401333093643188, 1.334656000137329, 1.3305838108062744, 1.3270957469940186, 1.3231734037399292, 1.3177694082260132, 1.3175063133239746, 1.3146369457244873, 1.3103110790252686, 1.308115839958191, 1.3073145151138306, 1.307695984840393, 1.3015320301055908, 1.300176978111267, 1.2981740236282349, 1.29698646068573, 1.295274257659912, 1.2925870418548584, 1.291343092918396, 1.292617678642273, 1.2897363901138306, 1.2893444299697876, 1.2873872518539429, 1.285786747932434, 1.2861322164535522, 1.2847470045089722, 1.284783959388733, 1.282837986946106, 1.2811610698699951, 1.282189965248108, 1.2802510261535645, 1.280853271484375, 1.2786368131637573, 1.2780052423477173, 1.2793753147125244, 1.2753125429153442, 1.2768847942352295, 1.2777076959609985, 1.2764005661010742, 1.2720832824707031, 1.2743287086486816, 1.2753444910049438, 1.2742925882339478, 1.2725551128387451, 1.2725796699523926, 1.269036054611206, 1.2701011896133423], "val_loss": [5.867982864379883, 5.672177791595459, 5.508756637573242, 5.378908634185791, 5.256293773651123, 5.152254581451416, 5.0562744140625, 4.953732967376709, 4.857213497161865, 4.772389888763428, 4.678123474121094, 4.585460186004639, 4.48121976852417, 4.37266731262207, 4.253638744354248, 4.145999908447266, 4.025923252105713, 3.908020496368408, 3.789325714111328, 3.6716957092285156, 3.5654218196868896, 3.4539504051208496, 3.3618059158325195, 3.2687716484069824, 3.1838393211364746, 3.1076431274414062, 3.033388137817383, 2.965632677078247, 2.90378475189209, 2.844182014465332, 2.791006088256836, 2.74746036529541, 2.7000575065612793, 2.6616954803466797, 2.6115849018096924, 2.5725834369659424, 2.534201145172119, 2.4948558807373047, 2.465254068374634, 2.4309041500091553, 2.391376495361328, 2.3607304096221924, 2.3330488204956055, 2.3050167560577393, 2.268893003463745, 2.247162103652954, 2.220592737197876, 2.19757080078125, 2.1789016723632812, 2.1527934074401855, 2.1278181076049805, 2.1108784675598145, 2.087578296661377, 2.0704338550567627, 2.055479049682617, 2.0327346324920654, 2.0090527534484863, 1.9976502656936646, 1.9725879430770874, 1.956902265548706, 1.9401159286499023, 1.9223976135253906, 1.9106025695800781, 1.8909879922866821, 1.8730796575546265, 1.8616530895233154, 1.8450464010238647, 1.8332486152648926, 1.820726752281189, 1.813257098197937, 1.7964731454849243, 1.7879838943481445, 1.780642032623291, 1.768889307975769, 1.7660322189331055, 1.7474026679992676, 1.7452856302261353, 1.7402188777923584, 1.732833743095398, 1.7301437854766846, 1.72042715549469, 1.7217830419540405, 1.7260714769363403, 1.7208598852157593, 1.7148027420043945, 1.7129709720611572, 1.7071131467819214, 1.705743670463562, 1.7064776420593262, 1.7043559551239014, 1.6998324394226074, 1.7049050331115723, 1.6973543167114258, 1.6953117847442627, 1.6890709400177002, 1.6861330270767212, 1.689497709274292, 1.6876356601715088, 1.6905547380447388, 1.6850461959838867, 1.6839076280593872, 1.683019995689392, 1.6850712299346924, 1.6788198947906494, 1.6738653182983398, 1.6811602115631104, 1.6755784749984741, 1.6765966415405273, 1.6744239330291748, 1.6735515594482422, 1.6684800386428833, 1.670190453529358, 1.6723331212997437, 1.678886890411377, 1.668644666671753, 1.6687289476394653],