{"n_parameters": 39873, "training_time": 8012.652935743332, "loss": [6.421419620513916, 5.791186809539795, 5.685382843017578, 5.6079840660095215, 5.523820400238037, 5.4512529373168945, 5.3872809410095215, 5.301909923553467, 5.242439270019531, 5.172205924987793, 5.098849773406982, 5.016668319702148, 4.944476127624512, 4.901163101196289, 4.813661098480225, 4.7472920417785645, 4.698389530181885, 4.6182780265808105, 4.570047378540039, 4.503203392028809, 4.442142963409424, 4.3720927238464355, 4.31026554107666, 4.248534679412842, 4.185813903808594, 4.111738204956055, 4.045393466949463, 3.976987838745117, 3.9044244289398193, 3.851188898086548, 3.7575955390930176, 3.711181640625, 3.6366288661956787, 3.5702075958251953, 3.5117571353912354, 3.4490609169006348, 3.3904082775115967, 3.3416240215301514, 3.280937433242798, 3.2315032482147217, 3.1797115802764893, 3.146599531173706, 3.1136045455932617, 3.0685181617736816, 3.0317492485046387, 2.981931447982788, 2.962693691253662, 2.9218926429748535, 2.894806385040283, 2.874652862548828, 2.82462739944458, 2.8067004680633545, 2.783186435699463, 2.7589101791381836, 2.7367286682128906, 2.6973438262939453, 2.681997299194336, 2.6632063388824463, 2.636944532394409, 2.6144869327545166, 2.596163272857666, 2.583040475845337, 2.570685863494873, 2.5557546615600586, 2.533949375152588, 2.5226335525512695, 2.5052645206451416, 2.488638162612915, 2.4777491092681885, 2.462622880935669, 2.4468588829040527, 2.443174362182617, 2.418184757232666, 2.4085335731506348, 2.3986048698425293, 2.3812968730926514, 2.377363681793213, 2.3504598140716553, 2.343846082687378, 2.341102123260498, 2.328357458114624, 2.320812702178955, 2.3114538192749023, 2.2999978065490723, 2.30063796043396, 2.2781267166137695, 2.283886432647705, 2.2781052589416504, 2.2588117122650146, 2.2540316581726074, 2.2557740211486816, 2.2467901706695557, 2.228933811187744, 2.217024803161621, 2.2144105434417725, 2.214958429336548, 2.209566116333008, 2.1932716369628906, 2.205400228500366, 2.184835910797119, 2.1738662719726562, 2.1699113845825195, 2.1756575107574463, 2.1600635051727295, 2.155032157897949, 2.1559011936187744, 2.1451027393341064, 2.143061399459839, 2.1386749744415283, 2.12477445602417, 2.127046823501587, 2.112481117248535, 2.118522882461548, 2.1114401817321777, 2.1079487800598145, 2.1062521934509277, 2.090254545211792, 2.0974032878875732, 2.0803563594818115, 2.0786983966827393, 2.0698602199554443, 2.065445899963379, 2.0647127628326416, 2.055304765701294, 2.0619306564331055, 2.0516719818115234, 2.0465714931488037, 2.037754535675049, 2.0424110889434814, 2.0417463779449463, 2.045407772064209, 2.0364530086517334, 2.020799160003662, 2.023916006088257, 2.020533561706543, 2.0120136737823486, 2.0163216590881348, 2.0148329734802246, 2.0086023807525635, 2.0007569789886475, 2.004343271255493, 1.9986456632614136, 1.996046781539917, 1.9904004335403442, 1.9825347661972046, 1.9830259084701538, 1.9917815923690796, 1.9708006381988525, 1.9774690866470337, 1.9712002277374268, 1.97311532497406, 1.9765862226486206, 1.9676311016082764, 1.9599765539169312, 1.9560431241989136, 1.9560368061065674, 1.96024489402771, 1.9566283226013184, 1.9475727081298828, 1.9480583667755127, 1.9392151832580566, 1.938840389251709, 1.9421225786209106, 1.9396418333053589, 1.9295854568481445, 1.9323184490203857, 1.9263534545898438, 1.9181830883026123, 1.9249967336654663, 1.925892949104309, 1.917340874671936, 1.9218080043792725, 1.9174482822418213, 1.9107556343078613, 1.9066474437713623, 1.9119921922683716, 1.9071705341339111, 1.907216191291809, 1.9175920486450195, 1.905159592628479, 1.9027992486953735, 1.8987631797790527, 1.9019135236740112, 1.897853970527649, 1.8884265422821045, 1.8989592790603638, 1.885901689529419, 1.8914235830307007, 1.8801738023757935, 1.893137812614441, 1.8840901851654053, 1.883054256439209, 1.8797452449798584, 1.8814501762390137, 1.8813228607177734, 1.8792164325714111, 1.870548963546753, 1.8682013750076294, 1.8592180013656616, 1.8580549955368042, 1.8716989755630493, 1.8589179515838623, 1.8567883968353271, 1.8548074960708618, 1.8655405044555664, 1.8612669706344604, 1.8624513149261475, 1.8537577390670776, 1.8554234504699707, 1.853805661201477, 1.848482370376587],