{"n_parameters": 194753, "training_time": 5341.825056314468, "loss": [6.180255889892578, 5.874928951263428, 5.859583377838135, 5.843995094299316, 5.832663536071777, 5.824256896972656, 5.812784194946289, 5.8020920753479, 5.793349742889404, 5.7798051834106445, 5.766814231872559, 5.76676082611084, 5.75407075881958, 5.740268707275391, 5.7279953956604, 5.722870826721191, 5.708240985870361, 5.699250221252441, 5.682797908782959, 5.671729564666748, 5.663203239440918, 5.644733428955078, 5.643380165100098, 5.625533103942871, 5.612874984741211, 5.603621959686279, 5.594941139221191, 5.579829216003418, 5.564897537231445, 5.551934719085693, 5.534820556640625, 5.520793437957764, 5.505677223205566, 5.492565631866455, 5.479264736175537, 5.453483581542969, 5.4370269775390625, 5.42044734954834, 5.400715351104736, 5.3741350173950195, 5.354736328125, 5.331441879272461, 5.3129563331604, 5.274916648864746, 5.2492876052856445, 5.221988677978516, 5.19091796875, 5.151277542114258, 5.120545864105225, 5.09089994430542, 5.057465076446533, 5.030158996582031, 4.980098724365234, 4.958715438842773, 4.9233293533325195, 4.884746074676514, 4.8485236167907715, 4.816612720489502, 4.778212547302246, 4.738587379455566, 4.692716598510742, 4.658173084259033, 4.618181228637695, 4.577823638916016, 4.535889625549316, 4.502927780151367, 4.4468841552734375, 4.406601905822754, 4.360376834869385, 4.319117546081543, 4.252986431121826, 4.204771041870117, 4.146944046020508, 4.077670574188232, 4.010045051574707, 3.9532220363616943, 3.8795006275177, 3.8027849197387695, 3.7204737663269043, 3.6353728771209717, 3.545064926147461], "rmse": [2.4639108180999756, 2.4051806926727295, 2.402923583984375, 2.39914870262146, 2.397775173187256, 2.3952786922454834, 2.3937830924987793, 2.391090154647827, 2.389636516571045, 2.386826276779175, 2.3837203979492188, 2.383772611618042, 2.380866289138794, 2.3783090114593506, 2.3766064643859863, 2.375018835067749, 2.3725016117095947, 2.3708786964416504, 2.366694211959839, 2.3647499084472656, 2.363084316253662, 2.3591067790985107, 2.359092950820923, 2.3552603721618652, 2.352780342102051, 2.3516759872436523, 2.349581480026245, 2.345811367034912, 2.343602418899536, 2.340362071990967, 2.33661150932312, 2.333833932876587, 2.330453395843506, 2.327577829360962, 2.3249151706695557, 2.321425199508667, 2.3167619705200195, 2.313720226287842, 2.308955669403076, 2.303795576095581, 2.30025315284729, 2.293980121612549, 2.290837526321411, 2.2826123237609863, 2.2774174213409424, 2.271580696105957, 2.264211416244507, 2.2561192512512207, 2.249925374984741, 2.24253249168396, 2.2357523441314697, 2.2291574478149414, 2.218294620513916, 2.213279962539673, 2.206134796142578, 2.1970059871673584, 2.1882925033569336, 2.1815731525421143, 2.1728930473327637, 2.163435935974121, 2.1538069248199463, 2.144608736038208, 2.136159658432007, 2.126810312271118, 2.117102861404419, 2.109309673309326, 2.095670223236084, 2.0868217945098877, 2.0754199028015137, 2.0652613639831543, 2.049654245376587, 2.0376522541046143, 2.023287057876587, 2.0057966709136963, 1.9896622896194458, 1.97409188747406, 1.9570399522781372, 1.9363505840301514, 1.9147577285766602, 1.8922193050384521, 1.8683819770812988], "val_loss": [6.006195545196533, 5.99404239654541, 5.978893280029297, 5.963219165802002, 5.9472174644470215, 5.931815147399902, 5.917873859405518, 5.905341625213623, 5.8919878005981445, 5.884682655334473, 5.874877452850342, 5.860369682312012, 5.845458984375, 5.835212707519531, 5.829766273498535, 5.823001861572266, 5.810762882232666, 5.795315742492676, 5.7833027839660645, 5.7722883224487305, 5.762645721435547, 5.754539966583252, 5.747988700866699, 5.739656448364258, 5.732528209686279, 5.720863342285156, 5.716073513031006, 5.713019371032715, 5.701502799987793, 5.682026386260986, 5.6754631996154785, 5.671889781951904, 5.647976398468018, 5.649047374725342, 5.634891510009766, 5.604943752288818, 5.5914764404296875, 5.586904525756836, 5.565953731536865, 5.539891719818115, 5.512053966522217, 5.506278038024902, 5.474223613739014, 5.463637828826904, 5.4428391456604, 5.427296161651611, 5.388377666473389, 5.372414588928223, 5.364951133728027, 5.381307125091553, 5.377312183380127, 5.328251838684082, 5.306797504425049, 5.279592990875244, 5.2903852462768555, 5.268459796905518, 5.266395092010498, 5.2560038566589355, 5.141266822814941, 5.187594413757324, 5.189657211303711, 5.177566051483154, 5.125372409820557, 5.0646653175354, 5.036791801452637, 5.057645797729492, 5.000450611114502, 4.963686943054199, 4.967354774475098, 4.881767272949219, 4.907186508178711, 4.8694562911987305, 4.838041305541992, 4.8736114501953125, 4.862017631530762, 4.83535099029541, 4.847381114959717, 4.951009750366211, 5.027870178222656, 5.194307804107666, 5.287410259246826], "val_rmse": [2.4333279132843018, 2.431030035018921, 2.427845001220703, 2.424717664718628, 2.4214091300964355, 2.418405532836914, 2.415526866912842, 2.41304612159729, 2.4102838039398193, 2.4086227416992188, 2.4067444801330566, 2.4038918018341064, 2.4009718894958496, 2.3988919258117676, 2.3975672721862793, 2.3961997032165527, 2.394047498703003, 2.3907926082611084, 2.3884060382843018, 2.386154890060425, 2.3842711448669434, 2.382627487182617, 2.381253480911255, 2.3795793056488037, 2.3780808448791504, 2.375784158706665, 2.3747191429138184, 2.3740644454956055, 2.3717591762542725, 2.3678901195526123, 2.36647891998291, 2.3656129837036133, 2.3607864379882812, 2.3609650135040283, 2.3580660820007324, 2.351978063583374, 2.3492319583892822, 2.3482022285461426, 2.3437676429748535, 2.338388442993164, 2.332648992538452, 2.3311545848846436, 2.324458360671997, 2.3221168518066406, 2.3177132606506348, 2.3143434524536133, 2.306107521057129, 2.302708625793457, 2.3010265827178955, 2.30442214012146, 2.3035101890563965, 2.293111801147461, 2.2885468006134033, 2.2826967239379883, 2.284857749938965, 2.2801008224487305, 2.2795138359069824, 2.2771763801574707, 2.252495765686035, 2.262343168258667, 2.2627017498016357, 2.2599918842315674, 2.2486586570739746, 2.235416889190674, 2.2292566299438477, 2.2337217330932617, 2.2209980487823486, 2.212817430496216, 2.213507652282715, 2.194439649581909, 2.1998791694641113, 2.1913259029388428, 2.1841180324554443, 2.1918575763702393, 2.1890368461608887, 2.1828413009643555, 2.185284376144409, 2.20815110206604, 2.2248241901397705, 2.2608532905578613, 2.280665636062622]}