{"n_parameters": 332865, "training_time": 7181.006125688553, "loss": [6.246390342712402, 5.6934075355529785, 5.533647537231445, 5.411685466766357, 5.287745952606201, 5.196572303771973, 5.118284225463867, 5.030030727386475, 4.9224138259887695, 4.804340839385986, 4.689245700836182, 4.553772926330566, 4.4058709144592285, 4.240609645843506, 4.067798614501953, 3.890023708343506, 3.710078477859497, 3.5348784923553467, 3.3647818565368652, 3.220160722732544, 3.082256317138672, 2.9636521339416504, 2.8602137565612793, 2.7673587799072266, 2.6741557121276855, 2.605844020843506, 2.53437876701355, 2.4788284301757812, 2.4336493015289307, 2.385512351989746, 2.3334543704986572, 2.2999327182769775, 2.260662794113159, 2.2250869274139404, 2.1956889629364014, 2.1677401065826416, 2.139615297317505, 2.112766742706299, 2.0879578590393066, 2.068993091583252, 2.046694755554199, 2.0219743251800537, 2.004781723022461, 1.9904534816741943, 1.976198673248291, 1.9588338136672974, 1.95389723777771, 1.9386690855026245, 1.9262475967407227, 1.919382929801941, 1.9068959951400757, 1.9015443325042725, 1.8945231437683105, 1.8775339126586914, 1.8755446672439575, 1.8607206344604492, 1.856115460395813, 1.8523600101470947, 1.8440707921981812, 1.835366129875183, 1.8352364301681519, 1.830811858177185, 1.8260424137115479, 1.821459412574768, 1.8112516403198242, 1.8063275814056396, 1.7991721630096436, 1.794830560684204, 1.795541763305664, 1.786253809928894, 1.790818214416504, 1.7866723537445068, 1.779829740524292, 1.7771624326705933, 1.7687269449234009, 1.7714824676513672, 1.7588279247283936, 1.7636135816574097, 1.752358078956604], "rmse": [2.4773547649383545, 2.369654417037964, 2.3366923332214355, 2.3106391429901123, 2.285311698913574, 2.26528263092041, 2.247849225997925, 2.2292122840881348, 2.2054178714752197, 2.1781044006347656, 2.152111291885376, 2.120391607284546, 2.0842480659484863, 2.044572591781616, 2.000880241394043, 1.955956220626831, 1.9093730449676514, 1.8627384901046753, 1.8164864778518677, 1.7758287191390991, 1.7367351055145264, 1.703079342842102, 1.672857642173767, 1.6448298692703247, 1.61603581905365, 1.5951027870178223, 1.572584629058838, 1.5556713342666626, 1.5419282913208008, 1.5262678861618042, 1.5081487894058228, 1.4970062971115112, 1.4834823608398438, 1.4736336469650269, 1.4628093242645264, 1.4537250995635986, 1.4438259601593018, 1.434515118598938, 1.4262288808822632, 1.4203797578811646, 1.4125272035598755, 1.404148817062378, 1.3979318141937256, 1.392618179321289, 1.3878693580627441, 1.3827252388000488, 1.3794723749160767, 1.3750195503234863, 1.3697210550308228, 1.3679646253585815, 1.363377571105957, 1.3613576889038086, 1.3591535091400146, 1.353309154510498, 1.3533635139465332, 1.3469200134277344, 1.3452173471450806, 1.3438407182693481, 1.3401488065719604, 1.3384939432144165, 1.3375763893127441, 1.335870385169983, 1.3345668315887451, 1.3321325778961182, 1.3289594650268555, 1.3275948762893677, 1.3240821361541748, 1.323207139968872, 1.323783278465271, 1.320155382156372, 1.3216840028762817, 1.3203672170639038, 1.317739725112915, 1.316278100013733, 1.313179850578308, 1.3148441314697266, 1.3089991807937622, 1.311468482017517, 1.3071506023406982], "val_loss": [5.812656879425049, 5.582368850708008, 5.479522705078125, 5.401934623718262, 5.3154377937316895, 5.273106575012207, 5.171375274658203, 5.088102340698242, 4.964767932891846, 4.827271938323975, 4.700073719024658, 4.575484275817871, 4.34882926940918, 4.185809135437012, 3.9853439331054688, 3.8013851642608643, 3.6650826930999756, 3.453324556350708, 3.2784624099731445, 3.0809621810913086, 2.9681332111358643, 2.845600128173828, 2.778184652328491, 2.676839828491211, 2.6116671562194824, 2.589493989944458, 2.5144028663635254, 2.4845175743103027, 2.4726686477661133, 2.3950655460357666, 2.364443302154541, 2.3361012935638428, 2.303528070449829, 2.2545621395111084, 2.2101941108703613, 2.2161762714385986, 2.1491613388061523, 2.133497476577759, 2.132983922958374, 2.0877881050109863, 2.0747194290161133, 2.051731586456299, 2.0317561626434326, 2.0150256156921387, 2.0209248065948486, 1.980603575706482, 1.9488543272018433, 1.9435248374938965, 1.9263179302215576, 1.917393445968628, 1.898158073425293, 1.8708595037460327, 1.8951280117034912, 1.8803108930587769, 1.8856680393218994, 1.8752065896987915, 1.8272309303283691, 1.8349372148513794, 1.8588637113571167, 1.8403836488723755, 1.8406014442443848, 1.8038287162780762, 1.8136720657348633, 1.8288463354110718, 1.7985976934432983, 1.7752082347869873, 1.7624605894088745, 1.7915117740631104, 1.773444414138794, 1.7706000804901123, 1.7533750534057617, 1.7737913131713867, 1.7628265619277954, 1.723050832748413, 1.7249423265457153, 1.7354559898376465, 1.7466704845428467, 1.7268588542938232, 1.7359445095062256], "val_rmse": [2.3942441940307617, 2.347315788269043, 2.326249361038208, 2.310267210006714, 2.2916243076324463, 2.2822344303131104, 2.2603249549865723, 2.2418529987335205, 2.214280366897583, 2.1830146312713623, 2.1535685062408447, 2.1236698627471924, 2.0699849128723145, 2.0298733711242676, 1.979841709136963, 1.9324129819869995, 1.896466851234436, 1.8398715257644653, 1.7917120456695557, 1.7364189624786377, 1.7040551900863647, 1.6680841445922852, 1.647912621498108, 1.617836833000183, 1.5979467630386353, 1.5913960933685303, 1.5679757595062256, 1.5587122440338135, 1.554801344871521, 1.5300722122192383, 1.5201711654663086, 1.5109062194824219, 1.5000264644622803, 1.4841684103012085, 1.4694164991378784, 1.4713157415390015, 1.4490092992782593, 1.4438077211380005, 1.4435784816741943, 1.428130865097046, 1.423683762550354, 1.4157052040100098, 1.4088727235794067, 1.403005599975586, 1.4049800634384155, 1.3910610675811768, 1.3799335956573486, 1.3780639171600342, 1.3717422485351562, 1.368484616279602, 1.3617579936981201, 1.3519775867462158, 1.3606681823730469, 1.3553544282913208, 1.3571330308914185, 1.3533780574798584, 1.3361337184906006, 1.3389142751693726, 1.3475027084350586, 1.3406641483306885, 1.340867519378662, 1.3276021480560303, 1.3310198783874512, 1.3365049362182617, 1.3256855010986328, 1.3170660734176636, 1.3125107288360596, 1.3229252099990845, 1.3163708448410034, 1.315333604812622, 1.309149980545044, 1.316498875617981, 1.3125685453414917, 1.2976497411727905, 1.2985085248947144, 1.30223548412323, 1.306388258934021, 1.2991582155227661, 1.302582859992981]}