{"n_parameters": 289825, "training_time": 9632.599291563034, "loss": [6.182666778564453, 5.802678108215332, 5.640399932861328, 5.574579238891602, 5.515115737915039, 5.462084770202637, 5.434588432312012, 5.3902363777160645, 5.366405487060547, 5.328478813171387, 5.295572280883789, 5.251049041748047, 5.21304178237915, 5.176872253417969, 5.1418280601501465, 5.08927059173584, 5.036091327667236, 4.988016605377197, 4.915716648101807, 4.838474750518799, 4.760435104370117, 4.655935764312744, 4.573310852050781, 4.451578140258789, 4.343282699584961, 4.228236198425293, 4.116218090057373, 4.01713752746582, 3.9243927001953125, 3.832530975341797, 3.748400926589966, 3.6673989295959473, 3.5914621353149414, 3.528837203979492, 3.4764492511749268, 3.4122402667999268, 3.358877658843994, 3.313243865966797, 3.2603468894958496, 3.2230641841888428, 3.1672263145446777, 3.142204761505127, 3.1070199012756348, 3.0761163234710693, 3.045224189758301, 3.000530481338501, 2.9864609241485596, 2.954211950302124, 2.935351848602295, 2.911871910095215, 2.8801658153533936, 2.862431764602661, 2.8339688777923584, 2.815277099609375, 2.7962934970855713, 2.7704718112945557, 2.7644712924957275, 2.7491698265075684, 2.7190191745758057, 2.695895195007324, 2.6804540157318115, 2.6625657081604004, 2.6630752086639404, 2.6345179080963135, 2.6260838508605957, 2.606703519821167, 2.596029043197632, 2.5691189765930176, 2.5675153732299805, 2.533036708831787, 2.541755437850952, 2.522439479827881, 2.5211753845214844, 2.4894843101501465, 2.4701035022735596, 2.4609639644622803, 2.459726095199585, 2.4405596256256104, 2.4308249950408936, 2.418933153152466, 2.4079952239990234, 2.403784990310669, 2.3963663578033447, 2.392340660095215, 2.352363348007202, 2.3633642196655273, 2.3497517108917236, 2.335512161254883, 2.3359217643737793, 2.3153600692749023, 2.307746171951294, 2.2998874187469482, 2.2920584678649902, 2.2834866046905518, 2.2773356437683105, 2.2727108001708984, 2.245833396911621, 2.2391726970672607, 2.241513729095459, 2.228839159011841, 2.219895124435425, 2.2035911083221436, 2.2054531574249268, 2.199532985687256, 2.1978960037231445, 2.192389488220215, 2.1641969680786133, 2.165416717529297, 2.1579883098602295, 2.158367395401001, 2.1469292640686035], "rmse": [2.467586040496826, 2.3920021057128906, 2.3590028285980225, 2.3451104164123535, 2.333507537841797, 2.3221635818481445, 2.3174290657043457, 2.307368516921997, 2.3025875091552734, 2.294036388397217, 2.2873270511627197, 2.277512550354004, 2.2686257362365723, 2.261274576187134, 2.2535576820373535, 2.242424964904785, 2.2304017543792725, 2.219406843185425, 2.2022078037261963, 2.1851322650909424, 2.1671090126037598, 2.1433165073394775, 2.1235220432281494, 2.0941312313079834, 2.06820011138916, 2.040379524230957, 2.0116286277770996, 1.9868241548538208, 1.9645617008209229, 1.9415347576141357, 1.9184333086013794, 1.8980439901351929, 1.8787517547607422, 1.861376404762268, 1.8464549779891968, 1.8303024768829346, 1.8154778480529785, 1.8027901649475098, 1.7887300252914429, 1.7781156301498413, 1.7632635831832886, 1.7564356327056885, 1.7446233034133911, 1.7370010614395142, 1.7282012701034546, 1.715718388557434, 1.710753321647644, 1.701034665107727, 1.696567177772522, 1.6897395849227905, 1.6814035177230835, 1.6758031845092773, 1.6659457683563232, 1.6608518362045288, 1.655232548713684, 1.6480950117111206, 1.645531177520752, 1.6419039964675903, 1.632103443145752, 1.625259280204773, 1.6203241348266602, 1.614500641822815, 1.614756464958191, 1.6059825420379639, 1.6029773950576782, 1.59756338596344, 1.5949337482452393, 1.5871226787567139, 1.5844600200653076, 1.5749123096466064, 1.5779274702072144, 1.5708807706832886, 1.570820689201355, 1.5614006519317627, 1.5550837516784668, 1.5519484281539917, 1.5512338876724243, 1.5452574491500854, 1.542075514793396, 1.539184808731079, 1.5348833799362183, 1.5335439443588257, 1.5320816040039062, 1.5297777652740479, 1.5177189111709595, 1.5204169750213623, 1.5163218975067139, 1.512035846710205, 1.5112266540527344, 1.5057302713394165, 1.502302885055542, 1.4999291896820068, 1.4964041709899902, 1.4937570095062256, 1.4928079843521118, 1.4913344383239746, 1.4822574853897095, 1.4789658784866333, 1.480690360069275, 1.4764610528945923, 1.4735413789749146, 1.467909574508667, 1.4681777954101562, 1.4663784503936768, 1.4655582904815674, 1.4638689756393433, 1.4541352987289429, 1.4539453983306885, 1.4522671699523926, 1.4524102210998535, 1.4477510452270508], "val_loss": [5.80419397354126, 5.657378673553467, 5.556206703186035, 5.545601844787598, 5.52612829208374, 5.5139546394348145, 5.460495471954346, 5.417690277099609, 5.3362202644348145, 5.308023929595947, 5.252051830291748, 5.185654640197754, 5.132558822631836, 5.077324390411377, 4.943010330200195, 4.855942726135254, 4.725680828094482, 4.637981414794922, 4.510898113250732, 4.394224643707275, 4.250182151794434, 3.9858148097991943, 3.823697090148926, 3.617830991744995, 3.403341293334961, 3.2419838905334473, 3.091919183731079, 2.995272636413574, 2.9263458251953125, 2.8646419048309326, 2.8290929794311523, 2.7575957775115967, 2.7269697189331055, 2.6881816387176514, 2.674823760986328, 2.6824088096618652, 2.682671070098877, 2.640338897705078, 2.6199543476104736, 2.6115055084228516, 2.5950870513916016, 2.605658531188965, 2.616398334503174, 2.6214993000030518, 2.6059179306030273, 2.5737321376800537, 2.5829861164093018, 2.563051462173462, 2.562807083129883, 2.5109808444976807, 2.548084259033203, 2.5048882961273193, 2.5150585174560547, 2.4884450435638428, 2.4486334323883057, 2.4478704929351807, 2.409019947052002, 2.407421350479126, 2.406702756881714, 2.3638954162597656, 2.3870933055877686, 2.3732051849365234, 2.328681707382202, 2.3158230781555176, 2.31048846244812, 2.3224499225616455, 2.2598695755004883, 2.256939172744751, 2.2176668643951416, 2.2623789310455322, 2.2415924072265625, 2.2590649127960205, 2.212998628616333, 2.2075536251068115, 2.2502968311309814, 2.1843414306640625, 2.1922309398651123, 2.1948776245117188, 2.1584842205047607, 2.1572792530059814, 2.1573855876922607, 2.122941732406616, 2.123807191848755, 2.1021554470062256, 2.094677686691284, 2.1349399089813232, 2.0606584548950195, 2.0504138469696045, 2.037656784057617, 2.0768120288848877, 2.081892967224121, 2.046787738800049, 2.0150742530822754, 2.051381826400757, 2.065966844558716, 2.0539605617523193, 2.052208423614502, 2.0137577056884766, 2.0556957721710205, 2.0199105739593506, 2.0228374004364014, 1.992521047592163, 2.023430347442627, 1.9774188995361328, 2.0158190727233887, 1.9682410955429077, 2.0082030296325684, 1.9929447174072266, 1.9847911596298218, 2.030858039855957, 1.9763286113739014],