{"n_parameters": 212225, "training_time": 4647.4674162864685, "loss": [7.802833080291748, 6.7144904136657715, 6.287712574005127, 6.028340816497803, 5.831728458404541, 5.718996047973633, 5.6390299797058105, 5.526236057281494, 5.4594197273254395, 5.404959201812744, 5.33276891708374, 5.259138107299805, 5.228701114654541, 5.146289825439453, 5.096848011016846, 5.026580333709717, 4.949321746826172, 4.898351192474365, 4.812702178955078, 4.745996952056885, 4.67520809173584, 4.571280002593994, 4.5099897384643555, 4.420389175415039, 4.335909366607666, 4.231521129608154, 4.150116443634033, 4.076854228973389, 3.98818039894104, 3.9034805297851562, 3.8325154781341553, 3.7274954319000244, 3.6404354572296143, 3.5646719932556152, 3.483705520629883, 3.400688409805298, 3.3035881519317627, 3.204908609390259, 3.0978431701660156, 3.008556842803955, 2.9370663166046143, 2.8360540866851807, 2.7629427909851074, 2.6954362392425537, 2.623131513595581, 2.566920757293701, 2.530623197555542, 2.4775540828704834, 2.440845012664795, 2.3996503353118896, 2.3727235794067383, 2.319685697555542, 2.298457145690918, 2.277604103088379, 2.252333402633667, 2.2222483158111572, 2.2149274349212646, 2.1933717727661133, 2.1740095615386963, 2.150663137435913, 2.150251626968384, 2.123786687850952], "rmse": [2.7646234035491943, 2.5737040042877197, 2.4903132915496826, 2.437908411026001, 2.397986650466919, 2.3748700618743896, 2.358886241912842, 2.334505796432495, 2.3213951587677, 2.3096389770507812, 2.293409585952759, 2.2783071994781494, 2.2718048095703125, 2.2537872791290283, 2.2417569160461426, 2.226585865020752, 2.2094807624816895, 2.1976213455200195, 2.178105115890503, 2.1622297763824463, 2.1454410552978516, 2.1219663619995117, 2.106722831726074, 2.084800958633423, 2.064749240875244, 2.0383386611938477, 2.0198190212249756, 2.0006630420684814, 1.9778265953063965, 1.9556832313537598, 1.939222812652588, 1.9098156690597534, 1.8882538080215454, 1.8679839372634888, 1.846340298652649, 1.8236727714538574, 1.7974982261657715, 1.7701082229614258, 1.7401806116104126, 1.7144865989685059, 1.694784164428711, 1.6648091077804565, 1.6427791118621826, 1.6233453750610352, 1.6011817455291748, 1.584212303161621, 1.5726568698883057, 1.5565147399902344, 1.5445504188537598, 1.5312108993530273, 1.5229554176330566, 1.5059943199157715, 1.4996938705444336, 1.492892861366272, 1.4836188554763794, 1.474166989326477, 1.4720779657363892, 1.4649724960327148, 1.4584195613861084, 1.449702262878418, 1.4499021768569946, 1.4409838914871216], "val_loss": [5.94468355178833, 5.896688461303711, 5.720294952392578, 5.710197925567627, 5.563599586486816, 5.595206260681152, 5.555299282073975, 5.496988296508789, 5.457117080688477, 5.368417263031006, 5.316940784454346, 5.272437572479248, 5.1742730140686035, 5.081183433532715, 4.949370861053467, 4.882976531982422, 4.784494400024414, 4.72472620010376, 4.642715930938721, 4.528137683868408, 4.4684247970581055, 4.3681321144104, 4.227181911468506, 4.140764236450195, 4.056822776794434, 3.963136672973633, 3.8796520233154297, 3.820848226547241, 3.755323886871338, 3.6914947032928467, 3.5756711959838867, 3.5065090656280518, 3.426939010620117, 3.394068956375122, 3.271167278289795, 3.1524314880371094, 3.044403314590454, 2.93054461479187, 2.892847776412964, 2.8368735313415527, 2.791604518890381, 2.753662347793579, 2.700470209121704, 2.6980981826782227, 2.671952247619629, 2.6544761657714844, 2.6301305294036865, 2.6190714836120605, 2.6144378185272217, 2.6118838787078857, 2.634289026260376, 2.6068413257598877, 2.6128616333007812, 2.6112282276153564, 2.629058361053467, 2.6305243968963623, 2.6052684783935547, 2.645482301712036, 2.6654586791992188, 2.6602420806884766, 2.6596014499664307, 2.6142241954803467], "val_rmse": [2.4206900596618652, 2.411109447479248, 2.3743834495544434, 2.3725180625915527, 2.3425981998443604, 2.348966360092163, 2.340766668319702, 2.3282554149627686, 2.319645404815674, 2.301013708114624, 2.290046215057373, 2.280503034591675, 2.2592592239379883, 2.2387847900390625, 2.20944881439209, 2.1942732334136963, 2.1717183589935303, 2.1577234268188477, 2.1384267807006836, 2.1113874912261963, 2.09692645072937, 2.072664737701416, 2.038454294204712, 2.0170211791992188, 1.9960323572158813, 1.9722493886947632, 1.9509191513061523, 1.935712456703186, 1.9185811281204224, 1.9019157886505127, 1.871422290802002, 1.8528804779052734, 1.8314497470855713, 1.822593331336975, 1.7890212535858154, 1.7559913396835327, 1.7259680032730103, 1.6936564445495605, 1.6835366487503052, 1.6676632165908813, 1.6549127101898193, 1.6440163850784302, 1.6282150745391846, 1.6279363632202148, 1.6202573776245117, 1.6153457164764404, 1.608177900314331, 1.604985237121582, 1.6040409803390503, 1.6034228801727295, 1.6105406284332275, 1.602169156074524, 1.6043201684951782, 1.6039677858352661, 1.6094871759414673, 1.6101092100143433, 1.6024224758148193, 1.6148054599761963, 1.6210815906524658, 1.6195883750915527, 1.619450330734253, 1.6054894924163818]}