{"n_parameters": 172225, "training_time": 11351.15068411827, "loss": [5.897819995880127, 5.8179802894592285, 5.770616054534912, 5.70853328704834, 5.633116722106934, 5.54110860824585, 5.415462970733643, 5.247106552124023, 5.053890228271484, 4.840484142303467, 4.641894817352295, 4.467502117156982, 4.313567638397217, 4.1735334396362305, 4.061504364013672, 3.9655954837799072, 3.883220911026001, 3.819404363632202, 3.7609128952026367, 3.7064688205718994, 3.6512503623962402, 3.5981862545013428, 3.5453007221221924, 3.493995428085327, 3.444819211959839, 3.3903610706329346, 3.337251663208008, 3.282379150390625, 3.2269675731658936, 3.1715025901794434, 3.116009473800659, 3.062253713607788, 3.004671573638916, 2.9505269527435303, 2.8931193351745605, 2.8380229473114014, 2.781014919281006, 2.7260334491729736, 2.6721086502075195, 2.619378089904785, 2.5673763751983643, 2.5192511081695557, 2.4711687564849854, 2.4259254932403564, 2.382800340652466, 2.340529680252075, 2.3020341396331787, 2.2651844024658203, 2.2315571308135986, 2.1961374282836914, 2.164565086364746, 2.1347310543060303, 2.113225221633911, 2.0895962715148926, 2.066317081451416, 2.0474350452423096, 2.0289714336395264, 2.013568162918091, 1.9956289529800415, 1.986258864402771, 1.972108006477356, 1.960002064704895, 1.9497994184494019, 1.9369491338729858, 1.9256656169891357, 1.916928768157959, 1.9083927869796753, 1.899229645729065, 1.895207405090332, 1.883183479309082, 1.875214695930481, 1.8690063953399658, 1.8630889654159546, 1.8582605123519897, 1.850935459136963, 1.8436884880065918, 1.838410496711731, 1.8316330909729004, 1.82599937915802, 1.8183907270431519, 1.8160479068756104, 1.8106728792190552, 1.8069229125976562, 1.8035714626312256, 1.799052357673645, 1.792384147644043, 1.7867909669876099, 1.785353422164917, 1.779051423072815, 1.7768077850341797, 1.7731542587280273, 1.7651987075805664, 1.7642526626586914, 1.7578970193862915, 1.7586675882339478, 1.7519035339355469, 1.7517991065979004, 1.7451735734939575, 1.742018461227417, 1.7404159307479858, 1.735952377319336, 1.7339363098144531, 1.7330199480056763, 1.7260361909866333, 1.7271840572357178, 1.7252739667892456, 1.7234933376312256, 1.7188717126846313, 1.715044379234314, 1.7137703895568848, 1.7132340669631958, 1.708881139755249, 1.7088335752487183, 1.705750823020935, 1.6997547149658203, 1.7003538608551025, 1.6974554061889648, 1.6973762512207031, 1.6972401142120361, 1.6899280548095703, 1.6916803121566772, 1.690373420715332, 1.6871610879898071, 1.6808996200561523, 1.682108998298645, 1.6807494163513184, 1.6775120496749878, 1.6766513586044312, 1.674822211265564, 1.672528862953186, 1.6693495512008667, 1.6690020561218262, 1.658653974533081, 1.6533666849136353, 1.6495662927627563, 1.6442725658416748, 1.6406832933425903, 1.6395471096038818, 1.6342617273330688, 1.6340430974960327, 1.628735899925232, 1.6262519359588623, 1.6226868629455566, 1.6203197240829468, 1.6175199747085571, 1.6134488582611084, 1.6070681810379028, 1.6084522008895874, 1.6033310890197754, 1.6021716594696045, 1.5965336561203003, 1.595270037651062, 1.5947784185409546, 1.5863864421844482, 1.5858427286148071, 1.583446741104126, 1.5820571184158325, 1.5791049003601074, 1.572369933128357, 1.568634271621704, 1.5674859285354614, 1.565035104751587, 1.5631747245788574, 1.5593791007995605, 1.5560013055801392, 1.552680253982544, 1.5509331226348877, 1.5463862419128418, 1.5447089672088623, 1.541007161140442, 1.54221510887146, 1.538598895072937, 1.5353479385375977, 1.532703161239624, 1.53104829788208, 1.5267733335494995, 1.526300072669983, 1.5236282348632812, 1.5192210674285889, 1.5186244249343872, 1.5143355131149292, 1.5151342153549194, 1.5125194787979126, 1.505723237991333, 1.5063974857330322, 1.50553560256958, 1.5004206895828247, 1.5020182132720947, 1.498979091644287, 1.498123288154602, 1.4946485757827759, 1.4922946691513062, 1.4916893243789673, 1.4898349046707153, 1.4857760667800903], "rmse": [2.41174578666687, 2.394017457962036, 2.385019302368164, 2.372102975845337, 2.3559820652008057, 2.336843967437744, 2.3110194206237793, 2.274555206298828, 2.232956647872925, 2.1855318546295166, 2.140890598297119, 2.1004457473754883, 2.0638813972473145, 2.030485153198242, 2.003032684326172, 1.9801204204559326, 1.9580862522125244, 1.942034363746643, 1.926710844039917, 1.9127051830291748, 1.8980430364608765, 1.8842092752456665, 1.8706088066101074, 1.8565645217895508, 1.8432778120040894, 1.8283675909042358, 1.8134801387786865, 1.798295497894287, 1.7827259302139282, 1.7665404081344604, 1.7508082389831543, 1.7353765964508057, 1.7185174226760864, 1.702316164970398, 1.685481071472168, 1.6692447662353516, 1.6522408723831177, 1.6346555948257446, 1.6176165342330933, 1.6013083457946777, 1.5847269296646118, 1.5693565607070923, 1.5536168813705444, 1.5390939712524414, 1.5235779285430908, 1.5100466012954712, 1.4974249601364136, 1.4848321676254272, 1.473358392715454, 1.4602487087249756, 1.4508665800094604, 1.4398852586746216, 1.4319894313812256, 1.4238898754119873, 1.4163713455200195, 1.4087086915969849, 1.4024866819381714, 1.3979038000106812, 1.391623616218567, 1.386813759803772, 1.382931113243103, 1.3774696588516235, 1.3740986585617065, 1.3692618608474731, 1.3660229444503784, 1.363972544670105, 1.3599754571914673, 1.3561642169952393, 1.3561607599258423, 1.3507336378097534, 1.348006010055542, 1.346287488937378, 1.3437438011169434, 1.3421919345855713, 1.3396474123001099, 1.3378252983093262, 1.3343632221221924, 1.3328869342803955, 1.331237554550171, 1.3277106285095215, 1.3282486200332642, 1.3258869647979736, 1.3247250318527222, 1.3233469724655151, 1.322264313697815, 1.3203222751617432, 1.3170499801635742, 1.316576361656189, 1.3142585754394531, 1.3133994340896606, 1.3120731115341187, 1.3092409372329712, 1.3098639249801636, 1.305756688117981, 1.3066890239715576, 1.3039631843566895, 1.3039683103561401, 1.301400065422058, 1.3011634349822998, 1.3004993200302124, 1.2990856170654297, 1.2977616786956787, 1.298166036605835, 1.294939637184143, 1.2963037490844727, 1.2958015203475952, 1.294274926185608, 1.29228675365448, 1.2914090156555176, 1.290679931640625, 1.290548324584961, 1.2890722751617432, 1.288995623588562, 1.2879122495651245, 1.2854604721069336, 1.2860010862350464, 1.284142017364502, 1.2848485708236694, 1.2854604721069336, 1.2815545797348022, 1.2823368310928345, 1.2816447019577026, 1.2807117700576782, 1.2790348529815674, 1.2785779237747192, 1.2788128852844238, 1.2763879299163818, 1.2764506340026855, 1.2765212059020996, 1.275137186050415, 1.2745248079299927, 1.2752890586853027, 1.2701846361160278, 1.2682229280471802, 1.2667206525802612, 1.2654215097427368, 1.2631072998046875, 1.2621724605560303, 1.2602304220199585, 1.261201024055481, 1.2591830492019653, 1.2583484649658203, 1.2568014860153198, 1.2563574314117432, 1.2548264265060425, 1.2532020807266235, 1.250978708267212, 1.251734972000122, 1.248873233795166, 1.248124122619629, 1.2467609643936157, 1.2454718351364136, 1.2449817657470703, 1.2427111864089966, 1.2434892654418945, 1.2422521114349365, 1.2410995960235596, 1.2403463125228882, 1.237410545349121, 1.2356808185577393, 1.2358694076538086, 1.234571933746338, 1.2337486743927002, 1.2320739030838013, 1.2314273118972778, 1.2297430038452148, 1.228969693183899, 1.227803349494934, 1.2264305353164673, 1.2254228591918945, 1.225411057472229, 1.225196361541748, 1.2233530282974243, 1.221519947052002, 1.2213059663772583, 1.2195156812667847, 1.2195961475372314, 1.2181317806243896, 1.2164286375045776, 1.2159452438354492, 1.2152119874954224, 1.2144328355789185, 1.213914394378662, 1.211659550666809, 1.2115837335586548, 1.2104381322860718, 1.2087544202804565, 1.2101198434829712, 1.2087492942810059, 1.2081718444824219, 1.2063549757003784, 1.205262303352356, 1.2054002285003662, 1.205528974533081, 1.2035510540008545],