{"n_parameters": 369089, "training_time": 10483.891525506973, "loss": [5.91287088394165, 5.517197608947754, 5.264360427856445, 5.022767066955566, 4.773139953613281, 4.49670934677124, 4.151618957519531, 3.7761106491088867, 3.418707847595215, 3.1249849796295166, 2.9109137058258057, 2.7398548126220703, 2.6063480377197266, 2.5168509483337402, 2.435821056365967, 2.3782057762145996, 2.309966564178467, 2.2831528186798096, 2.225507974624634, 2.1895740032196045, 2.1532084941864014, 2.130664110183716, 2.0944418907165527, 2.065174102783203, 2.0329084396362305, 2.0171496868133545, 1.9863002300262451, 1.9632651805877686, 1.9472697973251343, 1.9214643239974976, 1.9120886325836182, 1.8937145471572876, 1.8748137950897217, 1.8618168830871582, 1.854790210723877, 1.842978596687317, 1.833376407623291, 1.8243401050567627, 1.8082629442214966, 1.8035109043121338, 1.7929534912109375, 1.7808949947357178, 1.7759062051773071, 1.7585171461105347, 1.7530620098114014, 1.7440240383148193, 1.733502984046936, 1.7232013940811157, 1.730474829673767, 1.7097035646438599, 1.7021656036376953, 1.6912868022918701, 1.6834903955459595, 1.668811321258545, 1.6654610633850098, 1.649690866470337, 1.6445672512054443, 1.6376581192016602, 1.6317800283432007, 1.6211400032043457, 1.6030242443084717, 1.5930460691452026, 1.5738823413848877, 1.5691301822662354, 1.5630507469177246, 1.5469114780426025, 1.527772068977356, 1.5123344659805298, 1.5003588199615479, 1.480265736579895, 1.4703737497329712, 1.4540513753890991, 1.4491121768951416, 1.4281713962554932, 1.4132611751556396, 1.380536675453186, 1.3772640228271484, 1.3553383350372314, 1.3413423299789429, 1.3271297216415405, 1.304943561553955, 1.2967536449432373, 1.28309166431427, 1.2657173871994019, 1.2585688829421997, 1.2440218925476074, 1.2337236404418945, 1.2340623140335083, 1.2133116722106934, 1.2012381553649902, 1.1966123580932617, 1.1850992441177368, 1.1850861310958862, 1.172232985496521, 1.1638391017913818, 1.1568968296051025], "rmse": [2.4130465984344482, 2.333197593688965, 2.2801096439361572, 2.2266581058502197, 2.1699166297912598, 2.1051206588745117, 2.0216574668884277, 1.926454782485962, 1.8315024375915527, 1.7508972883224487, 1.68765127658844, 1.6374949216842651, 1.595048189163208, 1.5673859119415283, 1.5423929691314697, 1.5235955715179443, 1.5009859800338745, 1.492153525352478, 1.4731590747833252, 1.4614105224609375, 1.4484132528305054, 1.4416406154632568, 1.4281187057495117, 1.418827772140503, 1.4084322452545166, 1.4023970365524292, 1.391344428062439, 1.3840864896774292, 1.3781139850616455, 1.3684947490692139, 1.365270972251892, 1.359534502029419, 1.3520286083221436, 1.347522497177124, 1.3447331190109253, 1.3404414653778076, 1.336942434310913, 1.3328657150268555, 1.3285101652145386, 1.3260040283203125, 1.3218810558319092, 1.317994236946106, 1.3154770135879517, 1.3098102807998657, 1.308402419090271, 1.3030574321746826, 1.3004777431488037, 1.2963937520980835, 1.2982605695724487, 1.2906925678253174, 1.288013219833374, 1.2838398218154907, 1.2812455892562866, 1.2750850915908813, 1.2738518714904785, 1.2674146890640259, 1.2665061950683594, 1.263034462928772, 1.2607367038726807, 1.2569607496261597, 1.249399185180664, 1.2453745603561401, 1.2380762100219727, 1.236264944076538, 1.2337721586227417, 1.2277287244796753, 1.2203987836837769, 1.2129995822906494, 1.2084009647369385, 1.2006006240844727, 1.1968647241592407, 1.1895822286605835, 1.1880195140838623, 1.1790913343429565, 1.1718714237213135, 1.158708930015564, 1.1573714017868042, 1.1477646827697754, 1.141020655632019, 1.1348952054977417, 1.125293254852295, 1.1210083961486816, 1.1159162521362305, 1.1084785461425781, 1.1048303842544556, 1.0980976819992065, 1.0936920642852783, 1.0935120582580566, 1.0845175981521606, 1.078676700592041, 1.0757780075073242, 1.07040536403656, 1.0713343620300293, 1.0651898384094238, 1.0613986253738403, 1.058294653892517], "val_loss": [5.511334419250488, 5.136760711669922, 4.857598304748535, 4.579276084899902, 4.23736047744751, 3.8248400688171387, 3.361320734024048, 2.9417407512664795, 2.654752492904663, 2.4833524227142334, 2.3799145221710205, 2.32666277885437, 2.2462587356567383, 2.2481017112731934, 2.18452525138855, 2.1725900173187256, 2.1536448001861572, 2.100977897644043, 2.0575201511383057, 2.0245070457458496, 1.9781655073165894, 1.9568041563034058, 1.933885931968689, 1.8979675769805908, 1.8856555223464966, 1.880253791809082, 1.8817269802093506, 1.8413190841674805, 1.8215607404708862, 1.8005255460739136, 1.825865387916565, 1.8135696649551392, 1.8074216842651367, 1.7592380046844482, 1.761723518371582, 1.7545109987258911, 1.7637557983398438, 1.7953590154647827, 1.7415852546691895, 1.72405207157135, 1.7325654029846191, 1.7520430088043213, 1.7617768049240112, 1.7158979177474976, 1.7494101524353027, 1.710192322731018, 1.7143102884292603, 1.7123264074325562, 1.6937121152877808, 1.7034449577331543, 1.6698970794677734, 1.6522550582885742, 1.687860369682312, 1.659734845161438, 1.627557635307312, 1.651305079460144, 1.6042842864990234, 1.6100550889968872, 1.6288058757781982, 1.6038198471069336, 1.6091622114181519, 1.581510305404663, 1.5528851747512817, 1.5433388948440552, 1.5409409999847412, 1.5141087770462036, 1.5112590789794922, 1.4961289167404175, 1.4963065385818481, 1.4765727519989014, 1.4402129650115967, 1.4472647905349731, 1.4096052646636963, 1.4104231595993042, 1.3749186992645264, 1.363604187965393, 1.3441559076309204, 1.3375205993652344, 1.3038772344589233, 1.3021931648254395, 1.2811198234558105, 1.2279713153839111, 1.2676200866699219, 1.2607641220092773, 1.2458984851837158, 1.1892863512039185, 1.2430485486984253, 1.2254191637039185, 1.1903883218765259, 1.1669864654541016, 1.133791446685791, 1.172711968421936, 1.1908780336380005, 1.16750967502594, 1.1474030017852783, 1.175399661064148], "val_rmse": [2.331469774246216, 2.2523386478424072, 2.1906628608703613, 2.12644624710083, 2.0443484783172607, 1.9402379989624023, 1.8162140846252441, 1.6967577934265137, 1.6103876829147339, 1.556775450706482, 1.5237681865692139, 1.5068341493606567, 1.480172038078308, 1.4811538457870483, 1.4598002433776855, 1.4562397003173828, 1.4503364562988281, 1.4324591159820557, 1.417691707611084, 1.406449794769287, 1.390383005142212, 1.383112907409668, 1.3753713369369507, 1.362613558769226, 1.3583906888961792, 1.3568006753921509, 1.3575986623764038, 1.3427244424819946, 1.3355579376220703, 1.3274545669555664, 1.337223768234253, 1.3326311111450195, 1.3307256698608398, 1.3123732805252075, 1.3133031129837036, 1.3105169534683228, 1.31432044506073, 1.326237678527832, 1.3056292533874512, 1.2988938093185425, 1.3024653196334839, 1.3097560405731201, 1.313582181930542, 1.296044945716858, 1.3086729049682617, 1.2938624620437622, 1.2954548597335815, 1.2946964502334595, 1.2875522375106812, 1.291504144668579, 1.2783013582229614, 1.2714152336120605, 1.2852777242660522, 1.274691104888916, 1.2621856927871704, 1.2716790437698364, 1.2531381845474243, 1.2554875612258911, 1.262804627418518, 1.2531065940856934, 1.2552164793014526, 1.2440255880355835, 1.2325022220611572, 1.2289893627166748, 1.2277071475982666, 1.2166492938995361, 1.2158308029174805, 1.2093985080718994, 1.209729552268982, 1.2017613649368286, 1.1868432760238647, 1.189537525177002, 1.1739165782928467, 1.1741137504577637, 1.159383773803711, 1.1545515060424805, 1.1463344097137451, 1.1434433460235596, 1.1287970542907715, 1.1276260614395142, 1.1185712814331055, 1.0950363874435425, 1.1130529642105103, 1.10990571975708, 1.1036427021026611, 1.077398657798767, 1.1019591093063354, 1.0938678979873657, 1.07768714427948, 1.06675386428833, 1.0514321327209473, 1.069530725479126, 1.0778738260269165, 1.0669649839401245, 1.0576996803283691, 1.0711196660995483]}