{"n_parameters": 383201, "training_time": 14642.339636087418, "loss": [6.492376327514648, 5.74586296081543, 5.484553337097168, 5.311910629272461, 5.171503067016602, 5.022399425506592, 4.8856425285339355, 4.698519706726074, 4.5169901847839355, 4.34206485748291, 4.1605377197265625, 4.010663986206055, 3.845384120941162, 3.730196237564087, 3.616096019744873, 3.5160763263702393, 3.422293186187744, 3.330124855041504, 3.239675760269165, 3.141162633895874, 3.0662424564361572, 2.975252866744995, 2.89310622215271, 2.806978225708008, 2.732508420944214, 2.661914587020874, 2.604736089706421, 2.542438268661499, 2.494252920150757, 2.4353554248809814, 2.394585371017456, 2.3483831882476807, 2.3138298988342285, 2.284137010574341, 2.23813796043396, 2.2026665210723877, 2.1689364910125732, 2.1383163928985596, 2.11681866645813, 2.0861425399780273, 2.0736138820648193, 2.0421736240386963, 2.0235683917999268, 2.012434720993042, 1.9907211065292358, 1.9791066646575928, 1.959238886833191, 1.9496697187423706, 1.9391812086105347, 1.9300798177719116, 1.9196852445602417, 1.9153491258621216, 1.9005836248397827, 1.8951828479766846, 1.8859176635742188, 1.8795435428619385, 1.8776768445968628, 1.8697313070297241, 1.8657106161117554, 1.8570538759231567, 1.8511924743652344, 1.8470975160598755, 1.842042326927185, 1.8392802476882935, 1.8275634050369263, 1.8198988437652588, 1.8172364234924316, 1.8067389726638794, 1.8086986541748047, 1.8015471696853638, 1.8043971061706543, 1.7995021343231201, 1.7880030870437622, 1.7846907377243042, 1.7811492681503296, 1.773177981376648, 1.7725318670272827, 1.7660675048828125, 1.7650614976882935, 1.7588037252426147, 1.7644368410110474, 1.7536790370941162, 1.7472742795944214, 1.7447267770767212, 1.7392891645431519, 1.7387301921844482, 1.7332210540771484, 1.7264026403427124, 1.7252774238586426, 1.7273609638214111, 1.717620611190796, 1.7148548364639282, 1.7074024677276611, 1.7141647338867188, 1.7018321752548218, 1.7012754678726196, 1.6948710680007935, 1.6938709020614624, 1.6872737407684326, 1.689753770828247, 1.6866532564163208, 1.6762194633483887, 1.6787835359573364, 1.6664177179336548, 1.659293532371521, 1.6668925285339355, 1.650511384010315, 1.6565357446670532, 1.6514954566955566, 1.6466329097747803, 1.6461535692214966, 1.6381908655166626, 1.6314692497253418, 1.622752070426941, 1.6235371828079224, 1.6165705919265747, 1.619152307510376, 1.6148333549499512, 1.606532335281372, 1.6048028469085693, 1.5996816158294678, 1.5951836109161377, 1.5916821956634521, 1.582712173461914, 1.5799866914749146, 1.5798383951187134, 1.5638288259506226, 1.5668128728866577, 1.5674835443496704, 1.5536166429519653, 1.5469008684158325, 1.545644760131836, 1.538637399673462, 1.5411972999572754, 1.5316203832626343, 1.523949384689331, 1.5198217630386353, 1.5128817558288574, 1.5115158557891846, 1.5003631114959717, 1.4990043640136719, 1.481870412826538, 1.4898340702056885, 1.4802829027175903, 1.4754570722579956, 1.4691004753112793, 1.4645107984542847, 1.4608651399612427, 1.4545491933822632, 1.4457765817642212, 1.4424468278884888, 1.431929111480713, 1.4261678457260132, 1.4201610088348389], "rmse": [2.522860050201416, 2.380831003189087, 2.326268196105957, 2.29009747505188, 2.260315179824829, 2.2272849082946777, 2.196326494216919, 2.15305757522583, 2.109715223312378, 2.067662000656128, 2.0236737728118896, 1.9855351448059082, 1.9429553747177124, 1.9132637977600098, 1.8812185525894165, 1.8560078144073486, 1.8299109935760498, 1.80585515499115, 1.7806836366653442, 1.7536245584487915, 1.7319183349609375, 1.705688238143921, 1.682606816291809, 1.6581884622573853, 1.635786533355713, 1.6146845817565918, 1.5967974662780762, 1.5778359174728394, 1.5638419389724731, 1.5438849925994873, 1.5312397480010986, 1.517203450202942, 1.5067100524902344, 1.4966583251953125, 1.481475591659546, 1.4700477123260498, 1.4579983949661255, 1.447861671447754, 1.4405804872512817, 1.4299678802490234, 1.425355076789856, 1.4151809215545654, 1.408478856086731, 1.40406334400177, 1.3970108032226562, 1.3929178714752197, 1.3855782747268677, 1.3825000524520874, 1.3779501914978027, 1.3752431869506836, 1.3706660270690918, 1.3695441484451294, 1.3641597032546997, 1.36289381980896, 1.3585482835769653, 1.3573644161224365, 1.3556616306304932, 1.3534198999404907, 1.3517321348190308, 1.3485159873962402, 1.3459031581878662, 1.3452115058898926, 1.3427646160125732, 1.3422311544418335, 1.338010311126709, 1.3344471454620361, 1.3339778184890747, 1.3305327892303467, 1.3309966325759888, 1.3286103010177612, 1.3291443586349487, 1.327315092086792, 1.3225619792938232, 1.322208285331726, 1.320084571838379, 1.3170204162597656, 1.3169852495193481, 1.3137609958648682, 1.3143186569213867, 1.3118658065795898, 1.313551425933838, 1.309645175933838, 1.3078948259353638, 1.3066449165344238, 1.3048843145370483, 1.3043599128723145, 1.3020410537719727, 1.2996042966842651, 1.2991411685943604, 1.2994134426116943, 1.2964975833892822, 1.2950785160064697, 1.292248249053955, 1.2948664426803589, 1.2903923988342285, 1.2897752523422241, 1.2875404357910156, 1.2865110635757446, 1.2846773862838745, 1.2860140800476074, 1.2840306758880615, 1.2806674242019653, 1.2811652421951294, 1.2763972282409668, 1.273664951324463, 1.2762707471847534, 1.269920825958252, 1.2733888626098633, 1.270873785018921, 1.2689297199249268, 1.2688385248184204, 1.2655225992202759, 1.2623523473739624, 1.2588038444519043, 1.2596206665039062, 1.2571327686309814, 1.2575087547302246, 1.256057620048523, 1.2530231475830078, 1.252575397491455, 1.250390648841858, 1.2492257356643677, 1.2477003335952759, 1.243741512298584, 1.2419555187225342, 1.2432364225387573, 1.235913634300232, 1.2370312213897705, 1.2374927997589111, 1.231871247291565, 1.229901909828186, 1.2294262647628784, 1.2260549068450928, 1.2272306680679321, 1.2240363359451294, 1.2207180261611938, 1.218626856803894, 1.2154240608215332, 1.2148222923278809, 1.2108808755874634, 1.2096668481826782, 1.2026604413986206, 1.2067729234695435, 1.2024458646774292, 1.2004605531692505, 1.1979399919509888, 1.1960176229476929, 1.1943542957305908, 1.192039966583252, 1.1880958080291748, 1.1873284578323364, 1.1825814247131348, 1.180237889289856, 1.177391529083252],