{"n_parameters": 222753, "training_time": 4689.919043064117, "loss": [5.698033809661865, 5.363055229187012, 5.173092365264893, 4.993762016296387, 4.772551536560059, 4.578719615936279, 4.376216888427734, 4.193428993225098, 4.001018047332764, 3.823028802871704, 3.658616065979004, 3.511157512664795, 3.3820648193359375, 3.281442880630493, 3.19783091545105, 3.1179311275482178, 3.0589282512664795, 2.9944512844085693, 2.9261574745178223, 2.879462718963623, 2.8234429359436035, 2.7957651615142822, 2.738940477371216, 2.711620330810547, 2.677255392074585, 2.6391470432281494, 2.5995101928710938, 2.571829080581665, 2.533473014831543, 2.5055460929870605, 2.4739184379577637, 2.441176414489746, 2.4160683155059814, 2.3920319080352783, 2.3678712844848633, 2.3399875164031982, 2.3219265937805176, 2.3011043071746826, 2.2889318466186523, 2.272360324859619, 2.2576208114624023, 2.236156940460205, 2.214329481124878, 2.2021186351776123, 2.1783530712127686, 2.1673920154571533, 2.1558070182800293, 2.1407177448272705, 2.14434552192688, 2.133765697479248, 2.1227848529815674, 2.1157891750335693, 2.107272148132324, 2.0991458892822266, 2.0806658267974854, 2.087141752243042, 2.0790984630584717, 2.0615525245666504, 2.070575475692749, 2.05072283744812, 2.050912857055664, 2.0356435775756836], "rmse": [2.369345188140869, 2.2996089458465576, 2.25915789604187, 2.2199244499206543, 2.17038631439209, 2.1262147426605225, 2.077838897705078, 2.033400774002075, 1.9841731786727905, 1.939640998840332, 1.896931767463684, 1.8568122386932373, 1.8221180438995361, 1.7950692176818848, 1.770959496498108, 1.7486323118209839, 1.731540560722351, 1.712882161140442, 1.693429946899414, 1.6799827814102173, 1.6633501052856445, 1.6556590795516968, 1.6381092071533203, 1.6308127641677856, 1.6204856634140015, 1.6083067655563354, 1.5961030721664429, 1.5879408121109009, 1.5763059854507446, 1.5672677755355835, 1.558316946029663, 1.547620415687561, 1.539336085319519, 1.532127022743225, 1.5244762897491455, 1.5150538682937622, 1.5088316202163696, 1.5028663873672485, 1.4990259408950806, 1.492989182472229, 1.488800048828125, 1.4814183712005615, 1.4742672443389893, 1.4704054594039917, 1.46192467212677, 1.4585379362106323, 1.4545828104019165, 1.4498509168624878, 1.4508415460586548, 1.4474419355392456, 1.4433026313781738, 1.4414230585098267, 1.438135027885437, 1.4357506036758423, 1.4291831254959106, 1.4306331872940063, 1.4282649755477905, 1.4225261211395264, 1.4253641366958618, 1.417901635169983, 1.4185205698013306, 1.4129923582077026], "val_loss": [5.587284564971924, 5.3210062980651855, 5.114981651306152, 4.8131489753723145, 4.550055503845215, 4.306070327758789, 4.085696220397949, 3.8658206462860107, 3.650904893875122, 3.4158895015716553, 3.2470502853393555, 3.090632677078247, 2.955831527709961, 2.843228340148926, 2.767087459564209, 2.698631525039673, 2.625730514526367, 2.5547311305999756, 2.497673273086548, 2.4506306648254395, 2.4105021953582764, 2.3692424297332764, 2.331523895263672, 2.2930192947387695, 2.2627971172332764, 2.2378056049346924, 2.17169189453125, 2.155949354171753, 2.125359058380127, 2.0978550910949707, 2.0755491256713867, 2.0520362854003906, 2.035114288330078, 1.999079942703247, 1.9858254194259644, 1.9774609804153442, 1.955533504486084, 1.9521583318710327, 1.9229575395584106, 1.9212987422943115, 1.9072508811950684, 1.8932173252105713, 1.8825010061264038, 1.8768506050109863, 1.870514154434204, 1.8477638959884644, 1.8389877080917358, 1.842858910560608, 1.830224633216858, 1.8352855443954468, 1.8353432416915894, 1.8593289852142334, 1.8283801078796387, 1.8166851997375488, 1.8368110656738281, 1.814665675163269, 1.799854040145874, 1.8018677234649658, 1.8157719373703003, 1.8310210704803467, 1.8040673732757568, 1.8385039567947388], "val_rmse": [2.347522020339966, 2.2917871475219727, 2.247239351272583, 2.180016279220581, 2.1190531253814697, 2.061016082763672, 2.0071141719818115, 1.9519015550613403, 1.8961355686187744, 1.832911729812622, 1.786163091659546, 1.7422356605529785, 1.7026097774505615, 1.6693521738052368, 1.6465085744857788, 1.625815987586975, 1.603300929069519, 1.581202745437622, 1.5634357929229736, 1.5486451387405396, 1.5358794927597046, 1.5227093696594238, 1.5105341672897339, 1.4980741739273071, 1.488247036933899, 1.4801909923553467, 1.4577338695526123, 1.4529342651367188, 1.4426020383834839, 1.4332507848739624, 1.425849199295044, 1.4179024696350098, 1.4123135805130005, 1.3995705842971802, 1.395019292831421, 1.3924051523208618, 1.3845689296722412, 1.3837342262268066, 1.3732794523239136, 1.3728872537612915, 1.3678830862045288, 1.3630348443984985, 1.3592597246170044, 1.3573575019836426, 1.3551721572875977, 1.346696138381958, 1.3434414863586426, 1.3450595140457153, 1.3403085470199585, 1.342279314994812, 1.3422720432281494, 1.351501226425171, 1.3398046493530273, 1.335343599319458, 1.343153715133667, 1.3344436883926392, 1.3290027379989624, 1.3297563791275024, 1.3351472616195679, 1.341025948524475, 1.3307528495788574, 1.343885064125061]}