{"n_parameters": 186961, "training_time": 3385.366276025772, "loss": [5.971590042114258, 5.729377269744873, 5.569808006286621, 5.443008899688721, 5.330963134765625, 5.235134601593018, 5.126152038574219, 5.032272815704346, 4.929183006286621, 4.83573579788208, 4.72462272644043, 4.599121570587158, 4.472901344299316, 4.32773494720459, 4.184165000915527, 4.018163204193115, 3.8499808311462402, 3.668034315109253, 3.4949188232421875, 3.339252233505249, 3.1961824893951416, 3.056642770767212, 2.9289159774780273, 2.8315911293029785, 2.736395835876465, 2.6582534313201904, 2.59130859375, 2.532127857208252, 2.486795663833618, 2.427762746810913, 2.3825607299804688, 2.3535079956054688, 2.315178871154785, 2.2811803817749023, 2.243173360824585, 2.216451644897461, 2.18416166305542, 2.176079034805298, 2.139524459838867, 2.118574619293213, 2.0881600379943848, 2.0694799423217773, 2.0485541820526123, 2.0351438522338867, 2.0148816108703613, 1.9935091733932495, 1.98215651512146, 1.971014142036438, 1.9512182474136353, 1.9465506076812744, 1.9380437135696411, 1.9251785278320312, 1.9222080707550049], "rmse": [2.424088954925537, 2.3763487339019775, 2.344161033630371, 2.317216634750366, 2.2942681312561035, 2.2736732959747314, 2.249606132507324, 2.2301814556121826, 2.205476999282837, 2.1855039596557617, 2.160057783126831, 2.13016939163208, 2.101120710372925, 2.0652008056640625, 2.0305466651916504, 1.9895591735839844, 1.9457828998565674, 1.8972718715667725, 1.850813627243042, 1.808249831199646, 1.7685273885726929, 1.7277019023895264, 1.692004680633545, 1.6626721620559692, 1.633553385734558, 1.6101826429367065, 1.5891151428222656, 1.5714330673217773, 1.5569175481796265, 1.538076400756836, 1.523596167564392, 1.5142101049423218, 1.5018032789230347, 1.4905433654785156, 1.478770136833191, 1.4701204299926758, 1.459977388381958, 1.4566212892532349, 1.4440150260925293, 1.43682062625885, 1.427297592163086, 1.4206619262695312, 1.4136847257614136, 1.4084217548370361, 1.4021732807159424, 1.3948900699615479, 1.3894720077514648, 1.3864402770996094, 1.3791589736938477, 1.377183437347412, 1.3755724430084229, 1.369770884513855, 1.3703312873840332], "val_loss": [5.872421741485596, 5.697075843811035, 5.570838451385498, 5.468108177185059, 5.356141567230225, 5.236473560333252, 5.119153022766113, 5.004454612731934, 4.882120132446289, 4.779115200042725, 4.645598411560059, 4.545220375061035, 4.367735385894775, 4.233558177947998, 4.048286437988281, 3.8687920570373535, 3.681844711303711, 3.505089044570923, 3.3115732669830322, 3.1769042015075684, 3.031771421432495, 2.9295406341552734, 2.8264684677124023, 2.7609965801239014, 2.6952438354492188, 2.627678871154785, 2.6050362586975098, 2.5272693634033203, 2.5219600200653076, 2.4772167205810547, 2.47241473197937, 2.404224157333374, 2.4003024101257324, 2.385650157928467, 2.36073899269104, 2.337836980819702, 2.3218941688537598, 2.297504425048828, 2.2723374366760254, 2.250920534133911, 2.252963066101074, 2.2078311443328857, 2.1730806827545166, 2.2198755741119385, 2.18268084526062, 2.172973871231079, 2.2072792053222656, 2.1230297088623047, 2.1565346717834473, 2.13493013381958, 2.142519235610962, 2.128095865249634, 2.1459708213806152], "val_rmse": [2.405860424041748, 2.370333671569824, 2.344404458999634, 2.323241710662842, 2.2997195720672607, 2.2741122245788574, 2.248624324798584, 2.223198413848877, 2.195762872695923, 2.1721351146698, 2.141256332397461, 2.1174042224884033, 2.0751500129699707, 2.042227268218994, 1.996222734451294, 1.9504121541976929, 1.9015322923660278, 1.854086995124817, 1.800942301750183, 1.7628870010375977, 1.7213847637176514, 1.6915796995162964, 1.6612629890441895, 1.6417807340621948, 1.6222776174545288, 1.6017639636993408, 1.5952214002609253, 1.5711666345596313, 1.5699836015701294, 1.5561916828155518, 1.5550854206085205, 1.5335525274276733, 1.532594919204712, 1.5281198024749756, 1.5203802585601807, 1.5132009983062744, 1.5081379413604736, 1.500414252281189, 1.4923285245895386, 1.4853241443634033, 1.486253261566162, 1.4712520837783813, 1.4597023725509644, 1.4757171869277954, 1.4632351398468018, 1.4601818323135376, 1.471879243850708, 1.443221926689148, 1.4547926187515259, 1.4474605321884155, 1.450247883796692, 1.4453763961791992, 1.4515687227249146]}