{"n_parameters": 226145, "training_time": 7585.868646621704, "loss": [5.8496623039245605, 5.828618049621582, 5.798379898071289, 5.769833564758301, 5.731503009796143, 5.683565139770508, 5.622978210449219, 5.556046009063721, 5.467589855194092, 5.3867106437683105, 5.304333686828613, 5.218053817749023, 5.1295318603515625, 5.043403625488281, 4.964904308319092, 4.884374141693115, 4.820166110992432, 4.754933834075928, 4.686753749847412, 4.6213812828063965, 4.574240684509277, 4.486233234405518, 4.415707111358643, 4.339263439178467, 4.240044116973877, 4.133853912353516, 4.0130391120910645, 3.882875919342041, 3.7216074466705322, 3.561548948287964, 3.4018075466156006, 3.262509346008301, 3.140881299972534, 3.0433032512664795, 2.9677135944366455, 2.9076931476593018, 2.861656427383423, 2.8078601360321045, 2.751722812652588, 2.7207908630371094, 2.6767117977142334, 2.639000654220581, 2.611581325531006, 2.5779733657836914, 2.547309637069702, 2.523228406906128, 2.4933762550354004, 2.481032371520996, 2.4399983882904053, 2.4227347373962402, 2.4056270122528076, 2.3876938819885254, 2.364981174468994, 2.3376855850219727, 2.318317174911499, 2.2924764156341553, 2.2849409580230713, 2.2567098140716553, 2.24269700050354, 2.2250304222106934, 2.200735569000244, 2.191709041595459, 2.1674938201904297, 2.1561405658721924, 2.142256736755371, 2.123589038848877, 2.113619804382324, 2.101393938064575, 2.0804851055145264, 2.064249038696289, 2.049856424331665, 2.043426513671875, 2.024087905883789, 2.0096747875213623, 2.0100247859954834, 1.9955648183822632, 1.9856491088867188, 1.9742310047149658, 1.9635331630706787, 1.9493006467819214, 1.9484193325042725, 1.9368771314620972, 1.931364893913269, 1.9242483377456665, 1.914323091506958, 1.907881736755371, 1.8892887830734253, 1.8856438398361206, 1.8722211122512817, 1.8835567235946655, 1.865709900856018, 1.8635103702545166, 1.8594818115234375, 1.8538345098495483, 1.8490149974822998, 1.841668963432312, 1.8382841348648071, 1.8301806449890137, 1.833059549331665, 1.8268910646438599], "rmse": [2.4010846614837646, 2.3962790966033936, 2.389662504196167, 2.3845598697662354, 2.3762612342834473, 2.367647647857666, 2.3537378311157227, 2.3408913612365723, 2.3224189281463623, 2.3050224781036377, 2.2882437705993652, 2.269526958465576, 2.251115322113037, 2.232067584991455, 2.2147419452667236, 2.19675874710083, 2.1826117038726807, 2.167351245880127, 2.151768207550049, 2.137444019317627, 2.1264779567718506, 2.105182647705078, 2.088205099105835, 2.0704822540283203, 2.046471357345581, 2.0197341442108154, 1.989693284034729, 1.9569997787475586, 1.9147573709487915, 1.8718816041946411, 1.8288642168045044, 1.789487600326538, 1.7547937631607056, 1.7257980108261108, 1.7039724588394165, 1.686768889427185, 1.6725491285324097, 1.657292366027832, 1.6399272680282593, 1.6310354471206665, 1.6165975332260132, 1.605314016342163, 1.5966224670410156, 1.587483286857605, 1.5761475563049316, 1.5690743923187256, 1.5595436096191406, 1.5556597709655762, 1.5412983894348145, 1.5370352268218994, 1.531642198562622, 1.5260998010635376, 1.518125057220459, 1.5090261697769165, 1.503635287284851, 1.4949363470077515, 1.4918709993362427, 1.4831743240356445, 1.4780361652374268, 1.472655177116394, 1.464440941810608, 1.4614667892456055, 1.4533501863479614, 1.4488357305526733, 1.4443223476409912, 1.4380111694335938, 1.4347654581069946, 1.430907964706421, 1.4235498905181885, 1.417788028717041, 1.4129290580749512, 1.4106367826461792, 1.4049326181411743, 1.3996366262435913, 1.399196743965149, 1.3948543071746826, 1.3906000852584839, 1.3871551752090454, 1.382965326309204, 1.3783692121505737, 1.3778713941574097, 1.373956561088562, 1.3719967603683472, 1.3705580234527588, 1.3658274412155151, 1.365103006362915, 1.356715202331543, 1.3556801080703735, 1.3517730236053467, 1.3558582067489624, 1.3486151695251465, 1.3477978706359863, 1.3472297191619873, 1.3448911905288696, 1.3423224687576294, 1.3390952348709106, 1.3389313220977783, 1.3368818759918213, 1.336979627609253, 1.3360710144042969], "val_loss": [5.991605281829834, 5.964405059814453, 5.928380489349365, 5.8895649909973145, 5.834503173828125, 5.771336078643799, 5.686039447784424, 5.582043170928955, 5.464999675750732, 5.346353054046631, 5.2196946144104, 5.096986770629883, 4.972322463989258, 4.85682487487793, 4.750998497009277, 4.654580116271973, 4.563320636749268, 4.472568035125732, 4.393733501434326, 4.318485736846924, 4.234017372131348, 4.173285484313965, 4.078681468963623, 3.9932494163513184, 3.884657144546509, 3.732189178466797, 3.5934953689575195, 3.4377989768981934, 3.243898868560791, 3.0670571327209473, 2.877357006072998, 2.753657579421997, 2.6689999103546143, 2.583540201187134, 2.515911340713501, 2.4800658226013184, 2.4346768856048584, 2.4283013343811035, 2.384976387023926, 2.352308988571167, 2.312652349472046, 2.2897307872772217, 2.2586967945098877, 2.2264604568481445, 2.222435235977173, 2.224743127822876, 2.233044385910034, 2.185321569442749, 2.1704580783843994, 2.1951773166656494, 2.131540060043335, 2.113445997238159, 2.148796319961548, 2.113403797149658, 2.0865657329559326, 2.060136079788208, 2.0775558948516846, 2.060518741607666, 2.0679409503936768, 2.0730624198913574, 2.0397472381591797, 2.0159530639648438, 2.022599458694458, 1.9885451793670654, 2.0076701641082764, 1.9884757995605469, 2.0325369834899902, 1.9847103357315063, 1.9891310930252075, 1.9601584672927856, 1.9580562114715576, 1.9805570840835571, 1.9149329662322998, 1.905893325805664, 1.9434010982513428, 1.9511263370513916, 1.9043258428573608, 1.907332181930542, 1.866870403289795, 1.8754081726074219, 1.871573567390442, 1.8778716325759888, 1.8539319038391113, 1.863995909690857, 1.8499537706375122, 1.840226650238037, 1.8344788551330566, 1.8409879207611084, 1.840595006942749, 1.8301315307617188, 1.8355307579040527, 1.8109543323516846, 1.8110358715057373, 1.8215384483337402, 1.798348307609558, 1.8081271648406982, 1.807409405708313, 1.8359198570251465, 1.8105671405792236, 1.7999576330184937], "val_rmse": [2.430040121078491, 2.424558639526367, 2.417175769805908, 2.4094607830047607, 2.39868426322937, 2.385782241821289, 2.3681602478027344, 2.346766710281372, 2.3223774433135986, 2.2972404956817627, 2.27036190032959, 2.2437665462493896, 2.216461181640625, 2.1907060146331787, 2.1668288707733154, 2.1447863578796387, 2.1237237453460693, 2.1026151180267334, 2.0840632915496826, 2.066176176071167, 2.0458297729492188, 2.0309152603149414, 2.0076091289520264, 1.986167311668396, 1.9585869312286377, 1.9193224906921387, 1.882651686668396, 1.8405240774154663, 1.7867729663848877, 1.7360780239105225, 1.6802538633346558, 1.6423884630203247, 1.616182565689087, 1.589324712753296, 1.5676867961883545, 1.5562081336975098, 1.5416386127471924, 1.539633870124817, 1.5254170894622803, 1.514798879623413, 1.5016834735870361, 1.4942083358764648, 1.4837851524353027, 1.4729180335998535, 1.4717366695404053, 1.4727904796600342, 1.475791573524475, 1.459572434425354, 1.4546056985855103, 1.4636310338974, 1.4413065910339355, 1.4353474378585815, 1.447995901107788, 1.4358700513839722, 1.42645263671875, 1.4171761274337769, 1.4235806465148926, 1.4178582429885864, 1.4209147691726685, 1.4227885007858276, 1.4110983610153198, 1.4026540517807007, 1.405332088470459, 1.3930350542068481, 1.4002774953842163, 1.393335223197937, 1.4097195863723755, 1.3923894166946411, 1.3942762613296509, 1.3837792873382568, 1.3831955194473267, 1.3915953636169434, 1.3676929473876953, 1.3643909692764282, 1.378603219985962, 1.3815675973892212, 1.3643003702163696, 1.3656991720199585, 1.3506402969360352, 1.353942632675171, 1.3527584075927734, 1.3552087545394897, 1.3463993072509766, 1.3503819704055786, 1.345088005065918, 1.341330647468567, 1.3395596742630005, 1.3417484760284424, 1.3418666124343872, 1.3382084369659424, 1.3401927947998047, 1.3310645818710327, 1.3311176300048828, 1.3349517583847046, 1.3262755870819092, 1.3302077054977417, 1.3298444747924805, 1.34080171585083, 1.331030249595642, 1.3271032571792603]}