{"n_parameters": 204289, "training_time": 5592.229655742645, "loss": [6.043540000915527, 5.725449562072754, 5.604637622833252, 5.505865573883057, 5.4155497550964355, 5.356932640075684, 5.295482635498047, 5.222667217254639, 5.16171932220459, 5.088746070861816, 5.031717777252197, 4.96425199508667, 4.897579193115234, 4.807332515716553, 4.726377010345459, 4.630936145782471, 4.543529033660889, 4.4368062019348145, 4.329030513763428, 4.222781658172607, 4.0945329666137695, 3.9834840297698975, 3.870835542678833, 3.7553112506866455, 3.6525075435638428, 3.558356285095215, 3.4824728965759277, 3.4036166667938232, 3.314239025115967, 3.23970365524292, 3.1799585819244385, 3.0990381240844727, 3.053354263305664, 2.9895384311676025, 2.948113203048706, 2.8933122158050537, 2.8555734157562256, 2.807518243789673, 2.772827625274658, 2.7443630695343018, 2.7146944999694824, 2.6743361949920654, 2.653130292892456, 2.61537766456604, 2.589294910430908, 2.5595059394836426, 2.5453100204467773, 2.5206503868103027, 2.5054843425750732, 2.476139783859253, 2.4554524421691895, 2.4326484203338623, 2.4092345237731934, 2.4034552574157715, 2.379387140274048, 2.363459825515747, 2.344132423400879, 2.329569101333618, 2.313004732131958, 2.3000168800354004, 2.281975507736206, 2.2698447704315186, 2.245354175567627, 2.245128631591797, 2.224609613418579, 2.2155425548553467, 2.1901566982269287, 2.172757148742676, 2.1683871746063232, 2.1529502868652344, 2.1544528007507324, 2.14107608795166, 2.135479211807251, 2.115598201751709, 2.106294631958008, 2.1039135456085205, 2.087022304534912, 2.076188325881958, 2.07749605178833, 2.0740888118743896, 2.06404972076416, 2.0473623275756836], "rmse": [2.4399924278259277, 2.3753180503845215, 2.352113723754883, 2.3307766914367676, 2.312142848968506, 2.299764394760132, 2.2868540287017822, 2.271817684173584, 2.25807785987854, 2.241946220397949, 2.229520320892334, 2.2140936851501465, 2.1989593505859375, 2.1783151626586914, 2.16032075881958, 2.1380977630615234, 2.1173171997070312, 2.091207981109619, 2.065493106842041, 2.0394084453582764, 2.0078377723693848, 1.9793323278427124, 1.95101797580719, 1.9209651947021484, 1.8931671380996704, 1.8673710823059082, 1.8478039503097534, 1.8270612955093384, 1.8023558855056763, 1.7826329469680786, 1.7653273344039917, 1.7415709495544434, 1.729296326637268, 1.7106668949127197, 1.6996692419052124, 1.6833829879760742, 1.6721726655960083, 1.657569169998169, 1.6468868255615234, 1.6393145322799683, 1.6293094158172607, 1.6173961162567139, 1.610962986946106, 1.5990628004074097, 1.5902128219604492, 1.581410527229309, 1.5773999691009521, 1.5698058605194092, 1.564873456954956, 1.555228352546692, 1.5484976768493652, 1.5427664518356323, 1.5348929166793823, 1.53206467628479, 1.524867296218872, 1.519782543182373, 1.5124032497406006, 1.5088691711425781, 1.5026657581329346, 1.499706745147705, 1.4937267303466797, 1.4894074201583862, 1.4808934926986694, 1.4815797805786133, 1.4742072820663452, 1.4713200330734253, 1.4624505043029785, 1.457078456878662, 1.4550384283065796, 1.4501978158950806, 1.451318621635437, 1.4466954469680786, 1.4444400072097778, 1.4371296167373657, 1.4350900650024414, 1.434603214263916, 1.428281307220459, 1.4249061346054077, 1.4243324995040894, 1.4231221675872803, 1.4205251932144165, 1.4142733812332153], "val_loss": [5.801087379455566, 5.630448341369629, 5.479506492614746, 5.368143081665039, 5.258362293243408, 5.159808158874512, 5.069716453552246, 4.968013286590576, 4.882791519165039, 4.800966262817383, 4.699286937713623, 4.57213830947876, 4.471755027770996, 4.326380729675293, 4.2001752853393555, 4.036961078643799, 3.8685739040374756, 3.699472427368164, 3.545400381088257, 3.3909099102020264, 3.2515950202941895, 3.129427433013916, 3.0244009494781494, 2.9242196083068848, 2.819765329360962, 2.7541134357452393, 2.673809289932251, 2.6198177337646484, 2.5543525218963623, 2.5360422134399414, 2.478147029876709, 2.459730863571167, 2.4178707599639893, 2.391688823699951, 2.3722431659698486, 2.341618537902832, 2.3301682472229004, 2.304445743560791, 2.2856264114379883, 2.289818525314331, 2.2753677368164062, 2.2528934478759766, 2.2309515476226807, 2.237609386444092, 2.207537889480591, 2.2125160694122314, 2.1701488494873047, 2.1543445587158203, 2.1308064460754395, 2.120699405670166, 2.085177183151245, 2.074495792388916, 2.065739154815674, 2.0667381286621094, 2.024320363998413, 2.014101266860962, 2.0073699951171875, 1.9672716856002808, 1.9744536876678467, 1.942591905593872, 1.937429428100586, 1.9495458602905273, 1.9488739967346191, 1.9337551593780518, 1.9387035369873047, 1.9071213006973267, 1.9296847581863403, 1.8995929956436157, 1.9337867498397827, 1.9232733249664307, 1.921104907989502, 1.9102575778961182, 1.8959524631500244, 1.895503282546997, 1.9218586683273315, 1.9216315746307373, 1.8802670240402222, 1.8829905986785889, 1.8900249004364014, 1.8806904554367065, 1.9038445949554443, 1.8809831142425537], "val_rmse": [2.391735315322876, 2.357179641723633, 2.326037645339966, 2.3025588989257812, 2.279332160949707, 2.2579212188720703, 2.2382164001464844, 2.2156786918640137, 2.1963319778442383, 2.177645683288574, 2.1543896198272705, 2.124879837036133, 2.1009061336517334, 2.0661027431488037, 2.0351908206939697, 1.9947432279586792, 1.952011227607727, 1.9081262350082397, 1.8671929836273193, 1.8255587816238403, 1.7867392301559448, 1.7520397901535034, 1.7216957807540894, 1.6922229528427124, 1.6609373092651367, 1.6413475275039673, 1.6169159412384033, 1.6005053520202637, 1.5801267623901367, 1.5747185945510864, 1.5562697649002075, 1.5507062673568726, 1.5371021032333374, 1.5287061929702759, 1.5225838422775269, 1.5125367641448975, 1.5090166330337524, 1.5004976987838745, 1.494303822517395, 1.4960817098617554, 1.4913259744644165, 1.4837608337402344, 1.476157307624817, 1.4789131879806519, 1.4687587022781372, 1.4708558320999146, 1.4562458992004395, 1.4509642124176025, 1.443092942237854, 1.439984917640686, 1.4274965524673462, 1.4241646528244019, 1.4213247299194336, 1.4220508337020874, 1.4068334102630615, 1.4035018682479858, 1.4012327194213867, 1.3868271112442017, 1.3898690938949585, 1.3782460689544678, 1.3765791654586792, 1.3813508749008179, 1.3812963962554932, 1.375834584236145, 1.3777377605438232, 1.3662136793136597, 1.3746682405471802, 1.36361563205719, 1.3765089511871338, 1.3724374771118164, 1.3718926906585693, 1.3680033683776855, 1.3628290891647339, 1.3626465797424316, 1.3724499940872192, 1.372590184211731, 1.3572149276733398, 1.3583662509918213, 1.360709309577942, 1.3573676347732544, 1.3662856817245483, 1.3575471639633179]}