{"n_parameters": 179505, "training_time": 6926.606910467148, "loss": [6.132843017578125, 5.804862976074219, 5.6597161293029785, 5.552120208740234, 5.455328941345215, 5.385011196136475, 5.325492858886719, 5.253329753875732, 5.208346366882324, 5.125324249267578, 5.065642356872559, 4.977932929992676, 4.891788482666016, 4.795809745788574, 4.694865703582764, 4.580502986907959, 4.440689563751221, 4.290760517120361, 4.104220867156982, 3.924034833908081, 3.6978137493133545, 3.515411853790283, 3.373915672302246, 3.227327823638916, 3.133152961730957, 3.0302395820617676, 2.9720983505249023, 2.90744686126709, 2.8534364700317383, 2.8117291927337646, 2.766479015350342, 2.7280924320220947, 2.6889567375183105, 2.6463282108306885, 2.6231234073638916, 2.5917866230010986, 2.5766761302948, 2.548156976699829, 2.5166828632354736, 2.4939980506896973, 2.4777321815490723, 2.4599947929382324, 2.4238617420196533, 2.408757209777832, 2.385324478149414, 2.372241497039795, 2.360891342163086, 2.3470585346221924, 2.323343515396118, 2.3096256256103516, 2.2965481281280518, 2.2833499908447266, 2.256608247756958, 2.2562897205352783, 2.260759115219116, 2.227786064147949, 2.2218778133392334, 2.214599847793579, 2.208988904953003, 2.1931960582733154, 2.1767048835754395, 2.1737756729125977, 2.1546454429626465, 2.1587493419647217, 2.1485257148742676, 2.143075942993164, 2.1357595920562744, 2.1223723888397217, 2.1237549781799316, 2.105074167251587, 2.1170835494995117, 2.090790033340454, 2.0840799808502197], "rmse": [2.4569928646087646, 2.391200065612793, 2.3624823093414307, 2.3404200077056885, 2.3208203315734863, 2.3058085441589355, 2.2936148643493652, 2.277790069580078, 2.268075704574585, 2.249465227127075, 2.2371304035186768, 2.2175912857055664, 2.198169708251953, 2.1760940551757812, 2.153000593185425, 2.1264986991882324, 2.0939888954162598, 2.0577433109283447, 2.011967658996582, 1.9672188758850098, 1.9088895320892334, 1.859890103340149, 1.820288896560669, 1.7801471948623657, 1.7538111209869385, 1.7251462936401367, 1.7078789472579956, 1.6895939111709595, 1.67280113697052, 1.6599260568618774, 1.6466970443725586, 1.6351221799850464, 1.6234784126281738, 1.6109389066696167, 1.6032320261001587, 1.593788504600525, 1.589110016822815, 1.5808676481246948, 1.5707683563232422, 1.5627013444900513, 1.5578333139419556, 1.5525686740875244, 1.5416260957717896, 1.535963535308838, 1.5288593769073486, 1.5248286724090576, 1.5220204591751099, 1.5152524709701538, 1.5088893175125122, 1.5039180517196655, 1.4995354413986206, 1.4954496622085571, 1.486549973487854, 1.4862768650054932, 1.4879928827285767, 1.4780187606811523, 1.4746464490890503, 1.472764492034912, 1.4710190296173096, 1.4653526544570923, 1.4593870639801025, 1.458237886428833, 1.4516384601593018, 1.4531062841415405, 1.4502253532409668, 1.4482883214950562, 1.4461586475372314, 1.4412378072738647, 1.4420578479766846, 1.4355671405792236, 1.4395723342895508, 1.429998755455017, 1.4279749393463135], "val_loss": [5.901587963104248, 5.604370594024658, 5.4890360832214355, 5.379805088043213, 5.21333122253418, 5.11412239074707, 5.002523899078369, 4.921526908874512, 4.8277506828308105, 4.741171836853027, 4.606355667114258, 4.522452354431152, 4.39996862411499, 4.253222465515137, 4.135439872741699, 3.988795280456543, 3.7962989807128906, 3.607849597930908, 3.3957033157348633, 3.1567587852478027, 2.912580728530884, 2.7208807468414307, 2.591858148574829, 2.5061581134796143, 2.4072794914245605, 2.345743179321289, 2.273010492324829, 2.2604799270629883, 2.2089524269104004, 2.128275156021118, 2.0623626708984375, 2.0260977745056152, 1.9716280698776245, 1.9495526552200317, 1.9064812660217285, 1.8881700038909912, 1.8966046571731567, 1.862452507019043, 1.8123565912246704, 1.7938967943191528, 1.784568190574646, 1.7646303176879883, 1.7647244930267334, 1.7568690776824951, 1.7256526947021484, 1.725699543952942, 1.7103180885314941, 1.7204114198684692, 1.6991822719573975, 1.6988720893859863, 1.6784223318099976, 1.6822367906570435, 1.6848416328430176, 1.6778936386108398, 1.664409875869751, 1.6904938220977783, 1.6791894435882568, 1.6661208868026733, 1.6858115196228027, 1.6478201150894165, 1.6534785032272339, 1.647281527519226, 1.662060022354126, 1.639794111251831, 1.6433418989181519, 1.6476893424987793, 1.629477858543396, 1.620003581047058, 1.6448973417282104, 1.6496824026107788, 1.6329244375228882, 1.6239012479782104, 1.6298837661743164], "val_rmse": [2.412869453430176, 2.3517041206359863, 2.3278117179870605, 2.3046042919158936, 2.269174337387085, 2.2477290630340576, 2.2231462001800537, 2.205152988433838, 2.1840953826904297, 2.1643378734588623, 2.1334927082061768, 2.1138529777526855, 2.0851287841796875, 2.0502429008483887, 2.02146577835083, 1.9851763248443604, 1.9362902641296387, 1.8870446681976318, 1.83004629611969, 1.7636809349060059, 1.6929383277893066, 1.6352702379226685, 1.5951634645462036, 1.5682026147842407, 1.536346197128296, 1.5164659023284912, 1.492289662361145, 1.488348364830017, 1.4713072776794434, 1.4436417818069458, 1.4206078052520752, 1.4083203077316284, 1.3889005184173584, 1.3810186386108398, 1.3654935359954834, 1.3593010902404785, 1.3623597621917725, 1.3498743772506714, 1.3313788175582886, 1.3244730234146118, 1.3210889101028442, 1.313504934310913, 1.3136396408081055, 1.310601830482483, 1.2986938953399658, 1.2988380193710327, 1.292703628540039, 1.2965528964996338, 1.2885273694992065, 1.2886395454406738, 1.2806978225708008, 1.28219473361969, 1.2829958200454712, 1.2800304889678955, 1.2747712135314941, 1.285154938697815, 1.2806768417358398, 1.2757863998413086, 1.2834311723709106, 1.268561840057373, 1.2709110975265503, 1.2682483196258545, 1.2740330696105957, 1.2651050090789795, 1.2667839527130127, 1.2682472467422485, 1.2609449625015259, 1.2575844526290894, 1.2672512531280518, 1.2690421342849731, 1.2622132301330566, 1.2587729692459106, 1.2611852884292603]}