{"n_parameters": 521521, "training_time": 29430.650225877762, "loss": [6.337342262268066, 5.643648147583008, 5.410128116607666, 5.201447010040283, 5.058917045593262, 4.883896827697754, 4.725122928619385, 4.54768705368042, 4.372359275817871, 4.197045803070068, 4.0079474449157715, 3.8101582527160645, 3.616351842880249, 3.4669368267059326, 3.3064820766448975, 3.1617836952209473, 3.017374038696289, 2.8761191368103027, 2.748746395111084, 2.624053478240967, 2.523829221725464, 2.435945987701416, 2.3608226776123047, 2.2914063930511475, 2.235459566116333, 2.169790029525757, 2.123431921005249, 2.0787274837493896, 2.04085373878479, 2.0144593715667725, 1.9803208112716675, 1.9480693340301514, 1.9362317323684692, 1.9145632982254028, 1.8987635374069214, 1.8790230751037598, 1.8665343523025513, 1.8492326736450195, 1.844006061553955, 1.830750823020935, 1.8247891664505005, 1.8163104057312012, 1.813415288925171, 1.7966253757476807, 1.7892988920211792, 1.7887139320373535, 1.7799490690231323, 1.7653379440307617, 1.7668434381484985, 1.7588224411010742, 1.756347894668579, 1.7452728748321533, 1.736088514328003, 1.7389419078826904, 1.7386431694030762, 1.7259577512741089, 1.7245879173278809, 1.7216187715530396, 1.7207731008529663, 1.7198327779769897, 1.7086784839630127, 1.69709312915802, 1.700584053993225, 1.6921157836914062, 1.6960501670837402, 1.6851551532745361, 1.6810835599899292, 1.6744059324264526, 1.6728706359863281, 1.6633938550949097, 1.6643738746643066, 1.652358889579773, 1.6518608331680298, 1.6448158025741577, 1.6438977718353271, 1.6352051496505737, 1.6276742219924927, 1.62235426902771, 1.6152888536453247, 1.6080353260040283, 1.6069899797439575, 1.6015093326568604, 1.583807349205017, 1.5815167427062988, 1.5691789388656616, 1.5686047077178955, 1.5608959197998047, 1.5498063564300537, 1.5448639392852783, 1.5318269729614258, 1.5257340669631958, 1.5158565044403076, 1.5068715810775757, 1.495886206626892, 1.4880021810531616, 1.4814296960830688, 1.469555377960205, 1.4594439268112183, 1.4488321542739868, 1.442960500717163, 1.4287537336349487, 1.418139934539795, 1.4109779596328735, 1.400381326675415, 1.3831924200057983, 1.372557282447815, 1.3646541833877563, 1.3493585586547852, 1.3424465656280518, 1.3292088508605957, 1.3210870027542114, 1.3089922666549683, 1.2971609830856323, 1.2878450155258179, 1.2717620134353638, 1.2658721208572388, 1.2609070539474487, 1.2447715997695923, 1.2382452487945557, 1.226121425628662, 1.2155911922454834, 1.2063897848129272, 1.2000081539154053, 1.1892015933990479, 1.1838966608047485, 1.1700222492218018, 1.1590681076049805, 1.1598763465881348, 1.152413249015808, 1.145855188369751, 1.1371715068817139, 1.1293936967849731, 1.119351863861084, 1.1118541955947876, 1.1036356687545776, 1.1017310619354248, 1.093117594718933, 1.0898635387420654, 1.08492112159729, 1.077423095703125, 1.072968602180481, 1.0648105144500732, 1.0584161281585693, 1.061173915863037, 1.0488332509994507, 1.0443819761276245, 1.0427818298339844, 1.034584403038025, 1.0327271223068237, 1.0318163633346558, 1.0272269248962402, 1.0224733352661133, 1.0158090591430664, 1.0131889581680298, 1.0045257806777954, 1.0021027326583862, 1.005308747291565, 0.9957463145256042, 0.9950118660926819, 0.9901142716407776, 0.985012948513031, 0.9857867360115051, 0.9822934865951538, 0.9824289679527283, 0.9757824540138245, 0.970457136631012, 0.9709046483039856, 0.9713389873504639, 0.9627171158790588, 0.95965975522995, 0.9554775953292847, 0.9519287943840027, 0.9478413462638855, 0.9436689615249634, 0.9410625100135803, 0.9388508796691895, 0.9352399706840515, 0.9318704605102539, 0.9331203103065491, 0.9333730340003967, 0.9259243011474609, 0.9260233640670776, 0.9202114343643188, 0.9224861264228821, 0.9222778677940369, 0.9135269522666931, 0.9096912741661072, 0.9068136811256409, 0.9035399556159973, 0.9028875827789307, 0.9021701216697693, 0.8980110287666321, 0.8953574299812317, 0.8956899046897888, 0.8897078037261963, 0.8901430368423462, 0.8905673623085022, 0.8848621249198914, 0.8805253505706787, 0.8806732296943665, 0.8749770522117615, 0.8767414689064026, 0.8721200227737427, 0.8690017461776733, 0.8660368323326111, 0.8637135624885559, 0.8678060173988342, 0.8610811233520508, 0.8555891513824463, 0.8558171987533569, 0.8504438400268555, 0.8506202101707458, 0.8492419719696045, 0.8455370664596558, 0.8431209325790405, 0.841362476348877, 0.8405798077583313, 0.8334220051765442],