{"n_parameters": 226321, "training_time": 7963.922523021698, "loss": [5.721784591674805, 5.627277374267578, 5.574746608734131, 5.5136003494262695, 5.439477443695068, 5.3542914390563965, 5.259964942932129, 5.159063816070557, 5.047357559204102, 4.9326066970825195, 4.808213233947754, 4.678951740264893, 4.543976783752441, 4.411046028137207, 4.280420303344727, 4.153542995452881, 4.032635688781738, 3.9137017726898193, 3.8003993034362793, 3.692959785461426, 3.593294858932495, 3.4960639476776123, 3.3984854221343994, 3.303999423980713, 3.206479072570801, 3.115995168685913, 3.020043134689331, 2.929889678955078, 2.8516557216644287, 2.76446795463562, 2.6857779026031494, 2.6199231147766113, 2.5440754890441895, 2.484724283218384, 2.429265022277832, 2.3749053478240967, 2.332484006881714, 2.28060245513916, 2.238402843475342, 2.2092843055725098, 2.165006637573242, 2.1466939449310303, 2.114983081817627, 2.0877275466918945, 2.0693464279174805, 2.0521035194396973, 2.0227150917053223, 2.0141355991363525, 1.9940398931503296, 1.9773865938186646, 1.964630365371704, 1.9486749172210693, 1.9362396001815796, 1.9318381547927856, 1.9157618284225464, 1.9068937301635742, 1.89223051071167, 1.8855763673782349, 1.8758538961410522, 1.8603392839431763, 1.860541582107544, 1.844558596611023, 1.8382624387741089, 1.828587293624878, 1.818159580230713, 1.8104370832443237, 1.8017497062683105, 1.793761134147644, 1.7798771858215332, 1.773913025856018, 1.766387939453125, 1.760657787322998, 1.7507745027542114, 1.7417402267456055, 1.7373218536376953, 1.7312569618225098, 1.7263785600662231, 1.7123818397521973, 1.7101068496704102, 1.7029670476913452, 1.6904542446136475, 1.684254765510559, 1.675301194190979, 1.6743415594100952, 1.6595442295074463, 1.6555349826812744, 1.6480315923690796, 1.6380747556686401, 1.6333929300308228, 1.6255379915237427, 1.6119383573532104, 1.6107748746871948, 1.5971720218658447, 1.5938892364501953, 1.588943600654602, 1.5765953063964844, 1.570143222808838, 1.5598688125610352, 1.555050015449524, 1.5431305170059204, 1.5353612899780273, 1.527005910873413, 1.5222402811050415, 1.515455961227417, 1.508884310722351, 1.497171401977539, 1.4939213991165161, 1.48635733127594, 1.4723398685455322, 1.4645224809646606, 1.4583746194839478, 1.4451552629470825, 1.4419608116149902, 1.4316195249557495, 1.4250208139419556, 1.4152265787124634, 1.4054995775222778, 1.3983280658721924, 1.393342137336731, 1.3834210634231567, 1.372031569480896, 1.3678828477859497, 1.3594295978546143, 1.3492408990859985, 1.3424474000930786, 1.3308769464492798, 1.3247747421264648, 1.3131604194641113, 1.306258201599121, 1.2966419458389282, 1.2882972955703735, 1.2813465595245361, 1.2697864770889282, 1.2609533071517944, 1.2525578737258911, 1.2429865598678589, 1.2382643222808838, 1.2259066104888916, 1.219184160232544, 1.2133688926696777, 1.2047139406204224, 1.1959002017974854, 1.1841117143630981, 1.181583285331726, 1.1751195192337036, 1.165652871131897, 1.1572699546813965, 1.1518466472625732, 1.1392511129379272, 1.1337792873382568, 1.127357006072998, 1.1158102750778198, 1.1117315292358398, 1.109057903289795, 1.097562551498413, 1.0937862396240234, 1.0871105194091797, 1.0797747373580933, 1.0701667070388794, 1.0664677619934082, 1.0601211786270142, 1.0528090000152588, 1.0512754917144775, 1.0420976877212524, 1.0366805791854858, 1.028672218322754, 1.0278100967407227, 1.0206598043441772, 1.0111721754074097, 1.008656620979309, 1.0005000829696655, 0.999066174030304, 0.9943541288375854, 0.9916121363639832, 0.9884971380233765, 0.9828094840049744, 0.9748139381408691, 0.9708170890808105, 0.9683394432067871, 0.967566728591919, 0.958040714263916, 0.9604238271713257, 0.9539405703544617, 0.9519314169883728, 0.9460488557815552, 0.9451032876968384, 0.9397981762886047, 0.9357994794845581, 0.9313085079193115, 0.9317752718925476, 0.9295224547386169, 0.9278945922851562, 0.9254137277603149, 0.9195812344551086, 0.9184296727180481, 0.914522647857666, 0.9153480529785156, 0.9074325561523438, 0.9111163020133972, 0.8982771635055542, 0.9038335084915161, 0.900394856929779, 0.8964909911155701, 0.8955081105232239, 0.8932486176490784, 0.8907685279846191, 0.888135552406311, 0.8799436688423157, 0.8811740279197693, 0.8831379413604736, 0.8800521492958069, 0.8807476758956909, 0.8750855922698975, 0.871437132358551, 0.8719351887702942, 0.8690245747566223, 0.8673350811004639, 0.8647541999816895, 0.8650165796279907, 0.864433228969574, 0.8632994890213013, 0.8588676452636719, 0.8560662269592285, 0.8572975993156433, 0.8572081923484802, 0.8537657856941223, 0.8519065976142883, 0.85221928358078, 0.8473407030105591, 0.8464604020118713, 0.8441849946975708, 0.8466781973838806, 0.841602623462677, 0.8410556316375732, 0.8389742970466614, 0.8391945958137512, 0.832197904586792],