{"n_parameters": 347617, "training_time": 4636.1117742061615, "loss": [5.924501419067383, 5.663577556610107, 5.526192665100098, 5.452258586883545, 5.379785537719727, 5.335285186767578, 5.276944637298584, 5.230630874633789, 5.1909260749816895, 5.144111633300781, 5.095585823059082, 5.043776512145996, 4.993007659912109, 4.928281307220459, 4.870205879211426, 4.813426971435547, 4.74835205078125, 4.685563087463379, 4.614139556884766, 4.545335292816162, 4.4713568687438965, 4.386963844299316, 4.303183555603027, 4.210117816925049, 4.1214470863342285, 4.024639129638672, 3.924558401107788, 3.8216285705566406, 3.719876527786255, 3.614680290222168, 3.50882887840271, 3.4051599502563477, 3.3169052600860596, 3.227572202682495, 3.1432464122772217, 3.060157060623169, 2.9659841060638428, 2.9002506732940674, 2.8309669494628906, 2.764265298843384, 2.6970763206481934, 2.649268865585327, 2.600942611694336, 2.5513317584991455, 2.5090575218200684, 2.4690420627593994], "rmse": [2.4159066677093506, 2.363068103790283, 2.3340601921081543, 2.3198373317718506, 2.304718017578125, 2.295893430709839, 2.2835326194763184, 2.2730681896209717, 2.2644922733306885, 2.254357099533081, 2.243520736694336, 2.232267141342163, 2.220898389816284, 2.2066400051116943, 2.193270206451416, 2.180453062057495, 2.165950059890747, 2.1507716178894043, 2.1340887546539307, 2.1180105209350586, 2.099891424179077, 2.0797905921936035, 2.0596487522125244, 2.0358004570007324, 2.0143189430236816, 1.9897868633270264, 1.964003086090088, 1.9372221231460571, 1.9108799695968628, 1.883764386177063, 1.855346918106079, 1.8269550800323486, 1.8018701076507568, 1.7785695791244507, 1.754215121269226, 1.7309468984603882, 1.7041488885879517, 1.6850627660751343, 1.664894700050354, 1.6445746421813965, 1.6241480112075806, 1.6095588207244873, 1.5939809083938599, 1.5801851749420166, 1.5669540166854858, 1.5542945861816406], "val_loss": [5.857205390930176, 5.637991428375244, 5.507590293884277, 5.422179222106934, 5.326025485992432, 5.233504295349121, 5.153357028961182, 5.07818078994751, 5.015043258666992, 4.908553123474121, 4.813770771026611, 4.74926233291626, 4.66493034362793, 4.578362464904785, 4.494255542755127, 4.405466079711914, 4.326489448547363, 4.266339302062988, 4.176881790161133, 4.099215507507324, 3.9957828521728516, 3.890514373779297, 3.7998838424682617, 3.6703927516937256, 3.557992935180664, 3.4565176963806152, 3.366710662841797, 3.274522066116333, 3.19364070892334, 3.118020534515381, 3.0720484256744385, 3.0027096271514893, 2.9725184440612793, 2.947736978530884, 2.920228958129883, 2.8825507164001465, 2.8794636726379395, 2.912536859512329, 2.8865714073181152, 2.8808963298797607, 2.873710870742798, 2.9013147354125977, 2.958512544631958, 2.9239864349365234, 2.894439935684204, 2.9583792686462402], "val_rmse": [2.4034152030944824, 2.35919189453125, 2.3324291706085205, 2.3145828247070312, 2.294402837753296, 2.2744011878967285, 2.2569308280944824, 2.2404160499572754, 2.2262227535247803, 2.2023777961730957, 2.1811301708221436, 2.1659820079803467, 2.1464052200317383, 2.1261091232299805, 2.106200933456421, 2.0849809646606445, 2.0658316612243652, 2.0508673191070557, 2.0288267135620117, 2.0093398094177246, 1.983335018157959, 1.9563970565795898, 1.9326999187469482, 1.8988438844680786, 1.8687994480133057, 1.8411831855773926, 1.8163853883743286, 1.790669322013855, 1.7682111263275146, 1.746955156326294, 1.7341437339782715, 1.7142661809921265, 1.706014633178711, 1.6989915370941162, 1.6916437149047852, 1.6808671951293945, 1.6810343265533447, 1.6914728879928589, 1.6838685274124146, 1.682681918144226, 1.681106448173523, 1.6895445585250854, 1.7070871591567993, 1.6971255540847778, 1.6889904737472534, 1.7077831029891968]}