{"n_parameters": 129089, "training_time": 10288.564040184021, "loss": [6.224754333496094, 5.943122863769531, 5.911731719970703, 5.895941257476807, 5.8781280517578125, 5.863062858581543, 5.851403713226318, 5.839560508728027, 5.83188009262085, 5.823577880859375, 5.813626289367676, 5.7970123291015625, 5.772115707397461, 5.75175142288208, 5.730343341827393, 5.719685077667236, 5.686849594116211, 5.6462883949279785, 5.616149425506592, 5.5998854637146, 5.552502155303955, 5.522863864898682, 5.482165336608887, 5.437277317047119, 5.40558385848999, 5.366662979125977, 5.334931373596191, 5.2984089851379395, 5.284360885620117, 5.24580717086792, 5.212134838104248, 5.175998687744141, 5.147517204284668, 5.122636795043945, 5.11241340637207, 5.067781448364258, 5.049234867095947, 5.018270492553711, 4.986246109008789, 4.956883907318115, 4.933410167694092, 4.894924163818359, 4.857167720794678, 4.793526649475098, 4.772309303283691, 4.703241348266602, 4.652824401855469, 4.583517074584961, 4.500563621520996, 4.426898002624512, 4.319167613983154, 4.21342658996582, 4.094729423522949, 3.974865674972534, 3.8442957401275635, 3.7158451080322266, 3.6182143688201904, 3.5309572219848633, 3.433880090713501, 3.3841285705566406, 3.3304333686828613, 3.2697811126708984, 3.21661114692688, 3.1790666580200195, 3.129587411880493, 3.097816228866577, 3.0704712867736816, 3.027029037475586, 3.001227617263794, 2.9844682216644287, 2.94950008392334, 2.9345433712005615, 2.893068313598633, 2.885953664779663, 2.864872455596924, 2.840604543685913, 2.8198447227478027, 2.8240458965301514, 2.792574882507324, 2.7687642574310303, 2.756362199783325, 2.754586935043335, 2.727206230163574, 2.7161202430725098, 2.705486536026001, 2.68776535987854, 2.675901174545288, 2.683366537094116, 2.644756317138672, 2.6499109268188477, 2.6475610733032227, 2.6271674633026123, 2.6224145889282227, 2.6122524738311768, 2.6012213230133057, 2.5851142406463623, 2.583839178085327, 2.581573724746704, 2.5634279251098633, 2.5620152950286865, 2.55246639251709, 2.542058229446411, 2.539357900619507, 2.536677360534668, 2.530655860900879, 2.5066421031951904, 2.5081286430358887, 2.498666763305664, 2.507290840148926, 2.489156723022461, 2.4871840476989746, 2.484191656112671, 2.4781367778778076, 2.473961591720581, 2.4661829471588135, 2.455833673477173, 2.452486276626587, 2.4394726753234863, 2.4415640830993652, 2.4296867847442627, 2.417144775390625, 2.4135191440582275, 2.4168200492858887, 2.407708168029785, 2.392164945602417, 2.3958115577697754, 2.3913238048553467, 2.3862929344177246, 2.3734192848205566, 2.368542432785034, 2.362950086593628, 2.353776216506958, 2.369973659515381, 2.3545963764190674, 2.3461594581604004, 2.344236135482788, 2.316631555557251, 2.32789945602417, 2.3276562690734863, 2.3238630294799805, 2.309597969055176, 2.3016257286071777, 2.3066837787628174, 2.2952187061309814, 2.297738790512085, 2.287750244140625, 2.2812271118164062, 2.2649455070495605, 2.2852365970611572, 2.2703309059143066, 2.264535427093506, 2.259775161743164, 2.2488207817077637, 2.242222547531128, 2.2419111728668213, 2.2373127937316895, 2.2372350692749023, 2.236910343170166, 2.2230732440948486, 2.2239224910736084, 2.210171699523926, 2.2003109455108643, 2.2046406269073486, 2.209838628768921, 2.1870853900909424, 2.1870696544647217, 2.1878597736358643, 2.1791841983795166, 2.169743776321411, 2.1673028469085693, 2.1639158725738525, 2.1561455726623535, 2.153592109680176, 2.1466546058654785, 2.1421353816986084, 2.1316988468170166, 2.1329121589660645, 2.140672445297241, 2.1280226707458496, 2.113027334213257, 2.125298023223877, 2.1152915954589844, 2.100750684738159, 2.1064882278442383, 2.0944745540618896, 2.083430767059326, 2.0912740230560303, 2.0723915100097656, 2.091181993484497, 2.0811171531677246, 2.075407028198242, 2.068389415740967, 2.060616970062256, 2.0603229999542236, 2.0565237998962402, 2.0572609901428223, 2.0526461601257324, 2.048665761947632, 2.0440781116485596, 2.036076307296753, 2.0392303466796875, 2.023566722869873, 2.0343017578125, 2.0221190452575684, 2.031262159347534, 2.0121140480041504, 2.008622646331787, 2.003483533859253, 2.000652551651001, 2.0039663314819336, 2.005614757537842],