{"n_parameters": 184305, "training_time": 4669.238876581192, "loss": [5.943168640136719, 5.786840438842773, 5.690228462219238, 5.609122276306152, 5.527791976928711, 5.462693691253662, 5.395683288574219, 5.339020252227783, 5.27073860168457, 5.196922302246094, 5.1302690505981445, 5.054234027862549, 4.967768669128418, 4.881165027618408, 4.788259506225586, 4.676036357879639, 4.566468715667725, 4.4575395584106445, 4.329112529754639, 4.206592082977295, 4.063762187957764, 3.9227118492126465, 3.7645089626312256, 3.6326680183410645, 3.4987752437591553, 3.3697121143341064, 3.241030693054199, 3.138908863067627, 3.045736789703369, 2.964735984802246, 2.895470142364502, 2.8297626972198486, 2.757767677307129, 2.7143237590789795, 2.639448881149292, 2.5866918563842773, 2.538536787033081, 2.494389057159424, 2.4509048461914062, 2.4149317741394043, 2.3794636726379395, 2.33797287940979, 2.3135178089141846, 2.2860326766967773, 2.2533183097839355, 2.2297585010528564, 2.2041304111480713, 2.1826186180114746, 2.1511054039001465, 2.13509202003479, 2.110614061355591, 2.0890369415283203, 2.076613187789917, 2.053462028503418, 2.0302376747131348, 2.019545316696167, 1.9998037815093994, 1.9788028001785278, 1.961683988571167, 1.9451992511749268, 1.931557536125183, 1.919783115386963, 1.9033721685409546, 1.8866353034973145, 1.8774263858795166, 1.8606215715408325, 1.8522001504898071, 1.8375433683395386, 1.8286687135696411, 1.8193695545196533, 1.8143157958984375, 1.797910451889038, 1.7908803224563599], "rmse": [2.4202182292938232, 2.3877453804016113, 2.3682446479797363, 2.3514533042907715, 2.334353446960449, 2.321176290512085, 2.3077564239501953, 2.2954657077789307, 2.2816412448883057, 2.26531720161438, 2.2505414485931396, 2.234571695327759, 2.2151589393615723, 2.1961729526519775, 2.1746206283569336, 2.148284435272217, 2.1234512329101562, 2.096937417984009, 2.066943883895874, 2.0362977981567383, 2.0003812313079834, 1.9653608798980713, 1.924681544303894, 1.889817476272583, 1.8537805080413818, 1.8189550638198853, 1.7830984592437744, 1.753981351852417, 1.726625680923462, 1.7033500671386719, 1.6829090118408203, 1.6629732847213745, 1.6414753198623657, 1.6275690793991089, 1.6047148704528809, 1.5889015197753906, 1.57239830493927, 1.5590397119522095, 1.5446022748947144, 1.5335007905960083, 1.5219802856445312, 1.507788062095642, 1.5005508661270142, 1.4908397197723389, 1.4803714752197266, 1.4724968671798706, 1.4639928340911865, 1.4570180177688599, 1.4455511569976807, 1.4402567148208618, 1.4321190118789673, 1.4265862703323364, 1.4213377237319946, 1.413576602935791, 1.4060113430023193, 1.4022401571273804, 1.3945366144180298, 1.3871002197265625, 1.3822020292282104, 1.3757972717285156, 1.3704184293746948, 1.3667703866958618, 1.3611444234848022, 1.3547687530517578, 1.3518426418304443, 1.3458837270736694, 1.343680500984192, 1.3374921083450317, 1.3346573114395142, 1.3312715291976929, 1.3287537097930908, 1.3229156732559204, 1.3206603527069092], "val_loss": [5.946484565734863, 5.8094401359558105, 5.690373420715332, 5.6068620681762695, 5.541295528411865, 5.437713146209717, 5.361823558807373, 5.285106658935547, 5.173793792724609, 5.0966644287109375, 5.027942180633545, 4.924922943115234, 4.833250999450684, 4.729589939117432, 4.657242298126221, 4.477195739746094, 4.310838222503662, 4.231635093688965, 4.073371887207031, 3.960167407989502, 3.776099681854248, 3.6599979400634766, 3.584972381591797, 3.4761104583740234, 3.475977659225464, 3.394287347793579, 3.291245937347412, 3.2494125366210938, 3.181495428085327, 3.1651713848114014, 3.0492770671844482, 2.9520492553710938, 2.9167420864105225, 2.794516086578369, 2.783996105194092, 2.777528762817383, 2.7801055908203125, 2.728297233581543, 2.6938936710357666, 2.7048418521881104, 2.6345181465148926, 2.6157567501068115, 2.572561264038086, 2.5768728256225586, 2.5360355377197266, 2.541705846786499, 2.491802930831909, 2.5482337474823, 2.5160858631134033, 2.44942307472229, 2.457951545715332, 2.4254746437072754, 2.4474709033966064, 2.375678062438965, 2.399099349975586, 2.3482213020324707, 2.395207166671753, 2.3394956588745117, 2.304724931716919, 2.313633441925049, 2.314422845840454, 2.2770416736602783, 2.2760534286499023, 2.258716583251953, 2.256847381591797, 2.2448174953460693, 2.256706714630127, 2.2311389446258545, 2.2486937046051025, 2.254810094833374, 2.2430248260498047, 2.2521393299102783, 2.2413110733032227], "val_rmse": [2.420527935028076, 2.393017530441284, 2.368844509124756, 2.3516769409179688, 2.3380930423736572, 2.3168158531188965, 2.3008291721343994, 2.2845797538757324, 2.2605252265930176, 2.2434139251708984, 2.2282145023345947, 2.2054014205932617, 2.184678316116333, 2.1609816551208496, 2.143954038619995, 2.101961612701416, 2.0624051094055176, 2.04288649559021, 2.003818988800049, 1.9751369953155518, 1.9281818866729736, 1.8973793983459473, 1.8770006895065308, 1.8477143049240112, 1.8473502397537231, 1.8249393701553345, 1.7961817979812622, 1.7845975160598755, 1.7653155326843262, 1.760461688041687, 1.7272099256515503, 1.6989538669586182, 1.6884833574295044, 1.6522656679153442, 1.6489207744598389, 1.6470074653625488, 1.6478185653686523, 1.6322182416915894, 1.6216378211975098, 1.6249722242355347, 1.6034374237060547, 1.5976133346557617, 1.5841535329818726, 1.5855430364608765, 1.5727697610855103, 1.5746276378631592, 1.5589725971221924, 1.576926827430725, 1.5668190717697144, 1.5457909107208252, 1.548680305480957, 1.5382716655731201, 1.5454649925231934, 1.5224461555480957, 1.530076265335083, 1.5137174129486084, 1.529170036315918, 1.5110801458358765, 1.4998328685760498, 1.5026918649673462, 1.503187656402588, 1.4907135963439941, 1.4905983209609985, 1.4847453832626343, 1.4842884540557861, 1.4801064729690552, 1.4842417240142822, 1.4754374027252197, 1.4814274311065674, 1.4836176633834839, 1.4793384075164795, 1.4829051494598389, 1.479653000831604]}