{"n_parameters": 141905, "training_time": 4780.407880783081, "loss": [5.656137466430664, 5.353703022003174, 5.163581848144531, 4.9757161140441895, 4.78057861328125, 4.576564788818359, 4.365499496459961, 4.130912780761719, 3.89560866355896, 3.660914897918701, 3.449558734893799, 3.2584729194641113, 3.0890793800354004, 2.956824541091919, 2.850489616394043, 2.7622389793395996, 2.6922900676727295, 2.6297404766082764, 2.571275472640991, 2.508045196533203, 2.463717460632324, 2.4203150272369385, 2.3846991062164307, 2.3458971977233887, 2.3178551197052, 2.2814528942108154, 2.2481279373168945, 2.221318483352661, 2.1971628665924072, 2.1671488285064697, 2.1469478607177734, 2.1196184158325195, 2.0996387004852295, 2.0910065174102783, 2.0680058002471924, 2.057313919067383, 2.0502190589904785, 2.0309255123138428, 2.020707368850708, 2.0060834884643555, 1.9952090978622437, 1.9896131753921509, 1.9753390550613403, 1.9708542823791504, 1.9659702777862549, 1.9572960138320923, 1.9491487741470337, 1.9346767663955688, 1.9381482601165771, 1.925355315208435, 1.9152275323867798, 1.9186828136444092, 1.902859091758728, 1.913072943687439, 1.9059230089187622, 1.8903179168701172, 1.8900822401046753, 1.8897970914840698, 1.8815436363220215, 1.8826677799224854, 1.8710103034973145, 1.874866008758545, 1.8661342859268188, 1.8608428239822388, 1.8523166179656982, 1.8469215631484985, 1.848535418510437, 1.8432648181915283, 1.8334321975708008, 1.8368408679962158, 1.8330292701721191, 1.8231968879699707, 1.818169116973877, 1.827228307723999], "rmse": [2.361389398574829, 2.2991509437561035, 2.257845640182495, 2.2169899940490723, 2.1734261512756348, 2.125096082687378, 2.0756444931030273, 2.0184214115142822, 1.959708333015442, 1.8987234830856323, 1.842796802520752, 1.7894402742385864, 1.7404507398605347, 1.7040208578109741, 1.671689510345459, 1.645541787147522, 1.624634027481079, 1.6055755615234375, 1.5871503353118896, 1.5667537450790405, 1.554070234298706, 1.5396004915237427, 1.5283757448196411, 1.5163003206253052, 1.5064069032669067, 1.4948570728302002, 1.4839204549789429, 1.475701928138733, 1.4671510457992554, 1.457177996635437, 1.449981451034546, 1.4400049448013306, 1.4338865280151367, 1.4319709539413452, 1.4235796928405762, 1.4194817543029785, 1.417018175125122, 1.4109667539596558, 1.4066132307052612, 1.401714563369751, 1.3975756168365479, 1.3956011533737183, 1.391801118850708, 1.3896020650863647, 1.3875399827957153, 1.3848609924316406, 1.3816636800765991, 1.3765183687210083, 1.3778890371322632, 1.3728793859481812, 1.369641900062561, 1.3711090087890625, 1.3651522397994995, 1.3688105344772339, 1.3662916421890259, 1.3604209423065186, 1.3599493503570557, 1.359620213508606, 1.3571233749389648, 1.3578615188598633, 1.3526051044464111, 1.353918194770813, 1.3517847061157227, 1.3491551876068115, 1.3461202383041382, 1.3440824747085571, 1.3446769714355469, 1.3428537845611572, 1.339409589767456, 1.341065526008606, 1.339037299156189, 1.3360267877578735, 1.333850383758545, 1.3371671438217163], "val_loss": [5.499598503112793, 5.193017482757568, 4.952542304992676, 4.704199314117432, 4.449483394622803, 4.186747074127197, 3.9035630226135254, 3.636225938796997, 3.372849225997925, 3.1265652179718018, 2.9215872287750244, 2.739515542984009, 2.6148030757904053, 2.5164926052093506, 2.4513580799102783, 2.392371892929077, 2.346972703933716, 2.2962894439697266, 2.2400963306427, 2.198296308517456, 2.1642565727233887, 2.1278975009918213, 2.0843729972839355, 2.0569798946380615, 2.0236997604370117, 1.9876075983047485, 1.9627339839935303, 1.9495389461517334, 1.9234081506729126, 1.9031625986099243, 1.8771418333053589, 1.8648995161056519, 1.8723423480987549, 1.8550664186477661, 1.831152081489563, 1.82914400100708, 1.8217908143997192, 1.828722357749939, 1.8115845918655396, 1.8029844760894775, 1.8150436878204346, 1.8001257181167603, 1.8016459941864014, 1.8086943626403809, 1.7999457120895386, 1.8077243566513062, 1.7881128787994385, 1.7946566343307495, 1.7919955253601074, 1.7998979091644287, 1.7836614847183228, 1.7901618480682373, 1.7941970825195312, 1.7790594100952148, 1.7897706031799316, 1.7720141410827637, 1.7713013887405396, 1.760359287261963, 1.7652102708816528, 1.7516974210739136, 1.7659724950790405, 1.7554703950881958, 1.749234914779663, 1.74519681930542, 1.7366775274276733, 1.7311276197433472, 1.7315810918807983, 1.7349945306777954, 1.7138760089874268, 1.7268506288528442, 1.723564863204956, 1.7229788303375244, 1.7215943336486816, 1.7174054384231567], "val_rmse": [2.329836130142212, 2.2648637294769287, 2.211890935897827, 2.1555888652801514, 2.09607195854187, 2.032845973968506, 1.962153673171997, 1.8928145170211792, 1.821903109550476, 1.7530262470245361, 1.6932941675186157, 1.6387583017349243, 1.6003859043121338, 1.5695862770080566, 1.5489578247070312, 1.5302162170410156, 1.515577793121338, 1.498960018157959, 1.4803261756896973, 1.4667208194732666, 1.455338716506958, 1.4431500434875488, 1.4282552003860474, 1.4190053939819336, 1.4074333906173706, 1.394689917564392, 1.3860918283462524, 1.3815196752548218, 1.372230887413025, 1.365145206451416, 1.3556571006774902, 1.3514032363891602, 1.3542628288269043, 1.3478565216064453, 1.3391119241714478, 1.3384438753128052, 1.3356410264968872, 1.3383827209472656, 1.3318341970443726, 1.328667402267456, 1.3332877159118652, 1.327741265296936, 1.3283801078796387, 1.3309621810913086, 1.3276762962341309, 1.3306764364242554, 1.323089838027954, 1.3256690502166748, 1.3245958089828491, 1.3278450965881348, 1.321624517440796, 1.3240221738815308, 1.3254703283309937, 1.319920301437378, 1.3240011930465698, 1.3172073364257812, 1.3170347213745117, 1.3127166032791138, 1.3145054578781128, 1.3094220161437988, 1.3149256706237793, 1.310891032218933, 1.3084815740585327, 1.3069183826446533, 1.3037972450256348, 1.3015975952148438, 1.301763892173767, 1.303063154220581, 1.2949033975601196, 1.3000496625900269, 1.2987375259399414, 1.2983759641647339, 1.2981284856796265, 1.2964558601379395]}