{"n_parameters": 208353, "training_time": 2578.0052394866943, "loss": [6.1929802894592285, 5.816037654876709, 5.7759599685668945, 5.731855392456055, 5.693057537078857, 5.643435001373291, 5.607068061828613, 5.574781894683838, 5.523309230804443, 5.481776714324951, 5.437459468841553, 5.385234355926514, 5.331237316131592, 5.265077590942383, 5.209568977355957, 5.149091720581055, 5.081381320953369, 4.990525722503662, 4.898540496826172, 4.820160865783691, 4.704561233520508, 4.567221641540527, 4.442714214324951, 4.295216083526611, 4.155953407287598, 3.9993479251861572, 3.868286609649658, 3.7345809936523438, 3.5980381965637207, 3.482081890106201, 3.367553234100342, 3.2557249069213867, 3.168168783187866], "rmse": [2.4710562229156494, 2.3946452140808105, 2.385453224182129, 2.3775124549865723, 2.3690853118896484, 2.358396053314209, 2.3515467643737793, 2.3439316749572754, 2.3344905376434326, 2.325544595718384, 2.3164875507354736, 2.3060009479522705, 2.2938811779022217, 2.2793073654174805, 2.2681667804718018, 2.2550079822540283, 2.239774465560913, 2.219376802444458, 2.19948148727417, 2.182382106781006, 2.154933214187622, 2.1229050159454346, 2.094182014465332, 2.05887770652771, 2.0250589847564697, 1.9865000247955322, 1.9518952369689941, 1.9178729057312012, 1.882278323173523, 1.8506956100463867, 1.819380521774292, 1.7874476909637451, 1.7632317543029785], "val_loss": [5.969644546508789, 5.958616733551025, 5.920353889465332, 5.88392972946167, 5.847155570983887, 5.822617053985596, 5.808854579925537, 5.766565799713135, 5.740462303161621, 5.719015121459961, 5.69124174118042, 5.671164512634277, 5.587955951690674, 5.555078983306885, 5.491919040679932, 5.452869415283203, 5.370555400848389, 5.304874897003174, 5.225621223449707, 5.077267646789551, 4.980122089385986, 4.862793922424316, 4.815578937530518, 4.729381561279297, 4.659992218017578, 4.67073392868042, 4.656538009643555, 4.645200252532959, 4.712362766265869, 4.751380443572998, 4.841383457183838, 4.934934139251709, 5.086507797241211], "val_rmse": [2.424936294555664, 2.4223861694335938, 2.4147138595581055, 2.4073679447174072, 2.3999524116516113, 2.3949482440948486, 2.3921704292297363, 2.383666515350342, 2.378425359725952, 2.3740780353546143, 2.368391752243042, 2.3642406463623047, 2.347055673599243, 2.3401780128479004, 2.326904773712158, 2.3186357021331787, 2.3011412620544434, 2.286959648132324, 2.269658088684082, 2.2370059490203857, 2.2152347564697266, 2.1888997554779053, 2.17815899848938, 2.158700466156006, 2.142983913421631, 2.1456310749053955, 2.1425981521606445, 2.1398861408233643, 2.155460834503174, 2.1644504070281982, 2.18505597114563, 2.2063300609588623, 2.2404847145080566]}