{"n_parameters": 520497, "training_time": 19327.058881998062, "loss": [5.75733757019043, 5.566755771636963, 5.46317720413208, 5.3707146644592285, 5.284231662750244, 5.208713054656982, 5.122515678405762, 5.021564960479736, 4.9121012687683105, 4.7791619300842285, 4.629729747772217, 4.459441661834717, 4.265505790710449, 4.033705711364746, 3.7923471927642822, 3.5364627838134766, 3.2938995361328125, 3.0772013664245605, 2.9056484699249268, 2.7538187503814697, 2.6128361225128174, 2.515920639038086, 2.425820827484131, 2.3542819023132324, 2.288184881210327, 2.2404608726501465, 2.199744939804077, 2.163656711578369, 2.1299872398376465, 2.101121187210083, 2.0719306468963623, 2.0452747344970703, 2.0132944583892822, 1.9924741983413696, 1.9706169366836548, 1.9492491483688354, 1.9247322082519531, 1.9116870164871216, 1.8940269947052002, 1.878725290298462, 1.8619117736816406, 1.851536512374878, 1.8400803804397583, 1.8263100385665894, 1.8081814050674438, 1.8073142766952515, 1.7997877597808838, 1.789193868637085, 1.781235694885254, 1.773118257522583, 1.7625477313995361, 1.7627081871032715, 1.7468644380569458, 1.744887113571167, 1.7320212125778198, 1.7306746244430542, 1.720678448677063, 1.7206865549087524, 1.7106757164001465, 1.7064563035964966, 1.7001254558563232, 1.6950098276138306, 1.6880857944488525, 1.6803815364837646, 1.681406855583191, 1.672150731086731, 1.666532278060913, 1.6652148962020874, 1.6609421968460083, 1.6518954038619995, 1.6444289684295654, 1.6408939361572266, 1.6330397129058838, 1.6268773078918457, 1.618019938468933, 1.6077511310577393, 1.6076349020004272, 1.6043789386749268, 1.591805338859558, 1.5908846855163574, 1.5725939273834229, 1.5698546171188354, 1.569887399673462, 1.5515164136886597, 1.5542800426483154, 1.5379639863967896, 1.5371696949005127, 1.5167906284332275, 1.5172719955444336, 1.5064107179641724, 1.4996780157089233, 1.4907970428466797, 1.4811770915985107, 1.478515863418579, 1.4707812070846558, 1.4637930393218994, 1.4497328996658325, 1.4498578310012817, 1.4368466138839722, 1.4218868017196655, 1.4104365110397339, 1.4126386642456055, 1.3946939706802368, 1.3870832920074463, 1.3730005025863647, 1.3739073276519775, 1.3592050075531006, 1.354647159576416, 1.3493510484695435, 1.336588978767395, 1.3260111808776855, 1.3156834840774536, 1.3057634830474854, 1.2959214448928833, 1.2986721992492676, 1.2816768884658813, 1.2788379192352295, 1.26246976852417, 1.258538842201233, 1.2524583339691162, 1.2456756830215454, 1.2398771047592163, 1.233234167098999, 1.2266865968704224, 1.2180802822113037, 1.2095674276351929, 1.2064497470855713, 1.1952699422836304, 1.187251329421997, 1.1927564144134521, 1.1814779043197632, 1.173130750656128, 1.166085124015808, 1.161574363708496, 1.1566208600997925, 1.1541215181350708, 1.1413122415542603, 1.1494837999343872, 1.1412606239318848, 1.1324265003204346, 1.1291738748550415, 1.1281623840332031, 1.1257845163345337, 1.1212071180343628, 1.1145288944244385, 1.1125199794769287, 1.1187902688980103], "rmse": [2.3821334838867188, 2.3434884548187256, 2.321476697921753, 2.3033645153045654, 2.2843453884124756, 2.2683112621307373, 2.249786615371704, 2.226947546005249, 2.202763795852661, 2.17238187789917, 2.1376712322235107, 2.097776412963867, 2.0504236221313477, 1.9930014610290527, 1.9317724704742432, 1.8633803129196167, 1.79671311378479, 1.7350456714630127, 1.6849281787872314, 1.6391422748565674, 1.595922589302063, 1.565381407737732, 1.536002516746521, 1.5126186609268188, 1.4905916452407837, 1.4749853610992432, 1.460896611213684, 1.449631929397583, 1.437844157218933, 1.4283545017242432, 1.4187366962432861, 1.4097036123275757, 1.3984652757644653, 1.3915823698043823, 1.3835381269454956, 1.3755213022232056, 1.3677842617034912, 1.3640278577804565, 1.3574386835098267, 1.3515517711639404, 1.3465840816497803, 1.3422889709472656, 1.3384658098220825, 1.3335117101669312, 1.3265208005905151, 1.327109932899475, 1.323327898979187, 1.320313572883606, 1.3169771432876587, 1.3145151138305664, 1.3110542297363281, 1.3104894161224365, 1.3044828176498413, 1.3033734560012817, 1.2988758087158203, 1.2980543375015259, 1.2957221269607544, 1.2952741384506226, 1.2918829917907715, 1.2883868217468262, 1.2867424488067627, 1.2855149507522583, 1.2830500602722168, 1.2806340456008911, 1.2808194160461426, 1.2775980234146118, 1.274288535118103, 1.274580955505371, 1.2723441123962402, 1.2692621946334839, 1.2664690017700195, 1.264201045036316, 1.2610012292861938, 1.259799838066101, 1.255679726600647, 1.2515990734100342, 1.2513576745986938, 1.2510653734207153, 1.2461096048355103, 1.2449228763580322, 1.238167405128479, 1.2365670204162598, 1.2374837398529053, 1.2295583486557007, 1.230086326599121, 1.2246471643447876, 1.2244337797164917, 1.2167812585830688, 1.2158865928649902, 1.2115814685821533, 1.2089649438858032, 1.2052818536758423, 1.2012783288955688, 1.2001270055770874, 1.197100281715393, 1.1941190958023071, 1.1890342235565186, 1.1886725425720215, 1.1833349466323853, 1.1769465208053589, 1.1719354391098022, 1.1723735332489014, 1.165485143661499, 1.162208080291748, 1.1558606624603271, 1.1566896438598633, 1.1496814489364624, 1.1491334438323975, 1.1457557678222656, 1.1400885581970215, 1.1367182731628418, 1.1315648555755615, 1.1271380186080933, 1.1229912042617798, 1.124169945716858, 1.116318702697754, 1.11445152759552, 1.10733962059021, 1.1059843301773071, 1.1029787063598633, 1.0999661684036255, 1.0970324277877808, 1.094801902770996, 1.0901356935501099, 1.0870261192321777, 1.0835483074188232, 1.0823187828063965, 1.076282262802124, 1.0728232860565186, 1.0753673315048218, 1.070268988609314, 1.0673182010650635, 1.0625520944595337, 1.06069815158844, 1.058713674545288, 1.0573420524597168, 1.0518171787261963, 1.054604172706604, 1.0511912107467651, 1.0473521947860718, 1.0454370975494385, 1.044468879699707, 1.0434144735336304, 1.0420105457305908, 1.03877854347229, 1.0373528003692627, 1.0403202772140503],