{"n_parameters": 63201, "training_time": 6362.7361972332, "loss": [6.127135276794434, 5.900493621826172, 5.860447883605957, 5.828155994415283, 5.783789157867432, 5.753098011016846, 5.716821670532227, 5.697923183441162, 5.663137912750244, 5.621577739715576, 5.580633640289307, 5.562592506408691, 5.542401313781738, 5.5023603439331055, 5.466882705688477, 5.4522786140441895, 5.41657829284668, 5.406774044036865, 5.360018730163574, 5.332008361816406, 5.300914287567139, 5.2630109786987305, 5.225560188293457, 5.183802127838135, 5.137361526489258, 5.0886030197143555, 5.0392866134643555, 4.989126682281494, 4.919055938720703, 4.843459606170654, 4.776689529418945, 4.6969780921936035, 4.594872951507568, 4.491112232208252, 4.405508995056152, 4.3027448654174805, 4.18584680557251, 4.082289218902588, 3.961165189743042, 3.883244276046753, 3.7731118202209473, 3.693136215209961, 3.6045305728912354, 3.5220766067504883, 3.45990252494812, 3.387568950653076, 3.311225175857544, 3.2443573474884033, 3.1934239864349365, 3.132068395614624, 3.082994222640991, 3.033137559890747, 2.99651837348938, 2.9456493854522705, 2.8966007232666016, 2.880356550216675, 2.8346261978149414, 2.7853026390075684, 2.7749483585357666, 2.7423312664031982, 2.713909387588501, 2.6942453384399414, 2.668687105178833, 2.6540212631225586, 2.6374757289886475, 2.6240527629852295, 2.5904603004455566, 2.580909490585327, 2.5607104301452637, 2.549906015396118, 2.536722183227539, 2.5056238174438477, 2.515023946762085, 2.495546817779541, 2.48201322555542, 2.46291184425354, 2.457834482192993, 2.462001323699951, 2.4358937740325928, 2.4286749362945557, 2.4146411418914795, 2.4056766033172607, 2.4017913341522217, 2.381208658218384, 2.3721792697906494, 2.352579355239868, 2.349991798400879, 2.3541033267974854, 2.3508970737457275, 2.336094617843628, 2.319960832595825, 2.319520950317383, 2.3079018592834473, 2.307846784591675, 2.290909767150879, 2.285515069961548, 2.2792325019836426, 2.274219274520874, 2.278050661087036, 2.255105972290039, 2.2558908462524414, 2.2464983463287354, 2.244455099105835, 2.2382051944732666, 2.2271857261657715, 2.2166996002197266, 2.2180516719818115, 2.208487033843994, 2.213019609451294, 2.213129997253418, 2.194103717803955, 2.1754941940307617, 2.176384925842285, 2.177586317062378, 2.1744449138641357, 2.171761989593506, 2.162752151489258, 2.1572515964508057, 2.162966012954712, 2.1544392108917236, 2.15073823928833, 2.139533519744873, 2.143216609954834, 2.151880979537964, 2.1209161281585693, 2.1273996829986572, 2.106454372406006, 2.123554229736328, 2.1296017169952393, 2.1142618656158447, 2.1007142066955566, 2.101360559463501, 2.11124587059021, 2.0866329669952393, 2.0970990657806396, 2.092315196990967, 2.0947811603546143, 2.074744701385498, 2.086055278778076, 2.0858559608459473, 2.088731288909912, 2.0606205463409424, 2.092012882232666, 2.0725619792938232, 2.089848041534424, 2.0808606147766113, 2.052098035812378], "rmse": [2.454901695251465, 2.41113543510437, 2.4024033546447754, 2.3961989879608154, 2.3868768215179443, 2.3811252117156982, 2.374295234680176, 2.3703813552856445, 2.362995147705078, 2.353846788406372, 2.346714496612549, 2.3430604934692383, 2.3380579948425293, 2.3300271034240723, 2.322622299194336, 2.320082664489746, 2.312126874923706, 2.310255765914917, 2.3003532886505127, 2.294147491455078, 2.2875592708587646, 2.279309034347534, 2.270958423614502, 2.2620697021484375, 2.251817226409912, 2.2413296699523926, 2.2305283546447754, 2.2189271450042725, 2.2033050060272217, 2.1863365173339844, 2.1709234714508057, 2.1524455547332764, 2.1282846927642822, 2.103789806365967, 2.0828897953033447, 2.0584278106689453, 2.0304925441741943, 2.0045673847198486, 1.9735363721847534, 1.9538806676864624, 1.9250050783157349, 1.9048770666122437, 1.8804931640625, 1.8590320348739624, 1.8424185514450073, 1.8219175338745117, 1.8009299039840698, 1.7827520370483398, 1.768808126449585, 1.752235770225525, 1.7375922203063965, 1.7235937118530273, 1.712182879447937, 1.6982148885726929, 1.6839991807937622, 1.6781848669052124, 1.6647924184799194, 1.6502511501312256, 1.6479305028915405, 1.636897087097168, 1.6282192468643188, 1.6225135326385498, 1.6146904230117798, 1.6105014085769653, 1.6051536798477173, 1.599981427192688, 1.5907552242279053, 1.5885381698608398, 1.5807926654815674, 1.5777333974838257, 1.5732851028442383, 1.5631986856460571, 1.566524863243103, 1.5594958066940308, 1.5554993152618408, 1.5500926971435547, 1.5485163927078247, 1.5495426654815674, 1.541516661643982, 1.53958261013031, 1.5344792604446411, 1.5316901206970215, 1.5300567150115967, 1.5230634212493896, 1.5198071002960205, 1.5154260396957397, 1.5127497911453247, 1.515552043914795, 1.5139737129211426, 1.5089176893234253, 1.5039737224578857, 1.5034065246582031, 1.501311182975769, 1.4992237091064453, 1.493356466293335, 1.492125391960144, 1.490095853805542, 1.4895356893539429, 1.4888713359832764, 1.4827373027801514, 1.4818751811981201, 1.479101538658142, 1.4793789386749268, 1.4770609140396118, 1.4731253385543823, 1.4693692922592163, 1.470332384109497, 1.4668821096420288, 1.4686850309371948, 1.468091607093811, 1.4626682996749878, 1.4569430351257324, 1.457064151763916, 1.4568462371826172, 1.455958604812622, 1.455410122871399, 1.4516311883926392, 1.4490916728973389, 1.450577735900879, 1.4484858512878418, 1.4472233057022095, 1.4442884922027588, 1.4445815086364746, 1.4481468200683594, 1.4371256828308105, 1.4398739337921143, 1.4330581426620483, 1.4387212991714478, 1.43987238407135, 1.4359533786773682, 1.4310388565063477, 1.431317687034607, 1.433886170387268, 1.425997018814087, 1.4299015998840332, 1.426658272743225, 1.4286872148513794, 1.422210693359375, 1.4253519773483276, 1.4253348112106323, 1.4272130727767944, 1.4165862798690796, 1.4269230365753174, 1.4212818145751953, 1.4268368482589722, 1.42380952835083, 1.4148579835891724],