{"n_parameters": 333489, "training_time": 13441.613231182098, "loss": [5.692070960998535, 5.400903701782227, 5.168156147003174, 4.912785530090332, 4.70214319229126, 4.497010707855225, 4.322056770324707, 4.131021976470947, 3.923689126968384, 3.69394588470459, 3.4799489974975586, 3.266814708709717, 3.056910276412964, 2.878894567489624, 2.71372389793396, 2.585585832595825, 2.4711880683898926, 2.3851468563079834, 2.310340166091919, 2.23837947845459, 2.196117877960205, 2.1445186138153076, 2.1070103645324707, 2.0681066513061523, 2.041393280029297, 2.0001089572906494, 1.9947549104690552, 1.969854712486267, 1.9507323503494263, 1.9425541162490845, 1.920926570892334, 1.9025192260742188, 1.8896037340164185, 1.881662368774414, 1.8718754053115845, 1.8598401546478271, 1.8463867902755737, 1.8396689891815186, 1.828263282775879, 1.8201088905334473, 1.8083512783050537, 1.796613097190857, 1.8010289669036865, 1.7884886264801025, 1.7761282920837402, 1.7767592668533325, 1.7672357559204102, 1.7594302892684937, 1.759399175643921, 1.7527610063552856, 1.7485320568084717, 1.740464210510254, 1.7312860488891602, 1.7300227880477905, 1.7243258953094482, 1.7175898551940918, 1.712707757949829, 1.7090398073196411, 1.703984022140503, 1.697952389717102, 1.6908000707626343, 1.6818749904632568, 1.6748911142349243, 1.6775599718093872, 1.6726428270339966, 1.6708531379699707, 1.6617999076843262, 1.6468433141708374, 1.646976351737976, 1.6359965801239014, 1.639096975326538, 1.631088137626648, 1.6221797466278076, 1.6231272220611572, 1.609149694442749, 1.610040545463562, 1.599145770072937, 1.5974863767623901, 1.5935978889465332, 1.5857805013656616, 1.5818613767623901, 1.5693678855895996, 1.5737587213516235, 1.5591940879821777, 1.5555468797683716, 1.5480388402938843, 1.5399030447006226, 1.5377522706985474, 1.5252690315246582, 1.520790457725525, 1.5152792930603027, 1.507409930229187, 1.50496244430542, 1.4957876205444336, 1.4861174821853638, 1.474184513092041, 1.4692326784133911, 1.4624866247177124, 1.4508814811706543, 1.4386008977890015, 1.437366247177124, 1.4167566299438477, 1.4173481464385986, 1.4038164615631104, 1.3941229581832886, 1.387204647064209, 1.3836171627044678, 1.3699778318405151, 1.3606091737747192, 1.34909987449646, 1.3429287672042847, 1.3297840356826782, 1.321982502937317, 1.309552550315857, 1.3050646781921387, 1.2906193733215332, 1.284293293952942, 1.2794989347457886, 1.2673059701919556, 1.2558276653289795, 1.2485884428024292, 1.2322338819503784, 1.2265902757644653, 1.2256526947021484, 1.2107024192810059, 1.1963356733322144, 1.190983533859253, 1.1890183687210083, 1.1728061437606812, 1.1621204614639282, 1.1577593088150024, 1.146233320236206, 1.1471365690231323, 1.1365745067596436, 1.1251416206359863, 1.121924877166748, 1.113958716392517, 1.1005319356918335, 1.0994127988815308, 1.0947401523590088, 1.088034749031067, 1.0767990350723267, 1.0739470720291138], "rmse": [2.369595766067505, 2.3092403411865234, 2.258664846420288, 2.2032620906829834, 2.1545186042785645, 2.106663703918457, 2.065108299255371, 2.0184144973754883, 1.9653064012527466, 1.906241536140442, 1.8488928079605103, 1.7898602485656738, 1.7299621105194092, 1.6781764030456543, 1.6285170316696167, 1.5898469686508179, 1.5550848245620728, 1.527201533317566, 1.5028408765792847, 1.4789814949035645, 1.4654432535171509, 1.4478651285171509, 1.4349539279937744, 1.421202540397644, 1.4125593900680542, 1.398106575012207, 1.3961247205734253, 1.3866268396377563, 1.3805879354476929, 1.3770654201507568, 1.3695347309112549, 1.3624917268753052, 1.3579248189926147, 1.3554327487945557, 1.3512064218521118, 1.3464887142181396, 1.342206597328186, 1.3397517204284668, 1.3358219861984253, 1.3326057195663452, 1.3283069133758545, 1.3237723112106323, 1.3254410028457642, 1.32057523727417, 1.3162606954574585, 1.3169078826904297, 1.31295645236969, 1.3100712299346924, 1.310152530670166, 1.307102918624878, 1.3049838542938232, 1.3025944232940674, 1.2989842891693115, 1.2983314990997314, 1.296602487564087, 1.2935017347335815, 1.2917500734329224, 1.2904423475265503, 1.2883496284484863, 1.2868763208389282, 1.2829952239990234, 1.280537724494934, 1.277077317237854, 1.2786387205123901, 1.276351809501648, 1.276175618171692, 1.2725205421447754, 1.2662286758422852, 1.2665235996246338, 1.2627276182174683, 1.263810634613037, 1.2619916200637817, 1.257466435432434, 1.257978916168213, 1.2521084547042847, 1.252744197845459, 1.2487939596176147, 1.2478108406066895, 1.245359182357788, 1.242864966392517, 1.2420051097869873, 1.236537218093872, 1.2379062175750732, 1.2325209379196167, 1.230931043624878, 1.227683424949646, 1.2244658470153809, 1.2241568565368652, 1.219548225402832, 1.2169418334960938, 1.2151902914047241, 1.2115541696548462, 1.210564374923706, 1.2064791917800903, 1.2026960849761963, 1.197808027267456, 1.1954081058502197, 1.1933776140213013, 1.1879804134368896, 1.1835849285125732, 1.1829355955123901, 1.1736363172531128, 1.1740448474884033, 1.1682761907577515, 1.1655858755111694, 1.1623345613479614, 1.1603572368621826, 1.1547878980636597, 1.151761531829834, 1.1445910930633545, 1.143275499343872, 1.137536883354187, 1.13351309299469, 1.128409504890442, 1.1261330842971802, 1.1203434467315674, 1.1179349422454834, 1.1155213117599487, 1.10958993434906, 1.1040325164794922, 1.1014790534973145, 1.0947113037109375, 1.0918668508529663, 1.0909783840179443, 1.0840411186218262, 1.0777109861373901, 1.0751817226409912, 1.073486566543579, 1.0671732425689697, 1.061726689338684, 1.0602456331253052, 1.0543292760849, 1.0546176433563232, 1.0498076677322388, 1.0445294380187988, 1.042641043663025, 1.0386970043182373, 1.0328010320663452, 1.0315264463424683, 1.0303324460983276, 1.0275262594223022, 1.0208977460861206, 1.0190725326538086],