{"n_parameters": 213729, "training_time": 961.984671831131, "loss": [8.825907707214355, 6.956137657165527, 6.537291526794434, 6.309665679931641, 6.220383167266846, 6.167730331420898, 6.082658290863037, 6.044382572174072, 5.98826789855957, 5.978625774383545, 5.929677486419678, 5.912163734436035, 5.906759738922119], "rmse": [2.9352405071258545, 2.617809772491455, 2.5384342670440674, 2.4931375980377197, 2.4759678840637207, 2.465456247329712, 2.448460817337036, 2.440234422683716, 2.429246187210083, 2.4272847175598145, 2.416943311691284, 2.4147684574127197, 2.4133150577545166], "val_loss": [5.986134052276611, 5.984976291656494, 6.056087970733643, 6.068793773651123, 6.021763801574707, 5.964982032775879, 5.912878036499023, 5.865086078643799, 5.893612861633301, 5.899223804473877, 5.883123397827148, 5.871093273162842, 5.870533466339111], "val_rmse": [2.428722858428955, 2.429295539855957, 2.4448277950286865, 2.4476869106292725, 2.438218116760254, 2.426628589630127, 2.415285110473633, 2.404858112335205, 2.4105031490325928, 2.4113564491271973, 2.4080569744110107, 2.4056715965270996, 2.4054195880889893]}