{"n_parameters": 493185, "training_time": 20116.017340898514, "loss": [5.914824962615967, 5.325685977935791, 5.0324554443359375, 4.794252872467041, 4.5550432205200195, 4.304971694946289, 4.046014785766602, 3.7894511222839355, 3.536487102508545, 3.332667112350464, 3.155062198638916, 3.003749132156372, 2.866814136505127, 2.765937089920044, 2.647068977355957, 2.5819404125213623, 2.4847288131713867, 2.438019037246704, 2.3851821422576904, 2.3205835819244385, 2.2875852584838867, 2.238986015319824, 2.198622703552246, 2.1718997955322266, 2.136711597442627, 2.101775646209717, 2.076953411102295, 2.046112298965454, 2.0228097438812256, 2.0009167194366455, 1.9726698398590088, 1.9572582244873047, 1.940704107284546, 1.9269015789031982, 1.9054211378097534, 1.8977270126342773, 1.8806508779525757, 1.8667383193969727, 1.8593714237213135, 1.8463886976242065, 1.8336328268051147, 1.8251690864562988, 1.8029696941375732, 1.7987899780273438, 1.798081636428833, 1.7829817533493042, 1.7872107028961182, 1.7736990451812744, 1.7676199674606323, 1.7593241930007935, 1.7553260326385498, 1.7437177896499634, 1.7386503219604492, 1.7335505485534668, 1.7246893644332886, 1.7226229906082153, 1.7186814546585083, 1.7093547582626343, 1.7022254467010498, 1.6952872276306152, 1.6881842613220215, 1.6838520765304565, 1.6723227500915527, 1.66079580783844, 1.657482624053955, 1.6456021070480347, 1.6497329473495483, 1.641185998916626, 1.6297824382781982, 1.619724154472351, 1.6206895112991333, 1.6073390245437622, 1.5943138599395752, 1.5933113098144531, 1.583424687385559, 1.5788977146148682, 1.5581883192062378, 1.5618187189102173, 1.5499565601348877, 1.5411802530288696, 1.5365567207336426, 1.5232652425765991, 1.5095059871673584, 1.5000303983688354, 1.4861804246902466, 1.4835875034332275, 1.475661277770996, 1.4621245861053467, 1.4609917402267456, 1.448007583618164, 1.433240294456482, 1.4194986820220947, 1.401464819908142, 1.3997348546981812, 1.3920421600341797, 1.3761495351791382, 1.368721842765808, 1.3651305437088013, 1.348700761795044, 1.3438308238983154, 1.3285332918167114, 1.3188471794128418, 1.3163633346557617, 1.3004330396652222, 1.2942599058151245, 1.2891905307769775, 1.2787015438079834, 1.2683418989181519, 1.2565383911132812, 1.2505091428756714, 1.2383424043655396, 1.2251332998275757, 1.231361746788025, 1.2162259817123413, 1.2049952745437622, 1.2043431997299194, 1.19199800491333, 1.1953389644622803, 1.1860628128051758, 1.1694252490997314, 1.173178791999817, 1.1557282209396362, 1.1586658954620361, 1.1575429439544678, 1.1463981866836548, 1.1436406373977661, 1.1315536499023438, 1.126564621925354, 1.1247279644012451, 1.125359058380127, 1.116639494895935, 1.1219773292541504, 1.1095366477966309, 1.1019089221954346, 1.1017557382583618, 1.0957356691360474, 1.101798415184021, 1.0845566987991333, 1.080707311630249, 1.0817067623138428, 1.084446907043457, 1.0827903747558594, 1.069031834602356, 1.0790103673934937, 1.0601383447647095, 1.0687333345413208, 1.0599859952926636, 1.0560071468353271, 1.052263617515564, 1.0560376644134521, 1.0492933988571167, 1.047914981842041, 1.0423001050949097, 1.0445071458816528, 1.0421395301818848, 1.0348976850509644, 1.0287729501724243, 1.0276896953582764, 1.0363081693649292], "rmse": [2.414003610610962, 2.292966842651367, 2.228675127029419, 2.1755380630493164, 2.119990110397339, 2.059802293777466, 1.9950449466705322, 1.9293941259384155, 1.8625355958938599, 1.8070673942565918, 1.7578034400939941, 1.7130417823791504, 1.6741832494735718, 1.643614649772644, 1.6075743436813354, 1.5872524976730347, 1.5576144456863403, 1.5413964986801147, 1.5250160694122314, 1.5033296346664429, 1.4930917024612427, 1.4768946170806885, 1.4635781049728394, 1.4538801908493042, 1.4429644346237183, 1.4311636686325073, 1.4232361316680908, 1.4110907316207886, 1.4036568403244019, 1.3970096111297607, 1.386651873588562, 1.381377100944519, 1.3752819299697876, 1.3715111017227173, 1.363649845123291, 1.3602384328842163, 1.3546797037124634, 1.3500659465789795, 1.3470854759216309, 1.3419865369796753, 1.3375657796859741, 1.3346292972564697, 1.3276042938232422, 1.3251378536224365, 1.3246729373931885, 1.3192648887634277, 1.3196182250976562, 1.3149900436401367, 1.3137515783309937, 1.310052752494812, 1.3086861371994019, 1.3037433624267578, 1.302610158920288, 1.301397681236267, 1.2976000308990479, 1.2949820756912231, 1.29466712474823, 1.2909942865371704, 1.2888362407684326, 1.2856054306030273, 1.2832268476486206, 1.2815088033676147, 1.2772327661514282, 1.2723678350448608, 1.2718521356582642, 1.2671692371368408, 1.2681792974472046, 1.2656898498535156, 1.2605955600738525, 1.257154941558838, 1.2568539381027222, 1.2509374618530273, 1.2473061084747314, 1.247100591659546, 1.2426952123641968, 1.2405049800872803, 1.2324211597442627, 1.2332773208618164, 1.2290016412734985, 1.2253923416137695, 1.2234530448913574, 1.2186298370361328, 1.2129855155944824, 1.2086000442504883, 1.203160047531128, 1.2015758752822876, 1.1991641521453857, 1.1937240362167358, 1.192463994026184, 1.1867058277130127, 1.1811285018920898, 1.1762999296188354, 1.1683834791183472, 1.1675843000411987, 1.1638152599334717, 1.1569256782531738, 1.153904676437378, 1.1518076658248901, 1.1451549530029297, 1.1429659128189087, 1.136645793914795, 1.131300449371338, 1.1312603950500488, 1.125351071357727, 1.121107578277588, 1.1186692714691162, 1.1147241592407227, 1.1094859838485718, 1.1050188541412354, 1.1007556915283203, 1.0959566831588745, 1.0895954370498657, 1.0924568176269531, 1.0860280990600586, 1.0814942121505737, 1.0793975591659546, 1.0745739936828613, 1.0761874914169312, 1.0721664428710938, 1.0641140937805176, 1.065597653388977, 1.0589344501495361, 1.0593366622924805, 1.0585452318191528, 1.052978515625, 1.0514010190963745, 1.0459771156311035, 1.043364405632019, 1.0433262586593628, 1.0432960987091064, 1.0393768548965454, 1.0408753156661987, 1.0355579853057861, 1.0320550203323364, 1.031610131263733, 1.0287219285964966, 1.0317262411117554, 1.023826003074646, 1.021191120147705, 1.0220112800598145, 1.023280143737793, 1.0226199626922607, 1.0161312818527222, 1.0202951431274414, 1.0111372470855713, 1.0161256790161133, 1.0113896131515503, 1.0092990398406982, 1.0078054666519165, 1.009201169013977, 1.0053796768188477, 1.0048269033432007, 1.0029956102371216, 1.0031464099884033, 1.0020591020584106, 0.9990716576576233, 0.9954683780670166, 0.9957389831542969, 0.9992026686668396],