{"n_parameters": 95937, "training_time": 7759.869488954544, "loss": [5.8077592849731445, 5.676742076873779, 5.570817470550537, 5.476304531097412, 5.382956504821777, 5.298403739929199, 5.211885929107666, 5.118836879730225, 5.034581661224365, 4.95032262802124, 4.8678789138793945, 4.802860260009766, 4.736525535583496, 4.666814804077148, 4.592836380004883, 4.526424884796143, 4.464731216430664, 4.395169734954834, 4.334670066833496, 4.267066955566406, 4.212912082672119, 4.143257141113281, 4.081164836883545, 4.016686916351318, 3.9462180137634277, 3.878142833709717, 3.8106396198272705, 3.7402312755584717, 3.6653454303741455, 3.595940113067627, 3.5301849842071533, 3.453670024871826, 3.39096736907959, 3.328165054321289, 3.2590620517730713, 3.1936757564544678, 3.125004529953003, 3.0704452991485596, 3.0100979804992676, 2.9502973556518555, 2.8977742195129395, 2.842982530593872, 2.786086082458496, 2.738819122314453, 2.6905393600463867, 2.631711006164551, 2.602079153060913, 2.54540753364563, 2.5163278579711914, 2.4720828533172607, 2.4343082904815674, 2.389688730239868, 2.3536834716796875, 2.328057050704956, 2.287921667098999, 2.25748348236084, 2.2391867637634277, 2.215301513671875, 2.1763687133789062, 2.150402307510376, 2.1309103965759277, 2.1092097759246826, 2.0837900638580322, 2.0660386085510254, 2.056830406188965, 2.0355560779571533, 2.014845848083496, 2.0015480518341064, 1.9959633350372314, 1.9790881872177124, 1.9710184335708618, 1.953487515449524, 1.9469648599624634, 1.9365671873092651, 1.9249732494354248, 1.9217064380645752, 1.9223557710647583, 1.9142839908599854, 1.9088830947875977, 1.9008867740631104, 1.8949967622756958, 1.8870116472244263, 1.8844938278198242, 1.8785285949707031, 1.8722163438796997, 1.8701722621917725, 1.866424798965454, 1.8660218715667725, 1.8570687770843506, 1.8594757318496704, 1.8562824726104736, 1.85225510597229, 1.8437137603759766, 1.8470935821533203, 1.841256022453308, 1.8388872146606445, 1.8232053518295288, 1.8232152462005615, 1.8277428150177002, 1.8290507793426514, 1.8200280666351318, 1.8140287399291992, 1.8190031051635742, 1.811974048614502, 1.8090912103652954, 1.8027362823486328, 1.7998626232147217, 1.8049137592315674, 1.8054763078689575, 1.7943437099456787, 1.7977654933929443, 1.7911043167114258, 1.7866299152374268, 1.786487340927124, 1.7797600030899048, 1.7864115238189697, 1.7808459997177124, 1.7757295370101929, 1.7770614624023438, 1.769924283027649, 1.761770248413086, 1.7644069194793701, 1.7685811519622803, 1.7586716413497925, 1.7574467658996582, 1.75153386592865, 1.7565147876739502, 1.7608563899993896, 1.7487969398498535, 1.7530136108398438, 1.7496899366378784, 1.7519181966781616, 1.746059775352478, 1.7381728887557983, 1.742691159248352, 1.7315068244934082, 1.7349897623062134, 1.7343393564224243, 1.7311248779296875, 1.7303344011306763, 1.7263987064361572, 1.7310527563095093, 1.7229640483856201, 1.72376549243927, 1.7217053174972534, 1.7204539775848389, 1.7133519649505615, 1.7209867238998413, 1.7146329879760742, 1.7156336307525635, 1.7060413360595703, 1.7104942798614502, 1.7124474048614502, 1.7096961736679077, 1.7069419622421265, 1.7000575065612793, 1.7051026821136475, 1.7024924755096436, 1.7040647268295288, 1.6931791305541992, 1.6949596405029297, 1.694982886314392, 1.6923273801803589], "rmse": [2.392770290374756, 2.365896463394165, 2.3430981636047363, 2.324431896209717, 2.304316282272339, 2.2864694595336914, 2.26778244972229, 2.2481067180633545, 2.2295567989349365, 2.210218906402588, 2.192106008529663, 2.1772303581237793, 2.1631433963775635, 2.146629571914673, 2.129361867904663, 2.1137301921844482, 2.0990710258483887, 2.083203077316284, 2.067843437194824, 2.0515453815460205, 2.038708209991455, 2.021479606628418, 2.005056858062744, 1.9887856245040894, 1.9713263511657715, 1.9539700746536255, 1.936249852180481, 1.9177826642990112, 1.8979295492172241, 1.8796707391738892, 1.8619766235351562, 1.8402080535888672, 1.823030710220337, 1.8055485486984253, 1.7870666980743408, 1.7689731121063232, 1.7486968040466309, 1.7327637672424316, 1.715290904045105, 1.6982704401016235, 1.68272864818573, 1.666580319404602, 1.6503102779388428, 1.635109782218933, 1.6201879978179932, 1.603938102722168, 1.594430685043335, 1.5773416757583618, 1.5672622919082642, 1.5533428192138672, 1.5419155359268188, 1.5270559787750244, 1.5152795314788818, 1.5070687532424927, 1.495987892150879, 1.4850244522094727, 1.478830337524414, 1.4715379476547241, 1.4584274291992188, 1.4499907493591309, 1.4440451860427856, 1.4370930194854736, 1.4270583391189575, 1.4212770462036133, 1.4190802574157715, 1.4113913774490356, 1.4047387838363647, 1.3997212648391724, 1.3968379497528076, 1.391688585281372, 1.3877675533294678, 1.3823773860931396, 1.3800519704818726, 1.3765608072280884, 1.3720804452896118, 1.3710402250289917, 1.3715277910232544, 1.3691896200180054, 1.3654029369354248, 1.3639609813690186, 1.3614033460617065, 1.359168529510498, 1.3574756383895874, 1.3559528589248657, 1.3528366088867188, 1.3522824048995972, 1.3511276245117188, 1.35112726688385, 1.3470760583877563, 1.3482497930526733, 1.34679114818573, 1.3457238674163818, 1.3425593376159668, 1.3436189889907837, 1.3417335748672485, 1.340524673461914, 1.3351119756698608, 1.3351309299468994, 1.336934208869934, 1.336531400680542, 1.3338675498962402, 1.3314647674560547, 1.333277940750122, 1.3307628631591797, 1.3296493291854858, 1.3273512125015259, 1.3262556791305542, 1.3287451267242432, 1.3286954164505005, 1.3244799375534058, 1.3256325721740723, 1.3228070735931396, 1.321942687034607, 1.3210411071777344, 1.3188546895980835, 1.3222630023956299, 1.3184854984283447, 1.3164173364639282, 1.3178387880325317, 1.3146735429763794, 1.3116868734359741, 1.312506914138794, 1.3145912885665894, 1.310503602027893, 1.3107209205627441, 1.3075249195098877, 1.3103474378585815, 1.3107867240905762, 1.306288242340088, 1.3083170652389526, 1.3076447248458862, 1.3075355291366577, 1.304955005645752, 1.3024804592132568, 1.3040956258773804, 1.3001209497451782, 1.3015869855880737, 1.3013761043548584, 1.3002617359161377, 1.2996712923049927, 1.2978519201278687, 1.3006964921951294, 1.297363519668579, 1.297464370727539, 1.2963571548461914, 1.2957667112350464, 1.293020248413086, 1.2966487407684326, 1.2934753894805908, 1.2941991090774536, 1.291199803352356, 1.2928663492202759, 1.292910099029541, 1.2920000553131104, 1.2898095846176147, 1.2884601354599, 1.289973258972168, 1.2891205549240112, 1.289790391921997, 1.2858392000198364, 1.286117434501648, 1.2859342098236084, 1.2852058410644531],