{"n_parameters": 221761, "training_time": 5344.043798446655, "loss": [5.751315116882324, 5.675181865692139, 5.6208720207214355, 5.575345039367676, 5.534735202789307, 5.494283676147461, 5.45554256439209, 5.418056964874268, 5.3874897956848145, 5.357900619506836, 5.3338093757629395, 5.311161994934082, 5.286296367645264, 5.2597198486328125, 5.224836826324463, 5.212221145629883, 5.1887407302856445, 5.164994239807129, 5.1529459953308105, 5.132644176483154, 5.114521503448486, 5.094902038574219, 5.077859878540039, 5.055064678192139, 5.041199207305908, 5.035317420959473, 5.0086774826049805, 4.989187240600586, 4.974615573883057, 4.959423542022705, 4.930945873260498, 4.912128448486328, 4.887558937072754, 4.865266799926758, 4.829497814178467, 4.78878927230835, 4.7583537101745605, 4.718624114990234, 4.6706671714782715, 4.619363784790039, 4.567513465881348, 4.509084224700928, 4.432173728942871, 4.334660530090332, 4.249909400939941, 4.158478736877441, 4.054365158081055, 3.9539554119110107, 3.840296745300293, 3.7266628742218018, 3.603368043899536, 3.4970829486846924, 3.3861751556396484, 3.2955586910247803, 3.207998275756836, 3.134237289428711, 3.0681443214416504, 3.001377582550049, 2.940337896347046, 2.899552822113037, 2.8451035022735596, 2.8001067638397217, 2.7480790615081787, 2.7177371978759766, 2.6815476417541504, 2.627946138381958, 2.608138084411621, 2.5909385681152344, 2.5412356853485107, 2.5241472721099854, 2.495701313018799, 2.480487108230591, 2.4527175426483154, 2.428945779800415, 2.4232239723205566, 2.397129535675049, 2.3723080158233643, 2.369793653488159, 2.3417720794677734], "rmse": [2.380432605743408, 2.3648667335510254, 2.353074550628662, 2.343859910964966, 2.336160182952881, 2.3273322582244873, 2.3195581436157227, 2.3106236457824707, 2.304871082305908, 2.299373149871826, 2.294182777404785, 2.289964199066162, 2.283677339553833, 2.277977228164673, 2.2711098194122314, 2.267892599105835, 2.2632765769958496, 2.2573227882385254, 2.2550342082977295, 2.2513418197631836, 2.24702787399292, 2.2428014278411865, 2.238828420639038, 2.23335337638855, 2.231438159942627, 2.229694366455078, 2.223590850830078, 2.219343662261963, 2.2168681621551514, 2.212632417678833, 2.2065742015838623, 2.2022321224212646, 2.196920156478882, 2.191976308822632, 2.183907985687256, 2.1749861240386963, 2.1679790019989014, 2.158808946609497, 2.1478846073150635, 2.1359918117523193, 2.1248068809509277, 2.110316038131714, 2.091790199279785, 2.068650960922241, 2.0487327575683594, 2.025697708129883, 2.000444173812866, 1.9755244255065918, 1.946271538734436, 1.9173551797866821, 1.885334849357605, 1.8574049472808838, 1.8275470733642578, 1.8027684688568115, 1.7789708375930786, 1.7581391334533691, 1.7396836280822754, 1.7201341390609741, 1.7031155824661255, 1.6907830238342285, 1.6751278638839722, 1.6615926027297974, 1.6458556652069092, 1.6375917196273804, 1.6260892152786255, 1.6090524196624756, 1.6031156778335571, 1.5983061790466309, 1.5816395282745361, 1.5771746635437012, 1.5683393478393555, 1.5638412237167358, 1.5543559789657593, 1.5469329357147217, 1.544993281364441, 1.5359909534454346, 1.5284349918365479, 1.5273702144622803, 1.5180290937423706], "val_loss": [5.855662822723389, 5.796597957611084, 5.747857093811035, 5.701971054077148, 5.662093639373779, 5.622642517089844, 5.588947296142578, 5.553579330444336, 5.52189302444458, 5.491840362548828, 5.465504169464111, 5.441256523132324, 5.4194135665893555, 5.392483711242676, 5.367397308349609, 5.342878341674805, 5.320693016052246, 5.3017258644104, 5.27805233001709, 5.258907794952393, 5.238400459289551, 5.229559421539307, 5.203146934509277, 5.176673889160156, 5.143350601196289, 5.136499881744385, 5.111932277679443, 5.090816020965576, 5.058027267456055, 5.041865348815918, 4.999579906463623, 4.973970890045166, 4.945587635040283, 4.914436340332031, 4.870028018951416, 4.82899284362793, 4.770257472991943, 4.735964775085449, 4.641550540924072, 4.582905292510986, 4.519052505493164, 4.440802097320557, 4.331201076507568, 4.230442523956299, 4.1314311027526855, 4.022841930389404, 3.9116852283477783, 3.7983803749084473, 3.6763534545898438, 3.537055015563965, 3.418644905090332, 3.2979533672332764, 3.225825309753418, 3.144740343093872, 3.0672707557678223, 3.0177013874053955, 2.9545936584472656, 2.9452133178710938, 2.8673207759857178, 2.8108036518096924, 2.8143856525421143, 2.7757585048675537, 2.7226932048797607, 2.6786608695983887, 2.6820068359375, 2.6657001972198486, 2.6482350826263428, 2.6546852588653564, 2.6235554218292236, 2.5923445224761963, 2.5964572429656982, 2.583116054534912, 2.5783724784851074, 2.5614874362945557, 2.581289529800415, 2.586747407913208, 2.574504852294922, 2.6144821643829346, 2.5909907817840576], "val_rmse": [2.402557134628296, 2.39054799079895, 2.380730152130127, 2.3714382648468018, 2.3633792400360107, 2.3553409576416016, 2.3484811782836914, 2.3411920070648193, 2.334649085998535, 2.328413963317871, 2.3229384422302246, 2.3178789615631104, 2.3133111000061035, 2.3076171875, 2.3022994995117188, 2.2970755100250244, 2.2923223972320557, 2.288256883621216, 2.2831451892852783, 2.2790253162384033, 2.2745914459228516, 2.272705316543579, 2.266958475112915, 2.261168956756592, 2.2538609504699707, 2.252389907836914, 2.246995210647583, 2.2423582077026367, 2.2351198196411133, 2.2315664291381836, 2.222177267074585, 2.216496467590332, 2.210172176361084, 2.203220844268799, 2.1932625770568848, 2.1840336322784424, 2.1706979274749756, 2.162930727005005, 2.141228675842285, 2.127703905105591, 2.1128523349761963, 2.0945229530334473, 2.06848406791687, 2.0443344116210938, 2.020327091217041, 1.9937076568603516, 1.9659953117370605, 1.9373812675476074, 1.9061180353164673, 1.8697099685668945, 1.8382751941680908, 1.8056867122650146, 1.786108374595642, 1.7637563943862915, 1.7420079708099365, 1.7280681133270264, 1.709996223449707, 1.7075737714767456, 1.684798002243042, 1.6680727005004883, 1.6693403720855713, 1.6578608751296997, 1.6418441534042358, 1.6284505128860474, 1.6295323371887207, 1.6245620250701904, 1.6192126274108887, 1.6212332248687744, 1.6115440130233765, 1.6018413305282593, 1.6030856370925903, 1.598919153213501, 1.5974817276000977, 1.5921874046325684, 1.5983902215957642, 1.6000241041183472, 1.5961854457855225, 1.608622670173645, 1.6013376712799072]}