{"n_parameters": 252497, "training_time": 5556.490551233292, "loss": [5.9090256690979, 5.748086452484131, 5.659409523010254, 5.577620029449463, 5.51734733581543, 5.449543476104736, 5.39949893951416, 5.335618019104004, 5.271171569824219, 5.218957424163818, 5.152883529663086, 5.0792012214660645, 5.008615493774414, 4.929503917694092, 4.859363079071045, 4.751418113708496, 4.660243034362793, 4.543936252593994, 4.409180164337158, 4.279313564300537, 4.152360916137695, 4.037393569946289, 3.9078574180603027, 3.8013854026794434, 3.719841480255127, 3.6304359436035156, 3.557847499847412, 3.5041627883911133, 3.4357261657714844, 3.379833459854126, 3.323840856552124, 3.2693655490875244, 3.2255170345306396, 3.192880868911743, 3.141740083694458, 3.1036243438720703, 3.071510076522827, 3.037527084350586, 3.010769844055176, 2.9848484992980957, 2.960353374481201, 2.921184539794922, 2.8930864334106445, 2.873613119125366, 2.844933271408081, 2.8119709491729736, 2.7963597774505615, 2.782259702682495, 2.7474467754364014, 2.7249674797058105, 2.705508232116699, 2.6965060234069824, 2.6747870445251465, 2.6452438831329346, 2.6392147541046143, 2.630079746246338, 2.6123294830322266, 2.5941383838653564, 2.5674309730529785, 2.543708086013794, 2.523080348968506, 2.5251855850219727, 2.496309280395508, 2.506603956222534, 2.470276117324829, 2.46107816696167, 2.451558828353882, 2.446265459060669, 2.4114038944244385, 2.4072866439819336, 2.3902194499969482, 2.3893258571624756, 2.3889341354370117], "rmse": [2.4134275913238525, 2.3811075687408447, 2.3621299266815186, 2.345731258392334, 2.3330256938934326, 2.319490671157837, 2.309100389480591, 2.295585870742798, 2.281010389328003, 2.2701961994171143, 2.256385087966919, 2.2396743297576904, 2.223691940307617, 2.2067201137542725, 2.1904797554016113, 2.165660858154297, 2.1447505950927734, 2.1170315742492676, 2.0845465660095215, 2.0524120330810547, 2.020376682281494, 1.9923148155212402, 1.9591472148895264, 1.9319570064544678, 1.9105345010757446, 1.8872530460357666, 1.868239164352417, 1.8519141674041748, 1.8349820375442505, 1.820388674736023, 1.804774284362793, 1.788549542427063, 1.777504324913025, 1.769364833831787, 1.753888487815857, 1.743826150894165, 1.7340577840805054, 1.7245731353759766, 1.7162208557128906, 1.708600640296936, 1.7022725343704224, 1.6918145418167114, 1.6831990480422974, 1.6771132946014404, 1.6683067083358765, 1.6591689586639404, 1.6540262699127197, 1.6506062746047974, 1.639272928237915, 1.6331255435943604, 1.6280553340911865, 1.6246955394744873, 1.617404818534851, 1.609083890914917, 1.6066865921020508, 1.6045864820480347, 1.5994540452957153, 1.5930458307266235, 1.585200309753418, 1.5774139165878296, 1.5709295272827148, 1.5715516805648804, 1.562231421470642, 1.5654417276382446, 1.5544373989105225, 1.5512001514434814, 1.547495722770691, 1.5467016696929932, 1.5366450548171997, 1.534193992614746, 1.5286247730255127, 1.528834581375122, 1.5283409357070923], "val_loss": [5.88153600692749, 5.7422285079956055, 5.653770446777344, 5.574132919311523, 5.488003253936768, 5.413120746612549, 5.335380554199219, 5.226746559143066, 5.135257244110107, 5.056623458862305, 4.977413177490234, 4.874351978302002, 4.7171525955200195, 4.63079309463501, 4.501985549926758, 4.391138076782227, 4.2124924659729, 4.071732521057129, 3.8559467792510986, 3.645934581756592, 3.4900760650634766, 3.301093578338623, 3.144909381866455, 3.03564190864563, 2.9489023685455322, 2.864253520965576, 2.8081157207489014, 2.761183977127075, 2.7249114513397217, 2.684016227722168, 2.6158525943756104, 2.5897998809814453, 2.5443837642669678, 2.530338764190674, 2.5150418281555176, 2.4728000164031982, 2.4412522315979004, 2.4131431579589844, 2.396859645843506, 2.3813247680664062, 2.359184503555298, 2.347799301147461, 2.330822229385376, 2.3141703605651855, 2.276263952255249, 2.2703676223754883, 2.24385929107666, 2.2381365299224854, 2.2350950241088867, 2.226416826248169, 2.197995662689209, 2.21333384513855, 2.1943819522857666, 2.1662070751190186, 2.1400842666625977, 2.1356208324432373, 2.1242733001708984, 2.0994176864624023, 2.089963674545288, 2.079663038253784, 2.0698916912078857, 2.0607707500457764, 2.062959671020508, 2.0635037422180176, 2.0418410301208496, 2.0241005420684814, 2.0102269649505615, 1.980821132659912, 2.0143656730651855, 1.9883066415786743, 2.011852979660034, 2.0010697841644287, 1.985363245010376], "val_rmse": [2.40775465965271, 2.379751443862915, 2.3619894981384277, 2.3455569744110107, 2.3278496265411377, 2.3120782375335693, 2.2955241203308105, 2.272247552871704, 2.252208948135376, 2.234820604324341, 2.217029094696045, 2.1937320232391357, 2.1580629348754883, 2.1377317905426025, 2.107487440109253, 2.0809006690979004, 2.0376689434051514, 2.002558469772339, 1.947739839553833, 1.8929823637008667, 1.8509365320205688, 1.7991220951080322, 1.7550866603851318, 1.7235186100006104, 1.6981310844421387, 1.6731261014938354, 1.6563647985458374, 1.642276644706726, 1.6315643787384033, 1.6192967891693115, 1.5983314514160156, 1.590558648109436, 1.576492428779602, 1.5724871158599854, 1.5678889751434326, 1.5549731254577637, 1.544832706451416, 1.5360859632492065, 1.5311229228973389, 1.5262558460235596, 1.5192934274673462, 1.5155525207519531, 1.5103199481964111, 1.5049810409545898, 1.492466688156128, 1.4906693696975708, 1.4819011688232422, 1.480116367340088, 1.4793061017990112, 1.476484775543213, 1.4668611288070679, 1.472460389137268, 1.4659870862960815, 1.4565176963806152, 1.4476001262664795, 1.446240782737732, 1.4426178932189941, 1.433804988861084, 1.4307043552398682, 1.4272191524505615, 1.4238194227218628, 1.4208097457885742, 1.421730875968933, 1.422253131866455, 1.4145281314849854, 1.4081922769546509, 1.403353214263916, 1.392932653427124, 1.4051613807678223, 1.3957922458648682, 1.4043381214141846, 1.4003241062164307, 1.3946157693862915]}