{"n_parameters": 376561, "training_time": 6675.178171873093, "loss": [6.196804046630859, 5.652950286865234, 5.425317287445068, 5.268062114715576, 5.136541366577148, 5.022242069244385, 4.909152507781982, 4.777453422546387, 4.6704583168029785, 4.5445356369018555, 4.417419910430908, 4.30112361907959, 4.190699577331543, 4.06143856048584, 3.9432661533355713, 3.833249092102051, 3.737992525100708, 3.653632640838623, 3.5758819580078125, 3.4896833896636963, 3.419971227645874, 3.3354668617248535, 3.2549238204956055, 3.174013137817383, 3.0869500637054443, 3.012455940246582, 2.929732322692871, 2.855909585952759, 2.768544912338257, 2.7030627727508545, 2.628981113433838, 2.5506293773651123, 2.4796957969665527, 2.4202535152435303, 2.3602488040924072, 2.306044578552246, 2.2719547748565674, 2.2171473503112793, 2.1719486713409424, 2.1345326900482178, 2.0970630645751953, 2.0664563179016113, 2.027048349380493, 2.0034775733947754, 1.9822943210601807, 1.9586924314498901, 1.9435311555862427, 1.9196497201919556, 1.8992305994033813, 1.8935010433197021, 1.8838939666748047, 1.871253252029419, 1.853840947151184, 1.84715735912323, 1.8363142013549805, 1.8244719505310059, 1.8160641193389893, 1.8102630376815796, 1.8048088550567627, 1.7983378171920776, 1.78887939453125, 1.7872593402862549, 1.769870400428772, 1.772117257118225, 1.7668174505233765], "rmse": [2.4704489707946777, 2.361654043197632, 2.314690351486206, 2.280550479888916, 2.251573085784912, 2.2269210815429688, 2.2012345790863037, 2.171363592147827, 2.1465213298797607, 2.1165196895599365, 2.086277961730957, 2.0567004680633545, 2.030068874359131, 1.9969534873962402, 1.9675649404525757, 1.9391448497772217, 1.9133012294769287, 1.8902568817138672, 1.8703091144561768, 1.846287488937378, 1.8270392417907715, 1.8039358854293823, 1.782124638557434, 1.759054183959961, 1.7353301048278809, 1.7136738300323486, 1.6903846263885498, 1.6685289144515991, 1.6425755023956299, 1.6234266757965088, 1.600592017173767, 1.5768028497695923, 1.555441975593567, 1.536441445350647, 1.5179933309555054, 1.4998522996902466, 1.4897454977035522, 1.4719146490097046, 1.4565324783325195, 1.444163203239441, 1.4316734075546265, 1.4217298030853271, 1.407293677330017, 1.3998347520828247, 1.391379475593567, 1.3841079473495483, 1.378235101699829, 1.369665265083313, 1.3627287149429321, 1.3606126308441162, 1.3566381931304932, 1.3525930643081665, 1.3459140062332153, 1.3430964946746826, 1.3400311470031738, 1.3347623348236084, 1.331195592880249, 1.3300936222076416, 1.3282697200775146, 1.325096607208252, 1.321596622467041, 1.3215221166610718, 1.314819574356079, 1.314747929573059, 1.3139394521713257], "val_loss": [5.612722396850586, 5.359682083129883, 5.238708019256592, 5.083399295806885, 4.944652557373047, 4.810153007507324, 4.7157392501831055, 4.574289798736572, 4.464547634124756, 4.335591793060303, 4.199410915374756, 4.077561378479004, 3.963327407836914, 3.8501603603363037, 3.750471353530884, 3.656198740005493, 3.514528512954712, 3.466653823852539, 3.383357286453247, 3.349965810775757, 3.245579481124878, 3.172703504562378, 3.089606761932373, 2.9894943237304688, 2.884852409362793, 2.809864044189453, 2.7857632637023926, 2.70812726020813, 2.625866174697876, 2.5796279907226562, 2.5141067504882812, 2.4793663024902344, 2.397791862487793, 2.338256597518921, 2.2860701084136963, 2.2434277534484863, 2.203988790512085, 2.1708459854125977, 2.1322765350341797, 2.0995280742645264, 2.094860076904297, 2.0487143993377686, 2.030318260192871, 2.019986867904663, 2.0214147567749023, 2.0012130737304688, 2.013279676437378, 2.0076241493225098, 1.9772443771362305, 1.995470643043518, 1.9697511196136475, 1.93575918674469, 1.9307801723480225, 1.946094036102295, 1.9379273653030396, 1.9356540441513062, 1.9635380506515503, 1.9286268949508667, 1.9139238595962524, 1.9051457643508911, 1.9255504608154297, 1.951629400253296, 1.9202854633331299, 1.9467672109603882, 1.9068278074264526], "val_rmse": [2.3529839515686035, 2.300417184829712, 2.2743406295776367, 2.2401275634765625, 2.209226131439209, 2.1787476539611816, 2.156686305999756, 2.1236531734466553, 2.0973634719848633, 2.0661003589630127, 2.032592535018921, 2.001908540725708, 1.972698450088501, 1.9433587789535522, 1.916934847831726, 1.8916800022125244, 1.8538423776626587, 1.8404546976089478, 1.8176814317703247, 1.8081625699996948, 1.7794550657272339, 1.7590904235839844, 1.7357282638549805, 1.7072327136993408, 1.677064061164856, 1.6548435688018799, 1.6478891372680664, 1.6246912479400635, 1.5999886989593506, 1.5862377882003784, 1.5661417245864868, 1.555600881576538, 1.5302343368530273, 1.5112643241882324, 1.49443781375885, 1.480871319770813, 1.4679419994354248, 1.4569940567016602, 1.444205641746521, 1.4331779479980469, 1.4313884973526, 1.4160317182540894, 1.4095613956451416, 1.406003713607788, 1.4066379070281982, 1.3998746871948242, 1.4040594100952148, 1.4017095565795898, 1.3912591934204102, 1.397515058517456, 1.3887608051300049, 1.3768339157104492, 1.3750101327896118, 1.3802804946899414, 1.3773561716079712, 1.3768057823181152, 1.3864659070968628, 1.3743705749511719, 1.368837833404541, 1.3658543825149536, 1.3728116750717163, 1.3819952011108398, 1.3714286088943481, 1.3806239366531372, 1.3665807247161865]}