{"n_parameters": 332337, "training_time": 7121.485439777374, "loss": [6.594181537628174, 5.9993767738342285, 5.8204240798950195, 5.707029342651367, 5.643085479736328, 5.577881336212158, 5.531346321105957, 5.4961018562316895, 5.456911087036133, 5.426567554473877, 5.396200180053711, 5.35194206237793, 5.324008464813232, 5.288092136383057, 5.249114036560059, 5.207821846008301, 5.164615154266357, 5.108563423156738, 5.054481506347656, 4.988679885864258, 4.938583850860596, 4.853505611419678, 4.7544474601745605, 4.6474785804748535, 4.530686378479004, 4.39558744430542, 4.2605299949646, 4.097280979156494, 3.9544901847839355, 3.822099208831787, 3.6894123554229736, 3.5752835273742676, 3.462177276611328, 3.354217529296875, 3.2447800636291504, 3.1356024742126465, 3.0352165699005127, 2.9267160892486572, 2.848294973373413, 2.745774030685425, 2.6742241382598877, 2.598695755004883, 2.5228469371795654, 2.475177049636841, 2.423609495162964, 2.3912036418914795, 2.3475899696350098, 2.3124351501464844, 2.2818379402160645, 2.254772186279297, 2.224116086959839, 2.2052431106567383, 2.186225652694702, 2.1650431156158447, 2.1371686458587646, 2.1245980262756348, 2.120901584625244, 2.1035213470458984, 2.0801239013671875, 2.069117307662964, 2.062896966934204, 2.040756940841675, 2.029414415359497, 2.015255928039551, 2.0079879760742188, 2.0026605129241943, 1.9955939054489136, 1.9775545597076416, 1.9698877334594727, 1.9580233097076416, 1.9543068408966064, 1.9441019296646118, 1.936255693435669, 1.9310200214385986], "rmse": [2.544283390045166, 2.4321327209472656, 2.396702766418457, 2.372831344604492, 2.3599867820739746, 2.346602201461792, 2.336871385574341, 2.330148935317993, 2.321404457092285, 2.315244197845459, 2.3089935779571533, 2.2995951175689697, 2.293593168258667, 2.2854127883911133, 2.2772772312164307, 2.268625020980835, 2.2586371898651123, 2.2458584308624268, 2.2349212169647217, 2.2201836109161377, 2.2084951400756836, 2.189223527908325, 2.1661083698272705, 2.140885829925537, 2.1137583255767822, 2.0817270278930664, 2.0488545894622803, 2.0072550773620605, 1.971250295639038, 1.936625361442566, 1.9020841121673584, 1.8721295595169067, 1.8414708375930786, 1.812150239944458, 1.7821239233016968, 1.7517833709716797, 1.7227649688720703, 1.6903523206710815, 1.6685454845428467, 1.6377151012420654, 1.6161160469055176, 1.594151258468628, 1.5698719024658203, 1.554718255996704, 1.5388082265853882, 1.5281126499176025, 1.515089988708496, 1.5031899213790894, 1.4931457042694092, 1.48386549949646, 1.4741486310958862, 1.4678360223770142, 1.461795449256897, 1.453917145729065, 1.4440741539001465, 1.4413671493530273, 1.4392808675765991, 1.4328864812850952, 1.4253424406051636, 1.4215203523635864, 1.4200953245162964, 1.4117367267608643, 1.4080097675323486, 1.4021904468536377, 1.4002665281295776, 1.3978359699249268, 1.3956819772720337, 1.3902137279510498, 1.3873789310455322, 1.3822522163391113, 1.381646990776062, 1.3780397176742554, 1.3751187324523926, 1.3735872507095337], "val_loss": [5.851632118225098, 5.715165138244629, 5.567657470703125, 5.490896224975586, 5.471000671386719, 5.453439235687256, 5.414699077606201, 5.38090181350708, 5.341901779174805, 5.301342010498047, 5.292383670806885, 5.240296363830566, 5.192873954772949, 5.14749002456665, 5.129571437835693, 5.062700271606445, 4.998133182525635, 4.9247541427612305, 4.812556266784668, 4.757852554321289, 4.6576995849609375, 4.575514793395996, 4.453115940093994, 4.287327289581299, 4.12780237197876, 3.971813917160034, 3.8047468662261963, 3.6538968086242676, 3.4982759952545166, 3.3791441917419434, 3.26556134223938, 3.1509907245635986, 3.0634348392486572, 2.9484643936157227, 2.85364031791687, 2.7361669540405273, 2.6456828117370605, 2.5655441284179688, 2.5161423683166504, 2.4351649284362793, 2.399594783782959, 2.3339078426361084, 2.303840160369873, 2.250896692276001, 2.230592966079712, 2.2320194244384766, 2.1442294120788574, 2.1561601161956787, 2.1119801998138428, 2.07484769821167, 2.077127695083618, 2.056885004043579, 2.0288984775543213, 2.0292296409606934, 2.001490354537964, 2.0416431427001953, 1.9785877466201782, 1.985252857208252, 1.9612408876419067, 1.9420182704925537, 1.9365267753601074, 1.941819667816162, 1.9448491334915161, 1.9512830972671509, 1.926972508430481, 1.9393556118011475, 1.9379489421844482, 1.9153505563735962, 1.9089943170547485, 1.9311349391937256, 1.93329656124115, 1.9401508569717407, 1.9472737312316895, 1.9206854104995728], "val_rmse": [2.4026410579681396, 2.375438690185547, 2.3449645042419434, 2.3291735649108887, 2.3251664638519287, 2.3216676712036133, 2.3134758472442627, 2.306255340576172, 2.297894239425659, 2.2892487049102783, 2.286879777908325, 2.275880813598633, 2.2656280994415283, 2.255241632461548, 2.251072645187378, 2.236469268798828, 2.2219958305358887, 2.205418109893799, 2.180082082748413, 2.1670687198638916, 2.1437857151031494, 2.1243090629577637, 2.095141649246216, 2.0552327632904053, 2.015770435333252, 1.9767614603042603, 1.9336259365081787, 1.8936612606048584, 1.852311372756958, 1.8193628787994385, 1.7875406742095947, 1.7554312944412231, 1.7304937839508057, 1.6969653367996216, 1.6696258783340454, 1.634727954864502, 1.6074626445770264, 1.5830985307693481, 1.567944884300232, 1.5426454544067383, 1.5318573713302612, 1.51066255569458, 1.5012205839157104, 1.4840434789657593, 1.4770992994308472, 1.478148102760315, 1.44817054271698, 1.4527177810668945, 1.4378606081008911, 1.4248452186584473, 1.4261786937713623, 1.419305682182312, 1.4096274375915527, 1.4097434282302856, 1.4002094268798828, 1.4144937992095947, 1.3920925855636597, 1.3945457935333252, 1.3862383365631104, 1.3792777061462402, 1.3771934509277344, 1.3790844678878784, 1.3804091215133667, 1.3828511238098145, 1.3738645315170288, 1.3783124685287476, 1.3780885934829712, 1.3698523044586182, 1.3672370910644531, 1.3756237030029297, 1.3762942552566528, 1.3790969848632812, 1.3816401958465576, 1.3718531131744385]}