{"n_parameters": 296625, "training_time": 5112.437627077103, "loss": [5.917547702789307, 5.630131721496582, 5.4533281326293945, 5.323482990264893, 5.181024074554443, 5.029328346252441, 4.866891384124756, 4.682034492492676, 4.469181060791016, 4.24695348739624, 4.003042697906494, 3.7801263332366943, 3.5963990688323975, 3.4256420135498047, 3.274954319000244, 3.1496260166168213, 3.0551817417144775, 2.971888780593872, 2.8896281719207764, 2.8266403675079346, 2.7678730487823486, 2.7238097190856934, 2.673337936401367, 2.629551410675049, 2.5991508960723877, 2.556166172027588, 2.533665418624878, 2.5091779232025146, 2.4616661071777344, 2.4428446292877197, 2.4115188121795654, 2.3869497776031494, 2.364750385284424, 2.3326895236968994, 2.3249258995056152, 2.3008406162261963, 2.283118486404419, 2.267535924911499, 2.2403876781463623, 2.220079183578491, 2.210639476776123, 2.1905548572540283, 2.1790995597839355, 2.1704397201538086, 2.1478474140167236, 2.140291690826416, 2.1150050163269043, 2.112791061401367, 2.1014280319213867, 2.093632698059082, 2.085859537124634, 2.078838586807251, 2.0652809143066406, 2.0686984062194824, 2.0532453060150146, 2.028132200241089, 2.026994228363037, 2.0267672538757324, 2.0199265480041504, 2.0086934566497803, 2.0080981254577637], "rmse": [2.4137699604034424, 2.3561222553253174, 2.3202743530273438, 2.2921392917633057, 2.261486768722534, 2.22768235206604, 2.1923091411590576, 2.149665355682373, 2.099839210510254, 2.046093463897705, 1.9843357801437378, 1.9275058507919312, 1.8788930177688599, 1.8337959051132202, 1.7908693552017212, 1.7571455240249634, 1.7293591499328613, 1.7051855325698853, 1.681087851524353, 1.6622529029846191, 1.6454848051071167, 1.6318881511688232, 1.6169384717941284, 1.602968692779541, 1.5937345027923584, 1.5805621147155762, 1.5740212202072144, 1.5657262802124023, 1.5510494709014893, 1.5455436706542969, 1.5342862606048584, 1.5280320644378662, 1.5204734802246094, 1.5100791454315186, 1.507167100906372, 1.4989923238754272, 1.4932401180267334, 1.488663673400879, 1.4796868562698364, 1.473309874534607, 1.4695614576339722, 1.463108777999878, 1.459874153137207, 1.4559073448181152, 1.4485608339309692, 1.445353388786316, 1.4370051622390747, 1.436314344406128, 1.4326545000076294, 1.4300785064697266, 1.4271938800811768, 1.4247510433197021, 1.4208204746246338, 1.4210149049758911, 1.4158051013946533, 1.407155156135559, 1.4076942205429077, 1.4062308073043823, 1.4043439626693726, 1.4003934860229492, 1.4003492593765259], "val_loss": [5.714452266693115, 5.523711681365967, 5.3217291831970215, 5.0959014892578125, 4.84832239151001, 4.60420036315918, 4.326512813568115, 4.05853796005249, 3.777808427810669, 3.513862371444702, 3.272613286972046, 3.055868625640869, 2.8727822303771973, 2.7253572940826416, 2.6181323528289795, 2.5373330116271973, 2.4658000469207764, 2.408924102783203, 2.382023572921753, 2.3382089138031006, 2.305729866027832, 2.2866933345794678, 2.2691023349761963, 2.2275516986846924, 2.229461669921875, 2.207843780517578, 2.1896841526031494, 2.1765339374542236, 2.1013171672821045, 2.08797550201416, 2.0918068885803223, 2.0771896839141846, 2.0365960597991943, 2.0171265602111816, 1.97728431224823, 1.987828254699707, 1.9800066947937012, 1.9493850469589233, 1.9368706941604614, 1.9273242950439453, 1.953926682472229, 1.950256586074829, 1.9072450399398804, 1.9106807708740234, 1.8992037773132324, 1.903904676437378, 1.8864585161209106, 1.8956667184829712, 1.8864458799362183, 1.8847873210906982, 1.9015744924545288, 1.870423436164856, 1.8594342470169067, 1.8660237789154053, 1.853698492050171, 1.838455319404602, 1.8531614542007446, 1.860620141029358, 1.8804794549942017, 1.8638399839401245, 1.8507864475250244], "val_rmse": [2.374704360961914, 2.3360159397125244, 2.2935993671417236, 2.2446129322052, 2.189159870147705, 2.132923126220703, 2.0666983127593994, 2.0005760192871094, 1.929115891456604, 1.8589941263198853, 1.7925217151641846, 1.7306791543960571, 1.676607370376587, 1.6322753429412842, 1.599241852760315, 1.5740610361099243, 1.5515345335006714, 1.5335071086883545, 1.5252041816711426, 1.5108497142791748, 1.5004079341888428, 1.494463562965393, 1.4889800548553467, 1.4751372337341309, 1.4762388467788696, 1.4692844152450562, 1.4634764194488525, 1.4592727422714233, 1.4332340955734253, 1.4288880825042725, 1.4307997226715088, 1.4261554479599, 1.411945104598999, 1.405266284942627, 1.391159176826477, 1.395261526107788, 1.3927677869796753, 1.3817760944366455, 1.3774131536483765, 1.3741456270217896, 1.3838996887207031, 1.3826675415039062, 1.3670309782028198, 1.3684462308883667, 1.3643102645874023, 1.365999460220337, 1.3597850799560547, 1.3631924390792847, 1.359801173210144, 1.3591976165771484, 1.365625262260437, 1.354045033454895, 1.350109338760376, 1.352508306503296, 1.3479419946670532, 1.3424129486083984, 1.3476825952529907, 1.350669503211975, 1.3581362962722778, 1.3518832921981812, 1.347032070159912]}