{"n_parameters": 372577, "training_time": 4301.200961828232, "loss": [5.471418380737305, 4.973513126373291, 4.726931095123291, 4.5186767578125, 4.321658134460449, 4.1257004737854, 3.942922353744507, 3.756296157836914, 3.593540906906128, 3.4393832683563232, 3.3005409240722656, 3.177624464035034, 3.072512149810791, 2.966733932495117, 2.867050886154175, 2.7750298976898193, 2.6815595626831055, 2.6068203449249268, 2.5326895713806152, 2.4685795307159424, 2.4089179039001465, 2.3575992584228516, 2.292469024658203, 2.2569708824157715, 2.210491895675659, 2.18440842628479, 2.1511874198913574, 2.1221766471862793, 2.1016643047332764, 2.073336601257324, 2.0609190464019775, 2.0451273918151855, 2.031407356262207, 2.007211208343506, 2.0076332092285156, 1.993918538093567, 1.9706323146820068, 1.959747552871704, 1.9555519819259644, 1.9510797262191772, 1.9405702352523804, 1.929243803024292], "rmse": [2.322270154953003, 2.2158827781677246, 2.1595656871795654, 2.1110191345214844, 2.063887596130371, 2.0161261558532715, 1.9702463150024414, 1.9227912425994873, 1.878698468208313, 1.8378446102142334, 1.799296259880066, 1.7657842636108398, 1.7356572151184082, 1.7054246664047241, 1.6767553091049194, 1.6495250463485718, 1.6210352182388306, 1.5987584590911865, 1.5762580633163452, 1.5564262866973877, 1.5367146730422974, 1.5218844413757324, 1.5001603364944458, 1.4890538454055786, 1.4737536907196045, 1.4645421504974365, 1.4532119035720825, 1.4434958696365356, 1.4359210729599, 1.4263064861297607, 1.4224737882614136, 1.416136622428894, 1.4120813608169556, 1.4033691883087158, 1.4035934209823608, 1.3984625339508057, 1.3898755311965942, 1.3861900568008423, 1.3844019174575806, 1.3829171657562256, 1.37954580783844, 1.3752760887145996], "val_loss": [5.212277889251709, 4.824723243713379, 4.541580677032471, 4.292826175689697, 4.059484004974365, 3.85101056098938, 3.6278789043426514, 3.4616782665252686, 3.2826929092407227, 3.1419920921325684, 2.9915573596954346, 2.8971900939941406, 2.8154678344726562, 2.739503860473633, 2.6503984928131104, 2.5818710327148438, 2.5008978843688965, 2.4285998344421387, 2.3707525730133057, 2.321357488632202, 2.267051935195923, 2.220369338989258, 2.199124574661255, 2.16318941116333, 2.157036542892456, 2.1189539432525635, 2.1062960624694824, 2.110847234725952, 2.1002018451690674, 2.1019413471221924, 2.1059014797210693, 2.1085424423217773, 2.114539384841919, 2.09779953956604, 2.093351125717163, 2.0984277725219727, 2.085925340652466, 2.1243398189544678, 2.143120050430298, 2.1187925338745117, 2.1157476902008057, 2.1412856578826904], "val_rmse": [2.269054412841797, 2.1830530166625977, 2.1176247596740723, 2.0582358837127686, 2.0009005069732666, 1.948224425315857, 1.88994300365448, 1.8456454277038574, 1.796541690826416, 1.7572002410888672, 1.7139586210250854, 1.6868560314178467, 1.6630029678344727, 1.6405971050262451, 1.6138474941253662, 1.5931328535079956, 1.5680673122406006, 1.5454626083374023, 1.5272603034973145, 1.5115364789962769, 1.4939180612564087, 1.4785972833633423, 1.4718036651611328, 1.4598135948181152, 1.457959532737732, 1.4449570178985596, 1.4406825304031372, 1.4423528909683228, 1.4387226104736328, 1.4393589496612549, 1.440761685371399, 1.4416917562484741, 1.4437973499298096, 1.4379842281341553, 1.4364286661148071, 1.438212513923645, 1.4338436126708984, 1.4472510814666748, 1.4536947011947632, 1.445302963256836, 1.444250226020813, 1.4531078338623047]}