{"n_parameters": 242017, "training_time": 19929.576535463333, "loss": [5.7637529373168945, 5.64625358581543, 5.606691360473633, 5.572165012359619, 5.540905952453613, 5.509580135345459, 5.468189716339111, 5.438990592956543, 5.401236534118652, 5.370082855224609, 5.3307366371154785, 5.2921905517578125, 5.2465596199035645, 5.216843128204346, 5.16808557510376, 5.140282154083252, 5.0861897468566895, 5.036388397216797, 4.98961877822876, 4.930057525634766, 4.868569374084473, 4.798797607421875, 4.725255012512207, 4.637347221374512, 4.547141075134277, 4.455216407775879, 4.3477630615234375, 4.243178367614746, 4.141071319580078, 4.029636383056641, 3.917762279510498, 3.8264825344085693, 3.713651180267334, 3.630892276763916, 3.5434327125549316, 3.4663126468658447, 3.3923346996307373, 3.323493003845215, 3.248020887374878, 3.194343328475952, 3.144408702850342, 3.0839028358459473, 3.0338613986968994, 2.977811574935913, 2.923236131668091, 2.8952736854553223, 2.8328263759613037, 2.798645257949829, 2.768756151199341, 2.7250537872314453, 2.6878652572631836, 2.6556529998779297, 2.6230390071868896, 2.599106550216675, 2.564708709716797, 2.5294227600097656, 2.5097219944000244, 2.481065034866333, 2.451402187347412, 2.428577184677124, 2.4150454998016357, 2.3974084854125977, 2.3684487342834473, 2.3563148975372314, 2.328101873397827, 2.3128414154052734, 2.295769453048706, 2.2852444648742676, 2.258359432220459, 2.2404747009277344, 2.2354893684387207, 2.215092658996582, 2.202247381210327, 2.191582441329956, 2.181049108505249, 2.1635828018188477, 2.147867441177368, 2.1458382606506348, 2.1254734992980957, 2.11443829536438, 2.099846124649048, 2.0875298976898193, 2.0857808589935303, 2.068960666656494, 2.0594213008880615, 2.052412748336792, 2.028031587600708, 2.028196096420288, 2.0228559970855713, 2.0122861862182617, 2.0113255977630615, 1.9948896169662476, 1.97987699508667, 1.9712278842926025, 1.9633020162582397, 1.9421656131744385, 1.9434876441955566, 1.9392844438552856, 1.9267187118530273, 1.9147835969924927, 1.9120159149169922, 1.9050532579421997, 1.897714614868164, 1.8907126188278198, 1.8778873682022095, 1.8760467767715454, 1.8656302690505981, 1.8607308864593506, 1.8520373106002808, 1.8430297374725342, 1.8320212364196777, 1.8243006467819214, 1.8243732452392578, 1.8133059740066528, 1.8107200860977173, 1.8016163110733032, 1.7947392463684082, 1.7899483442306519, 1.7798526287078857, 1.771938443183899, 1.7687702178955078, 1.769214391708374, 1.7532051801681519, 1.7497941255569458, 1.7453224658966064, 1.7339693307876587, 1.7326873540878296, 1.727706789970398, 1.718063235282898, 1.7150322198867798, 1.7058478593826294, 1.7049800157546997, 1.6926323175430298, 1.6885939836502075, 1.6881415843963623, 1.6759916543960571, 1.6695340871810913, 1.6633740663528442, 1.6589572429656982, 1.651775598526001, 1.650185465812683, 1.6481406688690186, 1.6351064443588257, 1.6287775039672852, 1.622077465057373, 1.6185064315795898, 1.6118006706237793, 1.607947826385498, 1.6033765077590942, 1.5926930904388428, 1.581353783607483, 1.5806193351745605, 1.5723451375961304, 1.569040060043335, 1.5587536096572876, 1.554345726966858, 1.5524659156799316, 1.545549750328064, 1.537453055381775, 1.5346490144729614, 1.519479751586914, 1.5151429176330566, 1.509200096130371, 1.5027573108673096, 1.4979761838912964, 1.4838273525238037, 1.4823304414749146, 1.4759396314620972, 1.4647371768951416, 1.4603239297866821, 1.4556236267089844, 1.4424114227294922, 1.4392436742782593, 1.435577630996704, 1.4282324314117432, 1.4183844327926636, 1.4164140224456787, 1.4095317125320435, 1.4004889726638794, 1.391745686531067, 1.382903814315796, 1.3770396709442139, 1.374370813369751, 1.3665337562561035, 1.3553082942962646, 1.3534343242645264, 1.341179609298706, 1.3354287147521973, 1.329146146774292, 1.321897029876709, 1.3173483610153198, 1.3106144666671753, 1.303406000137329, 1.2980011701583862, 1.2882376909255981, 1.2778801918029785, 1.2758598327636719, 1.2713639736175537, 1.2602320909500122, 1.2596945762634277, 1.2508577108383179, 1.239484429359436, 1.2422981262207031, 1.2356802225112915, 1.2271510362625122, 1.2142423391342163, 1.211224913597107, 1.2100743055343628, 1.206839680671692, 1.1972460746765137, 1.192486047744751, 1.1815742254257202, 1.1794559955596924, 1.1760656833648682, 1.168665885925293, 1.1624776124954224, 1.1591320037841797, 1.1515110731124878, 1.1479371786117554, 1.1427278518676758, 1.1442182064056396, 1.1320085525512695, 1.1289335489273071, 1.1253466606140137, 1.1155369281768799, 1.1195265054702759, 1.1074978113174438, 1.103609561920166, 1.0989985466003418, 1.0959311723709106, 1.095264196395874, 1.082597255706787, 1.0820156335830688, 1.0792816877365112, 1.074866771697998, 1.0701744556427002, 1.0691442489624023, 1.0705753564834595, 1.0585260391235352, 1.0577142238616943, 1.05479896068573, 1.0502370595932007, 1.0422786474227905, 1.0405116081237793, 1.0344188213348389, 1.0343197584152222, 1.0338826179504395, 1.0264812707901, 1.019696593284607],