{"n_parameters": 235857, "training_time": 4914.365670204163, "loss": [6.2026143074035645, 5.9864044189453125, 5.897861480712891, 5.827110290527344, 5.7810821533203125, 5.75025749206543, 5.716061592102051, 5.689002990722656, 5.653866291046143, 5.611634731292725, 5.603350639343262, 5.581347942352295, 5.553378582000732, 5.535282135009766, 5.5115251541137695, 5.488991737365723, 5.483099937438965, 5.445054531097412, 5.436476230621338, 5.4275054931640625, 5.395739555358887, 5.375317573547363, 5.352235317230225, 5.323115825653076, 5.309144496917725, 5.283377170562744, 5.264686584472656, 5.237502098083496, 5.204644680023193, 5.1905646324157715, 5.149375915527344, 5.115472793579102, 5.100954532623291, 5.067205905914307, 5.01834774017334, 4.9886064529418945, 4.9515485763549805, 4.89649772644043, 4.842714786529541, 4.800057411193848, 4.727736473083496, 4.680591583251953, 4.621165752410889, 4.533627986907959, 4.465785026550293, 4.371016025543213, 4.308366298675537, 4.2198967933654785, 4.1405839920043945, 4.08659553527832, 4.0082550048828125, 3.9568099975585938, 3.8934314250946045, 3.8573591709136963, 3.803629159927368, 3.7632498741149902, 3.7260866165161133, 3.6721441745758057, 3.628361940383911, 3.618697166442871, 3.5641605854034424, 3.5457873344421387, 3.5020852088928223, 3.474670171737671, 3.4499659538269043], "rmse": [2.472818613052368, 2.4297268390655518, 2.4119038581848145, 2.396636486053467, 2.387714147567749, 2.381324529647827, 2.3753838539123535, 2.3681998252868652, 2.3616557121276855, 2.3526108264923096, 2.3511788845062256, 2.3470354080200195, 2.3411309719085693, 2.337782144546509, 2.332414388656616, 2.327925682067871, 2.326462507247925, 2.3189258575439453, 2.317349672317505, 2.315253973007202, 2.3081798553466797, 2.3039817810058594, 2.299455165863037, 2.2924277782440186, 2.2902004718780518, 2.284511089324951, 2.2808210849761963, 2.274784564971924, 2.2669808864593506, 2.2642130851745605, 2.2558391094207764, 2.2485456466674805, 2.2447640895843506, 2.2371554374694824, 2.2261929512023926, 2.2194769382476807, 2.2113349437713623, 2.198849678039551, 2.1860365867614746, 2.1765828132629395, 2.160083770751953, 2.1484265327453613, 2.1341359615325928, 2.114492416381836, 2.09832763671875, 2.0755245685577393, 2.0594892501831055, 2.0391652584075928, 2.0175271034240723, 2.0047354698181152, 1.9849976301193237, 1.9716980457305908, 1.955817699432373, 1.9459154605865479, 1.9318791627883911, 1.921985387802124, 1.9124289751052856, 1.8980886936187744, 1.887056827545166, 1.8843590021133423, 1.869204044342041, 1.8655673265457153, 1.8521699905395508, 1.846417784690857, 1.8394166231155396], "val_loss": [5.907832622528076, 5.80474328994751, 5.779961585998535, 5.743896484375, 5.710354328155518, 5.690703868865967, 5.670083999633789, 5.624530792236328, 5.593328475952148, 5.561052322387695, 5.524765968322754, 5.492938995361328, 5.4604644775390625, 5.4456281661987305, 5.432647705078125, 5.409775257110596, 5.421605587005615, 5.408864498138428, 5.386857986450195, 5.385776042938232, 5.305455684661865, 5.342898368835449, 5.290303707122803, 5.321381092071533, 5.3021368980407715, 5.239397048950195, 5.242506980895996, 5.2208333015441895, 5.193702220916748, 5.181189060211182, 5.127970218658447, 5.066112041473389, 5.053582668304443, 4.967615127563477, 4.860807418823242, 4.843967914581299, 4.816699981689453, 4.787160396575928, 4.704771518707275, 4.678927421569824, 4.544266700744629, 4.491544723510742, 4.378867149353027, 4.2430853843688965, 4.146271228790283, 3.9714534282684326, 3.8989977836608887, 3.8221805095672607, 3.6868908405303955, 3.6705875396728516, 3.5301852226257324, 3.621910572052002, 3.524653673171997, 3.538417100906372, 3.426525831222534, 3.418562650680542, 3.4915828704833984, 3.443387269973755, 3.4351534843444824, 3.361149311065674, 3.4020864963531494, 3.4631388187408447, 3.4287426471710205, 3.4419946670532227, 3.4144287109375], "val_rmse": [2.41383957862854, 2.392899751663208, 2.387989044189453, 2.380388021469116, 2.3735554218292236, 2.3693795204162598, 2.3651018142700195, 2.3557097911834717, 2.3491759300231934, 2.342477321624756, 2.334794759750366, 2.328011989593506, 2.321258306503296, 2.31807541847229, 2.3153319358825684, 2.310493230819702, 2.3129260540008545, 2.3102333545684814, 2.3055484294891357, 2.305311441421509, 2.288451671600342, 2.2963123321533203, 2.2851617336273193, 2.2917139530181885, 2.287609100341797, 2.2742154598236084, 2.2747647762298584, 2.2700181007385254, 2.2641079425811768, 2.2613024711608887, 2.24971079826355, 2.2361748218536377, 2.233341693878174, 2.214151620864868, 2.190134286880493, 2.186046838760376, 2.179767370223999, 2.1729934215545654, 2.1541759967803955, 2.14809513092041, 2.1168739795684814, 2.104396104812622, 2.0776147842407227, 2.044623851776123, 2.020718812942505, 1.9771842956542969, 1.9587396383285522, 1.9390069246292114, 1.9038889408111572, 1.8999522924423218, 1.8627793788909912, 1.8874247074127197, 1.8617079257965088, 1.8657625913619995, 1.8357644081115723, 1.834006428718567, 1.8541710376739502, 1.8413560390472412, 1.839269757270813, 1.8191213607788086, 1.8306291103363037, 1.8474410772323608, 1.8382861614227295, 1.8420586585998535, 1.8347110748291016]}