{"n_parameters": 214433, "training_time": 1322.198001384735, "loss": [7.3637871742248535, 6.736896991729736, 6.437203884124756, 6.239343643188477, 6.089786529541016, 6.0042924880981445, 5.91520357131958, 5.833229064941406, 5.771127223968506, 5.7193121910095215, 5.676312446594238, 5.650697231292725, 5.616715431213379, 5.5722575187683105, 5.538185119628906, 5.5185041427612305, 5.493384838104248, 5.470107555389404, 5.4438252449035645], "rmse": [2.6925013065338135, 2.575410842895508, 2.5188794136047363, 2.479609489440918, 2.449808359146118, 2.433519124984741, 2.415289878845215, 2.398026466369629, 2.384845733642578, 2.3759264945983887, 2.3667402267456055, 2.362172842025757, 2.35443377494812, 2.3446743488311768, 2.338151454925537, 2.3342316150665283, 2.3294827938079834, 2.3242228031158447, 2.3181140422821045], "val_loss": [5.936154365539551, 5.846436977386475, 5.728203773498535, 5.660035133361816, 5.612390995025635, 5.576991081237793, 5.552361965179443, 5.529203414916992, 5.531781196594238, 5.461808681488037, 5.45009183883667, 5.424086570739746, 5.396716594696045, 5.396641254425049, 5.419144630432129, 5.439408779144287, 5.4274797439575195, 5.481348514556885, 5.423328399658203], "val_rmse": [2.4188854694366455, 2.3999783992767334, 2.3767430782318115, 2.3626279830932617, 2.3529036045074463, 2.3455450534820557, 2.340510845184326, 2.3358466625213623, 2.3364241123199463, 2.3217875957489014, 2.3191795349121094, 2.3136870861053467, 2.3079640865325928, 2.308009147644043, 2.3127315044403076, 2.316896677017212, 2.3143351078033447, 2.325549840927124, 2.3134286403656006]}