{"n_parameters": 268497, "training_time": 4528.8201858997345, "loss": [5.937439441680908, 5.813926696777344, 5.660101890563965, 5.475142955780029, 5.281333923339844, 5.063011169433594, 4.8291215896606445, 4.596107482910156, 4.339260578155518, 4.073683738708496, 3.7969298362731934, 3.5792527198791504, 3.3866987228393555, 3.2449429035186768, 3.120392322540283, 3.029996871948242, 2.951555013656616, 2.8751513957977295, 2.8036227226257324, 2.7378342151641846, 2.666327953338623, 2.5998103618621826, 2.5439534187316895, 2.4885785579681396, 2.427501678466797, 2.374156951904297, 2.31632924079895, 2.264011859893799, 2.21728777885437, 2.161821126937866, 2.1271657943725586, 2.0747334957122803, 2.0341925621032715, 1.9904676675796509, 1.9571027755737305, 1.9200375080108643, 1.895754098892212, 1.870962381362915, 1.845899224281311, 1.8242433071136475, 1.8083950281143188, 1.7988815307617188, 1.782752513885498, 1.7683122158050537, 1.7580629587173462, 1.7577245235443115, 1.7481876611709595, 1.741304874420166, 1.7335638999938965, 1.7249401807785034, 1.7181401252746582, 1.7193375825881958, 1.7176254987716675, 1.7043355703353882, 1.7006621360778809, 1.6954267024993896, 1.6937650442123413, 1.689292550086975, 1.6849998235702515, 1.685426115989685, 1.6721805334091187], "rmse": [2.4191246032714844, 2.393735885620117, 2.3623151779174805, 2.3242037296295166, 2.282355785369873, 2.235726833343506, 2.1826560497283936, 2.1287429332733154, 2.0681943893432617, 2.002562999725342, 1.9319381713867188, 1.8736504316329956, 1.8212337493896484, 1.781233549118042, 1.7464563846588135, 1.7189152240753174, 1.6956603527069092, 1.673266053199768, 1.6527931690216064, 1.6331619024276733, 1.6108269691467285, 1.5898137092590332, 1.572752594947815, 1.5551682710647583, 1.5378926992416382, 1.5205166339874268, 1.5016671419143677, 1.4848634004592896, 1.4693446159362793, 1.4508329629898071, 1.4395439624786377, 1.4225391149520874, 1.4082815647125244, 1.3931233882904053, 1.3815276622772217, 1.3691158294677734, 1.3601051568984985, 1.3524125814437866, 1.3421412706375122, 1.335107445716858, 1.3293837308883667, 1.3256765604019165, 1.3195818662643433, 1.3130666017532349, 1.310145378112793, 1.3104901313781738, 1.30619215965271, 1.3043259382247925, 1.3004813194274902, 1.2977114915847778, 1.2950364351272583, 1.2958908081054688, 1.295129656791687, 1.289823055267334, 1.2884347438812256, 1.2864108085632324, 1.2863143682479858, 1.2840991020202637, 1.2819600105285645, 1.282488226890564, 1.2784091234207153], "val_loss": [5.870785236358643, 5.723874568939209, 5.559621334075928, 5.368945121765137, 5.133994102478027, 4.896121501922607, 4.636105060577393, 4.360892295837402, 4.0730133056640625, 3.7784063816070557, 3.512228012084961, 3.2847111225128174, 3.1148793697357178, 2.9852492809295654, 2.8876941204071045, 2.809627056121826, 2.742140769958496, 2.673907518386841, 2.6144120693206787, 2.5539634227752686, 2.4946625232696533, 2.4426116943359375, 2.3829901218414307, 2.329524040222168, 2.275535821914673, 2.2165799140930176, 2.168377637863159, 2.129848003387451, 2.066500425338745, 2.0295562744140625, 1.9849698543548584, 1.94182550907135, 1.9005773067474365, 1.8799489736557007, 1.8379178047180176, 1.8040574789047241, 1.783731460571289, 1.7591139078140259, 1.7483606338500977, 1.7323530912399292, 1.717881679534912, 1.711958646774292, 1.7020422220230103, 1.7000877857208252, 1.6955558061599731, 1.6908992528915405, 1.6881366968154907, 1.6830142736434937, 1.6836644411087036, 1.676074504852295, 1.6729625463485718, 1.668518304824829, 1.6788160800933838, 1.6703038215637207, 1.66546630859375, 1.6543570756912231, 1.6617670059204102, 1.6604030132293701, 1.6654239892959595, 1.6586390733718872, 1.655197262763977], "val_rmse": [2.405979633331299, 2.3761348724365234, 2.3424131870269775, 2.3024075031280518, 2.2518210411071777, 2.1993443965911865, 2.139880657196045, 2.07492995262146, 2.004171133041382, 1.9287582635879517, 1.8576269149780273, 1.7945623397827148, 1.7459670305252075, 1.708031177520752, 1.678958773612976, 1.6554819345474243, 1.6350562572479248, 1.6143132448196411, 1.5960134267807007, 1.577339768409729, 1.5587986707687378, 1.5424896478652954, 1.5235445499420166, 1.5064483880996704, 1.4891157150268555, 1.469728946685791, 1.4538042545318604, 1.4413084983825684, 1.4195976257324219, 1.4072626829147339, 1.3919482231140137, 1.37687349319458, 1.3622745275497437, 1.355481743812561, 1.340258240699768, 1.327987551689148, 1.3208191394805908, 1.3117262125015259, 1.307963490486145, 1.3019825220108032, 1.2965282201766968, 1.2943899631500244, 1.29059898853302, 1.2899436950683594, 1.2881994247436523, 1.2864521741867065, 1.2854270935058594, 1.2834441661834717, 1.283780813217163, 1.2807750701904297, 1.2795599699020386, 1.2777905464172363, 1.282060146331787, 1.2786747217178345, 1.2767497301101685, 1.27224600315094, 1.2753499746322632, 1.2748266458511353, 1.276902675628662, 1.274207353591919, 1.2728221416473389]}