{"n_parameters": 221105, "training_time": 18167.922751903534, "loss": [6.516716480255127, 6.148451328277588, 5.973164081573486, 5.897632122039795, 5.807434558868408, 5.762856960296631, 5.711206912994385, 5.680168628692627, 5.629804611206055, 5.620954513549805, 5.592860221862793, 5.563277244567871, 5.512260913848877, 5.500755310058594, 5.476061820983887, 5.465169429779053, 5.443016529083252, 5.416329383850098, 5.39471435546875, 5.371214866638184, 5.357131481170654, 5.3155837059021, 5.31699800491333, 5.2796783447265625, 5.269235610961914, 5.2321271896362305, 5.21254301071167, 5.1927924156188965, 5.16501522064209, 5.1464152336120605, 5.110326290130615, 5.090275287628174, 5.058887958526611, 5.046207427978516, 5.020974159240723, 4.981895923614502, 4.950188159942627, 4.9407734870910645, 4.903393268585205, 4.866197109222412, 4.848259925842285, 4.7972869873046875, 4.774955749511719, 4.73911714553833, 4.714440822601318, 4.674200534820557, 4.645018100738525, 4.617677211761475, 4.584834098815918, 4.5490570068359375, 4.511878967285156, 4.462046146392822, 4.43380069732666, 4.381617069244385, 4.343390941619873, 4.329413414001465, 4.272507190704346, 4.2094035148620605, 4.193138599395752, 4.146129131317139, 4.098532676696777, 4.0663909912109375, 4.022119522094727, 3.9743692874908447, 3.9439470767974854, 3.912062644958496, 3.8534178733825684, 3.8034329414367676, 3.7821829319000244, 3.7315633296966553, 3.696593761444092, 3.6541271209716797, 3.6386170387268066, 3.5837254524230957, 3.5553243160247803, 3.506582021713257, 3.4745757579803467, 3.4327540397644043, 3.4013423919677734, 3.3775694370269775, 3.3462066650390625, 3.298649549484253, 3.2718889713287354, 3.242929220199585, 3.1995339393615723, 3.1874184608459473, 3.135263204574585, 3.109862804412842, 3.0700080394744873, 3.0550081729888916, 3.0267443656921387, 3.002166986465454, 2.9586069583892822, 2.9423117637634277, 2.904968023300171, 2.8925013542175293, 2.8528599739074707, 2.837824583053589, 2.8248870372772217, 2.808267831802368, 2.7738254070281982, 2.7585835456848145, 2.742295742034912, 2.716820001602173, 2.693082571029663, 2.6837384700775146, 2.6541640758514404, 2.656402587890625, 2.6195738315582275, 2.615936040878296, 2.5989012718200684, 2.5962791442871094, 2.566528797149658, 2.5549392700195312, 2.5351226329803467, 2.5319182872772217, 2.515995740890503, 2.5124189853668213, 2.4829540252685547, 2.4791345596313477, 2.4656686782836914, 2.4617419242858887, 2.4367945194244385, 2.4239017963409424, 2.4162211418151855, 2.40596079826355, 2.3928134441375732, 2.3800036907196045, 2.3748459815979004, 2.3622353076934814, 2.347998857498169, 2.3381147384643555, 2.321462631225586, 2.315788507461548, 2.3158233165740967, 2.3052988052368164, 2.2983531951904297, 2.2857799530029297, 2.2803492546081543, 2.2679646015167236, 2.2515957355499268, 2.256096839904785, 2.243133068084717, 2.2334818840026855, 2.2265944480895996, 2.2188780307769775, 2.2083580493927, 2.2005727291107178, 2.186354398727417, 2.184051990509033, 2.1753089427948, 2.17336106300354, 2.1538307666778564, 2.1623523235321045, 2.1455366611480713, 2.1431729793548584, 2.1349849700927734, 2.1273789405822754, 2.1265110969543457, 2.1155307292938232, 2.108184814453125, 2.098634958267212, 2.0998458862304688, 2.0990607738494873, 2.08154559135437, 2.078385353088379, 2.0674595832824707, 2.0648410320281982, 2.0531320571899414, 2.0527145862579346, 2.04514217376709, 2.037848472595215, 2.0268054008483887, 2.0188255310058594, 2.0164988040924072, 2.0233218669891357, 2.012084484100342, 2.0026724338531494, 1.9994125366210938, 1.9919812679290771, 1.9952505826950073, 1.9821667671203613, 1.9870833158493042, 1.9794763326644897, 1.970008134841919, 1.9732861518859863, 1.9659911394119263, 1.960878849029541, 1.947121500968933, 1.9530508518218994, 1.941979169845581, 1.9328583478927612, 1.9337239265441895, 1.9264390468597412, 1.9191945791244507, 1.9204981327056885, 1.916966199874878, 1.9174352884292603, 1.9072602987289429, 1.9086099863052368, 1.8900984525680542, 1.8967517614364624, 1.9021391868591309, 1.8879623413085938, 1.8875364065170288, 1.8817799091339111, 1.8797996044158936, 1.8691643476486206, 1.8681411743164062, 1.8629244565963745, 1.8577358722686768, 1.8630164861679077, 1.8482201099395752, 1.8636747598648071, 1.8526109457015991, 1.8500984907150269, 1.8431674242019653, 1.8471120595932007, 1.8388004302978516, 1.8353451490402222, 1.827245831489563, 1.8270490169525146, 1.8281347751617432, 1.823306679725647, 1.8200334310531616, 1.823038935661316, 1.8109692335128784, 1.8179079294204712, 1.8137367963790894, 1.8090850114822388, 1.8026599884033203, 1.8024123907089233, 1.7945176362991333, 1.7916457653045654, 1.7993525266647339, 1.793021559715271, 1.7943580150604248, 1.785245656967163, 1.7864617109298706, 1.7781833410263062, 1.782948613166809, 1.7796937227249146, 1.7790725231170654, 1.770951509475708, 1.7700830698013306, 1.7705016136169434],