{"n_parameters": 191345, "training_time": 3567.2211830615997, "loss": [6.094467639923096, 5.877655029296875, 5.780097007751465, 5.7148966789245605, 5.664128303527832, 5.624866962432861, 5.585838317871094, 5.552581787109375, 5.530002593994141, 5.493185520172119, 5.471275329589844, 5.449769020080566, 5.4129228591918945, 5.391388893127441, 5.36093282699585, 5.333285808563232, 5.297406196594238, 5.268723964691162, 5.220107555389404, 5.1906609535217285, 5.14722204208374, 5.085729598999023, 5.040787696838379, 4.979889869689941, 4.919294357299805, 4.846240043640137, 4.750722408294678, 4.693658351898193, 4.5961012840271, 4.516150951385498, 4.421845436096191, 4.315701961517334, 4.220564842224121, 4.1338276863098145, 4.038431167602539, 3.94806170463562, 3.8549203872680664, 3.7616255283355713, 3.6718432903289795, 3.602752447128296, 3.5129597187042236, 3.437042236328125, 3.3561246395111084, 3.287545680999756, 3.2141103744506836, 3.148052215576172, 3.0794060230255127, 3.0054662227630615, 2.9347400665283203, 2.867398738861084, 2.8064513206481934, 2.7527709007263184, 2.6968562602996826, 2.651379108428955, 2.590968370437622, 2.5585272312164307, 2.5020108222961426], "rmse": [2.4513509273529053, 2.406548261642456, 2.3870246410369873, 2.37334942817688, 2.363659381866455, 2.355497121810913, 2.3477957248687744, 2.3407416343688965, 2.3370821475982666, 2.3293371200561523, 2.324597120285034, 2.3199462890625, 2.3115429878234863, 2.307116746902466, 2.300870418548584, 2.2947938442230225, 2.2877774238586426, 2.2812581062316895, 2.2705421447753906, 2.264235734939575, 2.254918098449707, 2.2412898540496826, 2.23105788230896, 2.217284679412842, 2.2042407989501953, 2.187175750732422, 2.165334939956665, 2.151855230331421, 2.1286847591400146, 2.1099908351898193, 2.0871589183807373, 2.062039375305176, 2.037931203842163, 2.01641845703125, 1.9932087659835815, 1.9696054458618164, 1.9448825120925903, 1.9214154481887817, 1.897903561592102, 1.8801100254058838, 1.8560372591018677, 1.8350396156311035, 1.811908483505249, 1.793389081954956, 1.7730439901351929, 1.7546072006225586, 1.7352923154830933, 1.7134815454483032, 1.693726658821106, 1.6750329732894897, 1.6569924354553223, 1.6407474279403687, 1.6238858699798584, 1.6091123819351196, 1.5905308723449707, 1.5807121992111206, 1.5628632307052612], "val_loss": [5.8869194984436035, 5.745479106903076, 5.687262535095215, 5.642980575561523, 5.602814197540283, 5.586881637573242, 5.528458595275879, 5.498715400695801, 5.485276699066162, 5.49001932144165, 5.5009002685546875, 5.47575044631958, 5.450544357299805, 5.42263126373291, 5.398864269256592, 5.371601581573486, 5.326852321624756, 5.317108154296875, 5.244980812072754, 5.231992721557617, 5.169407367706299, 5.106018543243408, 5.083151817321777, 4.985534191131592, 4.911411762237549, 4.783099174499512, 4.759093284606934, 4.553531169891357, 4.444255352020264, 4.403411388397217, 4.275158882141113, 4.1691389083862305, 4.1039886474609375, 3.9849977493286133, 3.9041948318481445, 3.819934368133545, 3.7680704593658447, 3.712472438812256, 3.679063320159912, 3.6315462589263916, 3.5676445960998535, 3.5501914024353027, 3.5559351444244385, 3.511153221130371, 3.516836643218994, 3.4543638229370117, 3.4705734252929688, 3.4551758766174316, 3.40876841545105, 3.4345288276672363, 3.466942071914673, 3.3539347648620605, 3.425558090209961, 3.360875129699707, 3.3744943141937256, 3.3676035404205322, 3.4031057357788086], "val_rmse": [2.409777879714966, 2.380598783493042, 2.368711233139038, 2.3595902919769287, 2.3513474464416504, 2.3479182720184326, 2.3357253074645996, 2.3295915126800537, 2.326786756515503, 2.3277058601379395, 2.329967498779297, 2.324777603149414, 2.3195645809173584, 2.3136696815490723, 2.308448553085327, 2.302565097808838, 2.2929928302764893, 2.290764331817627, 2.2750778198242188, 2.2719473838806152, 2.258176803588867, 2.24421763420105, 2.2389793395996094, 2.2173614501953125, 2.2005057334899902, 2.1714375019073486, 2.1654293537139893, 2.117706537246704, 2.0916900634765625, 2.081502914428711, 2.050680160522461, 2.0245513916015625, 2.0081734657287598, 1.978509545326233, 1.9579228162765503, 1.9365105628967285, 1.9230605363845825, 1.908953070640564, 1.9007047414779663, 1.888354778289795, 1.8718959093093872, 1.867732286453247, 1.8695744276046753, 1.8581544160842896, 1.8600218296051025, 1.8436075448989868, 1.848550796508789, 1.8449383974075317, 1.8326200246810913, 1.8401341438293457, 1.849147081375122, 1.8189442157745361, 1.8388710021972656, 1.8213742971420288, 1.8252688646316528, 1.8235678672790527, 1.833591341972351]}