{"n_parameters": 226449, "training_time": 5390.444991827011, "loss": [6.380190372467041, 6.059119701385498, 5.880207061767578, 5.715997695922852, 5.594931602478027, 5.482900619506836, 5.359504699707031, 5.2346930503845215, 5.1493706703186035, 5.018885612487793, 4.926071643829346, 4.805902004241943, 4.718166351318359, 4.612088203430176, 4.50023078918457, 4.383930206298828, 4.2545599937438965, 4.130497932434082, 3.9759068489074707, 3.8506171703338623, 3.711752414703369, 3.5669939517974854, 3.436164379119873, 3.3310189247131348, 3.2197909355163574, 3.1535298824310303, 3.0636672973632812, 3.0042762756347656, 2.9288902282714844, 2.8709557056427, 2.809053897857666, 2.7453744411468506, 2.6784486770629883, 2.6425976753234863, 2.5765557289123535, 2.5291388034820557, 2.4890687465667725, 2.436717987060547, 2.3938868045806885, 2.363065004348755, 2.326700210571289, 2.2863802909851074, 2.26371693611145, 2.238922595977783, 2.216564893722534, 2.1879866123199463, 2.1639816761016846, 2.135138511657715, 2.1191978454589844, 2.101284980773926, 2.0794692039489746, 2.0650618076324463, 2.050074338912964, 2.031878709793091, 2.0205092430114746, 2.013427972793579, 1.9891489744186401, 1.9734156131744385, 1.9681240320205688, 1.9577767848968506, 1.942255973815918, 1.9379392862319946, 1.9237624406814575, 1.9194831848144531, 1.9104795455932617], "rmse": [2.507840871810913, 2.44364070892334, 2.4079785346984863, 2.3746392726898193, 2.3487162590026855, 2.3260128498077393, 2.299893379211426, 2.273200035095215, 2.2550227642059326, 2.226010322570801, 2.2054293155670166, 2.1782243251800537, 2.1583051681518555, 2.133265256881714, 2.107266902923584, 2.0790774822235107, 2.0475852489471436, 2.0163426399230957, 1.9782044887542725, 1.9457602500915527, 1.9098949432373047, 1.8706495761871338, 1.8349217176437378, 1.8062657117843628, 1.7754300832748413, 1.7563008069992065, 1.7312711477279663, 1.7131975889205933, 1.6920477151870728, 1.6732743978500366, 1.6566041707992554, 1.6369602680206299, 1.6170463562011719, 1.6063714027404785, 1.5854159593582153, 1.5695770978927612, 1.5578330755233765, 1.5404258966445923, 1.5274547338485718, 1.5168384313583374, 1.5061042308807373, 1.49222993850708, 1.4850599765777588, 1.4761295318603516, 1.4678202867507935, 1.458605170249939, 1.4516291618347168, 1.4426045417785645, 1.4370269775390625, 1.430889368057251, 1.4231736660003662, 1.4168833494186401, 1.4132643938064575, 1.4074149131774902, 1.4028098583221436, 1.400559663772583, 1.3930341005325317, 1.3863918781280518, 1.38560950756073, 1.3817721605300903, 1.375646948814392, 1.3750659227371216, 1.3688207864761353, 1.3678878545761108, 1.365275263786316], "val_loss": [5.828152179718018, 5.692478179931641, 5.596298694610596, 5.478983402252197, 5.352736949920654, 5.254132270812988, 5.1403093338012695, 5.028632640838623, 4.913774013519287, 4.798004627227783, 4.678804397583008, 4.5730414390563965, 4.481337547302246, 4.380543231964111, 4.277795314788818, 4.175135135650635, 4.048555374145508, 3.9110286235809326, 3.76822829246521, 3.6227943897247314, 3.4842700958251953, 3.3456170558929443, 3.231586456298828, 3.1313512325286865, 3.0363080501556396, 2.9743402004241943, 2.902881383895874, 2.8455841541290283, 2.792336940765381, 2.7522852420806885, 2.7061927318573, 2.6678640842437744, 2.6236209869384766, 2.582658529281616, 2.5225725173950195, 2.499397039413452, 2.477001428604126, 2.4417829513549805, 2.429612636566162, 2.412004232406616, 2.3793270587921143, 2.3571181297302246, 2.3412153720855713, 2.3112847805023193, 2.3074355125427246, 2.3010501861572266, 2.263519287109375, 2.268584966659546, 2.2652125358581543, 2.250368356704712, 2.2270631790161133, 2.254664659500122, 2.2171406745910645, 2.216705322265625, 2.2308568954467773, 2.1968376636505127, 2.1958627700805664, 2.1896955966949463, 2.187000274658203, 2.168621063232422, 2.1752572059631348, 2.1789298057556152, 2.181896448135376, 2.183877944946289, 2.1703133583068848], "val_rmse": [2.397510528564453, 2.370187520980835, 2.3505847454071045, 2.326235055923462, 2.2993288040161133, 2.2784857749938965, 2.253742218017578, 2.229111671447754, 2.2035064697265625, 2.1772570610046387, 2.149848699569702, 2.1250064373016357, 2.1035377979278564, 2.0792524814605713, 2.054565191268921, 2.029252290725708, 1.9976682662963867, 1.9626970291137695, 1.9257144927978516, 1.8872928619384766, 1.8498954772949219, 1.8118983507156372, 1.7797614336013794, 1.7512747049331665, 1.723926305770874, 1.7056851387023926, 1.6850608587265015, 1.6680266857147217, 1.6522235870361328, 1.6403329372406006, 1.626067042350769, 1.6143325567245483, 1.6008219718933105, 1.588121771812439, 1.569275140762329, 1.5621137619018555, 1.5550868511199951, 1.5439809560775757, 1.5402326583862305, 1.534812092781067, 1.524041771888733, 1.5170183181762695, 1.511847734451294, 1.5019475221633911, 1.5007745027542114, 1.4991172552108765, 1.4867624044418335, 1.4889366626739502, 1.487958312034607, 1.4832775592803955, 1.475309133529663, 1.4853558540344238, 1.4728038311004639, 1.4724807739257812, 1.477555513381958, 1.4663293361663818, 1.4663254022598267, 1.4643021821975708, 1.4632508754730225, 1.4575737714767456, 1.4599345922470093, 1.4607771635055542, 1.4624295234680176, 1.462922215461731, 1.458616018295288]}