{"n_parameters": 51569, "training_time": 4768.130500555038, "loss": [5.840883731842041, 5.687705993652344, 5.646611213684082, 5.6217546463012695, 5.59613037109375, 5.574948787689209, 5.555309295654297, 5.533517360687256, 5.518229007720947, 5.501178741455078, 5.471737384796143, 5.454172611236572, 5.429704666137695, 5.405595779418945, 5.3903398513793945, 5.364925861358643, 5.3410964012146, 5.321392059326172, 5.29945707321167, 5.270198822021484, 5.250916957855225, 5.2301201820373535, 5.212488651275635, 5.19285774230957, 5.166501522064209, 5.135537624359131, 5.123449802398682, 5.104949474334717, 5.083776473999023, 5.065441608428955, 5.0438971519470215, 5.027780532836914, 5.003075122833252, 4.989176273345947, 4.964385986328125, 4.945572853088379, 4.933568000793457, 4.906285285949707, 4.901270866394043, 4.873829364776611, 4.854695796966553, 4.832511901855469, 4.821547985076904, 4.800209999084473, 4.781675338745117, 4.7741193771362305, 4.765856742858887, 4.749422073364258, 4.720743656158447, 4.715314865112305, 4.68593692779541, 4.666502952575684, 4.6528096199035645, 4.632052898406982, 4.619555950164795, 4.600213050842285, 4.589611053466797, 4.555540084838867, 4.540868282318115, 4.506162643432617, 4.506398677825928, 4.479981899261475, 4.443260669708252, 4.427371025085449, 4.398984909057617, 4.371201992034912, 4.365070343017578, 4.342057228088379, 4.319232940673828, 4.290565013885498, 4.272942543029785, 4.241321086883545, 4.208876132965088, 4.193695068359375, 4.166396617889404, 4.134787082672119, 4.106436252593994, 4.0980024337768555, 4.0708513259887695, 4.050544261932373, 4.015804767608643, 3.9770267009735107, 3.9803030490875244, 3.942220449447632, 3.9113059043884277, 3.883848190307617, 3.8576135635375977, 3.8569860458374023, 3.82029390335083, 3.793914556503296, 3.769085168838501, 3.738218307495117, 3.708137035369873, 3.7085695266723633, 3.6775765419006348, 3.651371479034424, 3.6247150897979736, 3.6018226146698, 3.58660888671875, 3.5819666385650635, 3.531162738800049, 3.535545825958252, 3.5187597274780273, 3.4855895042419434, 3.484008550643921, 3.4508001804351807, 3.444291591644287, 3.4000916481018066, 3.404327154159546, 3.377864122390747, 3.3439738750457764, 3.3547630310058594, 3.3307690620422363, 3.3212292194366455, 3.300959348678589, 3.2838892936706543, 3.272897481918335, 3.259457588195801, 3.2721168994903564, 3.224376916885376, 3.224837064743042, 3.2157039642333984, 3.1995773315429688, 3.2109551429748535, 3.168677806854248, 3.166442394256592, 3.158642292022705, 3.167294979095459, 3.1200995445251465, 3.12705397605896, 3.1350250244140625, 3.133362054824829, 3.1158041954040527, 3.1210055351257324, 3.073286294937134, 3.084740161895752, 3.0912723541259766, 3.103773832321167, 3.0660529136657715, 3.055976390838623, 3.0470006465911865, 3.0401158332824707, 3.0320868492126465, 3.033693313598633], "rmse": [2.400066614151001, 2.3675930500030518, 2.3590195178985596, 2.353395700454712, 2.347520351409912, 2.3444645404815674, 2.339118480682373, 2.33516263961792, 2.332193374633789, 2.3288750648498535, 2.3223116397857666, 2.3195013999938965, 2.313350200653076, 2.308342933654785, 2.3039464950561523, 2.2989134788513184, 2.294583797454834, 2.290203809738159, 2.285008192062378, 2.279122829437256, 2.275562286376953, 2.2709522247314453, 2.267022132873535, 2.262404680252075, 2.2576682567596436, 2.2509751319885254, 2.248480796813965, 2.2442941665649414, 2.2388339042663574, 2.234889030456543, 2.2304112911224365, 2.2273473739624023, 2.222341775894165, 2.2186176776885986, 2.2139780521392822, 2.209160566329956, 2.206068515777588, 2.2004776000976562, 2.1986377239227295, 2.19345760345459, 2.1884872913360596, 2.1833744049072266, 2.1811563968658447, 2.1764206886291504, 2.172290563583374, 2.1700596809387207, 2.1686644554138184, 2.164149284362793, 2.1582255363464355, 2.1575722694396973, 2.1501266956329346, 2.1457977294921875, 2.1421685218811035, 2.137289524078369, 2.135000467300415, 2.1306278705596924, 2.127580165863037, 2.120105028152466, 2.116384983062744, 2.1082544326782227, 2.108412504196167, 2.102024555206299, 2.093174695968628, 2.0891714096069336, 2.082551956176758, 2.075981616973877, 2.0741240978240967, 2.0691452026367188, 2.0634403228759766, 2.0574676990509033, 2.0522820949554443, 2.0438311100006104, 2.0360865592956543, 2.0325489044189453, 2.025949001312256, 2.019023895263672, 2.011763334274292, 2.009021759033203, 2.0022695064544678, 1.9973642826080322, 1.9884411096572876, 1.9784560203552246, 1.9792101383209229, 1.9698529243469238, 1.962093472480774, 1.9547243118286133, 1.9481761455535889, 1.9476984739303589, 1.9385716915130615, 1.9324254989624023, 1.9258430004119873, 1.9182004928588867, 1.9097106456756592, 1.9088118076324463, 1.9020546674728394, 1.894913673400879, 1.8872950077056885, 1.8811482191085815, 1.8772701025009155, 1.8752855062484741, 1.8620907068252563, 1.8633760213851929, 1.8583695888519287, 1.8501344919204712, 1.8493295907974243, 1.8403867483139038, 1.8378585577011108, 1.8260986804962158, 1.8274378776550293, 1.8210452795028687, 1.8108292818069458, 1.813388466835022, 1.8073434829711914, 1.8051719665527344, 1.799450397491455, 1.793464183807373, 1.7910771369934082, 1.7878605127334595, 1.7908508777618408, 1.7776577472686768, 1.7776520252227783, 1.7747102975845337, 1.7702610492706299, 1.773379921913147, 1.7613775730133057, 1.7612593173980713, 1.7591156959533691, 1.7607518434524536, 1.7468996047973633, 1.7500499486923218, 1.7518517971038818, 1.751796007156372, 1.7467846870422363, 1.7482044696807861, 1.73458731174469, 1.7375273704528809, 1.7395719289779663, 1.7422746419906616, 1.7317547798156738, 1.7285836935043335, 1.7254716157913208, 1.7232979536056519, 1.7222930192947388, 1.723667860031128],