{"n_parameters": 257617, "training_time": 3263.9939336776733, "loss": [6.101593017578125, 5.8692307472229, 5.7822065353393555, 5.710171699523926, 5.643229007720947, 5.586061477661133, 5.527012825012207, 5.452642440795898, 5.38702917098999, 5.3048248291015625, 5.237922668457031, 5.146874904632568, 5.060611248016357, 4.97799825668335, 4.899461269378662, 4.809654712677002, 4.727889060974121, 4.626917362213135, 4.518959999084473, 4.382143974304199, 4.241252422332764, 4.090188503265381, 3.912221908569336, 3.765157699584961, 3.6020474433898926, 3.45654034614563, 3.3265209197998047, 3.215243339538574, 3.141428232192993, 3.0521793365478516, 2.9793455600738525, 2.908221483230591, 2.8500442504882812, 2.8068857192993164, 2.753692865371704, 2.7131335735321045, 2.6617469787597656, 2.6277291774749756, 2.5806491374969482, 2.5388100147247314, 2.513892412185669, 2.48185133934021, 2.446030616760254, 2.4122464656829834], "rmse": [2.4495816230773926, 2.4053964614868164, 2.3875133991241455, 2.372387647628784, 2.3592379093170166, 2.3473153114318848, 2.3349556922912598, 2.3191981315612793, 2.3063292503356934, 2.2880308628082275, 2.2750797271728516, 2.2549049854278564, 2.236253023147583, 2.2165684700012207, 2.1995296478271484, 2.180048704147339, 2.1608493328094482, 2.137488603591919, 2.1124227046966553, 2.079761266708374, 2.0457921028137207, 2.007526397705078, 1.9624427556991577, 1.923936367034912, 1.8815306425094604, 1.8422818183898926, 1.8065311908721924, 1.7742722034454346, 1.7536795139312744, 1.7284748554229736, 1.706683874130249, 1.6871470212936401, 1.6679985523223877, 1.6561968326568604, 1.6396435499191284, 1.6278678178787231, 1.6116936206817627, 1.6005923748016357, 1.5865740776062012, 1.5732001066207886, 1.565908432006836, 1.5559732913970947, 1.5443551540374756, 1.533659815788269], "val_loss": [5.997151851654053, 5.884052276611328, 5.807371616363525, 5.736014366149902, 5.669050216674805, 5.59890604019165, 5.536942958831787, 5.499683856964111, 5.433381080627441, 5.351922035217285, 5.2672882080078125, 5.193897247314453, 5.126348972320557, 5.0543341636657715, 4.972636699676514, 4.9082112312316895, 4.806560516357422, 4.7295403480529785, 4.607528209686279, 4.453096389770508, 4.264862537384033, 4.105910301208496, 3.9007503986358643, 3.72812819480896, 3.549690008163452, 3.411273241043091, 3.293640613555908, 3.171738624572754, 3.1233341693878174, 3.058839797973633, 3.049039125442505, 2.976210117340088, 2.962040901184082, 2.9747018814086914, 2.960503578186035, 2.9419946670532227, 2.9083566665649414, 2.925884246826172, 2.9030134677886963, 2.905266046524048, 2.934185743331909, 2.9415695667266846, 2.929628372192383, 2.9531490802764893], "val_rmse": [2.4319167137145996, 2.4090750217437744, 2.393507480621338, 2.3788280487060547, 2.365142345428467, 2.35044002532959, 2.337761402130127, 2.3301901817321777, 2.3162736892700195, 2.2992796897888184, 2.2812414169311523, 2.265348196029663, 2.2508647441864014, 2.2349438667297363, 2.216897487640381, 2.2024784088134766, 2.1793880462646484, 2.161776065826416, 2.133495330810547, 2.0971665382385254, 2.05196475982666, 2.0127837657928467, 1.9609897136688232, 1.9163886308670044, 1.8693407773971558, 1.8317822217941284, 1.799643874168396, 1.7653906345367432, 1.751761794090271, 1.733314871788025, 1.7308526039123535, 1.7097722291946411, 1.7058525085449219, 1.7097169160842896, 1.7057018280029297, 1.7003252506256104, 1.690691351890564, 1.6960896253585815, 1.6894350051879883, 1.6902880668640137, 1.6990206241607666, 1.7014929056167603, 1.6981995105743408, 1.7052690982818604]}