{"n_parameters": 210353, "training_time": 6075.438108205795, "loss": [5.737980842590332, 5.624874114990234, 5.5547356605529785, 5.491344928741455, 5.437448024749756, 5.381263732910156, 5.3287858963012695, 5.263192176818848, 5.207332611083984, 5.134815692901611, 5.076211452484131, 4.998569488525391, 4.9194560050964355, 4.847679615020752, 4.763422012329102, 4.679304599761963, 4.580636501312256, 4.499948024749756, 4.400028228759766, 4.312619686126709, 4.2169671058654785, 4.113766193389893, 4.019663333892822, 3.935697078704834, 3.8509457111358643, 3.772312879562378, 3.6961510181427, 3.617741584777832, 3.5408737659454346, 3.4863953590393066, 3.4284703731536865, 3.395711898803711, 3.3413069248199463, 3.2942252159118652, 3.2692620754241943, 3.2285590171813965, 3.202253580093384, 3.171090841293335, 3.1531312465667725, 3.1064200401306152, 3.0761170387268066, 3.0721254348754883, 3.0434234142303467, 3.014437437057495, 2.9964425563812256, 2.955167055130005, 2.9570577144622803, 2.9231514930725098, 2.888542652130127, 2.8979451656341553, 2.86447811126709, 2.852374792098999, 2.8369154930114746, 2.8194637298583984, 2.791093587875366, 2.773786783218384, 2.7680556774139404, 2.758941650390625, 2.7184665203094482, 2.727703332901001, 2.7071194648742676, 2.680537223815918, 2.6640384197235107, 2.647667646408081, 2.6310441493988037, 2.618058443069458, 2.6173439025878906, 2.5869195461273193, 2.5704147815704346, 2.5682108402252197, 2.549755573272705, 2.5479416847229004, 2.530914545059204, 2.507676839828491, 2.505269765853882, 2.480656385421753, 2.473069906234741, 2.45513916015625, 2.4510629177093506, 2.4386208057403564, 2.4231364727020264, 2.4094555377960205], "rmse": [2.3792455196380615, 2.3552985191345215, 2.340186834335327, 2.3276569843292236, 2.316575050354004, 2.3050994873046875, 2.2934131622314453, 2.279386043548584, 2.2672715187072754, 2.252147674560547, 2.238981008529663, 2.220918655395508, 2.204277276992798, 2.187807083129883, 2.168828010559082, 2.149141311645508, 2.1258530616760254, 2.106933116912842, 2.083695411682129, 2.0618059635162354, 2.038736581802368, 2.0130393505096436, 1.9901294708251953, 1.967961311340332, 1.946758508682251, 1.9263792037963867, 1.906942367553711, 1.8855096101760864, 1.864728569984436, 1.8509451150894165, 1.835275411605835, 1.8242278099060059, 1.8109548091888428, 1.7980868816375732, 1.7903773784637451, 1.7786093950271606, 1.7727707624435425, 1.76261305809021, 1.7573400735855103, 1.7448205947875977, 1.7356728315353394, 1.734629511833191, 1.7263766527175903, 1.7170783281326294, 1.712512731552124, 1.6997439861297607, 1.7013256549835205, 1.6911423206329346, 1.6821788549423218, 1.6842323541641235, 1.6739078760147095, 1.6715757846832275, 1.6659165620803833, 1.6611756086349487, 1.6529914140701294, 1.6474469900131226, 1.645582914352417, 1.6425837278366089, 1.6304433345794678, 1.6336870193481445, 1.6266746520996094, 1.6191155910491943, 1.6144479513168335, 1.6097798347473145, 1.6040642261505127, 1.5994043350219727, 1.5993244647979736, 1.5907915830612183, 1.5851154327392578, 1.5847392082214355, 1.5788549184799194, 1.5782768726348877, 1.573445439338684, 1.5656064748764038, 1.564863920211792, 1.5564478635787964, 1.555281639099121, 1.5488464832305908, 1.5479633808135986, 1.5441962480545044, 1.5392283201217651, 1.535027027130127], "val_loss": [5.778111457824707, 5.679629802703857, 5.58305549621582, 5.508828163146973, 5.4170823097229, 5.318366050720215, 5.21327543258667, 5.128057956695557, 5.021099090576172, 4.913461685180664, 4.792860984802246, 4.669377326965332, 4.545294284820557, 4.413675308227539, 4.294832706451416, 4.160732746124268, 4.0369367599487305, 3.8823235034942627, 3.771019458770752, 3.636754274368286, 3.522671937942505, 3.4133574962615967, 3.3140029907226562, 3.189646005630493, 3.1055212020874023, 3.0135231018066406, 2.9209976196289062, 2.827679395675659, 2.785428047180176, 2.7366175651550293, 2.691706895828247, 2.6828649044036865, 2.604665756225586, 2.6089320182800293, 2.5662002563476562, 2.5616815090179443, 2.52544903755188, 2.49311900138855, 2.4826977252960205, 2.4798481464385986, 2.4979519844055176, 2.454798460006714, 2.4900400638580322, 2.4095747470855713, 2.421475887298584, 2.444863796234131, 2.436250925064087, 2.377758026123047, 2.370755910873413, 2.385054588317871, 2.4193272590637207, 2.3840737342834473, 2.358609676361084, 2.3303112983703613, 2.3197431564331055, 2.3732452392578125, 2.3557143211364746, 2.2939839363098145, 2.3033597469329834, 2.3025918006896973, 2.3237104415893555, 2.2745296955108643, 2.2957980632781982, 2.324697256088257, 2.3220038414001465, 2.2738938331604004, 2.2364656925201416, 2.2618398666381836, 2.257194757461548, 2.2419071197509766, 2.2594873905181885, 2.221907615661621, 2.2455925941467285, 2.2524750232696533, 2.2172954082489014, 2.2404608726501465, 2.165294647216797, 2.2113566398620605, 2.2246100902557373, 2.215576648712158, 2.209392786026001, 2.2198290824890137], "val_rmse": [2.3868138790130615, 2.3666882514953613, 2.3470897674560547, 2.3316495418548584, 2.3124423027038574, 2.291377067565918, 2.268885612487793, 2.250258207321167, 2.226698875427246, 2.202650785446167, 2.1754567623138428, 2.1471786499023438, 2.1183249950408936, 2.087338924407959, 2.0586910247802734, 2.025935411453247, 1.9951577186584473, 1.9562897682189941, 1.9275819063186646, 1.89251708984375, 1.8620901107788086, 1.8324159383773804, 1.8050627708435059, 1.7703359127044678, 1.7463401556015015, 1.7198545932769775, 1.6926981210708618, 1.6647214889526367, 1.6519676446914673, 1.6374446153640747, 1.623719573020935, 1.6209717988967896, 1.5967541933059692, 1.5982898473739624, 1.5850781202316284, 1.583651065826416, 1.5722904205322266, 1.5620077848434448, 1.5587173700332642, 1.5578597784042358, 1.564051628112793, 1.5502160787582397, 1.5616812705993652, 1.5356192588806152, 1.5396531820297241, 1.54745614528656, 1.5447877645492554, 1.5256292819976807, 1.5235240459442139, 1.5284314155578613, 1.5399216413497925, 1.528360366821289, 1.519995927810669, 1.510719656944275, 1.5073795318603516, 1.525334119796753, 1.5197244882583618, 1.4992146492004395, 1.5024811029434204, 1.5022821426391602, 1.5094541311264038, 1.4931089878082275, 1.5003433227539062, 1.510209321975708, 1.5094685554504395, 1.4934115409851074, 1.4807329177856445, 1.4895704984664917, 1.4882032871246338, 1.4830551147460938, 1.4891552925109863, 1.476475477218628, 1.4846632480621338, 1.4870845079421997, 1.47514009475708, 1.4832451343536377, 1.457356333732605, 1.4734790325164795, 1.4781004190444946, 1.4750629663467407, 1.4730727672576904, 1.4767050743103027]}