{"n_parameters": 385521, "training_time": 15610.125874519348, "loss": [5.875898838043213, 5.864984035491943, 5.858211040496826, 5.853027820587158, 5.842464923858643, 5.837507247924805, 5.828472137451172, 5.826092720031738, 5.810844421386719, 5.80504846572876, 5.792367935180664, 5.775899410247803, 5.76242733001709, 5.74171257019043, 5.723449230194092, 5.702081680297852, 5.676704406738281, 5.652561664581299, 5.62722110748291, 5.599225997924805, 5.5644426345825195, 5.531274318695068, 5.4971537590026855, 5.456598281860352, 5.419736862182617, 5.3784027099609375, 5.344494819641113, 5.302329063415527, 5.267670631408691, 5.222170352935791, 5.189364910125732, 5.144652843475342, 5.1128692626953125, 5.080854892730713, 5.039571285247803, 5.000113487243652, 4.962579727172852, 4.922162055969238, 4.893305778503418, 4.869003772735596, 4.8281731605529785, 4.781821250915527, 4.744405746459961, 4.698178768157959, 4.661304473876953, 4.609952449798584, 4.549320697784424, 4.50397253036499, 4.4386186599731445, 4.382874488830566, 4.313103199005127, 4.240249156951904, 4.155604839324951, 4.068841934204102, 3.970989465713501, 3.8822202682495117, 3.784044027328491, 3.672133207321167, 3.5792248249053955, 3.4810214042663574, 3.3900585174560547, 3.313978433609009, 3.2527706623077393, 3.179661512374878, 3.128812789916992, 3.0732345581054688, 3.027531385421753, 2.9951634407043457, 2.9373950958251953, 2.901691198348999, 2.8761370182037354, 2.831104278564453, 2.806919813156128, 2.7625021934509277, 2.7232115268707275, 2.6936705112457275, 2.6663033962249756, 2.629359006881714, 2.6154839992523193, 2.582073926925659, 2.5546762943267822, 2.5187084674835205, 2.4934308528900146, 2.4671590328216553, 2.4552786350250244, 2.430408000946045, 2.4018349647521973, 2.3971498012542725, 2.385925769805908, 2.3567683696746826, 2.3346922397613525, 2.3178980350494385, 2.3049938678741455, 2.288395404815674, 2.271956205368042, 2.2524290084838867, 2.2337827682495117, 2.223924160003662, 2.2063143253326416, 2.1932952404022217, 2.1790595054626465, 2.1639416217803955, 2.1488382816314697, 2.1394901275634766, 2.1290221214294434, 2.11950945854187, 2.1047587394714355, 2.0995919704437256, 2.078444004058838, 2.068896532058716, 2.0626168251037598, 2.0531740188598633, 2.046593189239502, 2.028099298477173, 2.0224759578704834, 2.01405668258667, 2.0105137825012207, 2.0004312992095947, 1.9919016361236572, 1.9896578788757324, 1.9807953834533691, 1.9673303365707397, 1.97063410282135, 1.9512622356414795, 1.952091097831726, 1.9339686632156372, 1.936662197113037, 1.9251428842544556, 1.9201951026916504, 1.9130884408950806, 1.9085001945495605, 1.9073585271835327, 1.8903158903121948, 1.895568609237671, 1.8864212036132812, 1.876007080078125, 1.8763694763183594, 1.866402506828308, 1.8644921779632568, 1.8561956882476807, 1.8484995365142822, 1.8507839441299438, 1.8380392789840698, 1.8325637578964233, 1.8270432949066162, 1.826485276222229, 1.8272567987442017, 1.818776249885559, 1.8216092586517334, 1.8099477291107178, 1.813405990600586, 1.806222677230835, 1.7973378896713257, 1.79437255859375, 1.7924915552139282, 1.7884342670440674, 1.786541223526001, 1.7794735431671143, 1.7810771465301514, 1.7893038988113403, 1.775531530380249], "rmse": [2.4054043292999268, 2.4042022228240967, 2.4029860496520996, 2.4017274379730225, 2.398745536804199, 2.3986966609954834, 2.3969221115112305, 2.3957133293151855, 2.392559051513672, 2.3927485942840576, 2.389137029647827, 2.3856711387634277, 2.3827686309814453, 2.3794898986816406, 2.375472068786621, 2.370694637298584, 2.365811347961426, 2.3605785369873047, 2.355482816696167, 2.349334716796875, 2.3428149223327637, 2.335132598876953, 2.329221487045288, 2.3198883533477783, 2.3125295639038086, 2.3041584491729736, 2.296555757522583, 2.288160562515259, 2.2804195880889893, 2.271005630493164, 2.2642440795898438, 2.254456043243408, 2.2478432655334473, 2.240333080291748, 2.23138427734375, 2.2230613231658936, 2.2147371768951416, 2.2052254676818848, 2.198695182800293, 2.1931848526000977, 2.1833410263061523, 2.1738016605377197, 2.164733648300171, 2.153019428253174, 2.145064353942871, 2.133315324783325, 2.1195249557495117, 2.108513832092285, 2.0929532051086426, 2.0797276496887207, 2.062605142593384, 2.044722318649292, 2.0228240489959717, 2.000924587249756, 1.976257562637329, 1.9535248279571533, 1.9277974367141724, 1.899135947227478, 1.8739689588546753, 1.846755862236023, 1.8214662075042725, 1.801101803779602, 1.7831878662109375, 1.762195348739624, 1.7463634014129639, 1.7310878038406372, 1.7185754776000977, 1.70740807056427, 1.690302848815918, 1.681158423423767, 1.6732430458068848, 1.6597753763198853, 1.6523816585540771, 1.6391973495483398, 1.6274595260620117, 1.617499589920044, 1.6096771955490112, 1.5998482704162598, 1.594812035560608, 1.5840306282043457, 1.5750006437301636, 1.5637966394424438, 1.5555580854415894, 1.5485068559646606, 1.5432631969451904, 1.535811185836792, 1.5265538692474365, 1.5246012210845947, 1.5214208364486694, 1.512742519378662, 1.5053718090057373, 1.4995535612106323, 1.4937548637390137, 1.4894258975982666, 1.4847068786621094, 1.4772648811340332, 1.4713431596755981, 1.4694979190826416, 1.462796926498413, 1.457036018371582, 1.4534801244735718, 1.4474942684173584, 1.4422563314437866, 1.4391838312149048, 1.4361186027526855, 1.4331672191619873, 1.4279240369796753, 1.4270485639572144, 1.420080304145813, 1.416448712348938, 1.4142966270446777, 1.4102511405944824, 1.40945565700531, 1.4027328491210938, 1.4006232023239136, 1.3961881399154663, 1.3958461284637451, 1.3935695886611938, 1.3907538652420044, 1.3891404867172241, 1.3862720727920532, 1.381920576095581, 1.3828243017196655, 1.3772644996643066, 1.3773493766784668, 1.3713483810424805, 1.3708306550979614, 1.3678338527679443, 1.3656865358352661, 1.3631731271743774, 1.3617995977401733, 1.3616552352905273, 1.354431390762329, 1.3575950860977173, 1.3533586263656616, 1.3502541780471802, 1.3499609231948853, 1.346787929534912, 1.3465538024902344, 1.3432646989822388, 1.34062659740448, 1.3405787944793701, 1.3355188369750977, 1.335278034210205, 1.3339977264404297, 1.3333793878555298, 1.3324475288391113, 1.3308732509613037, 1.331040859222412, 1.3267509937286377, 1.3280824422836304, 1.3253690004348755, 1.3227052688598633, 1.3208837509155273, 1.320816993713379, 1.319040060043335, 1.3177180290222168, 1.3158695697784424, 1.3156849145889282, 1.319742202758789, 1.3147683143615723],