{"n_parameters": 132289, "training_time": 4002.5224912166595, "loss": [5.914581298828125, 5.744110584259033, 5.665759563446045, 5.615942001342773, 5.556182861328125, 5.522405624389648, 5.4789652824401855, 5.458957195281982, 5.402641773223877, 5.37642240524292, 5.344004154205322, 5.310234069824219, 5.256474018096924, 5.224066257476807, 5.173515796661377, 5.138484954833984, 5.0779218673706055, 5.018147945404053, 4.962388038635254, 4.903214454650879, 4.846656322479248, 4.7744140625, 4.691917896270752, 4.616373062133789, 4.526748180389404, 4.470345497131348, 4.383566856384277, 4.286428928375244, 4.22432804107666, 4.148264408111572, 4.074813365936279, 4.005136013031006, 3.9475796222686768, 3.881331205368042, 3.823406219482422, 3.769913911819458, 3.726609230041504, 3.6743059158325195, 3.6211023330688477, 3.5874712467193604, 3.556906223297119, 3.5008718967437744, 3.464150905609131, 3.4300215244293213, 3.4051268100738525, 3.3590939044952393, 3.328939199447632, 3.3007049560546875, 3.2564408779144287, 3.223912000656128, 3.2024266719818115, 3.1732771396636963, 3.130342960357666, 3.099879264831543, 3.078331470489502, 3.0518765449523926, 3.0135364532470703, 2.979395627975464, 2.9550254344940186, 2.9257400035858154, 2.9000403881073, 2.8705801963806152, 2.852290630340576, 2.8252570629119873], "rmse": [2.414398431777954, 2.3803915977478027, 2.3646621704101562, 2.3547022342681885, 2.3422603607177734, 2.3356974124908447, 2.325385332107544, 2.3216052055358887, 2.309380531311035, 2.3041481971740723, 2.29732346534729, 2.2897040843963623, 2.278315305709839, 2.2712159156799316, 2.2600560188293457, 2.25274658203125, 2.2383532524108887, 2.2263541221618652, 2.2136478424072266, 2.200434446334839, 2.187603235244751, 2.1707520484924316, 2.150815486907959, 2.133363723754883, 2.1124534606933594, 2.098160982131958, 2.0781118869781494, 2.05399227142334, 2.038811206817627, 2.0197949409484863, 2.000939130783081, 1.9834483861923218, 1.968470573425293, 1.9524673223495483, 1.9363282918930054, 1.922785758972168, 1.911513328552246, 1.897681474685669, 1.8837612867355347, 1.8752447366714478, 1.8664507865905762, 1.8522230386734009, 1.84219229221344, 1.8323330879211426, 1.8251053094863892, 1.8133544921875, 1.80594003200531, 1.7975322008132935, 1.7855664491653442, 1.775781512260437, 1.7699463367462158, 1.762438178062439, 1.7504125833511353, 1.7420333623886108, 1.7351436614990234, 1.7277504205703735, 1.716567039489746, 1.7067317962646484, 1.6997854709625244, 1.690911889076233, 1.6833981275558472, 1.6755669116973877, 1.670809030532837, 1.6604022979736328], "val_loss": [5.75654935836792, 5.65798807144165, 5.581575870513916, 5.530459880828857, 5.507076740264893, 5.467437267303467, 5.419899940490723, 5.354303359985352, 5.2879180908203125, 5.227567672729492, 5.146073341369629, 5.079122543334961, 5.002017498016357, 4.914772987365723, 4.859555244445801, 4.768423557281494, 4.691424369812012, 4.592946529388428, 4.506822109222412, 4.416933536529541, 4.321159839630127, 4.2143874168396, 4.112357139587402, 4.043863773345947, 3.9204916954040527, 3.843977212905884, 3.7193708419799805, 3.645095109939575, 3.580775499343872, 3.5226778984069824, 3.4738292694091797, 3.41268253326416, 3.386037588119507, 3.3502912521362305, 3.3191070556640625, 3.2489538192749023, 3.2521369457244873, 3.222708225250244, 3.2011938095092773, 3.2135398387908936, 3.151597738265991, 3.1456665992736816, 3.1260907649993896, 3.134049415588379, 3.1228129863739014, 3.1008777618408203, 3.1237144470214844, 3.0625736713409424, 3.0875048637390137, 3.082611322402954, 3.043553113937378, 3.0640697479248047, 3.0592994689941406, 2.9985828399658203, 3.032463312149048, 3.0215632915496826, 3.0180087089538574, 3.0240886211395264, 2.9859814643859863, 3.037318468093872, 3.0454299449920654, 3.0077075958251953, 3.023967742919922, 3.0339787006378174], "val_rmse": [2.3820979595184326, 2.3624343872070312, 2.347140073776245, 2.3367207050323486, 2.331989288330078, 2.3238391876220703, 2.313843250274658, 2.2999165058135986, 2.2855641841888428, 2.2722625732421875, 2.254326343536377, 2.2392842769622803, 2.2219765186309814, 2.2023868560791016, 2.1896133422851562, 2.1688003540039062, 2.151021957397461, 2.128146171569824, 2.1077992916107178, 2.086257219314575, 2.0630412101745605, 2.0369319915771484, 2.011563777923584, 1.9940522909164429, 1.9627724885940552, 1.942873239517212, 1.910428524017334, 1.8904385566711426, 1.8730674982070923, 1.8573329448699951, 1.8440375328063965, 1.8274036645889282, 1.8201597929000854, 1.81056547164917, 1.8021814823150635, 1.7828370332717896, 1.784201741218567, 1.776370882987976, 1.7705796957015991, 1.7743473052978516, 1.757094144821167, 1.7557231187820435, 1.7503355741500854, 1.7529394626617432, 1.749971628189087, 1.7440226078033447, 1.7509102821350098, 1.733361005783081, 1.7408385276794434, 1.7397654056549072, 1.7285640239715576, 1.7348159551620483, 1.7336575984954834, 1.716126561164856, 1.7262808084487915, 1.7233883142471313, 1.7226436138153076, 1.7245755195617676, 1.7136720418930054, 1.7289320230484009, 1.7314729690551758, 1.7207053899765015, 1.7255809307098389, 1.728725552558899]}