{"n_parameters": 644001, "training_time": 7357.211133003235, "loss": [5.7507710456848145, 5.515235900878906, 5.3980584144592285, 5.300005912780762, 5.196528911590576, 5.06205940246582, 4.91209602355957, 4.728487491607666, 4.508904933929443, 4.258401393890381, 4.019416332244873, 3.807969093322754, 3.6007964611053467, 3.432779312133789, 3.2654547691345215, 3.1257822513580322, 3.027679920196533, 2.9427568912506104, 2.873945713043213, 2.8206984996795654, 2.770705461502075, 2.7308225631713867, 2.665585517883301, 2.621565818786621, 2.588900089263916, 2.5548431873321533, 2.5163722038269043, 2.473808526992798, 2.4424519538879395, 2.4126970767974854, 2.389674186706543, 2.353706121444702, 2.336632013320923, 2.305482864379883, 2.290022850036621, 2.2557568550109863, 2.2432069778442383, 2.2117249965667725, 2.1994106769561768, 2.1686065196990967], "rmse": [2.3807103633880615, 2.333549976348877, 2.3088834285736084, 2.2877748012542725, 2.2650883197784424, 2.2349586486816406, 2.201180934906006, 2.159804344177246, 2.1080689430236816, 2.0473268032073975, 1.9883732795715332, 1.9336516857147217, 1.8792604207992554, 1.8355799913406372, 1.7908858060836792, 1.7517257928848267, 1.7236791849136353, 1.7003004550933838, 1.6788054704666138, 1.6629600524902344, 1.648252010345459, 1.636601209640503, 1.6170520782470703, 1.603409767150879, 1.59304678440094, 1.5828989744186401, 1.5708584785461426, 1.5568621158599854, 1.5466217994689941, 1.5378148555755615, 1.5297731161117554, 1.5179935693740845, 1.5128473043441772, 1.5022028684616089, 1.4974944591522217, 1.4856336116790771, 1.4819167852401733, 1.4703541994094849, 1.4672625064849854, 1.4566762447357178], "val_loss": [5.448311805725098, 5.266685962677002, 5.084493160247803, 4.934718608856201, 4.701955318450928, 4.553444862365723, 4.270092964172363, 3.9799511432647705, 3.5710608959198, 3.281099796295166, 3.0095601081848145, 2.8173441886901855, 2.6458446979522705, 2.5265214443206787, 2.5082995891571045, 2.4672679901123047, 2.403115749359131, 2.3658952713012695, 2.358450174331665, 2.4181268215179443, 2.34140682220459, 2.4455726146698, 2.4042985439300537, 2.342433452606201, 2.3713905811309814, 2.292804479598999, 2.29976487159729, 2.2687132358551025, 2.3081107139587402, 2.2943434715270996, 2.2652947902679443, 2.278502941131592, 2.204474687576294, 2.289296865463257, 2.199841260910034, 2.2053372859954834, 2.2250723838806152, 2.207885980606079, 2.2403674125671387, 2.2607033252716064], "val_rmse": [2.319812297821045, 2.281580924987793, 2.2415874004364014, 2.207632303237915, 2.1546623706817627, 2.1191349029541016, 2.0511136054992676, 1.9785488843917847, 1.872139573097229, 1.7923734188079834, 1.71527898311615, 1.6594632863998413, 1.6083844900131226, 1.5727601051330566, 1.5684409141540527, 1.5561662912368774, 1.536008596420288, 1.5246175527572632, 1.5220887660980225, 1.5420843362808228, 1.5170546770095825, 1.5507991313934326, 1.537769079208374, 1.5179041624069214, 1.5273042917251587, 1.5016112327575684, 1.504180669784546, 1.494180679321289, 1.5071144104003906, 1.5026683807373047, 1.4931687116622925, 1.4976898431777954, 1.4728199243545532, 1.5012407302856445, 1.471511721611023, 1.4732695817947388, 1.4801061153411865, 1.4741477966308594, 1.4851386547088623, 1.4921878576278687]}