{"n_parameters": 469745, "training_time": 14490.717645645142, "loss": [6.507003307342529, 6.123912811279297, 5.939792633056641, 5.824240684509277, 5.739869594573975, 5.660261154174805, 5.603161334991455, 5.528443813323975, 5.473123550415039, 5.399476528167725, 5.318324089050293, 5.232894420623779, 5.09673547744751, 4.949211120605469, 4.742743015289307, 4.495789527893066, 4.202849388122559, 3.915196180343628, 3.6567628383636475, 3.432342290878296, 3.2318334579467773, 3.0654048919677734, 2.934018611907959, 2.831136703491211, 2.738501787185669, 2.69023060798645, 2.611489772796631, 2.564173460006714, 2.509995460510254, 2.459911823272705, 2.4408628940582275, 2.4105257987976074, 2.3702642917633057, 2.3297340869903564, 2.3187689781188965, 2.286463737487793, 2.2595064640045166, 2.2572882175445557, 2.2266554832458496, 2.2037057876586914, 2.1879537105560303, 2.166041851043701, 2.1597301959991455, 2.138709783554077, 2.135983943939209, 2.107008695602417, 2.1030073165893555, 2.101374626159668, 2.075619697570801, 2.0625429153442383, 2.066119909286499, 2.069636821746826, 2.0413758754730225, 2.0263586044311523, 2.027627944946289, 2.004695415496826, 2.018775701522827, 2.0044045448303223, 1.9860212802886963, 1.9831769466400146, 1.966448187828064, 1.9615470170974731, 1.9629589319229126, 1.949836254119873, 1.9410381317138672, 1.9322128295898438, 1.9286779165267944, 1.9133753776550293, 1.922511339187622, 1.9092657566070557, 1.9018666744232178, 1.8876522779464722, 1.8866466283798218, 1.8726167678833008, 1.869588017463684, 1.862044095993042, 1.8510794639587402, 1.8491290807724, 1.8328734636306763, 1.8311563730239868, 1.8142582178115845, 1.816287875175476, 1.8029975891113281, 1.7992198467254639, 1.7889149188995361, 1.7778910398483276, 1.7672605514526367, 1.7546087503433228, 1.7389717102050781, 1.7348154783248901, 1.7258867025375366, 1.714596152305603, 1.702282190322876, 1.6917144060134888, 1.6783491373062134, 1.6682865619659424, 1.6559348106384277, 1.6456408500671387, 1.634243130683899, 1.6114130020141602, 1.6165874004364014, 1.6055183410644531, 1.5890653133392334, 1.584721326828003, 1.5636879205703735, 1.5525790452957153, 1.550412654876709, 1.5345040559768677, 1.5158003568649292, 1.5130535364151, 1.4994227886199951, 1.4921292066574097, 1.48507821559906, 1.4766368865966797, 1.4647232294082642, 1.469154953956604, 1.4494218826293945, 1.4468414783477783, 1.4486767053604126, 1.437670350074768, 1.4261500835418701, 1.4114421606063843], "rmse": [2.5325398445129395, 2.457873582839966, 2.4198718070983887, 2.3967883586883545, 2.3802449703216553, 2.364318609237671, 2.351919651031494, 2.3368213176727295, 2.3254451751708984, 2.3094520568847656, 2.2922475337982178, 2.2732059955596924, 2.242374897003174, 2.209792375564575, 2.1627063751220703, 2.103408098220825, 2.032069683074951, 1.960867166519165, 1.8930386304855347, 1.8327503204345703, 1.7785431146621704, 1.731986403465271, 1.695135474205017, 1.6653311252593994, 1.6371231079101562, 1.622835397720337, 1.5990239381790161, 1.5844943523406982, 1.5667344331741333, 1.551774263381958, 1.5455803871154785, 1.5357147455215454, 1.5230334997177124, 1.5100431442260742, 1.5057724714279175, 1.4954770803451538, 1.4870375394821167, 1.4855005741119385, 1.4762800931930542, 1.4679673910140991, 1.4630038738250732, 1.4553072452545166, 1.4530667066574097, 1.445673942565918, 1.4444632530212402, 1.4353784322738647, 1.4334803819656372, 1.4329289197921753, 1.4246245622634888, 1.4195841550827026, 1.4212274551391602, 1.422635555267334, 1.4127438068389893, 1.4072065353393555, 1.4075933694839478, 1.3993910551071167, 1.4050076007843018, 1.3991358280181885, 1.3927969932556152, 1.3916587829589844, 1.3854734897613525, 1.3849313259124756, 1.3848851919174194, 1.3798260688781738, 1.3766472339630127, 1.3730566501617432, 1.3729121685028076, 1.366701364517212, 1.3706283569335938, 1.365339756011963, 1.3625457286834717, 1.3576948642730713, 1.3576948642730713, 1.3517041206359863, 1.3506578207015991, 1.3475457429885864, 1.3440641164779663, 1.3434412479400635, 1.3369234800338745, 1.3370360136032104, 1.3309518098831177, 1.3311426639556885, 1.3265211582183838, 1.3240770101547241, 1.3212398290634155, 1.316878318786621, 1.3138618469238281, 1.3082466125488281, 1.302565336227417, 1.3005495071411133, 1.2976632118225098, 1.2940746545791626, 1.2883936166763306, 1.2844243049621582, 1.2787015438079834, 1.275087833404541, 1.270344853401184, 1.2666746377944946, 1.2620340585708618, 1.2532116174697876, 1.255745768547058, 1.2505470514297485, 1.2441990375518799, 1.2425425052642822, 1.2336829900741577, 1.2295836210250854, 1.2288146018981934, 1.2213609218597412, 1.2138861417770386, 1.213542103767395, 1.207308292388916, 1.204294204711914, 1.2017309665679932, 1.1978923082351685, 1.1929599046707153, 1.195576786994934, 1.1867666244506836, 1.1859617233276367, 1.1872045993804932, 1.1823798418045044, 1.1775681972503662, 1.1718140840530396], "val_loss": [5.825427055358887, 5.620330810546875, 5.556465148925781, 5.51483678817749, 5.436482906341553, 5.366742134094238, 5.3559064865112305, 5.338572978973389, 5.32108736038208, 5.222168445587158, 5.1247100830078125, 5.034884929656982, 4.893664360046387, 4.587095260620117, 4.251540184020996, 3.8627071380615234, 3.5265073776245117, 3.2979183197021484, 3.116319417953491, 2.9957807064056396, 2.9727752208709717, 2.8688271045684814, 2.8686866760253906, 2.896789789199829, 2.878676652908325, 2.8281257152557373, 2.8682608604431152, 2.789440870285034, 2.806579351425171, 2.7439305782318115, 2.739278793334961, 2.7482707500457764, 2.7182860374450684, 2.652700185775757, 2.6405880451202393, 2.680083990097046, 2.628910541534424, 2.5578501224517822, 2.5370211601257324, 2.551640272140503, 2.5847702026367188, 2.5638115406036377, 2.5345308780670166, 2.4784553050994873, 2.4877712726593018, 2.535998582839966, 2.469865560531616, 2.488410711288452, 2.4843742847442627, 2.4453423023223877, 2.467661142349243, 2.4435625076293945, 2.4328222274780273, 2.4004037380218506, 2.3890247344970703, 2.4422030448913574, 2.394737958908081, 2.4217305183410645, 2.410250425338745, 2.3767924308776855, 2.3662655353546143, 2.3661394119262695, 2.340836524963379, 2.3353137969970703, 2.331923246383667, 2.361295461654663, 2.3842077255249023, 2.312255382537842, 2.3322463035583496, 2.3418140411376953, 2.3031227588653564, 2.311485528945923, 2.3164145946502686, 2.3167107105255127, 2.2663772106170654, 2.281799077987671, 2.3296937942504883, 2.3315298557281494, 2.2881879806518555, 2.2646825313568115, 2.2327260971069336, 2.2663967609405518, 2.234529972076416, 2.219665050506592, 2.2381317615509033, 2.220102071762085, 2.216902732849121, 2.1886513233184814, 2.230713129043579, 2.173734664916992, 2.1609160900115967, 2.1467254161834717, 2.1263632774353027, 2.099410057067871, 2.1335222721099854, 2.1026270389556885, 2.086125612258911, 2.118255376815796, 2.073077440261841, 2.046842098236084, 2.0613887310028076, 2.0548102855682373, 2.0127038955688477, 2.0121583938598633, 1.9960355758666992, 2.0108397006988525, 1.999921441078186, 1.9746546745300293, 1.9911608695983887, 1.9599579572677612, 1.9672877788543701, 1.9696288108825684, 1.945369839668274, 1.9552022218704224, 1.9790383577346802, 2.0006632804870605, 1.9173790216445923, 1.930234670639038, 1.9563753604888916, 1.962362289428711, 1.9938421249389648, 1.9224539995193481],