{"n_parameters": 232385, "training_time": 2795.990514755249, "loss": [5.999635219573975, 5.865891933441162, 5.782184600830078, 5.710587978363037, 5.6496148109436035, 5.602914333343506, 5.5614776611328125, 5.502111434936523, 5.477083206176758, 5.445103645324707, 5.40378999710083, 5.376820087432861, 5.348133087158203, 5.31664514541626, 5.273675918579102, 5.238659381866455, 5.2196831703186035, 5.186281204223633, 5.134535312652588, 5.093225002288818, 5.040627956390381, 4.975959300994873, 4.900082111358643, 4.815711975097656, 4.697482585906982, 4.556449890136719, 4.393228530883789, 4.225180149078369, 4.026447772979736, 3.838632345199585, 3.652522325515747, 3.456055164337158, 3.303154468536377, 3.137007474899292, 2.969369649887085, 2.8278214931488037, 2.6845905780792236, 2.5829577445983887], "rmse": [2.430565595626831, 2.404244899749756, 2.3877832889556885, 2.372349739074707, 2.3608219623565674, 2.3514201641082764, 2.3425705432891846, 2.330105781555176, 2.3251519203186035, 2.3188254833221436, 2.3097569942474365, 2.303715705871582, 2.29736328125, 2.2915656566619873, 2.282221555709839, 2.2740108966827393, 2.2700204849243164, 2.262868881225586, 2.2520172595977783, 2.24290132522583, 2.2313733100891113, 2.216411590576172, 2.198795795440674, 2.1800098419189453, 2.1521897315979004, 2.1189465522766113, 2.078956365585327, 2.038287401199341, 1.989094614982605, 1.9410498142242432, 1.8919874429702759, 1.8395905494689941, 1.7981452941894531, 1.7511773109436035, 1.7037320137023926, 1.662278652191162, 1.6194055080413818, 1.5891025066375732], "val_loss": [5.8678107261657715, 5.765239238739014, 5.679749965667725, 5.621594429016113, 5.5755720138549805, 5.524834632873535, 5.499728202819824, 5.463344573974609, 5.416994571685791, 5.364341735839844, 5.335017681121826, 5.336761951446533, 5.277783393859863, 5.254225254058838, 5.23574686050415, 5.187089920043945, 5.176812648773193, 5.117676734924316, 5.093223571777344, 5.040794372558594, 4.989902973175049, 4.869828224182129, 4.809164524078369, 4.670473575592041, 4.524233341217041, 4.4118499755859375, 4.330338478088379, 4.193723678588867, 4.152038097381592, 4.113238334655762, 4.028892993927002, 4.105474948883057, 4.016952037811279, 4.0714216232299805, 4.064582824707031, 4.134248733520508, 4.149102687835693, 4.190685272216797], "val_rmse": [2.4050052165985107, 2.384371280670166, 2.3669357299804688, 2.3548552989959717, 2.3453750610351562, 2.3350000381469727, 2.329742908477783, 2.322134256362915, 2.312412977218628, 2.3011953830718994, 2.294827461242676, 2.2950263023376465, 2.282343864440918, 2.277271270751953, 2.2732605934143066, 2.262725591659546, 2.2603423595428467, 2.247380256652832, 2.2418949604034424, 2.229994535446167, 2.2180488109588623, 2.190814733505249, 2.1766796112060547, 2.1444461345672607, 2.1097793579101562, 2.08268141746521, 2.0628504753112793, 2.0297770500183105, 2.0201871395111084, 2.0112621784210205, 1.991361141204834, 2.0118749141693115, 1.9904617071151733, 2.005021333694458, 2.003948211669922, 2.021958112716675, 2.025954246520996, 2.0365357398986816]}