{"n_parameters": 300609, "training_time": 10911.16173005104, "loss": [5.965235710144043, 5.79379415512085, 5.710073947906494, 5.644720554351807, 5.572444915771484, 5.513768672943115, 5.453904628753662, 5.400737285614014, 5.3394317626953125, 5.28110408782959, 5.229349136352539, 5.183976650238037, 5.130437850952148, 5.067795753479004, 5.016678810119629, 4.958870887756348, 4.9104719161987305, 4.846225738525391, 4.79303503036499, 4.727548122406006, 4.65575647354126, 4.597356796264648, 4.527761936187744, 4.4664177894592285, 4.389613151550293, 4.319797992706299, 4.233137607574463, 4.160104751586914, 4.063616752624512, 3.9744839668273926, 3.8793387413024902, 3.7874207496643066, 3.688197135925293, 3.6062119007110596, 3.5131404399871826, 3.416365385055542, 3.3205344676971436, 3.231708288192749, 3.1501457691192627, 3.078148126602173, 3.0083425045013428, 2.956099033355713, 2.89091157913208, 2.841322422027588, 2.7826876640319824, 2.751458168029785, 2.7035605907440186, 2.668280601501465, 2.6328487396240234, 2.595975399017334, 2.57275652885437, 2.537355422973633, 2.497673988342285, 2.4772098064422607, 2.4441895484924316, 2.4167098999023438, 2.3895506858825684, 2.360870838165283, 2.330289125442505, 2.3132400512695312, 2.297917366027832, 2.2765355110168457, 2.2619338035583496, 2.2344110012054443, 2.221769094467163, 2.1991219520568848, 2.183934450149536, 2.164637565612793, 2.1470377445220947, 2.133993148803711, 2.1101160049438477, 2.101778745651245, 2.0872702598571777, 2.0778791904449463, 2.0560810565948486, 2.043107748031616, 2.03157377243042, 2.0160491466522217, 1.999036431312561, 1.9844082593917847, 1.9741507768630981, 1.972556233406067, 1.9574147462844849, 1.9386574029922485, 1.939781665802002, 1.928301453590393, 1.9103144407272339, 1.9045218229293823, 1.9010900259017944, 1.885514259338379, 1.8832367658615112, 1.8781006336212158, 1.8617193698883057, 1.860183835029602, 1.8436583280563354, 1.845495581626892, 1.8352311849594116, 1.83551025390625, 1.8183438777923584, 1.8142906427383423, 1.8049765825271606, 1.8024061918258667, 1.7976081371307373, 1.7941162586212158, 1.7840473651885986, 1.7752388715744019, 1.7768727540969849, 1.7726445198059082, 1.764267086982727, 1.7547069787979126, 1.752016305923462], "rmse": [2.424734592437744, 2.390014171600342, 2.3726859092712402, 2.359541654586792, 2.3456525802612305, 2.332679033279419, 2.3198087215423584, 2.3081393241882324, 2.2959463596343994, 2.2839324474334717, 2.2723615169525146, 2.2624244689941406, 2.2519471645355225, 2.237575054168701, 2.226318836212158, 2.213658571243286, 2.203120470046997, 2.188319206237793, 2.175950288772583, 2.1615140438079834, 2.1447129249572754, 2.1311049461364746, 2.1138370037078857, 2.1007308959960938, 2.0815484523773193, 2.0651118755340576, 2.043825387954712, 2.0257186889648438, 2.002108335494995, 1.9784525632858276, 1.9547085762023926, 1.9308278560638428, 1.905349850654602, 1.882967233657837, 1.8575828075408936, 1.8310598134994507, 1.8042713403701782, 1.7805390357971191, 1.757306456565857, 1.7357772588729858, 1.7144862413406372, 1.699107050895691, 1.6798957586288452, 1.6656150817871094, 1.6480094194412231, 1.6379812955856323, 1.6232168674468994, 1.6132932901382446, 1.602313756942749, 1.5911997556686401, 1.5832526683807373, 1.5720388889312744, 1.5600895881652832, 1.5534640550613403, 1.5433316230773926, 1.5330971479415894, 1.5251191854476929, 1.5144212245941162, 1.5054290294647217, 1.4997944831848145, 1.4949615001678467, 1.4881157875061035, 1.483358383178711, 1.4736655950546265, 1.4700437784194946, 1.4620927572250366, 1.456329345703125, 1.4495344161987305, 1.4438197612762451, 1.4404600858688354, 1.4313182830810547, 1.4297263622283936, 1.424663782119751, 1.421352505683899, 1.4130501747131348, 1.4097967147827148, 1.4057023525238037, 1.4007940292358398, 1.393868088722229, 1.3874787092208862, 1.385252833366394, 1.3853121995925903, 1.3797869682312012, 1.3727601766586304, 1.3734066486358643, 1.3679428100585938, 1.3626136779785156, 1.3617178201675415, 1.3588937520980835, 1.3554294109344482, 1.3535048961639404, 1.3521686792373657, 1.3456264734268188, 1.3436444997787476, 1.3383185863494873, 1.3397486209869385, 1.3365269899368286, 1.3363900184631348, 1.3292781114578247, 1.329062819480896, 1.3249685764312744, 1.3239052295684814, 1.3230998516082764, 1.3203959465026855, 1.316342830657959, 1.3142679929733276, 1.3146692514419556, 1.3132507801055908, 1.309789776802063, 1.3071092367172241, 1.3051985502243042], "val_loss": [5.879662036895752, 5.744891166687012, 5.665411949157715, 5.596670150756836, 5.506426811218262, 5.463307857513428, 5.437446594238281, 5.359503746032715, 5.276840686798096, 5.234324932098389, 5.135217666625977, 5.058289051055908, 5.048025608062744, 4.972503185272217, 4.902265548706055, 4.852238655090332, 4.796123027801514, 4.7231550216674805, 4.637139320373535, 4.568945407867432, 4.54362678527832, 4.433608531951904, 4.383219242095947, 4.315293312072754, 4.2654643058776855, 4.132641792297363, 4.066033840179443, 3.9936068058013916, 3.871319055557251, 3.764357805252075, 3.6626787185668945, 3.5681068897247314, 3.444493293762207, 3.3563783168792725, 3.2404563426971436, 3.147498369216919, 3.0377533435821533, 2.952589511871338, 2.885587453842163, 2.833940267562866, 2.772747039794922, 2.7366766929626465, 2.685755729675293, 2.6627511978149414, 2.5815091133117676, 2.586437225341797, 2.577990770339966, 2.5382513999938965, 2.509878396987915, 2.470961332321167, 2.4557578563690186, 2.4237866401672363, 2.3923346996307373, 2.394643545150757, 2.373805284500122, 2.353606700897217, 2.3251965045928955, 2.2877626419067383, 2.2825419902801514, 2.2568001747131348, 2.2668449878692627, 2.2093920707702637, 2.2389883995056152, 2.2195096015930176, 2.2176992893218994, 2.1730990409851074, 2.1600546836853027, 2.1730258464813232, 2.1464967727661133, 2.124185085296631, 2.1104111671447754, 2.0725553035736084, 2.121037244796753, 2.1017839908599854, 2.082878351211548, 2.072834014892578, 2.0490798950195312, 2.0609450340270996, 2.0293006896972656, 2.0194787979125977, 2.0183169841766357, 2.021221876144409, 1.978847622871399, 2.0049221515655518, 2.0028345584869385, 1.973966121673584, 1.9748356342315674, 1.945983648300171, 1.9630876779556274, 1.9593424797058105, 1.9286963939666748, 1.9533779621124268, 1.9107255935668945, 1.9001438617706299, 1.9140077829360962, 1.9170722961425781, 1.887791395187378, 1.8862918615341187, 1.8642815351486206, 1.8660069704055786, 1.9255378246307373, 1.858173131942749, 1.8596774339675903, 1.8723849058151245, 1.8265796899795532, 1.807790756225586, 1.8404666185379028, 1.8436769247055054, 1.8408931493759155, 1.841981291770935, 1.8361883163452148],