{"n_parameters": 579649, "training_time": 5198.94246506691, "loss": [6.051779747009277, 5.7124223709106445, 5.584158420562744, 5.498398780822754, 5.433629512786865, 5.370503902435303, 5.27249002456665, 5.155725955963135, 4.962756633758545, 4.712028503417969, 4.420053005218506, 4.135436058044434, 3.8380484580993652, 3.580676317214966, 3.3694207668304443, 3.1745941638946533, 2.994091510772705, 2.8347179889678955, 2.6726489067077637, 2.541916608810425, 2.4608154296875, 2.384507656097412, 2.3162527084350586, 2.2717392444610596, 2.2355363368988037, 2.1999776363372803, 2.166438102722168, 2.142770290374756, 2.110107660293579, 2.093137741088867, 2.071983814239502, 2.070033311843872], "rmse": [2.44195294380188, 2.3749892711639404, 2.3484668731689453, 2.3294200897216797, 2.3171465396881104, 2.303248405456543, 2.2825756072998047, 2.255925416946411, 2.213514804840088, 2.1557419300079346, 2.0862679481506348, 2.016777515411377, 1.9405832290649414, 1.873245120048523, 1.815597414970398, 1.7620761394500732, 1.7107558250427246, 1.6644783020019531, 1.616499662399292, 1.576656460762024, 1.5509858131408691, 1.526382327079773, 1.5050419569015503, 1.4905208349227905, 1.478678584098816, 1.4669928550720215, 1.45595383644104, 1.448249101638794, 1.4369380474090576, 1.4301072359085083, 1.4231181144714355, 1.4235197305679321], "val_loss": [5.671049118041992, 5.5119781494140625, 5.435320854187012, 5.381239891052246, 5.359367847442627, 5.127477645874023, 4.945061206817627, 4.796870708465576, 4.479513645172119, 4.058252334594727, 3.8177924156188965, 3.4397389888763428, 3.1716458797454834, 2.9749906063079834, 2.8254051208496094, 2.6287877559661865, 2.5380537509918213, 2.3988072872161865, 2.3425686359405518, 2.336915969848633, 2.303300142288208, 2.2211828231811523, 2.206315517425537, 2.1396706104278564, 2.1153669357299805, 2.0997650623321533, 2.0553109645843506, 2.1445741653442383, 2.112839698791504, 2.140056610107422, 2.109224796295166, 2.1228134632110596], "val_rmse": [2.365442991256714, 2.3332533836364746, 2.317364454269409, 2.306065797805786, 2.3008434772491455, 2.250201463699341, 2.2095768451690674, 2.1751089096069336, 2.1009716987609863, 1.9980530738830566, 1.9349710941314697, 1.8346753120422363, 1.7603877782821655, 1.704699158668518, 1.6607351303100586, 1.6017649173736572, 1.5749479532241821, 1.531441330909729, 1.5147274732589722, 1.513798713684082, 1.5035721063613892, 1.4767006635665894, 1.4722175598144531, 1.4496345520019531, 1.4415491819381714, 1.4363747835159302, 1.4206866025924683, 1.4522536993026733, 1.4412566423416138, 1.4507803916931152, 1.4402168989181519, 1.4450052976608276]}