{"n_parameters": 174321, "training_time": 16997.99059867859, "loss": [6.176895618438721, 5.86693000793457, 5.762965202331543, 5.664760112762451, 5.576979160308838, 5.509876728057861, 5.447257041931152, 5.395937442779541, 5.331329822540283, 5.279391288757324, 5.222647666931152, 5.156976222991943, 5.100215435028076, 5.037651538848877, 4.973559856414795, 4.906946182250977, 4.832488536834717, 4.768793106079102, 4.692025661468506, 4.5960822105407715, 4.481658935546875, 4.353623867034912, 4.211034297943115, 4.051607608795166, 3.926722526550293, 3.7913730144500732, 3.6505117416381836, 3.5309410095214844, 3.4158356189727783, 3.3101325035095215, 3.2289986610412598, 3.130190134048462, 3.069577932357788, 3.00173282623291, 2.9498984813690186, 2.8987057209014893, 2.836383819580078, 2.7964537143707275, 2.7592787742614746, 2.7118842601776123, 2.6779978275299072, 2.6402504444122314, 2.6022894382476807, 2.573180913925171, 2.545248031616211, 2.5119400024414062, 2.474858045578003, 2.457585573196411, 2.419106960296631, 2.392503261566162, 2.373365879058838, 2.3541431427001953, 2.3190927505493164, 2.298743486404419, 2.2842822074890137, 2.253998041152954, 2.2344260215759277, 2.225010633468628, 2.1921474933624268, 2.17317271232605, 2.165504217147827, 2.141345977783203, 2.1216161251068115, 2.1165361404418945, 2.0962791442871094, 2.087674379348755, 2.075561761856079, 2.0573458671569824, 2.048696517944336, 2.0462841987609863, 2.0279574394226074, 2.0236966609954834, 2.019312858581543, 2.015153408050537, 1.998254418373108, 1.9952315092086792, 1.9805642366409302, 1.9818871021270752, 1.9744521379470825, 1.972059965133667, 1.9618574380874634, 1.9642374515533447, 1.9508131742477417, 1.9411375522613525, 1.9414275884628296, 1.941152572631836, 1.9266629219055176, 1.924676537513733, 1.9115211963653564, 1.9080036878585815, 1.9168647527694702, 1.8996371030807495, 1.8973783254623413, 1.8876173496246338, 1.8897850513458252, 1.8801349401474, 1.877619981765747, 1.8770408630371094, 1.8684470653533936, 1.862892746925354, 1.8557850122451782, 1.8554593324661255, 1.8538846969604492, 1.8478763103485107, 1.8470962047576904, 1.8428747653961182, 1.8320574760437012, 1.834829568862915, 1.8275232315063477, 1.8188632726669312, 1.825938105583191, 1.8147886991500854, 1.8109601736068726, 1.8074816465377808, 1.804004430770874, 1.8015406131744385, 1.7912476062774658, 1.7918951511383057, 1.786351203918457, 1.7840464115142822, 1.7716549634933472, 1.779829978942871, 1.77113676071167, 1.7718942165374756, 1.7658461332321167, 1.7549992799758911, 1.7478914260864258, 1.747750997543335, 1.7311948537826538, 1.7298190593719482, 1.7299388647079468, 1.72145676612854, 1.7248544692993164, 1.713257908821106, 1.7109465599060059, 1.7013654708862305, 1.696744441986084, 1.6925058364868164, 1.6843968629837036, 1.6847822666168213, 1.6806740760803223, 1.6681736707687378, 1.6752194166183472, 1.6607311964035034, 1.6523903608322144, 1.653789758682251, 1.6468242406845093, 1.6382399797439575, 1.6378085613250732, 1.6288385391235352, 1.6166349649429321, 1.6112558841705322, 1.609453558921814, 1.5978981256484985, 1.5885014533996582, 1.5886176824569702, 1.5777604579925537, 1.5761940479278564, 1.5707988739013672, 1.5581483840942383, 1.5518431663513184, 1.5489187240600586, 1.536384105682373, 1.5324548482894897, 1.5234549045562744, 1.5139696598052979, 1.505020022392273, 1.5037989616394043, 1.5043431520462036, 1.490918517112732, 1.4841700792312622, 1.476172685623169, 1.4647070169448853, 1.4630835056304932, 1.4500840902328491, 1.446357011795044, 1.4408541917800903, 1.435956597328186, 1.4249448776245117, 1.4182690382003784, 1.409621000289917, 1.4089126586914062, 1.3891993761062622, 1.382393717765808, 1.3746532201766968, 1.3783237934112549, 1.3644543886184692, 1.3584119081497192, 1.3542616367340088, 1.3460451364517212, 1.3371816873550415, 1.3362932205200195, 1.3232702016830444, 1.3242381811141968, 1.315788745880127, 1.3070402145385742, 1.3049176931381226, 1.296127200126648, 1.2871037721633911, 1.2815344333648682, 1.2833231687545776, 1.2669423818588257, 1.2690074443817139, 1.2605979442596436, 1.2542707920074463, 1.2504527568817139, 1.245070219039917, 1.2462247610092163, 1.2378818988800049, 1.235092043876648, 1.2294368743896484, 1.2226651906967163, 1.2222533226013184, 1.218814730644226, 1.2197566032409668, 1.203439474105835, 1.208481788635254, 1.192068338394165, 1.1959800720214844, 1.1889996528625488, 1.1859124898910522, 1.1785541772842407, 1.1794980764389038, 1.176969051361084, 1.1709669828414917, 1.1757465600967407, 1.1725572347640991, 1.1640454530715942, 1.1578452587127686, 1.1558549404144287, 1.1560076475143433, 1.1495414972305298, 1.1470352411270142, 1.1517689228057861, 1.1418402194976807, 1.1459786891937256, 1.1378273963928223, 1.1406675577163696, 1.1383311748504639, 1.1278141736984253, 1.1279473304748535, 1.1265898942947388],