{"n_parameters": 249057, "training_time": 2943.5273962020874, "loss": [6.752365589141846, 6.3879594802856445, 6.192919731140137, 6.065789699554443, 5.96630859375, 5.894228458404541, 5.816701412200928, 5.7754974365234375, 5.742851257324219, 5.686395168304443, 5.670444011688232, 5.631658554077148, 5.6066718101501465, 5.574011325836182, 5.551448345184326, 5.534815311431885, 5.506376266479492, 5.473355770111084, 5.461909294128418, 5.440677642822266, 5.3906049728393555, 5.378179550170898, 5.381175994873047, 5.347626209259033, 5.321991920471191, 5.299683570861816, 5.2948079109191895, 5.2631916999816895, 5.228687286376953, 5.202856063842773, 5.173406600952148, 5.149979114532471, 5.126897811889648], "rmse": [2.5793933868408203, 2.5092148780822754, 2.4711475372314453, 2.4457430839538574, 2.425050973892212, 2.411149501800537, 2.395068883895874, 2.386711359024048, 2.3804173469543457, 2.3686888217926025, 2.365057945251465, 2.35784912109375, 2.351602077484131, 2.345282793045044, 2.3408565521240234, 2.3384439945220947, 2.332451581954956, 2.324578285217285, 2.322584390640259, 2.3177874088287354, 2.306703567504883, 2.304849863052368, 2.3052308559417725, 2.298021078109741, 2.2927095890045166, 2.2877392768859863, 2.2871816158294678, 2.2802021503448486, 2.272672176361084, 2.2664761543273926, 2.260721445083618, 2.25549578666687, 2.2505850791931152], "val_loss": [6.1572723388671875, 6.039000034332275, 5.898536682128906, 5.790511131286621, 5.716738700866699, 5.6775007247924805, 5.6238179206848145, 5.600222110748291, 5.581411361694336, 5.569674491882324, 5.564827919006348, 5.567677021026611, 5.55118989944458, 5.546760082244873, 5.544189453125, 5.537949562072754, 5.53776741027832, 5.529412746429443, 5.516005992889404, 5.492221355438232, 5.477828025817871, 5.430212020874023, 5.436755180358887, 5.455104827880859, 5.430738925933838, 5.425919055938721, 5.407065391540527, 5.36851167678833, 5.401550769805908, 5.401139736175537, 5.399497985839844, 5.405832767486572, 5.382767677307129], "val_rmse": [2.4653308391571045, 2.4421372413635254, 2.413475275039673, 2.391141414642334, 2.375661849975586, 2.3674368858337402, 2.3560709953308105, 2.3510336875915527, 2.347074031829834, 2.3446006774902344, 2.3434953689575195, 2.3439621925354004, 2.340599536895752, 2.339681625366211, 2.3391683101654053, 2.337864637374878, 2.3377699851989746, 2.3360373973846436, 2.3331823348999023, 2.32804012298584, 2.3247268199920654, 2.3145759105682373, 2.3157551288604736, 2.319448709487915, 2.3142476081848145, 2.313110828399658, 2.3090195655822754, 2.300786018371582, 2.3075990676879883, 2.307450532913208, 2.3070266246795654, 2.3083040714263916, 2.303241491317749]}