{"n_parameters": 136097, "training_time": 5460.110086679459, "loss": [5.895291328430176, 5.794675350189209, 5.715803146362305, 5.6575703620910645, 5.608260631561279, 5.551534652709961, 5.494271278381348, 5.443037509918213, 5.39748477935791, 5.360945224761963, 5.309041976928711, 5.266887187957764, 5.218149662017822, 5.178511142730713, 5.133609771728516, 5.086209774017334, 5.044490337371826, 5.005652904510498, 4.948996543884277, 4.887087345123291, 4.828733444213867, 4.777406215667725, 4.708996295928955, 4.64613676071167, 4.561337947845459, 4.471558570861816, 4.380100727081299, 4.28147554397583, 4.17420768737793, 4.063325881958008, 3.962332010269165, 3.839507818222046, 3.741013288497925, 3.6414952278137207, 3.5399177074432373, 3.445993423461914, 3.3640904426574707, 3.2793471813201904, 3.2042126655578613, 3.1226508617401123, 3.060471534729004, 3.00398588180542, 2.948657512664795, 2.897125720977783, 2.8446269035339355, 2.798612594604492, 2.7639076709747314, 2.723294496536255, 2.680238723754883, 2.6533567905426025, 2.6194071769714355, 2.5762686729431152, 2.567601442337036, 2.529751777648926, 2.515573024749756, 2.488135814666748, 2.457118034362793, 2.442284345626831, 2.421779155731201, 2.394044876098633, 2.375715494155884, 2.354018449783325, 2.3416237831115723, 2.3163065910339355, 2.3006699085235596, 2.2895662784576416, 2.266056537628174, 2.260164499282837, 2.243626594543457, 2.228567600250244, 2.2174887657165527, 2.1978602409362793, 2.176722764968872, 2.16736102104187, 2.1490399837493896, 2.1413702964782715, 2.1283318996429443, 2.115497350692749, 2.106173515319824, 2.0900819301605225, 2.0751187801361084, 2.0759315490722656, 2.054962635040283, 2.0484161376953125, 2.042543888092041, 2.0306358337402344, 2.014224052429199, 2.008780002593994, 2.0059096813201904, 1.9935951232910156, 1.9879255294799805, 1.9755816459655762, 1.9708069562911987, 1.9606267213821411, 1.952252984046936, 1.9537707567214966, 1.9380635023117065, 1.936666488647461, 1.9293980598449707], "rmse": [2.410067081451416, 2.3905115127563477, 2.3742504119873047, 2.3626041412353516, 2.3520596027374268, 2.340078115463257, 2.3281495571136475, 2.3181729316711426, 2.3085739612579346, 2.3003041744232178, 2.2896029949188232, 2.2796895503997803, 2.2706425189971924, 2.2619431018829346, 2.2521860599517822, 2.2410762310028076, 2.2322115898132324, 2.224229335784912, 2.211174488067627, 2.1965315341949463, 2.184229850769043, 2.172203540802002, 2.1562304496765137, 2.1422412395477295, 2.1215715408325195, 2.100893497467041, 2.0786290168762207, 2.055424451828003, 2.0285470485687256, 2.000946283340454, 1.9749269485473633, 1.9432321786880493, 1.9178849458694458, 1.8918951749801636, 1.8640365600585938, 1.839133381843567, 1.8169200420379639, 1.792608380317688, 1.7723444700241089, 1.7487698793411255, 1.7308002710342407, 1.714285135269165, 1.6986112594604492, 1.6828173398971558, 1.6671479940414429, 1.6533417701721191, 1.6434433460235596, 1.6297857761383057, 1.6165962219238281, 1.6080663204193115, 1.5986865758895874, 1.5852446556091309, 1.5834566354751587, 1.5704231262207031, 1.5657883882522583, 1.55715811252594, 1.5468900203704834, 1.5425710678100586, 1.5364634990692139, 1.5278083086013794, 1.5216268301010132, 1.5151437520980835, 1.5099347829818726, 1.5029830932617188, 1.4981791973114014, 1.4939631223678589, 1.486499547958374, 1.4853287935256958, 1.47908616065979, 1.4748748540878296, 1.4705748558044434, 1.4632527828216553, 1.457474708557129, 1.4530376195907593, 1.4476960897445679, 1.4447100162506104, 1.4413243532180786, 1.4368754625320435, 1.433089256286621, 1.4273663759231567, 1.421120285987854, 1.4230914115905762, 1.4158363342285156, 1.4134868383407593, 1.4124912023544312, 1.4074560403823853, 1.402042031288147, 1.3996859788894653, 1.399328589439392, 1.3951680660247803, 1.3932368755340576, 1.3888524770736694, 1.3865878582000732, 1.3838458061218262, 1.3815419673919678, 1.38154137134552, 1.3751344680786133, 1.375016450881958, 1.3725054264068604], "val_loss": [5.921476364135742, 5.83447265625, 5.736403942108154, 5.65263032913208, 5.573270320892334, 5.473927021026611, 5.373356819152832, 5.280349254608154, 5.2153520584106445, 5.149153232574463, 5.086338520050049, 5.009338855743408, 4.948549747467041, 4.887577056884766, 4.827239036560059, 4.764279842376709, 4.709412574768066, 4.664888381958008, 4.606139183044434, 4.533798694610596, 4.445425033569336, 4.38188362121582, 4.315208911895752, 4.20248556137085, 4.12021017074585, 4.001311779022217, 3.882192611694336, 3.7483251094818115, 3.595808267593384, 3.4870173931121826, 3.352599859237671, 3.243307113647461, 3.1469430923461914, 3.0463123321533203, 2.9560670852661133, 2.866391897201538, 2.7883896827697754, 2.7234256267547607, 2.6522204875946045, 2.593177318572998, 2.5526084899902344, 2.4949772357940674, 2.470555543899536, 2.435084819793701, 2.4163413047790527, 2.374499797821045, 2.3515443801879883, 2.3465473651885986, 2.331223249435425, 2.3014578819274902, 2.3005075454711914, 2.2891292572021484, 2.2522153854370117, 2.2494378089904785, 2.2233822345733643, 2.221400022506714, 2.2070069313049316, 2.1912178993225098, 2.178166151046753, 2.1447720527648926, 2.1411187648773193, 2.1203198432922363, 2.1065869331359863, 2.1015119552612305, 2.0873138904571533, 2.0754811763763428, 2.0593292713165283, 2.04512095451355, 2.056159019470215, 2.019815683364868, 2.044365882873535, 2.015735149383545, 2.0020198822021484, 1.98983633518219, 1.9843887090682983, 1.9698102474212646, 1.97206449508667, 1.9660511016845703, 1.9563920497894287, 1.9646189212799072, 1.9240816831588745, 1.9315779209136963, 1.898315668106079, 1.921614170074463, 1.9208415746688843, 1.9027918577194214, 1.8889245986938477, 1.8959462642669678, 1.9030230045318604, 1.8900567293167114, 1.8715258836746216, 1.857007384300232, 1.89019775390625, 1.831636667251587, 1.865402340888977, 1.835322618484497, 1.861603856086731, 1.86286461353302, 1.8607631921768188], "val_rmse": [2.415196657180786, 2.397980213165283, 2.3784103393554688, 2.361527442932129, 2.3452842235565186, 2.324660539627075, 2.3034985065460205, 2.2836973667144775, 2.269727945327759, 2.2555899620056152, 2.2420666217803955, 2.2250850200653076, 2.21156907081604, 2.1980221271514893, 2.184509754180908, 2.1703310012817383, 2.1576099395751953, 2.14721417427063, 2.133542537689209, 2.1166346073150635, 2.0957984924316406, 2.080528736114502, 2.064316987991333, 2.0369529724121094, 2.0162863731384277, 1.9866127967834473, 1.9563981294631958, 1.921765685081482, 1.8811813592910767, 1.851548671722412, 1.814902663230896, 1.7842772006988525, 1.7567260265350342, 1.7276856899261475, 1.7009689807891846, 1.6743310689926147, 1.6508156061172485, 1.6310169696807861, 1.6091094017028809, 1.5907751321792603, 1.5778932571411133, 1.5597172975540161, 1.5520087480545044, 1.5406787395477295, 1.5346554517745972, 1.5209691524505615, 1.5134059190750122, 1.5121561288833618, 1.5072885751724243, 1.4975064992904663, 1.4975335597991943, 1.4938431978225708, 1.4815162420272827, 1.4808286428451538, 1.4720412492752075, 1.471708059310913, 1.4670350551605225, 1.4617794752120972, 1.4575822353363037, 1.4461277723312378, 1.4449554681777954, 1.43781316280365, 1.4332445859909058, 1.4315708875656128, 1.4269912242889404, 1.4229073524475098, 1.417484998703003, 1.4126898050308228, 1.4166889190673828, 1.4039210081100464, 1.4131683111190796, 1.4030814170837402, 1.3983120918273926, 1.3940271139144897, 1.3922808170318604, 1.3873080015182495, 1.3883037567138672, 1.3860619068145752, 1.3828827142715454, 1.3858134746551514, 1.3710640668869019, 1.3742926120758057, 1.3620202541351318, 1.370795726776123, 1.3705824613571167, 1.3639823198318481, 1.359095811843872, 1.3617651462554932, 1.364637017250061, 1.359623670578003, 1.352893352508545, 1.347577452659607, 1.3603475093841553, 1.338016390800476, 1.350814700126648, 1.3396459817886353, 1.3495640754699707, 1.3502925634384155, 1.3493684530258179]}