{"n_parameters": 272593, "training_time": 3848.1137211322784, "loss": [5.847545146942139, 5.612149238586426, 5.463751792907715, 5.351121425628662, 5.256850242614746, 5.172574996948242, 5.076866149902344, 4.995903968811035, 4.889963626861572, 4.8004937171936035, 4.694802284240723, 4.5884013175964355, 4.492888927459717, 4.378769874572754, 4.263152122497559, 4.1645283699035645, 4.048148155212402, 3.9321365356445312, 3.813016653060913, 3.70516300201416, 3.608757495880127, 3.5060698986053467, 3.417635202407837, 3.3396501541137695, 3.2599408626556396, 3.188453435897827, 3.1294167041778564, 3.0751750469207764, 3.018948793411255, 2.9439878463745117, 2.895015001296997, 2.843773126602173, 2.808316946029663, 2.7518980503082275, 2.7189502716064453, 2.675992965698242, 2.632678985595703, 2.5949041843414307, 2.5609290599823, 2.5182225704193115], "rmse": [2.4005942344665527, 2.352616310119629, 2.321485996246338, 2.2980079650878906, 2.2784998416900635, 2.2598519325256348, 2.23932147026062, 2.2221927642822266, 2.1972544193267822, 2.1774230003356934, 2.1528704166412354, 2.127277135848999, 2.105715036392212, 2.0773837566375732, 2.0504846572875977, 2.0250988006591797, 1.9962005615234375, 1.9663640260696411, 1.935926079750061, 1.9073333740234375, 1.8825223445892334, 1.85401451587677, 1.8302154541015625, 1.8079853057861328, 1.786850929260254, 1.7666670083999634, 1.7502362728118896, 1.7344502210617065, 1.7171140909194946, 1.6958661079406738, 1.6821366548538208, 1.6670511960983276, 1.655455470085144, 1.6392860412597656, 1.6290788650512695, 1.6162471771240234, 1.6031535863876343, 1.5920932292938232, 1.580745816230774, 1.566831350326538], "val_loss": [5.767412185668945, 5.490574359893799, 5.339934349060059, 5.2514328956604, 5.170197010040283, 5.101263523101807, 5.0095133781433105, 4.937712669372559, 4.793985843658447, 4.696552753448486, 4.583589553833008, 4.571022987365723, 4.477314472198486, 4.327470302581787, 4.25283670425415, 4.1125030517578125, 4.040821075439453, 3.9386563301086426, 3.8699638843536377, 3.821519613265991, 3.687929391860962, 3.6650681495666504, 3.6774137020111084, 3.6326074600219727, 3.564134120941162, 3.5845017433166504, 3.586886167526245, 3.5227549076080322, 3.53989315032959, 3.5473105907440186, 3.540210008621216, 3.5437560081481934, 3.522188663482666, 3.5734469890594482, 3.50258731842041, 3.5554726123809814, 3.5444324016571045, 3.5583460330963135, 3.5438413619995117, 3.5927226543426514], "val_rmse": [2.3846311569213867, 2.3274166584014893, 2.295966148376465, 2.2770209312438965, 2.2594475746154785, 2.2443017959594727, 2.2240006923675537, 2.2074618339538574, 2.17486572265625, 2.152297019958496, 2.1258699893951416, 2.122312307357788, 2.099839210510254, 2.063657522201538, 2.045124053955078, 2.0105082988739014, 1.992159366607666, 1.9663077592849731, 1.9488017559051514, 1.9363828897476196, 1.9021258354187012, 1.8964383602142334, 1.9000176191329956, 1.8887317180633545, 1.8712568283081055, 1.877181887626648, 1.8783620595932007, 1.8612521886825562, 1.866367220878601, 1.8686211109161377, 1.867092251777649, 1.8684524297714233, 1.862800121307373, 1.8771005868911743, 1.858057975769043, 1.8724732398986816, 1.869624137878418, 1.873509407043457, 1.869950532913208, 1.883095145225525]}