{"n_parameters": 493233, "training_time": 29350.23676586151, "loss": [6.853447914123535, 5.625463008880615, 5.269775867462158, 5.058538913726807, 4.873073101043701, 4.707067012786865, 4.537764549255371, 4.357854843139648, 4.178997039794922, 3.9746463298797607, 3.7674732208251953, 3.5597100257873535, 3.3741016387939453, 3.216392993927002, 3.058980703353882, 2.923663377761841, 2.802417516708374, 2.6927385330200195, 2.5907645225524902, 2.4934613704681396, 2.400285005569458, 2.31935715675354, 2.25673246383667, 2.1781225204467773, 2.104844808578491, 2.0552120208740234, 2.0037503242492676, 1.9664143323898315, 1.9315208196640015, 1.895096778869629, 1.870047926902771, 1.8577876091003418, 1.8399616479873657, 1.8233098983764648, 1.8088947534561157, 1.791975975036621, 1.7865694761276245, 1.7693490982055664, 1.766514539718628, 1.761394739151001, 1.7540544271469116, 1.7406237125396729, 1.7374192476272583, 1.7364686727523804, 1.7254893779754639, 1.721777081489563, 1.7193588018417358, 1.7118513584136963, 1.7074296474456787, 1.7075822353363037, 1.703696370124817, 1.6992230415344238, 1.6970840692520142, 1.6914606094360352, 1.685577392578125, 1.6865211725234985, 1.6746872663497925, 1.6760797500610352, 1.673994541168213, 1.671730637550354, 1.6702054738998413, 1.659335732460022, 1.6578927040100098, 1.6546409130096436, 1.6442350149154663, 1.6475929021835327, 1.646867275238037, 1.6395270824432373, 1.633015751838684, 1.6302440166473389, 1.6343036890029907, 1.6331232786178589, 1.6191186904907227, 1.6181575059890747, 1.614651083946228, 1.6126594543457031, 1.6094087362289429, 1.5942914485931396, 1.597244143486023, 1.5962436199188232, 1.5919917821884155, 1.5859535932540894, 1.5792872905731201, 1.5798336267471313, 1.5706719160079956, 1.5671679973602295, 1.5652477741241455, 1.5597388744354248, 1.5518920421600342, 1.5517488718032837, 1.546680212020874, 1.540525197982788, 1.5296845436096191, 1.528624176979065, 1.5247609615325928, 1.5204803943634033, 1.5148957967758179, 1.5076230764389038, 1.4981614351272583, 1.4956629276275635, 1.4929789304733276, 1.4807662963867188, 1.4779521226882935, 1.4681226015090942, 1.4637805223464966, 1.465287446975708, 1.4562069177627563, 1.4521880149841309, 1.4437434673309326, 1.4359028339385986, 1.4310168027877808, 1.4249893426895142, 1.415590524673462, 1.4095120429992676, 1.404894232749939, 1.401165246963501, 1.393409252166748, 1.3790099620819092, 1.3789558410644531, 1.3702389001846313, 1.3649522066116333, 1.3585124015808105, 1.3537039756774902, 1.3507096767425537, 1.3424381017684937, 1.3331607580184937, 1.333502173423767, 1.318583607673645, 1.310999870300293, 1.3100275993347168, 1.2958861589431763, 1.2924795150756836, 1.2823119163513184, 1.26923406124115, 1.2640626430511475, 1.2581720352172852, 1.2523380517959595, 1.2441375255584717, 1.2403520345687866, 1.2313374280929565, 1.2205517292022705, 1.2134867906570435, 1.2085316181182861, 1.2021214962005615, 1.1972270011901855, 1.1882381439208984, 1.186747431755066, 1.1772518157958984, 1.1711254119873047, 1.167346715927124, 1.1581509113311768, 1.1519453525543213, 1.1449594497680664, 1.1368488073349, 1.1384551525115967, 1.1250962018966675, 1.1135573387145996, 1.1107763051986694, 1.108944296836853, 1.1034408807754517, 1.097909927368164, 1.0868653059005737, 1.0848469734191895, 1.0810608863830566, 1.0742579698562622, 1.0751572847366333, 1.0691003799438477, 1.0629793405532837, 1.0612717866897583, 1.0568151473999023, 1.0557016134262085, 1.0440596342086792, 1.047364354133606, 1.039596676826477, 1.0362375974655151, 1.0314786434173584, 1.0214788913726807, 1.0217429399490356, 1.0178920030593872, 1.0161625146865845, 1.0079495906829834, 1.0119184255599976, 1.002649188041687, 1.0035775899887085, 0.9981316924095154, 0.9961146116256714, 0.991274893283844, 0.9894295334815979, 0.9801502823829651, 0.9789395332336426, 0.973768949508667, 0.9735466837882996, 0.9774450063705444, 0.9673369526863098, 0.9671707153320312, 0.9624167084693909, 0.9619899392127991, 0.9631161093711853, 0.9558690786361694, 0.953135073184967, 0.9517419338226318, 0.944303572177887, 0.9468827247619629, 0.9382307529449463, 0.9360131025314331, 0.935708224773407, 0.9347748756408691, 0.9327120780944824, 0.9295222163200378, 0.9248310327529907, 0.9213382005691528, 0.9191775918006897],