{"n_parameters": 363793, "training_time": 14565.586719751358, "loss": [6.5389485359191895, 6.0135111808776855, 5.926232814788818, 5.864652633666992, 5.820969104766846, 5.786848068237305, 5.755766868591309, 5.7242536544799805, 5.6931257247924805, 5.6764445304870605, 5.644419193267822, 5.619197845458984, 5.600247383117676, 5.566929817199707, 5.542726993560791, 5.5048980712890625, 5.482690811157227, 5.443666934967041, 5.416108131408691, 5.373817443847656, 5.3471221923828125, 5.315320014953613, 5.269400596618652, 5.239686489105225, 5.1972174644470215, 5.152602672576904, 5.115124225616455, 5.060200214385986, 5.002811431884766, 4.948727607727051, 4.896803855895996, 4.817563056945801, 4.75804328918457, 4.6859002113342285, 4.599396705627441, 4.50391960144043, 4.418429851531982, 4.3222174644470215, 4.228181838989258, 4.126848220825195, 4.011909484863281, 3.918761968612671, 3.8078997135162354, 3.723515510559082, 3.623784065246582, 3.5443179607391357, 3.452538013458252, 3.384981870651245, 3.3157057762145996, 3.2445101737976074, 3.184124708175659, 3.1199584007263184, 3.057461977005005, 3.011998176574707, 2.9594101905822754, 2.914935827255249, 2.858311891555786, 2.828469753265381, 2.776588201522827, 2.7228152751922607, 2.688169240951538, 2.653332233428955, 2.6154253482818604, 2.5832161903381348, 2.5502703189849854, 2.521705389022827, 2.4899802207946777, 2.4643936157226562, 2.4387404918670654, 2.40993332862854, 2.3820369243621826, 2.3549535274505615, 2.329608201980591, 2.3037986755371094, 2.279677391052246, 2.2540223598480225, 2.2318878173828125, 2.218101978302002, 2.193164348602295, 2.170910120010376, 2.153724431991577, 2.1250765323638916, 2.113657236099243, 2.099872589111328, 2.0748939514160156, 2.0550754070281982, 2.0433573722839355, 2.0258657932281494, 2.008064031600952, 1.9981805086135864, 1.9777342081069946, 1.965112328529358, 1.952569603919983, 1.9391345977783203, 1.9255129098892212, 1.9103449583053589, 1.9008994102478027, 1.8923165798187256, 1.88048255443573, 1.8717836141586304, 1.868273138999939, 1.850784420967102, 1.849673867225647, 1.841870903968811, 1.8371367454528809, 1.824264407157898, 1.8221765756607056, 1.8150014877319336, 1.812804937362671, 1.802528738975525, 1.801810622215271, 1.7976168394088745, 1.7914503812789917, 1.7871520519256592, 1.7808010578155518, 1.7828800678253174, 1.7801111936569214, 1.7737476825714111, 1.7676011323928833, 1.7636449337005615, 1.7619718313217163, 1.763550877571106, 1.7541441917419434, 1.75429368019104, 1.7528226375579834, 1.747734785079956, 1.7457047700881958, 1.7459752559661865, 1.7398159503936768, 1.7437113523483276, 1.7403903007507324, 1.736981749534607, 1.734190583229065], "rmse": [2.531428575515747, 2.434473752975464, 2.4170467853546143, 2.404927968978882, 2.395765781402588, 2.3879964351654053, 2.38242506980896, 2.3753981590270996, 2.368743419647217, 2.3666300773620605, 2.3590707778930664, 2.3533875942230225, 2.3503401279449463, 2.344165563583374, 2.338902711868286, 2.3302602767944336, 2.325762987136841, 2.3171472549438477, 2.312297821044922, 2.3033559322357178, 2.2972140312194824, 2.290905237197876, 2.2803852558135986, 2.2741799354553223, 2.265324592590332, 2.2553343772888184, 2.2469069957733154, 2.2353286743164062, 2.221853017807007, 2.209958791732788, 2.1984686851501465, 2.1810977458953857, 2.16691517829895, 2.1508586406707764, 2.130342721939087, 2.1074838638305664, 2.0875024795532227, 2.064143419265747, 2.0410091876983643, 2.0160834789276123, 1.9873989820480347, 1.9634138345718384, 1.9346587657928467, 1.912285566329956, 1.8859522342681885, 1.8645323514938354, 1.8404533863067627, 1.821063756942749, 1.8020298480987549, 1.7824782133102417, 1.765371561050415, 1.7459975481033325, 1.7287299633026123, 1.7147343158721924, 1.7000622749328613, 1.6864230632781982, 1.6689667701721191, 1.661620020866394, 1.6460187435150146, 1.6294177770614624, 1.6189396381378174, 1.6087108850479126, 1.596638560295105, 1.5863803625106812, 1.5756398439407349, 1.5666284561157227, 1.55767822265625, 1.5497771501541138, 1.540923833847046, 1.5323874950408936, 1.5231074094772339, 1.5159679651260376, 1.5069562196731567, 1.4977290630340576, 1.4897541999816895, 1.4817763566970825, 1.4748660326004028, 1.469855546951294, 1.4629855155944824, 1.4547117948532104, 1.4487587213516235, 1.4388619661331177, 1.434309482574463, 1.4303687810897827, 1.422292709350586, 1.4156501293182373, 1.4115383625030518, 1.406533122062683, 1.398794174194336, 1.394840955734253, 1.3887313604354858, 1.3849081993103027, 1.3799104690551758, 1.3754878044128418, 1.37030029296875, 1.365166425704956, 1.3616567850112915, 1.3589069843292236, 1.353628396987915, 1.3519340753555298, 1.3503961563110352, 1.3440152406692505, 1.3440879583358765, 1.3403043746948242, 1.3390730619430542, 1.3346900939941406, 1.3331373929977417, 1.330539345741272, 1.3299689292907715, 1.3263121843338013, 1.3257017135620117, 1.32437002658844, 1.3218342065811157, 1.3205426931381226, 1.318388819694519, 1.3183616399765015, 1.3180458545684814, 1.3150906562805176, 1.3132685422897339, 1.3123559951782227, 1.3112478256225586, 1.3120195865631104, 1.3085349798202515, 1.3080193996429443, 1.3073595762252808, 1.3056267499923706, 1.3052637577056885, 1.3049988746643066, 1.3032928705215454, 1.3041807413101196, 1.3030962944030762, 1.301941990852356, 1.3011168241500854], "val_loss": [5.937199115753174, 5.926906108856201, 5.907448768615723, 5.876924991607666, 5.878499507904053, 5.8526387214660645, 5.8464035987854, 5.798335075378418, 5.769379138946533, 5.666654109954834, 5.645453929901123, 5.623644828796387, 5.600748538970947, 5.584178447723389, 5.555778980255127, 5.5192155838012695, 5.508262634277344, 5.437002658843994, 5.4084553718566895, 5.378833770751953, 5.32155704498291, 5.307441711425781, 5.254981517791748, 5.1927266120910645, 5.142209529876709, 5.08412504196167, 5.034425258636475, 4.982728004455566, 4.925690174102783, 4.857280731201172, 4.78740930557251, 4.720433712005615, 4.63115930557251, 4.517372131347656, 4.403354644775391, 4.314884662628174, 4.205862045288086, 4.110309600830078, 4.002485752105713, 3.9219722747802734, 3.817434549331665, 3.719611644744873, 3.6403751373291016, 3.5304315090179443, 3.4605185985565186, 3.4010229110717773, 3.326007843017578, 3.259444236755371, 3.182971715927124, 3.0938596725463867, 3.034292221069336, 2.948796033859253, 2.8878161907196045, 2.8543601036071777, 2.8092238903045654, 2.76320743560791, 2.7337875366210938, 2.6694490909576416, 2.6378729343414307, 2.5852575302124023, 2.5488483905792236, 2.5143346786499023, 2.483800172805786, 2.4750096797943115, 2.4246621131896973, 2.4090123176574707, 2.3723464012145996, 2.3433620929718018, 2.325430154800415, 2.2916626930236816, 2.270703077316284, 2.235872983932495, 2.2155086994171143, 2.196526527404785, 2.1788346767425537, 2.1636507511138916, 2.1362736225128174, 2.1232147216796875, 2.1029350757598877, 2.084275484085083, 2.068403959274292, 2.060936689376831, 2.053846597671509, 2.0298593044281006, 2.009472131729126, 1.9929274320602417, 1.9771515130996704, 1.9599422216415405, 1.9625904560089111, 1.9406236410140991, 1.913047194480896, 1.9014495611190796, 1.9034253358840942, 1.9069833755493164, 1.8767294883728027, 1.8717846870422363, 1.8529611825942993, 1.8634366989135742, 1.8473844528198242, 1.8226028680801392, 1.8279787302017212, 1.817143201828003, 1.8232966661453247, 1.8037275075912476, 1.7993265390396118, 1.7947492599487305, 1.7970538139343262, 1.7913731336593628, 1.7864274978637695, 1.8032835721969604, 1.7738443613052368, 1.785728096961975, 1.7716270685195923, 1.7706353664398193, 1.7856674194335938, 1.7644519805908203, 1.7675124406814575, 1.76573646068573, 1.7461553812026978, 1.7358617782592773, 1.7334063053131104, 1.731726050376892, 1.7396178245544434, 1.7236709594726562, 1.7198753356933594, 1.7396568059921265, 1.7265883684158325, 1.7168469429016113, 1.7305432558059692, 1.7186259031295776, 1.7359602451324463, 1.7175633907318115, 1.727640151977539],