{"n_parameters": 173681, "training_time": 6856.023262500763, "loss": [5.917740821838379, 5.681358814239502, 5.614179611206055, 5.573072910308838, 5.5319437980651855, 5.483564376831055, 5.425668716430664, 5.361349105834961, 5.279984951019287, 5.194601058959961, 5.097306728363037, 4.99719762802124, 4.894159317016602, 4.786105155944824, 4.67809534072876, 4.5655364990234375, 4.456302642822266, 4.352996826171875, 4.25117301940918, 4.158482551574707, 4.061420440673828, 3.9775431156158447, 3.887540340423584, 3.8079185485839844, 3.730926513671875, 3.6536855697631836, 3.5826079845428467, 3.499823808670044, 3.4324259757995605, 3.3476457595825195, 3.2710304260253906, 3.2015507221221924, 3.1255340576171875, 3.060894012451172, 2.978917121887207, 2.9160754680633545, 2.8493824005126953, 2.785914182662964, 2.7295596599578857, 2.670316696166992, 2.613065481185913, 2.5608534812927246, 2.504667043685913, 2.451847553253174, 2.407069444656372, 2.368483304977417, 2.3249635696411133, 2.285332202911377, 2.2518839836120605, 2.2172317504882812, 2.1859259605407715, 2.154083013534546, 2.1273393630981445, 2.1040613651275635, 2.0782856941223145, 2.0623393058776855, 2.041353464126587, 2.022925615310669, 2.003901243209839, 1.9864202737808228, 1.9707459211349487, 1.961812973022461, 1.9474413394927979, 1.9354565143585205, 1.9199274778366089, 1.9122005701065063, 1.900570034980774, 1.8979911804199219, 1.8866478204727173, 1.878013253211975, 1.8702476024627686, 1.8638919591903687, 1.854875087738037, 1.8466987609863281, 1.8437892198562622, 1.836053729057312, 1.8335490226745605, 1.826547622680664, 1.8223578929901123, 1.8164664506912231, 1.8033206462860107, 1.8061009645462036, 1.7958816289901733, 1.7954779863357544, 1.7919484376907349, 1.783085584640503, 1.7810026407241821, 1.779219150543213, 1.7735426425933838, 1.7702614068984985, 1.7658871412277222, 1.7573977708816528, 1.7612354755401611, 1.7521017789840698, 1.7542930841445923, 1.740234136581421, 1.7415255308151245, 1.7378876209259033, 1.73695707321167, 1.7355655431747437, 1.7305840253829956, 1.7249557971954346, 1.7239185571670532, 1.7146259546279907, 1.7134437561035156, 1.711375117301941, 1.7058210372924805, 1.706468939781189, 1.7022984027862549, 1.6975537538528442, 1.6931930780410767, 1.6914169788360596, 1.6888341903686523, 1.6852787733078003, 1.684810757637024, 1.681182861328125, 1.6754122972488403, 1.6745991706848145, 1.6668555736541748, 1.668503761291504, 1.6608554124832153, 1.6590672731399536, 1.658787727355957, 1.6557000875473022, 1.6540091037750244, 1.6468335390090942, 1.6466691493988037, 1.6440328359603882, 1.6371893882751465, 1.6364173889160156, 1.6373308897018433, 1.6323738098144531, 1.6289372444152832, 1.625266432762146, 1.622170329093933, 1.6200952529907227, 1.6128438711166382, 1.6100326776504517, 1.6123936176300049, 1.6080665588378906, 1.6080782413482666, 1.6019169092178345, 1.5993847846984863, 1.6005024909973145, 1.5957393646240234, 1.5914016962051392, 1.5905925035476685, 1.5846948623657227, 1.5804251432418823, 1.5801706314086914, 1.575448751449585, 1.5734111070632935, 1.5732510089874268, 1.5667800903320312, 1.5609806776046753, 1.560585618019104, 1.5550800561904907, 1.5524662733078003, 1.5535391569137573, 1.5485292673110962, 1.5479974746704102, 1.542914628982544, 1.5376445055007935], "rmse": [2.4158778190612793, 2.3658695220947266, 2.3514394760131836, 2.342710494995117, 2.3346095085144043, 2.323859691619873, 2.3128466606140137, 2.298675775527954, 2.28053879737854, 2.261673927307129, 2.241650342941284, 2.2195379734039307, 2.1957740783691406, 2.1720402240753174, 2.147883653640747, 2.122436761856079, 2.097414255142212, 2.0729658603668213, 2.048436164855957, 2.0258870124816895, 2.002410650253296, 1.9813944101333618, 1.958710789680481, 1.9387280941009521, 1.9189740419387817, 1.8988280296325684, 1.8801016807556152, 1.8581339120864868, 1.840255856513977, 1.8172098398208618, 1.7967127561569214, 1.7770365476608276, 1.7554001808166504, 1.736966609954834, 1.7137244939804077, 1.6954854726791382, 1.6761680841445923, 1.6575350761413574, 1.6400108337402344, 1.6220729351043701, 1.6049562692642212, 1.587889313697815, 1.5703330039978027, 1.5546408891677856, 1.5401556491851807, 1.527246356010437, 1.5132768154144287, 1.5001331567764282, 1.4885501861572266, 1.477229118347168, 1.4667142629623413, 1.455527424812317, 1.4465433359146118, 1.4383755922317505, 1.4294052124023438, 1.4244639873504639, 1.4161744117736816, 1.41016685962677, 1.404047966003418, 1.3966305255889893, 1.3916302919387817, 1.3885002136230469, 1.3824412822723389, 1.3792568445205688, 1.3732582330703735, 1.370347499847412, 1.3653877973556519, 1.3649274110794067, 1.3611054420471191, 1.3576565980911255, 1.3554593324661255, 1.3518434762954712, 1.3496421575546265, 1.3458335399627686, 1.3449294567108154, 1.3420988321304321, 1.3413007259368896, 1.33847975730896, 1.3371143341064453, 1.33463454246521, 1.3295416831970215, 1.3305760622024536, 1.32716703414917, 1.3263698816299438, 1.3250802755355835, 1.321677327156067, 1.3210777044296265, 1.3203561305999756, 1.3190181255340576, 1.316472053527832, 1.3155615329742432, 1.3127126693725586, 1.313165307044983, 1.3116158246994019, 1.310955286026001, 1.3059898614883423, 1.305877685546875, 1.3051203489303589, 1.3044794797897339, 1.3041292428970337, 1.3017396926879883, 1.3005532026290894, 1.2998727560043335, 1.2962570190429688, 1.2960057258605957, 1.2949695587158203, 1.2926679849624634, 1.2917400598526, 1.2907658815383911, 1.288949728012085, 1.2875065803527832, 1.286916971206665, 1.285821557044983, 1.2851476669311523, 1.2843024730682373, 1.2829474210739136, 1.28024423122406, 1.2806659936904907, 1.2780096530914307, 1.2784159183502197, 1.2754669189453125, 1.2747472524642944, 1.2743297815322876, 1.2727940082550049, 1.2724453210830688, 1.2697515487670898, 1.2699247598648071, 1.2687808275222778, 1.265938401222229, 1.2652870416641235, 1.2665956020355225, 1.263494849205017, 1.2624088525772095, 1.2608662843704224, 1.2598425149917603, 1.2585200071334839, 1.256384015083313, 1.2553318738937378, 1.2560920715332031, 1.2537518739700317, 1.2544010877609253, 1.2519367933273315, 1.250759482383728, 1.2514300346374512, 1.249697208404541, 1.2482693195343018, 1.246424674987793, 1.2450844049453735, 1.243713140487671, 1.2431710958480835, 1.2416903972625732, 1.2406883239746094, 1.2407236099243164, 1.23757004737854, 1.2352124452590942, 1.2354037761688232, 1.2331640720367432, 1.2320057153701782, 1.2318084239959717, 1.2309930324554443, 1.2299399375915527, 1.2281473875045776, 1.2259770631790161],