{"n_parameters": 134177, "training_time": 10928.554094791412, "loss": [7.446462631225586, 6.080756664276123, 6.006827354431152, 5.939425945281982, 5.8719072341918945, 5.831971168518066, 5.7729411125183105, 5.731970310211182, 5.6914849281311035, 5.661587715148926, 5.630956649780273, 5.606132984161377, 5.56925106048584, 5.566324710845947, 5.531778335571289, 5.511645317077637, 5.487893581390381, 5.482909679412842, 5.462091445922852, 5.457308292388916, 5.433518886566162, 5.426403045654297, 5.418977737426758, 5.397135257720947, 5.385313987731934, 5.374063968658447, 5.357243537902832, 5.349979400634766, 5.339241981506348, 5.319563388824463, 5.324963569641113, 5.310553073883057, 5.286087512969971, 5.269697666168213, 5.272284984588623, 5.249344348907471, 5.237836837768555, 5.2136335372924805, 5.205921649932861, 5.189074993133545, 5.171772003173828, 5.158568382263184, 5.138278484344482, 5.119542121887207, 5.098034858703613, 5.082544326782227, 5.063342571258545, 5.033386707305908, 5.015426158905029, 4.990542411804199, 4.967784404754639, 4.948554992675781, 4.918327331542969, 4.884859085083008, 4.8633012771606445, 4.824441432952881, 4.81226921081543, 4.778018951416016, 4.750579833984375, 4.7114996910095215, 4.686252593994141, 4.64835262298584, 4.619280815124512, 4.582647800445557, 4.540220737457275, 4.50347900390625, 4.469937324523926, 4.435777187347412, 4.386953353881836, 4.342483997344971, 4.2930474281311035, 4.260780334472656, 4.205758094787598, 4.168215751647949, 4.125634670257568, 4.079259395599365, 4.033219337463379, 3.9843735694885254, 3.923388719558716, 3.8837125301361084, 3.832261085510254, 3.782109022140503, 3.72581148147583, 3.6829607486724854, 3.629664897918701, 3.595639228820801, 3.541106939315796, 3.493590831756592, 3.450186014175415, 3.403912305831909, 3.3641304969787598, 3.3275890350341797, 3.2806477546691895, 3.2366228103637695, 3.194053888320923, 3.155179738998413, 3.098402500152588, 3.064051628112793, 3.016841411590576, 2.990063428878784, 2.934993028640747, 2.905517578125, 2.8689239025115967, 2.8383500576019287, 2.7938649654388428, 2.7646586894989014, 2.728184938430786, 2.689507007598877, 2.6619861125946045, 2.6248891353607178, 2.6000120639801025, 2.5774881839752197, 2.5474600791931152, 2.520538091659546, 2.501985549926758, 2.4659066200256348, 2.4506337642669678, 2.407351016998291, 2.3940112590789795, 2.3754067420959473, 2.3457109928131104, 2.3279433250427246, 2.3098950386047363, 2.304401397705078, 2.268904447555542, 2.2586727142333984, 2.2504284381866455, 2.238970994949341, 2.225224256515503, 2.210080146789551, 2.1935880184173584, 2.1826517581939697, 2.1752560138702393, 2.160984992980957, 2.154872417449951, 2.1433167457580566, 2.1434478759765625, 2.129465103149414, 2.1250240802764893, 2.125192165374756, 2.110016345977783, 2.1025078296661377, 2.0975704193115234, 2.0935943126678467, 2.0856940746307373, 2.078887462615967, 2.0872631072998047, 2.06705379486084, 2.068129301071167, 2.053750991821289, 2.0600192546844482, 2.0503265857696533, 2.043161153793335, 2.0428977012634277, 2.032331705093384, 2.043199062347412, 2.04060959815979, 2.034357786178589, 2.0254979133605957, 2.027176856994629, 2.0126705169677734, 2.0127029418945312, 2.010199546813965, 2.0054032802581787, 2.003098487854004, 1.9990612268447876, 1.9999116659164429, 2.003363609313965, 1.9999721050262451, 1.9944759607315063, 1.9922165870666504, 1.9922451972961426, 1.9851696491241455, 1.9795806407928467, 1.9792083501815796, 1.970503807067871, 1.9747294187545776, 1.9708493947982788, 1.9708631038665771, 1.9583027362823486, 1.964568853378296, 1.9571678638458252, 1.9627760648727417, 1.9527226686477661, 1.9534116983413696, 1.9522418975830078, 1.9470164775848389, 1.9536569118499756, 1.9479589462280273, 1.9454498291015625, 1.9417943954467773, 1.9484704732894897, 1.9373022317886353, 1.9348399639129639, 1.9416730403900146, 1.935317039489746, 1.9285287857055664, 1.922215461730957, 1.9234482049942017, 1.9278000593185425, 1.9236658811569214, 1.9210362434387207, 1.9113575220108032, 1.9071861505508423, 1.9084125757217407, 1.9027955532073975, 1.915008544921875, 1.9090896844863892, 1.900391697883606, 1.8977726697921753, 1.9017575979232788, 1.8964347839355469, 1.9010212421417236, 1.899165153503418, 1.8934743404388428],