{"n_parameters": 183585, "training_time": 6091.372003078461, "loss": [11.190610885620117, 5.931382656097412, 5.882021903991699, 5.825270652770996, 5.762342929840088, 5.720841884613037, 5.6575446128845215, 5.622622013092041, 5.578301906585693, 5.536172866821289, 5.5066399574279785, 5.465031147003174, 5.416390895843506, 5.393006324768066, 5.344105243682861, 5.297400951385498, 5.269474029541016, 5.224545478820801, 5.167088031768799, 5.128883361816406, 5.1012282371521, 5.056395530700684, 5.00925350189209, 4.96043586730957, 4.905704021453857, 4.845102310180664, 4.781674385070801, 4.733927249908447, 4.659929275512695, 4.604105472564697, 4.537913799285889, 4.471091270446777, 4.389373779296875, 4.324611663818359, 4.244794845581055, 4.167388439178467, 4.094000816345215, 4.026569366455078, 3.9512062072753906, 3.891763210296631, 3.7993452548980713, 3.7337186336517334, 3.66947603225708, 3.6164088249206543, 3.5513501167297363, 3.489205837249756, 3.4183874130249023, 3.3781864643096924, 3.323451042175293, 3.2858998775482178, 3.2439510822296143, 3.2080399990081787, 3.166311025619507, 3.1304638385772705, 3.09738826751709, 3.0757057666778564, 3.0399186611175537, 3.0179669857025146, 2.996694326400757, 2.957101583480835, 2.943671941757202, 2.897606372833252, 2.894883871078491, 2.8628084659576416, 2.8426709175109863, 2.8150272369384766, 2.800830602645874, 2.7775065898895264, 2.7486863136291504, 2.732771635055542, 2.7139973640441895, 2.696885108947754, 2.682419538497925, 2.6660561561584473, 2.6497395038604736, 2.6312308311462402, 2.616290807723999, 2.604740619659424, 2.5895445346832275, 2.570814371109009, 2.567883253097534, 2.5454511642456055, 2.5421392917633057, 2.526507616043091, 2.5056564807891846, 2.494542121887207, 2.4781641960144043, 2.4668915271759033, 2.463541030883789], "rmse": [3.1877336502075195, 2.416766881942749, 2.4068596363067627, 2.3962433338165283, 2.383620500564575, 2.375269889831543, 2.3625869750976562, 2.3545637130737305, 2.345294952392578, 2.337127923965454, 2.331073522567749, 2.3225107192993164, 2.3126156330108643, 2.307162046432495, 2.2974495887756348, 2.287604808807373, 2.2811119556427, 2.271338939666748, 2.259714365005493, 2.250321388244629, 2.2444241046905518, 2.234736204147339, 2.224311351776123, 2.213366746902466, 2.200953960418701, 2.1877801418304443, 2.173548460006714, 2.1618916988372803, 2.1453475952148438, 2.132628917694092, 2.1166868209838867, 2.1015865802764893, 2.081498384475708, 2.0653481483459473, 2.0465152263641357, 2.0277891159057617, 2.0091614723205566, 1.9925358295440674, 1.9728047847747803, 1.9581376314163208, 1.933189034461975, 1.915441870689392, 1.8991570472717285, 1.8857500553131104, 1.8677314519882202, 1.8514549732208252, 1.8319686651229858, 1.8211579322814941, 1.8058351278305054, 1.7958567142486572, 1.7841405868530273, 1.7743628025054932, 1.7618536949157715, 1.7512764930725098, 1.7425882816314697, 1.7369816303253174, 1.7250593900680542, 1.7189947366714478, 1.7127491235733032, 1.7012327909469604, 1.6982722282409668, 1.6838411092758179, 1.683802843093872, 1.672271728515625, 1.667958378791809, 1.6593060493469238, 1.6552906036376953, 1.6480977535247803, 1.6393537521362305, 1.633211374282837, 1.6295286417007446, 1.6229561567306519, 1.618278980255127, 1.6128716468811035, 1.6086257696151733, 1.60340416431427, 1.5981361865997314, 1.5949444770812988, 1.5907214879989624, 1.5836585760116577, 1.5830940008163452, 1.5758442878723145, 1.5753542184829712, 1.5693328380584717, 1.5637516975402832, 1.5596814155578613, 1.5543828010559082, 1.5500996112823486, 1.550887942314148], "val_loss": [5.960765361785889, 5.942134857177734, 5.869135856628418, 5.778113842010498, 5.711283206939697, 5.638156414031982, 5.577915668487549, 5.5254058837890625, 5.477144241333008, 5.432375907897949, 5.388546466827393, 5.343559265136719, 5.296781063079834, 5.2657246589660645, 5.217966556549072, 5.169743061065674, 5.134909629821777, 5.074192047119141, 5.02275276184082, 4.978368282318115, 4.9521026611328125, 4.8789896965026855, 4.813625335693359, 4.756021976470947, 4.717690467834473, 4.63744592666626, 4.572447299957275, 4.500126361846924, 4.413882255554199, 4.326493740081787, 4.251847743988037, 4.167720317840576, 4.07942008972168, 4.001088619232178, 3.9158449172973633, 3.8113977909088135, 3.719489574432373, 3.633533477783203, 3.534353494644165, 3.469033718109131, 3.3762218952178955, 3.2854416370391846, 3.1999666690826416, 3.129128932952881, 3.091045379638672, 3.0044124126434326, 2.9547953605651855, 2.938605308532715, 2.836244583129883, 2.8196537494659424, 2.7938547134399414, 2.762653350830078, 2.732435464859009, 2.7134110927581787, 2.6911990642547607, 2.6634371280670166, 2.6177005767822266, 2.588261127471924, 2.609375476837158, 2.572188138961792, 2.5755655765533447, 2.5462324619293213, 2.5221753120422363, 2.506016969680786, 2.4734737873077393, 2.481398582458496, 2.4609642028808594, 2.436176300048828, 2.424933910369873, 2.387295722961426, 2.350450277328491, 2.3728256225585938, 2.3565220832824707, 2.3545174598693848, 2.3461880683898926, 2.3507509231567383, 2.3122003078460693, 2.3363757133483887, 2.3032145500183105, 2.2947113513946533, 2.2777979373931885, 2.3042831420898438, 2.277977705001831, 2.2468669414520264, 2.259695291519165, 2.277447462081909, 2.280094623565674, 2.2824788093566895, 2.2551419734954834], "val_rmse": [2.4244449138641357, 2.421299695968628, 2.406454563140869, 2.387861490249634, 2.374389171600342, 2.3589913845062256, 2.3465769290924072, 2.335730791091919, 2.325610637664795, 2.316176414489746, 2.3068745136260986, 2.297508478164673, 2.2875661849975586, 2.280794858932495, 2.2705862522125244, 2.2602438926696777, 2.252554416656494, 2.239466905593872, 2.2282392978668213, 2.21842360496521, 2.2124292850494385, 2.196263074874878, 2.1815857887268066, 2.168534278869629, 2.159694194793701, 2.141441822052002, 2.1263444423675537, 2.1094353199005127, 2.089118719100952, 2.0683443546295166, 2.0500895977020264, 2.029583692550659, 2.0077946186065674, 1.988206386566162, 1.966589093208313, 1.9398252964019775, 1.9158618450164795, 1.8931314945220947, 1.866578221321106, 1.8488984107971191, 1.8235280513763428, 1.798232913017273, 1.774075984954834, 1.7538262605667114, 1.7427749633789062, 1.7176604270935059, 1.7030287981033325, 1.6980494260787964, 1.6677052974700928, 1.6624516248703003, 1.6546194553375244, 1.6449683904647827, 1.6358641386032104, 1.6301100254058838, 1.6231704950332642, 1.614620327949524, 1.6003973484039307, 1.5910829305648804, 1.597819447517395, 1.5861281156539917, 1.5872446298599243, 1.5780731439590454, 1.5702202320098877, 1.5651453733444214, 1.554598093032837, 1.5571084022521973, 1.5505404472351074, 1.5425997972488403, 1.5387675762176514, 1.5265554189682007, 1.514438509941101, 1.5216948986053467, 1.5163809061050415, 1.5156735181808472, 1.512914776802063, 1.514298915863037, 1.501654863357544, 1.5095778703689575, 1.498503565788269, 1.4957343339920044, 1.490028977394104, 1.4988495111465454, 1.4900262355804443, 1.4796355962753296, 1.4838420152664185, 1.489880919456482, 1.490783452987671, 1.491664171218872, 1.4824795722961426]}