{"n_parameters": 284545, "training_time": 14542.416673183441, "loss": [6.5523481369018555, 6.283971309661865, 6.119960784912109, 6.019138336181641, 5.919479846954346, 5.858715057373047, 5.788840293884277, 5.753453254699707, 5.6836957931518555, 5.655409336090088, 5.6117167472839355, 5.596267223358154, 5.55748987197876, 5.528778076171875, 5.5126166343688965, 5.476631164550781, 5.438501358032227, 5.400870323181152, 5.389353275299072, 5.375461101531982, 5.341447353363037, 5.317988872528076, 5.291348934173584, 5.259459018707275, 5.218747615814209, 5.198968887329102, 5.180647373199463, 5.127959728240967, 5.083409786224365, 5.058807373046875, 5.0292181968688965, 4.9857177734375, 4.951595306396484, 4.9037766456604, 4.870909214019775, 4.82262659072876, 4.7785539627075195, 4.722468852996826, 4.673326015472412, 4.645489692687988, 4.584468841552734, 4.546191215515137, 4.476709842681885, 4.4436445236206055, 4.3912434577941895, 4.348814964294434, 4.297455310821533, 4.248337268829346, 4.207888603210449, 4.1523356437683105, 4.113537311553955, 4.06872034072876, 4.03016996383667, 3.981447458267212, 3.91424560546875, 3.8829989433288574, 3.838923692703247, 3.7776668071746826, 3.743833065032959, 3.723322868347168, 3.6673383712768555, 3.6072044372558594, 3.5542123317718506, 3.526315689086914, 3.4965314865112305, 3.436702251434326, 3.3922622203826904, 3.358187675476074, 3.3186774253845215, 3.2672195434570312, 3.228205680847168, 3.1955325603485107, 3.1671292781829834, 3.1143405437469482, 3.0818588733673096, 3.0373921394348145, 3.011807680130005, 2.9864017963409424, 2.9589178562164307, 2.9161746501922607, 2.891942262649536, 2.874340534210205, 2.8526601791381836, 2.8209362030029297, 2.8007001876831055, 2.778935194015503, 2.7510905265808105, 2.7339563369750977, 2.717921733856201, 2.7023062705993652, 2.6851348876953125, 2.6662583351135254, 2.6422133445739746, 2.639928102493286, 2.6031014919281006, 2.602339506149292, 2.5730199813842773, 2.5722341537475586, 2.5503337383270264, 2.5314037799835205, 2.528899908065796, 2.526073694229126, 2.497957229614258, 2.494051694869995, 2.4869675636291504, 2.483442783355713, 2.4618239402770996, 2.4419422149658203, 2.4431850910186768, 2.4419198036193848, 2.417701244354248, 2.4078943729400635, 2.3992209434509277, 2.391669511795044, 2.3782405853271484, 2.36022686958313, 2.3748393058776855, 2.3507895469665527, 2.342219352722168, 2.335221290588379, 2.3311927318573, 2.3197021484375, 2.3265206813812256, 2.308680295944214, 2.308533191680908, 2.2930052280426025, 2.298811674118042, 2.2949185371398926, 2.2907800674438477, 2.273164749145508, 2.2707276344299316, 2.265017509460449, 2.2504162788391113, 2.2519338130950928, 2.241241216659546, 2.2406411170959473, 2.2398555278778076, 2.2325599193573, 2.225552558898926, 2.212947130203247, 2.220463275909424, 2.1951990127563477, 2.191901206970215, 2.1906578540802, 2.1941545009613037, 2.181440830230713, 2.183337688446045, 2.177190065383911, 2.1725263595581055, 2.180050849914551, 2.152181625366211, 2.1596615314483643, 2.1507370471954346, 2.140146017074585, 2.144970655441284, 2.1393837928771973, 2.13368558883667, 2.1388866901397705, 2.128655195236206, 2.124028444290161, 2.114755392074585, 2.114022970199585, 2.120283603668213, 2.1128671169281006, 2.1260826587677, 2.109635353088379, 2.091134786605835, 2.083230972290039, 2.095883369445801, 2.0818915367126465], "rmse": [2.5411009788513184, 2.488460063934326, 2.456207752227783, 2.437037706375122, 2.416358709335327, 2.404832601547241, 2.389744520187378, 2.3832662105560303, 2.368206739425659, 2.3627734184265137, 2.3535125255584717, 2.3507091999053955, 2.342512607574463, 2.337202310562134, 2.3332114219665527, 2.325758218765259, 2.317836046218872, 2.309962749481201, 2.307284116744995, 2.304205894470215, 2.296950101852417, 2.292222261428833, 2.2863075733184814, 2.2788805961608887, 2.270373821258545, 2.266038656234741, 2.2626760005950928, 2.2505104541778564, 2.240917444229126, 2.2348616123199463, 2.228757619857788, 2.2190730571746826, 2.2107033729553223, 2.200225591659546, 2.1925408840179443, 2.181838274002075, 2.170851469039917, 2.1576297283172607, 2.146975517272949, 2.1392953395843506, 2.125844955444336, 2.116523504257202, 2.0998172760009766, 2.091484785079956, 2.079425811767578, 2.068420171737671, 2.056565761566162, 2.0432863235473633, 2.03354811668396, 2.0193698406219482, 2.0107133388519287, 1.9990285634994507, 1.9881640672683716, 1.9771695137023926, 1.959436297416687, 1.952250361442566, 1.9402881860733032, 1.9250867366790771, 1.9158607721328735, 1.9102528095245361, 1.8952879905700684, 1.8801907300949097, 1.8664942979812622, 1.8582385778427124, 1.8504865169525146, 1.8343603610992432, 1.8225547075271606, 1.8137009143829346, 1.8024741411209106, 1.7877708673477173, 1.7781782150268555, 1.7692538499832153, 1.7609018087387085, 1.7462773323059082, 1.7369132041931152, 1.7246116399765015, 1.7167848348617554, 1.7100425958633423, 1.7031370401382446, 1.6893744468688965, 1.6825568675994873, 1.6769119501113892, 1.6713916063308716, 1.6619038581848145, 1.6561964750289917, 1.6499344110488892, 1.6419719457626343, 1.6356923580169678, 1.6316381692886353, 1.6271878480911255, 1.6216503381729126, 1.615956425666809, 1.6077003479003906, 1.6080914735794067, 1.5969672203063965, 1.5967704057693481, 1.5869247913360596, 1.5875011682510376, 1.5808061361312866, 1.5738880634307861, 1.5728956460952759, 1.5731531381607056, 1.5641350746154785, 1.5621228218078613, 1.5611684322357178, 1.5591810941696167, 1.5531094074249268, 1.546428918838501, 1.5469413995742798, 1.5468904972076416, 1.5385233163833618, 1.5354276895523071, 1.5335403680801392, 1.5302698612213135, 1.526288628578186, 1.5207687616348267, 1.5254347324371338, 1.5171452760696411, 1.514073133468628, 1.512135624885559, 1.5104304552078247, 1.5071920156478882, 1.509675145149231, 1.5035682916641235, 1.5043504238128662, 1.4987066984176636, 1.5004627704620361, 1.4992166757583618, 1.4977110624313354, 1.4922837018966675, 1.4919415712356567, 1.4906957149505615, 1.4847137928009033, 1.48534095287323, 1.4815008640289307, 1.4809949398040771, 1.4805225133895874, 1.478572130203247, 1.4753749370574951, 1.4719241857528687, 1.474156141281128, 1.4665223360061646, 1.465368628501892, 1.4649782180786133, 1.4655934572219849, 1.4613876342773438, 1.4618333578109741, 1.4601911306381226, 1.4594708681106567, 1.4615947008132935, 1.4519155025482178, 1.4542790651321411, 1.451749324798584, 1.4481079578399658, 1.449625849723816, 1.4478776454925537, 1.4454654455184937, 1.447399377822876, 1.443418025970459, 1.4420362710952759, 1.439549207687378, 1.439716100692749, 1.4418821334838867, 1.43865168094635, 1.443319320678711, 1.4368762969970703, 1.4307316541671753, 1.4288915395736694, 1.4326648712158203, 1.427825927734375],