{"n_parameters": 164289, "training_time": 11213.18490600586, "loss": [6.114699840545654, 5.57725715637207, 5.448612689971924, 5.347412586212158, 5.253416538238525, 5.16301155090332, 5.078482627868652, 4.993255615234375, 4.911730766296387, 4.831911087036133, 4.760586738586426, 4.683591842651367, 4.614182949066162, 4.54611349105835, 4.48298454284668, 4.418923377990723, 4.354190349578857, 4.2850341796875, 4.2193427085876465, 4.14508056640625, 4.070255756378174, 3.9977736473083496, 3.9170753955841064, 3.838831901550293, 3.7506442070007324, 3.6608242988586426, 3.5611488819122314, 3.4695515632629395, 3.3749842643737793, 3.281196117401123, 3.1969716548919678, 3.1119141578674316, 3.0252575874328613, 2.9567556381225586, 2.8854849338531494, 2.820329189300537, 2.759470224380493, 2.6955509185791016, 2.647242546081543, 2.598461627960205, 2.536086320877075, 2.493100166320801, 2.4449093341827393, 2.407506227493286, 2.362635374069214, 2.3253445625305176, 2.288022041320801, 2.2508676052093506, 2.2033956050872803, 2.175973653793335, 2.1456756591796875, 2.123183250427246, 2.084627628326416, 2.0570056438446045, 2.0300545692443848, 2.009045124053955, 1.9873496294021606, 1.9570043087005615, 1.9427928924560547, 1.9198379516601562, 1.8987886905670166, 1.8847261667251587, 1.864928126335144, 1.8515880107879639, 1.8373358249664307, 1.8220319747924805, 1.815707802772522, 1.7969729900360107, 1.7840415239334106, 1.7764099836349487, 1.771468162536621, 1.7562241554260254, 1.752055048942566, 1.7383475303649902, 1.7346035242080688, 1.7259637117385864, 1.7218650579452515, 1.7201471328735352, 1.7128239870071411, 1.710644006729126, 1.705106258392334, 1.693700909614563, 1.6906967163085938, 1.6921935081481934, 1.6785727739334106, 1.6794121265411377, 1.6758239269256592, 1.6718827486038208, 1.6694231033325195, 1.6657239198684692, 1.6636921167373657, 1.6590943336486816, 1.657105803489685, 1.6577277183532715, 1.653425931930542, 1.6464611291885376, 1.6456857919692993, 1.6464905738830566, 1.6409600973129272, 1.639734148979187, 1.6390331983566284, 1.6307921409606934, 1.6323615312576294, 1.6348316669464111, 1.627802848815918, 1.6272114515304565, 1.6239266395568848, 1.6244254112243652, 1.621107578277588, 1.6202566623687744, 1.6164714097976685, 1.618030309677124, 1.6183421611785889, 1.6119587421417236, 1.6126054525375366, 1.6110600233078003, 1.6092280149459839, 1.6061979532241821, 1.6051639318466187, 1.603636622428894, 1.5997941493988037, 1.597952127456665, 1.6004719734191895, 1.5979400873184204, 1.596084713935852, 1.5944170951843262, 1.593475580215454, 1.590531587600708, 1.5932295322418213, 1.5870369672775269, 1.5884697437286377, 1.587836503982544, 1.582564115524292, 1.5829968452453613, 1.581375241279602, 1.577167272567749, 1.5780553817749023, 1.5777639150619507, 1.573534369468689, 1.5750861167907715, 1.5772795677185059, 1.5776208639144897, 1.5742981433868408, 1.5664511919021606, 1.5694576501846313, 1.5717219114303589, 1.5680582523345947, 1.5668060779571533, 1.5667349100112915, 1.5624337196350098, 1.5613539218902588, 1.5624207258224487, 1.5578749179840088, 1.5603253841400146, 1.5545216798782349, 1.5558267831802368], "rmse": [2.4498565196990967, 2.3441970348358154, 2.3179948329925537, 2.2967147827148438, 2.2772061824798584, 2.257049083709717, 2.238917112350464, 2.220487356185913, 2.202834367752075, 2.18422532081604, 2.1683900356292725, 2.15055251121521, 2.134657621383667, 2.1188323497772217, 2.103649616241455, 2.088229179382324, 2.0733304023742676, 2.0567026138305664, 2.0401127338409424, 2.0220487117767334, 2.0035510063171387, 1.9853757619857788, 1.9649484157562256, 1.9452277421951294, 1.9224843978881836, 1.8982234001159668, 1.8723257780075073, 1.847423791885376, 1.8218573331832886, 1.7957611083984375, 1.7715247869491577, 1.7465392351150513, 1.7211079597473145, 1.7013583183288574, 1.680647611618042, 1.6607931852340698, 1.6431190967559814, 1.6235960721969604, 1.6082494258880615, 1.5928343534469604, 1.5728909969329834, 1.5602649450302124, 1.544984221458435, 1.5336065292358398, 1.5196484327316284, 1.5062609910964966, 1.4946749210357666, 1.4823814630508423, 1.4664251804351807, 1.457110047340393, 1.4468224048614502, 1.439417839050293, 1.4267135858535767, 1.4171864986419678, 1.4070119857788086, 1.3998913764953613, 1.393241286277771, 1.3821333646774292, 1.377660870552063, 1.369468092918396, 1.3613383769989014, 1.3560136556625366, 1.3496066331863403, 1.344726800918579, 1.3398672342300415, 1.3340181112289429, 1.331163763999939, 1.3252497911453247, 1.3198715448379517, 1.3175108432769775, 1.3148517608642578, 1.3089872598648071, 1.3074278831481934, 1.3024752140045166, 1.3009806871414185, 1.29833984375, 1.2961066961288452, 1.2959346771240234, 1.293115258216858, 1.2917003631591797, 1.289942741394043, 1.2860279083251953, 1.2844147682189941, 1.2850463390350342, 1.278549313545227, 1.280867099761963, 1.2785767316818237, 1.2765192985534668, 1.276322603225708, 1.2747511863708496, 1.2736235857009888, 1.271401286125183, 1.2715450525283813, 1.2712987661361694, 1.2691335678100586, 1.2674436569213867, 1.266994595527649, 1.2676388025283813, 1.2652783393859863, 1.264856219291687, 1.2648977041244507, 1.2606325149536133, 1.2615948915481567, 1.2629690170288086, 1.2597452402114868, 1.2593376636505127, 1.2579699754714966, 1.2584142684936523, 1.2575960159301758, 1.2569633722305298, 1.2560982704162598, 1.256814956665039, 1.2561222314834595, 1.2535229921340942, 1.2544989585876465, 1.2540326118469238, 1.2523702383041382, 1.252025842666626, 1.2508150339126587, 1.2510064840316772, 1.2480692863464355, 1.248059630393982, 1.2490967512130737, 1.2481602430343628, 1.246944546699524, 1.2460129261016846, 1.2469052076339722, 1.244379997253418, 1.2462362051010132, 1.2436047792434692, 1.2452998161315918, 1.2432215213775635, 1.242017388343811, 1.2413578033447266, 1.2417452335357666, 1.2395262718200684, 1.2398293018341064, 1.2400376796722412, 1.2384037971496582, 1.2382984161376953, 1.2397868633270264, 1.2396929264068604, 1.2382773160934448, 1.234902024269104, 1.2369955778121948, 1.2388520240783691, 1.2361490726470947, 1.2356741428375244, 1.235337734222412, 1.2340221405029297, 1.233712911605835, 1.2333413362503052, 1.2317200899124146, 1.2326585054397583, 1.229823112487793, 1.2312228679656982],