{"n_parameters": 253377, "training_time": 9691.226708173752, "loss": [6.5624918937683105, 6.181070804595947, 6.041052341461182, 5.944466590881348, 5.898019790649414, 5.829821586608887, 5.783402442932129, 5.760106086730957, 5.73054313659668, 5.7237982749938965, 5.6956305503845215, 5.6725544929504395, 5.661161422729492, 5.632169723510742, 5.635194778442383, 5.628206729888916, 5.598424434661865, 5.59371280670166, 5.580831050872803, 5.564906597137451, 5.55023193359375, 5.538792610168457, 5.530149459838867, 5.524726390838623, 5.513922691345215, 5.5192365646362305, 5.496883869171143, 5.4860405921936035, 5.474737167358398, 5.479278564453125, 5.450445175170898, 5.448146343231201, 5.434700012207031, 5.41611909866333, 5.422902584075928, 5.408465385437012, 5.381059169769287, 5.384277820587158, 5.373359203338623, 5.365102291107178, 5.337944507598877, 5.318872451782227, 5.305962562561035, 5.290051460266113, 5.265783786773682, 5.244332790374756, 5.225630760192871, 5.185400009155273, 5.159280776977539, 5.110965251922607, 5.095533847808838, 5.042459487915039, 4.997797012329102, 4.94102144241333, 4.883954048156738, 4.8271613121032715, 4.774605751037598, 4.719610214233398, 4.647730827331543, 4.586047172546387, 4.503899097442627, 4.436794757843018, 4.3716721534729, 4.296502113342285, 4.216635704040527, 4.140819549560547, 4.051065444946289, 3.9615206718444824, 3.892017364501953, 3.80578351020813, 3.717318058013916, 3.639308214187622, 3.571012496948242, 3.5120158195495605, 3.4336721897125244, 3.3706107139587402, 3.3089725971221924, 3.2391605377197266, 3.1846179962158203, 3.1297943592071533, 3.0724592208862305, 3.029066562652588, 2.978351354598999, 2.9347355365753174, 2.892242908477783, 2.86472749710083, 2.8229527473449707, 2.7818870544433594, 2.7584917545318604, 2.72943377494812, 2.6884713172912598, 2.6781957149505615, 2.6338634490966797, 2.628305673599243, 2.583780288696289, 2.5775108337402344, 2.5406534671783447, 2.51829195022583, 2.5066683292388916, 2.477726459503174], "rmse": [2.542511463165283, 2.467985153198242, 2.4411463737487793, 2.42012619972229, 2.411360025405884, 2.397176504135132, 2.388033151626587, 2.3827905654907227, 2.377575635910034, 2.3749849796295166, 2.370453119277954, 2.3652873039245605, 2.363440752029419, 2.3575258255004883, 2.3576951026916504, 2.35626220703125, 2.350027084350586, 2.349343776702881, 2.347719669342041, 2.344241142272949, 2.341233015060425, 2.339045524597168, 2.3364555835723877, 2.3357067108154297, 2.333415985107422, 2.3347792625427246, 2.329730749130249, 2.3272485733032227, 2.3254430294036865, 2.3266308307647705, 2.320358991622925, 2.320127248764038, 2.3172879219055176, 2.3132758140563965, 2.31496000289917, 2.3112030029296875, 2.306520938873291, 2.3060226440429688, 2.303396701812744, 2.301896572113037, 2.2957868576049805, 2.2920093536376953, 2.2892889976501465, 2.2861125469207764, 2.2805135250091553, 2.276059865951538, 2.2725374698638916, 2.263051986694336, 2.2572197914123535, 2.2473816871643066, 2.2435014247894287, 2.231564521789551, 2.220881700515747, 2.208652973175049, 2.195669651031494, 2.18302845954895, 2.1709108352661133, 2.157970428466797, 2.140279769897461, 2.1259684562683105, 2.1074748039245605, 2.0912232398986816, 2.0743517875671387, 2.056548595428467, 2.037038564682007, 2.0182995796203613, 1.9967788457870483, 1.9731794595718384, 1.9555726051330566, 1.9343011379241943, 1.9105181694030762, 1.8900684118270874, 1.8724889755249023, 1.8558751344680786, 1.8354405164718628, 1.8185721635818481, 1.8015224933624268, 1.7821928262710571, 1.766485571861267, 1.7522227764129639, 1.735709309577942, 1.7232666015625, 1.7090072631835938, 1.696121335029602, 1.6838805675506592, 1.6755658388137817, 1.6632832288742065, 1.6511955261230469, 1.6441805362701416, 1.634965181350708, 1.6233100891113281, 1.6208590269088745, 1.6060196161270142, 1.6059925556182861, 1.591505527496338, 1.5887765884399414, 1.5784212350845337, 1.5712774991989136, 1.5664453506469727, 1.5573172569274902], "val_loss": [6.012534141540527, 5.944157123565674, 5.870972156524658, 5.855605602264404, 5.853097915649414, 5.861146450042725, 5.791278839111328, 5.746754169464111, 5.719993591308594, 5.712338924407959, 5.699612140655518, 5.688350677490234, 5.653073310852051, 5.630484104156494, 5.645936965942383, 5.65846586227417, 5.627490043640137, 5.637375831604004, 5.593508243560791, 5.591372966766357, 5.639133930206299, 5.593270778656006, 5.61134147644043, 5.545921325683594, 5.5327277183532715, 5.588031768798828, 5.54465389251709, 5.519172191619873, 5.485406875610352, 5.478252410888672, 5.479074954986572, 5.438448905944824, 5.423702716827393, 5.445709705352783, 5.415035724639893, 5.391768455505371, 5.380178451538086, 5.34454870223999, 5.329119682312012, 5.298993110656738, 5.271089553833008, 5.246088981628418, 5.228071212768555, 5.222392559051514, 5.145565509796143, 5.151256561279297, 5.1217145919799805, 5.091000556945801, 5.033066272735596, 4.960887908935547, 4.927957534790039, 4.800586700439453, 4.734063625335693, 4.624514579772949, 4.5363311767578125, 4.3943281173706055, 4.310140609741211, 4.230189800262451, 4.1447014808654785, 4.0935845375061035, 3.982978582382202, 3.896477699279785, 3.7967231273651123, 3.697293996810913, 3.603714942932129, 3.5187149047851562, 3.394594192504883, 3.328395366668701, 3.2470035552978516, 3.154484748840332, 3.093364953994751, 3.069902181625366, 2.989793300628662, 2.960355520248413, 2.8696019649505615, 2.847487449645996, 2.8317813873291016, 2.7587735652923584, 2.727285146713257, 2.704719305038452, 2.6493868827819824, 2.658377170562744, 2.591297149658203, 2.5023033618927, 2.5265462398529053, 2.5090370178222656, 2.510286569595337, 2.4492714405059814, 2.445952892303467, 2.4796154499053955, 2.4587957859039307, 2.4570257663726807, 2.441807270050049, 2.407853841781616, 2.3805978298187256, 2.403528928756714, 2.4740397930145264, 2.4165194034576416, 2.4504570960998535, 2.4570956230163574], "val_rmse": [2.4337124824523926, 2.419750690460205, 2.4055252075195312, 2.4021594524383545, 2.40155291557312, 2.403186559677124, 2.3893282413482666, 2.3801920413970947, 2.375023603439331, 2.373566150665283, 2.371004343032837, 2.3687920570373535, 2.3617730140686035, 2.357316017150879, 2.360504388809204, 2.363124370574951, 2.3568780422210693, 2.3589510917663574, 2.350054979324341, 2.349635601043701, 2.3594536781311035, 2.350139617919922, 2.3539059162139893, 2.3405544757843018, 2.3379130363464355, 2.3491125106811523, 2.3401713371276855, 2.3347792625427246, 2.327744960784912, 2.3262343406677246, 2.3264129161834717, 2.3180062770843506, 2.314925193786621, 2.319437026977539, 2.313004732131958, 2.308048963546753, 2.305488109588623, 2.2979698181152344, 2.294605255126953, 2.2881083488464355, 2.2817790508270264, 2.2761878967285156, 2.272127866744995, 2.2707669734954834, 2.2540619373321533, 2.2549643516540527, 2.248427152633667, 2.241523504257202, 2.2286739349365234, 2.2127063274383545, 2.2051708698272705, 2.1762237548828125, 2.1605730056762695, 2.135193109512329, 2.1143505573272705, 2.080965757369995, 2.060465097427368, 2.0409977436065674, 2.0197906494140625, 2.0067481994628906, 1.9792686700820923, 1.957287311553955, 1.9316506385803223, 1.905725121498108, 1.8810433149337769, 1.8583446741104126, 1.824835181236267, 1.8068047761917114, 1.7843726873397827, 1.7588541507720947, 1.741565227508545, 1.7354729175567627, 1.7125425338745117, 1.7041516304016113, 1.6777002811431885, 1.6712826490402222, 1.6669706106185913, 1.645249843597412, 1.6363813877105713, 1.6296653747558594, 1.6128101348876953, 1.6159847974777222, 1.595247507095337, 1.567792296409607, 1.5757358074188232, 1.5703964233398438, 1.571065902709961, 1.5517653226852417, 1.5509482622146606, 1.5619138479232788, 1.5556849241256714, 1.5548558235168457, 1.5503511428833008, 1.5390913486480713, 1.530825138092041, 1.5381617546081543, 1.5611319541931152, 1.5424017906188965, 1.5535595417022705, 1.5557594299316406]}