{"n_parameters": 351217, "training_time": 18602.17571258545, "loss": [5.602493762969971, 5.36699914932251, 5.186491012573242, 5.0434956550598145, 4.897163391113281, 4.754330635070801, 4.587048053741455, 4.391318321228027, 4.189472198486328, 3.9951648712158203, 3.7900781631469727, 3.5913729667663574, 3.3955092430114746, 3.200105667114258, 3.006486177444458, 2.8164007663726807, 2.6602535247802734, 2.5313539505004883, 2.412342071533203, 2.3114593029022217, 2.2205324172973633, 2.153193235397339, 2.0872883796691895, 2.0312657356262207, 1.9821544885635376, 1.9393787384033203, 1.9035816192626953, 1.8744397163391113, 1.843221664428711, 1.8273465633392334, 1.8007563352584839, 1.779255747795105, 1.7664698362350464, 1.751708745956421, 1.7360739707946777, 1.7251994609832764, 1.7150728702545166, 1.6977407932281494, 1.694117546081543, 1.6790976524353027, 1.6782885789871216, 1.6691744327545166, 1.6610628366470337, 1.6484851837158203, 1.6461117267608643, 1.6359455585479736, 1.6336376667022705, 1.6320686340332031, 1.6212273836135864, 1.6191072463989258, 1.6126073598861694, 1.608535647392273, 1.5985746383666992, 1.600904107093811, 1.5887565612792969, 1.5832293033599854, 1.5810041427612305, 1.5737245082855225, 1.567649245262146, 1.5631318092346191, 1.5609941482543945, 1.5562678575515747, 1.5479893684387207, 1.5475913286209106, 1.537752389907837, 1.541225790977478, 1.5336894989013672, 1.5263056755065918, 1.5285885334014893, 1.5163061618804932, 1.5145914554595947, 1.510029911994934, 1.502687692642212, 1.4986450672149658, 1.4938246011734009, 1.4893873929977417, 1.4803693294525146, 1.4784594774246216, 1.4714277982711792, 1.4683846235275269, 1.4606071710586548, 1.4570988416671753, 1.4498521089553833, 1.4425427913665771, 1.440730094909668, 1.438118815422058, 1.4303520917892456, 1.4212050437927246, 1.414564609527588, 1.4079411029815674, 1.4051122665405273, 1.3927356004714966, 1.3854305744171143, 1.3750941753387451, 1.3728790283203125, 1.363245964050293, 1.3534718751907349, 1.3459831476211548, 1.339332103729248, 1.3267405033111572, 1.3211009502410889, 1.309412956237793, 1.299936294555664, 1.2891161441802979, 1.2833304405212402, 1.270617961883545, 1.2618772983551025, 1.2519924640655518, 1.2428733110427856, 1.235414743423462, 1.2219858169555664, 1.2137908935546875, 1.2010486125946045, 1.193477988243103, 1.1773836612701416, 1.168262243270874, 1.1609163284301758, 1.1507784128189087, 1.135846734046936, 1.126775860786438, 1.1165268421173096, 1.1029601097106934, 1.0909228324890137, 1.0797884464263916, 1.0738106966018677, 1.0603481531143188, 1.0427136421203613, 1.0360196828842163, 1.0240386724472046, 1.016023874282837, 1.001848816871643, 0.9967902898788452, 0.9890905022621155, 0.976502001285553, 0.9657047986984253, 0.9583863615989685, 0.952036440372467, 0.9385741353034973, 0.9327771067619324, 0.9237741827964783, 0.9172841310501099, 0.9084810018539429, 0.9009140729904175, 0.8936323523521423, 0.8935496807098389, 0.88435959815979, 0.8763097524642944, 0.8728445768356323, 0.8708354830741882, 0.8638831377029419, 0.8551957011222839, 0.8531267046928406, 0.8494573831558228, 0.8451724648475647, 0.8362824320793152, 0.8329294323921204, 0.828717052936554, 0.8224303722381592, 0.8203110694885254, 0.8134528994560242, 0.8151552081108093, 0.8086792230606079, 0.803693413734436, 0.8016710877418518, 0.7945542931556702, 0.7958001494407654, 0.7913042306900024, 0.7826516628265381, 0.7815982103347778, 0.7813734412193298, 0.7724759578704834, 0.7732584476470947, 0.7694655060768127, 0.7663082480430603, 0.763116717338562, 0.7610256671905518, 0.7517639994621277, 0.751311182975769, 0.747372031211853, 0.744512140750885, 0.7409510016441345, 0.739385724067688, 0.7369948625564575, 0.7332661747932434, 0.7288678288459778, 0.7261227369308472], "rmse": [2.350069761276245, 2.29940128326416, 2.2605056762695312, 2.229691982269287, 2.1974360942840576, 2.165067672729492, 2.126356840133667, 2.0806374549865723, 2.0323781967163086, 1.9848120212554932, 1.9335654973983765, 1.88164484500885, 1.8289859294891357, 1.775058388710022, 1.7201305627822876, 1.664231538772583, 1.616790533065796, 1.5766535997390747, 1.5383211374282837, 1.505460262298584, 1.475421667098999, 1.452691674232483, 1.4292595386505127, 1.4098204374313354, 1.392577052116394, 1.3769493103027344, 1.3641574382781982, 1.35405695438385, 1.3425999879837036, 1.3362635374069214, 1.3259392976760864, 1.3185933828353882, 1.3146023750305176, 1.3078721761703491, 1.3028740882873535, 1.2983660697937012, 1.2936956882476807, 1.2881951332092285, 1.2864619493484497, 1.280717372894287, 1.2808301448822021, 1.2764151096343994, 1.2736773490905762, 1.2686827182769775, 1.2676044702529907, 1.264351487159729, 1.2629531621932983, 1.261989951133728, 1.2576321363449097, 1.2571572065353394, 1.2539616823196411, 1.2527714967727661, 1.2495322227478027, 1.2499563694000244, 1.2445875406265259, 1.2429039478302002, 1.2417058944702148, 1.2393603324890137, 1.2361724376678467, 1.2345175743103027, 1.2342013120651245, 1.2316972017288208, 1.2286335229873657, 1.2288914918899536, 1.2250490188598633, 1.2266420125961304, 1.2229002714157104, 1.219740390777588, 1.2206599712371826, 1.2155485153198242, 1.216059684753418, 1.2136900424957275, 1.2112207412719727, 1.2096511125564575, 1.2077332735061646, 1.2042487859725952, 1.2021883726119995, 1.2002846002578735, 1.1982307434082031, 1.1967651844024658, 1.1935702562332153, 1.1913166046142578, 1.1888256072998047, 1.1860555410385132, 1.1854236125946045, 1.1846603155136108, 1.1809165477752686, 1.1774566173553467, 1.1749790906906128, 1.1717222929000854, 1.1709108352661133, 1.1659752130508423, 1.1629215478897095, 1.157409429550171, 1.1576710939407349, 1.1530578136444092, 1.1494413614273071, 1.1458475589752197, 1.1425716876983643, 1.1375558376312256, 1.1341209411621094, 1.1298761367797852, 1.1262186765670776, 1.1210867166519165, 1.1196463108062744, 1.1129456758499146, 1.110184907913208, 1.1047002077102661, 1.1005194187164307, 1.0976519584655762, 1.0918171405792236, 1.088126540184021, 1.0820798873901367, 1.0784316062927246, 1.0715621709823608, 1.0670409202575684, 1.0632271766662598, 1.0589977502822876, 1.0527029037475586, 1.0475192070007324, 1.0434353351593018, 1.0371770858764648, 1.0310112237930298, 1.0257426500320435, 1.0218029022216797, 1.0159964561462402, 1.0072124004364014, 1.0041533708572388, 0.9986879825592041, 0.9939776062965393, 0.9875165820121765, 0.9839569330215454, 0.9807742238044739, 0.9743072986602783, 0.9686006903648376, 0.9650723934173584, 0.9612127542495728, 0.954996645450592, 0.9514240622520447, 0.9469218850135803, 0.9433687925338745, 0.9389063715934753, 0.9350005984306335, 0.9309145212173462, 0.9301590919494629, 0.9259086847305298, 0.9222821593284607, 0.9193244576454163, 0.919558584690094, 0.9144882559776306, 0.9099978804588318, 0.9093954563140869, 0.9075580835342407, 0.9047753214836121, 0.899850070476532, 0.8977875113487244, 0.8957726359367371, 0.8921509981155396, 0.8908423781394958, 0.8879615068435669, 0.8880236148834229, 0.8845367431640625, 0.8820313811302185, 0.8809598684310913, 0.8777857422828674, 0.8774856328964233, 0.8749507665634155, 0.8700584173202515, 0.8696187138557434, 0.8700334429740906, 0.8637106418609619, 0.8655443787574768, 0.8624656200408936, 0.8610515594482422, 0.8591148257255554, 0.8579054474830627, 0.8519413471221924, 0.852422297000885, 0.8496848344802856, 0.8485999703407288, 0.8456534147262573, 0.8452706933021545, 0.8437014222145081, 0.8412407636642456, 0.8398181796073914, 0.8379664421081543],