{"n_parameters": 241441, "training_time": 14815.587595701218, "loss": [5.8630475997924805, 5.646450519561768, 5.459799766540527, 5.305877685546875, 5.169417858123779, 5.021690368652344, 4.853264808654785, 4.651832580566406, 4.413940906524658, 4.127589225769043, 3.8035902976989746, 3.462172031402588, 3.1602396965026855, 2.9276959896087646, 2.751068353652954, 2.626479387283325, 2.5237584114074707, 2.4457321166992188, 2.3690333366394043, 2.3125829696655273, 2.2687690258026123, 2.227968454360962, 2.204911708831787, 2.1607472896575928, 2.129087448120117, 2.110391139984131, 2.086808443069458, 2.0638744831085205, 2.045372724533081, 2.020639181137085, 2.007284641265869, 1.9833049774169922, 1.9613536596298218, 1.9460339546203613, 1.923770785331726, 1.9093518257141113, 1.8902372121810913, 1.8682361841201782, 1.8546139001846313, 1.8424724340438843, 1.8255901336669922, 1.814130425453186, 1.788374662399292, 1.7797565460205078, 1.766180157661438, 1.7592833042144775, 1.74686861038208, 1.7416400909423828, 1.7263349294662476, 1.716475486755371, 1.7115910053253174, 1.701156735420227, 1.6914175748825073, 1.6876709461212158, 1.6820937395095825, 1.6672184467315674, 1.6644763946533203, 1.6536264419555664, 1.6492615938186646, 1.641037940979004, 1.638552188873291, 1.6373611688613892, 1.629394769668579, 1.6206340789794922, 1.6113741397857666, 1.6079705953598022, 1.6001579761505127, 1.591647982597351, 1.590178370475769, 1.5788140296936035, 1.569090485572815, 1.562523603439331, 1.5604496002197266, 1.553337574005127, 1.5453895330429077, 1.5341075658798218, 1.5364326238632202, 1.528096318244934, 1.5186039209365845, 1.5113402605056763, 1.509397268295288, 1.4989267587661743, 1.49311363697052, 1.482593297958374, 1.4779083728790283, 1.4598122835159302, 1.4546289443969727, 1.4522758722305298, 1.4390612840652466, 1.4305541515350342, 1.420279622077942, 1.4165289402008057, 1.4002642631530762, 1.3946857452392578, 1.3813380002975464, 1.3743356466293335, 1.3649777173995972, 1.3565727472305298, 1.3441667556762695, 1.33981454372406, 1.3263449668884277, 1.322325587272644, 1.3114442825317383, 1.3006891012191772, 1.290120244026184, 1.2792291641235352, 1.2739648818969727, 1.2663620710372925, 1.2561123371124268, 1.2492820024490356, 1.2407420873641968, 1.2295106649398804, 1.2184480428695679, 1.2135220766067505, 1.2045035362243652, 1.1926522254943848, 1.1877497434616089, 1.1768457889556885, 1.1692116260528564, 1.1611450910568237, 1.1532700061798096, 1.144119143486023, 1.1421318054199219, 1.1317775249481201, 1.1258530616760254, 1.1202014684677124, 1.1120356321334839, 1.1013860702514648, 1.0917683839797974, 1.0907526016235352, 1.0828297138214111, 1.0764222145080566, 1.0703219175338745, 1.0648791790008545, 1.0596202611923218, 1.0498592853546143, 1.0431287288665771, 1.0407425165176392, 1.0369139909744263, 1.0285382270812988, 1.0262336730957031, 1.0190317630767822, 1.020328402519226, 1.0124104022979736, 1.0033053159713745, 1.0075992345809937, 1.0002158880233765, 0.9983012676239014, 0.9891186356544495, 0.9889582395553589, 0.9858847856521606, 0.9833019971847534, 0.9801298975944519, 0.9719995260238647, 0.9729509949684143, 0.9691067337989807, 0.9602786302566528, 0.9634715914726257, 0.9592111110687256, 0.9584880471229553, 0.9506886601448059, 0.9492768049240112, 0.9481499791145325, 0.9462144374847412, 0.9404117465019226], "rmse": [2.4032013416290283, 2.3590214252471924, 2.3208909034729004, 2.288773536682129, 2.259322166442871, 2.227048873901367, 2.189596176147461, 2.1432712078094482, 2.0872435569763184, 2.0175652503967285, 1.9350371360778809, 1.8453621864318848, 1.7603150606155396, 1.6933189630508423, 1.6393001079559326, 1.6016039848327637, 1.569157600402832, 1.5438545942306519, 1.5176680088043213, 1.4999839067459106, 1.4838258028030396, 1.4708675146102905, 1.4631353616714478, 1.4481788873672485, 1.438621997833252, 1.4316792488098145, 1.4236336946487427, 1.415239691734314, 1.4096299409866333, 1.400387167930603, 1.3972694873809814, 1.3877429962158203, 1.3811070919036865, 1.3751788139343262, 1.3666809797286987, 1.362059473991394, 1.3561707735061646, 1.3475619554519653, 1.3420977592468262, 1.3384608030319214, 1.3332843780517578, 1.3275460004806519, 1.3200359344482422, 1.315951943397522, 1.3113545179367065, 1.3092372417449951, 1.30402672290802, 1.3022359609603882, 1.2964156866073608, 1.2931629419326782, 1.290687084197998, 1.287312626838684, 1.2840499877929688, 1.2814958095550537, 1.27975332736969, 1.2744096517562866, 1.274367094039917, 1.2694361209869385, 1.267496109008789, 1.263848900794983, 1.2642734050750732, 1.2626228332519531, 1.2604639530181885, 1.257364273071289, 1.2536295652389526, 1.2510631084442139, 1.2487761974334717, 1.2459027767181396, 1.2456450462341309, 1.2399475574493408, 1.2366067171096802, 1.2336859703063965, 1.2332088947296143, 1.2293044328689575, 1.2266422510147095, 1.2224481105804443, 1.2239940166473389, 1.219851016998291, 1.2170648574829102, 1.214285135269165, 1.2129312753677368, 1.2081305980682373, 1.2068331241607666, 1.2024238109588623, 1.1998858451843262, 1.1932445764541626, 1.190637230873108, 1.1895259618759155, 1.1841596364974976, 1.1802126169204712, 1.1765527725219727, 1.1745752096176147, 1.167718529701233, 1.165391445159912, 1.1600947380065918, 1.1572993993759155, 1.1535292863845825, 1.1497530937194824, 1.1438771486282349, 1.1422240734100342, 1.1360747814178467, 1.1342315673828125, 1.1305711269378662, 1.125052571296692, 1.121189832687378, 1.115109920501709, 1.1137378215789795, 1.1099331378936768, 1.1052255630493164, 1.1014031171798706, 1.098257064819336, 1.0934487581253052, 1.0881372690200806, 1.086703896522522, 1.0820133686065674, 1.0763643980026245, 1.0744482278823853, 1.0698035955429077, 1.0657365322113037, 1.0622375011444092, 1.058355450630188, 1.0537558794021606, 1.0530871152877808, 1.0477962493896484, 1.0453827381134033, 1.042075753211975, 1.0393978357315063, 1.0343384742736816, 1.0298757553100586, 1.0280404090881348, 1.0245847702026367, 1.0213019847869873, 1.0188926458358765, 1.0151110887527466, 1.0136126279830933, 1.0095627307891846, 1.0051425695419312, 1.004048466682434, 1.0015476942062378, 0.9984864592552185, 0.9962624311447144, 0.9928635954856873, 0.9931327700614929, 0.9895917773246765, 0.9859013557434082, 0.987744927406311, 0.9844356775283813, 0.9825072288513184, 0.9779117703437805, 0.9782499670982361, 0.9757711887359619, 0.9751026630401611, 0.9730844497680664, 0.9688568115234375, 0.9694602489471436, 0.9675183296203613, 0.9635341167449951, 0.963474452495575, 0.9619865417480469, 0.9613754153251648, 0.9575970768928528, 0.9572353959083557, 0.9571345448493958, 0.9564921259880066, 0.9521726965904236],