{"n_parameters": 313729, "training_time": 12102.609917879105, "loss": [7.2072434425354, 6.5005927085876465, 6.287943363189697, 6.110256195068359, 5.969592571258545, 5.864720821380615, 5.757859230041504, 5.722461700439453, 5.634018898010254, 5.594175815582275, 5.536969184875488, 5.473587512969971, 5.436782360076904, 5.395603179931641, 5.353148937225342, 5.291472911834717, 5.247280597686768, 5.214603900909424, 5.166099548339844, 5.116008281707764, 5.069871425628662, 5.00285005569458, 4.965605735778809, 4.920333385467529, 4.853967189788818, 4.8106689453125, 4.761263847351074, 4.68737268447876, 4.64915132522583, 4.60696268081665, 4.5454792976379395, 4.492058753967285, 4.415541648864746, 4.367350101470947, 4.32902717590332, 4.254045486450195, 4.230962753295898, 4.166613578796387, 4.11396598815918, 4.069868087768555, 4.018764972686768, 3.9567017555236816, 3.923482894897461, 3.8788557052612305, 3.832622766494751, 3.7980635166168213, 3.7336208820343018, 3.701373338699341, 3.66109561920166, 3.6233911514282227, 3.581019401550293, 3.545883893966675, 3.496767044067383, 3.4585046768188477, 3.407076597213745, 3.358524799346924, 3.331979274749756, 3.2916877269744873, 3.2463417053222656, 3.2025363445281982, 3.163012981414795, 3.1075470447540283, 3.082885265350342, 3.0336954593658447, 2.9918458461761475, 2.950883150100708, 2.9157726764678955, 2.867172956466675, 2.8296360969543457, 2.7729461193084717, 2.7513484954833984, 2.7160379886627197, 2.6795780658721924, 2.6469409465789795, 2.6150283813476562, 2.5880637168884277, 2.5508649349212646, 2.532386302947998, 2.505549430847168, 2.4915080070495605, 2.4645309448242188, 2.436213493347168, 2.4138782024383545, 2.407078504562378, 2.374666452407837, 2.3628973960876465, 2.346871852874756, 2.3293049335479736, 2.323030948638916, 2.292713165283203, 2.2747440338134766, 2.2686829566955566, 2.2419583797454834, 2.2309603691101074, 2.2243220806121826, 2.204667568206787, 2.2086164951324463, 2.177064895629883, 2.168215274810791, 2.1583364009857178, 2.147908926010132, 2.1317498683929443, 2.1158881187438965, 2.104147434234619, 2.104353427886963, 2.083861827850342, 2.069582223892212, 2.0714244842529297, 2.0646159648895264, 2.0474956035614014, 2.0400586128234863, 2.04179310798645, 2.0264182090759277, 2.0131125450134277, 2.0103485584259033, 1.992760181427002, 1.9881433248519897, 1.985664963722229, 1.9778501987457275], "rmse": [2.6590585708618164, 2.5307061672210693, 2.4898972511291504, 2.4547481536865234, 2.426173448562622, 2.4057233333587646, 2.3838789463043213, 2.3775198459625244, 2.358859062194824, 2.3497474193573, 2.3379805088043213, 2.324951648712158, 2.31670880317688, 2.307835578918457, 2.2991244792938232, 2.2861266136169434, 2.276606321334839, 2.268744945526123, 2.2581448554992676, 2.247553825378418, 2.2367799282073975, 2.22243070602417, 2.214879274368286, 2.203996181488037, 2.1891767978668213, 2.1783552169799805, 2.166215181350708, 2.1494014263153076, 2.140138864517212, 2.130453109741211, 2.1165592670440674, 2.1027674674987793, 2.0855553150177, 2.072756290435791, 2.063274383544922, 2.0452370643615723, 2.0391693115234375, 2.023648262023926, 2.0106444358825684, 1.998233675956726, 1.985906958580017, 1.9693020582199097, 1.9610657691955566, 1.9506657123565674, 1.938500165939331, 1.9298092126846313, 1.912634015083313, 1.9046636819839478, 1.8932709693908691, 1.8833891153335571, 1.8723440170288086, 1.8632452487945557, 1.8496863842010498, 1.839378833770752, 1.82506263256073, 1.8118764162063599, 1.80418860912323, 1.7929377555847168, 1.780807375907898, 1.7689718008041382, 1.7589892148971558, 1.7423633337020874, 1.7360968589782715, 1.722011923789978, 1.7101044654846191, 1.6986886262893677, 1.6874983310699463, 1.673966646194458, 1.6633025407791138, 1.6460379362106323, 1.6396816968917847, 1.6288994550704956, 1.6180999279022217, 1.608595371246338, 1.5982707738876343, 1.5893940925598145, 1.5792707204818726, 1.5718096494674683, 1.5651307106018066, 1.5592586994171143, 1.5520317554473877, 1.5423128604888916, 1.5360305309295654, 1.5337766408920288, 1.5230690240859985, 1.520328164100647, 1.5152795314788818, 1.5083625316619873, 1.5058029890060425, 1.4971917867660522, 1.491224765777588, 1.4887299537658691, 1.4799622297286987, 1.475968837738037, 1.4735161066055298, 1.467445969581604, 1.4693379402160645, 1.4575074911117554, 1.455500841140747, 1.4523236751556396, 1.4483258724212646, 1.4428194761276245, 1.4373921155929565, 1.4330921173095703, 1.4335219860076904, 1.426744818687439, 1.422201156616211, 1.422000765800476, 1.4204013347625732, 1.414575457572937, 1.4114116430282593, 1.4123265743255615, 1.4073164463043213, 1.4024040699005127, 1.400733470916748, 1.3955614566802979, 1.3934359550476074, 1.392366647720337, 1.3885241746902466], "val_loss": [6.262081623077393, 5.9953694343566895, 5.8787760734558105, 5.716437816619873, 5.604322910308838, 5.5536699295043945, 5.516081809997559, 5.463501930236816, 5.480133056640625, 5.391210079193115, 5.359140396118164, 5.302837371826172, 5.268075942993164, 5.187544822692871, 5.1402130126953125, 5.074967861175537, 5.05942440032959, 5.008528709411621, 4.9298529624938965, 4.8928608894348145, 4.816449165344238, 4.7799787521362305, 4.7526373863220215, 4.674801826477051, 4.619941711425781, 4.557419776916504, 4.512601375579834, 4.461690425872803, 4.411865711212158, 4.34873628616333, 4.288201332092285, 4.2250871658325195, 4.181351661682129, 4.138185977935791, 4.068288326263428, 4.007529258728027, 3.9142940044403076, 3.858015298843384, 3.8149170875549316, 3.7496297359466553, 3.6967756748199463, 3.609142541885376, 3.5527987480163574, 3.5001401901245117, 3.474825382232666, 3.4224443435668945, 3.3895983695983887, 3.328964948654175, 3.3067398071289062, 3.260378360748291, 3.2407143115997314, 3.215606451034546, 3.159722328186035, 3.129556179046631, 3.0956552028656006, 3.0672812461853027, 3.0409250259399414, 3.007591962814331, 2.961866617202759, 2.9250144958496094, 2.8703463077545166, 2.8173294067382812, 2.783353567123413, 2.7682178020477295, 2.7280547618865967, 2.7058284282684326, 2.661001682281494, 2.6132423877716064, 2.5782060623168945, 2.5388097763061523, 2.532639741897583, 2.502912759780884, 2.4675586223602295, 2.454294204711914, 2.4210920333862305, 2.4245049953460693, 2.393554210662842, 2.379265308380127, 2.372506856918335, 2.3609416484832764, 2.348022699356079, 2.3276116847991943, 2.3098325729370117, 2.2839982509613037, 2.2758758068084717, 2.2432141304016113, 2.2271032333374023, 2.199498176574707, 2.172274112701416, 2.1317527294158936, 2.122551441192627, 2.120110273361206, 2.106184482574463, 2.0907790660858154, 2.061593532562256, 2.0547122955322266, 2.0384838581085205, 2.0228195190429688, 2.001408100128174, 1.9763038158416748, 1.979487657546997, 1.9685862064361572, 1.9534724950790405, 1.942631721496582, 1.9533734321594238, 1.9182672500610352, 1.9316000938415527, 1.9431442022323608, 1.9428149461746216, 1.9186292886734009, 1.9062963724136353, 1.9270446300506592, 1.9054423570632935, 1.8918651342391968, 1.9155205488204956, 1.9022350311279297, 1.8952008485794067, 1.9055392742156982, 1.8944286108016968],