{"n_parameters": 245905, "training_time": 14439.088969945908, "loss": [5.867860317230225, 5.763806343078613, 5.681951522827148, 5.594943523406982, 5.49634313583374, 5.3882670402526855, 5.280080795288086, 5.148651599884033, 5.018886566162109, 4.894331932067871, 4.776392936706543, 4.673055648803711, 4.581174373626709, 4.4869303703308105, 4.408324241638184, 4.317380905151367, 4.21530294418335, 4.070627689361572, 3.9320130348205566, 3.7777962684631348, 3.6199638843536377, 3.4643473625183105, 3.309410810470581, 3.1580333709716797, 3.030000925064087, 2.912266492843628, 2.806584358215332, 2.7268733978271484, 2.6673855781555176, 2.615297317504883, 2.5611252784729004, 2.526963233947754, 2.4819047451019287, 2.4470181465148926, 2.427542209625244, 2.4001994132995605, 2.3795077800750732, 2.351361036300659, 2.337923288345337, 2.3235161304473877, 2.3031582832336426, 2.2900686264038086, 2.271019697189331, 2.2583024501800537, 2.249340772628784, 2.2372684478759766, 2.225367784500122, 2.2198283672332764, 2.2053592205047607, 2.1954152584075928, 2.1810548305511475, 2.1724178791046143, 2.1652355194091797, 2.1602046489715576, 2.142824649810791, 2.1407885551452637, 2.1306209564208984, 2.1197497844696045, 2.111841917037964, 2.1045496463775635, 2.0946266651153564, 2.090991258621216, 2.0728349685668945, 2.075237512588501, 2.064610242843628, 2.0545873641967773, 2.04400372505188, 2.0369138717651367, 2.0305700302124023, 2.0201072692871094, 2.016695022583008, 2.0053083896636963, 2.003591299057007, 1.9943349361419678, 1.9812911748886108, 1.9830938577651978, 1.9682615995407104, 1.964476466178894, 1.9572124481201172, 1.9452344179153442, 1.9414511919021606, 1.934228539466858, 1.9318716526031494, 1.9201546907424927, 1.917522668838501, 1.9116944074630737, 1.900265097618103, 1.893062710762024, 1.8971493244171143, 1.890250563621521, 1.8818747997283936, 1.8814456462860107, 1.8690005540847778, 1.871360182762146, 1.8573225736618042, 1.858207106590271, 1.8517600297927856, 1.8481357097625732, 1.8410909175872803, 1.8384273052215576, 1.837699294090271, 1.835471749305725, 1.8270512819290161, 1.8274356126785278, 1.821921467781067, 1.8184871673583984, 1.815195918083191, 1.8073879480361938, 1.8016092777252197, 1.8084659576416016, 1.803115963935852, 1.7942482233047485, 1.7926706075668335, 1.7965730428695679, 1.7883820533752441, 1.783478856086731, 1.782226324081421, 1.7818090915679932, 1.7780053615570068, 1.7760257720947266, 1.7714954614639282, 1.7698488235473633, 1.7731177806854248, 1.7643787860870361, 1.7632148265838623, 1.7585294246673584, 1.754036784172058, 1.7495688199996948, 1.755780816078186, 1.751613974571228, 1.744279146194458, 1.7402725219726562, 1.739944577217102, 1.733429193496704, 1.7308452129364014, 1.73279869556427, 1.7280447483062744, 1.7231065034866333, 1.7168978452682495, 1.7162249088287354, 1.7100521326065063, 1.7047312259674072, 1.6999335289001465, 1.6992621421813965, 1.6973711252212524, 1.6886762380599976, 1.6906317472457886, 1.6830344200134277, 1.6740704774856567, 1.6760615110397339, 1.6744742393493652, 1.6729247570037842, 1.6645042896270752, 1.6663086414337158, 1.659245491027832, 1.6488596200942993, 1.6548092365264893, 1.6479072570800781, 1.6433979272842407, 1.6388556957244873, 1.636134147644043, 1.6360944509506226, 1.630873203277588, 1.6227271556854248, 1.614796757698059, 1.6181116104125977, 1.6102888584136963, 1.6039924621582031, 1.5992600917816162, 1.5936955213546753], "rmse": [2.4045279026031494, 2.3832364082336426, 2.3664557933807373, 2.349067211151123, 2.3284175395965576, 2.3055055141448975, 2.2824838161468506, 2.2546403408050537, 2.2264206409454346, 2.1987814903259277, 2.1722869873046875, 2.1491148471832275, 2.128319025039673, 2.1059069633483887, 2.086885690689087, 2.065535068511963, 2.0402653217315674, 2.00478196144104, 1.969596028327942, 1.9298189878463745, 1.888139247894287, 1.846239686012268, 1.8027187585830688, 1.7602895498275757, 1.722753643989563, 1.6878494024276733, 1.656420350074768, 1.6319098472595215, 1.6148782968521118, 1.5966997146606445, 1.5799909830093384, 1.5707290172576904, 1.5554835796356201, 1.5438917875289917, 1.5387566089630127, 1.5294888019561768, 1.5232397317886353, 1.5126177072525024, 1.5089668035507202, 1.5044000148773193, 1.4970850944519043, 1.4935003519058228, 1.4878159761428833, 1.483008861541748, 1.4798234701156616, 1.4771116971969604, 1.4714462757110596, 1.4696146249771118, 1.4649637937545776, 1.4615329504013062, 1.4561042785644531, 1.4542484283447266, 1.4528218507766724, 1.451037049293518, 1.4450839757919312, 1.4438704252243042, 1.4402267932891846, 1.4366497993469238, 1.4345637559890747, 1.4316716194152832, 1.4282277822494507, 1.4261672496795654, 1.4211865663528442, 1.421706199645996, 1.4189293384552002, 1.4142001867294312, 1.4108836650848389, 1.4082345962524414, 1.4072200059890747, 1.4040693044662476, 1.402311086654663, 1.3981753587722778, 1.3969430923461914, 1.3948237895965576, 1.3901604413986206, 1.3902149200439453, 1.3863476514816284, 1.3840149641036987, 1.3813618421554565, 1.3780910968780518, 1.3756011724472046, 1.373718023300171, 1.3723883628845215, 1.3687630891799927, 1.3675590753555298, 1.3647847175598145, 1.3616496324539185, 1.3598527908325195, 1.361448049545288, 1.3578078746795654, 1.3551751375198364, 1.3553069829940796, 1.350722074508667, 1.3511356115341187, 1.3462225198745728, 1.347198486328125, 1.344556212425232, 1.342992901802063, 1.3403620719909668, 1.3400620222091675, 1.3395700454711914, 1.3389936685562134, 1.3357197046279907, 1.3363221883773804, 1.333449363708496, 1.3324564695358276, 1.3315396308898926, 1.3284958600997925, 1.3260740041732788, 1.3291361331939697, 1.3273167610168457, 1.323965072631836, 1.3232780694961548, 1.3247541189193726, 1.3210822343826294, 1.3197702169418335, 1.3189343214035034, 1.3196665048599243, 1.3176181316375732, 1.3170043230056763, 1.3150849342346191, 1.3147779703140259, 1.3158448934555054, 1.3129655122756958, 1.3124772310256958, 1.3100192546844482, 1.308410406112671, 1.3069559335708618, 1.3099864721298218, 1.308061122894287, 1.3043545484542847, 1.304612398147583, 1.3028925657272339, 1.3007298707962036, 1.3002963066101074, 1.2999107837677002, 1.298100471496582, 1.2973339557647705, 1.2944128513336182, 1.2939740419387817, 1.2927249670028687, 1.2899640798568726, 1.2889766693115234, 1.2886521816253662, 1.2878632545471191, 1.2843698263168335, 1.2854467630386353, 1.2822251319885254, 1.2785614728927612, 1.2789043188095093, 1.278656244277954, 1.2779316902160645, 1.2756121158599854, 1.2755987644195557, 1.2729051113128662, 1.2692615985870361, 1.2714664936065674, 1.2685209512710571, 1.2669955492019653, 1.2655818462371826, 1.2639304399490356, 1.2640833854675293, 1.2622097730636597, 1.2597215175628662, 1.2557814121246338, 1.2569319009780884, 1.2540472745895386, 1.2518653869628906, 1.2495278120040894, 1.2471524477005005],