{"n_parameters": 325969, "training_time": 11277.741797685623, "loss": [6.740497589111328, 6.464546203613281, 6.274120807647705, 6.172591686248779, 6.085826396942139, 6.014145851135254, 5.970519542694092, 5.946568489074707, 5.905667781829834, 5.8688273429870605, 5.82645845413208, 5.818169116973877, 5.7896318435668945, 5.7708868980407715, 5.749829292297363, 5.706902027130127, 5.717914581298828, 5.6985602378845215, 5.688260078430176, 5.671144485473633, 5.658549785614014, 5.651676177978516, 5.639278411865234, 5.613853931427002, 5.624854564666748, 5.612674236297607, 5.5867180824279785, 5.580305099487305, 5.575810432434082, 5.57179069519043, 5.556729316711426, 5.5404534339904785, 5.528402328491211, 5.528800964355469, 5.516221523284912, 5.489248275756836, 5.4973859786987305, 5.474522590637207, 5.463854789733887, 5.455107688903809, 5.4437947273254395, 5.435441017150879, 5.417538642883301, 5.414938449859619, 5.40859317779541, 5.3754119873046875, 5.370361804962158, 5.357864856719971, 5.331813335418701, 5.324151039123535, 5.310881614685059, 5.289903163909912, 5.27082633972168, 5.248227119445801, 5.228999614715576, 5.200408458709717, 5.183559417724609, 5.15549898147583, 5.131348133087158, 5.1069231033325195, 5.0662994384765625, 5.044406414031982, 5.015732288360596, 4.972103595733643, 4.953723907470703, 4.896045207977295, 4.842418670654297, 4.805265426635742, 4.756917953491211, 4.7028021812438965, 4.6598896980285645, 4.611759662628174, 4.545600891113281, 4.484869956970215, 4.430168151855469, 4.353887557983398, 4.309913158416748, 4.250560283660889, 4.176752090454102, 4.109732151031494, 4.029611110687256, 3.9797098636627197, 3.8970701694488525, 3.848790407180786, 3.7610955238342285, 3.705821990966797, 3.636436939239502, 3.552129030227661, 3.4735605716705322, 3.4168198108673096, 3.3526408672332764, 3.2926626205444336, 3.265052080154419, 3.2100157737731934, 3.166623592376709, 3.1362133026123047, 3.0924363136291504, 3.052112579345703, 3.0265893936157227, 3.00860857963562, 2.98466420173645, 2.9431040287017822, 2.927760601043701, 2.9094560146331787, 2.875666379928589, 2.8518218994140625, 2.832639694213867, 2.8188223838806152, 2.8065967559814453, 2.772510051727295, 2.7389113903045654, 2.736762046813965, 2.7090492248535156], "rmse": [2.5772197246551514, 2.523975372314453, 2.486734390258789, 2.4671308994293213, 2.45025634765625, 2.4359588623046875, 2.4260690212249756, 2.4221367835998535, 2.41408109664917, 2.4058425426483154, 2.397437810897827, 2.395247220993042, 2.3894426822662354, 2.3855183124542236, 2.3815276622772217, 2.37333083152771, 2.375230550765991, 2.3717682361602783, 2.3694746494293213, 2.365800142288208, 2.3635075092315674, 2.3625683784484863, 2.3595993518829346, 2.3541243076324463, 2.356027126312256, 2.353670120239258, 2.348848342895508, 2.3481826782226562, 2.346188545227051, 2.3462510108947754, 2.3426125049591064, 2.339726686477661, 2.3373868465423584, 2.3372581005096436, 2.334214687347412, 2.3283543586730957, 2.3305563926696777, 2.3250274658203125, 2.3231751918792725, 2.3217740058898926, 2.319441795349121, 2.317054033279419, 2.31327223777771, 2.3131561279296875, 2.3115274906158447, 2.3045766353607178, 2.303551435470581, 2.3001701831817627, 2.2948925495147705, 2.293184518814087, 2.290555000305176, 2.2856855392456055, 2.282421112060547, 2.2766025066375732, 2.27116060256958, 2.266629934310913, 2.2630159854888916, 2.2561023235321045, 2.2516238689422607, 2.2454617023468018, 2.235912561416626, 2.2309112548828125, 2.2247965335845947, 2.21549654006958, 2.210890293121338, 2.197361946105957, 2.184882879257202, 2.176596164703369, 2.16424560546875, 2.152787208557129, 2.1427223682403564, 2.1303517818450928, 2.1155812740325928, 2.1010560989379883, 2.0871078968048096, 2.070058822631836, 2.058363437652588, 2.0440585613250732, 2.0262537002563477, 2.0093419551849365, 1.9897102117538452, 1.9772324562072754, 1.956269383430481, 1.9446821212768555, 1.9222415685653687, 1.9082623720169067, 1.8898348808288574, 1.8681756258010864, 1.8473762273788452, 1.8324000835418701, 1.8140885829925537, 1.7993478775024414, 1.7908422946929932, 1.7748891115188599, 1.7645564079284668, 1.755096197128296, 1.7427544593811035, 1.7306303977966309, 1.7236580848693848, 1.7194392681121826, 1.7111272811889648, 1.699765682220459, 1.695516586303711, 1.6894845962524414, 1.679885983467102, 1.6732922792434692, 1.6667529344558716, 1.662718415260315, 1.6594001054763794, 1.6491061449050903, 1.6398323774337769, 1.638755440711975, 1.6298468112945557], "val_loss": [6.007997989654541, 5.925790309906006, 5.864929676055908, 5.815740585327148, 5.789918422698975, 5.772035598754883, 5.750245571136475, 5.734259128570557, 5.740026473999023, 5.713508605957031, 5.687709331512451, 5.673495769500732, 5.654556751251221, 5.646435737609863, 5.623749256134033, 5.609813213348389, 5.619762897491455, 5.600212097167969, 5.575632572174072, 5.563422203063965, 5.559195041656494, 5.542626857757568, 5.539164066314697, 5.513347625732422, 5.511964321136475, 5.495689868927002, 5.486123561859131, 5.464230537414551, 5.451859951019287, 5.443198204040527, 5.431737422943115, 5.418875217437744, 5.414511203765869, 5.396579742431641, 5.398015022277832, 5.385439395904541, 5.379086017608643, 5.358956336975098, 5.359569549560547, 5.327996253967285, 5.329286575317383, 5.3108320236206055, 5.277938365936279, 5.284518718719482, 5.261383056640625, 5.269669532775879, 5.241904258728027, 5.206831455230713, 5.194579601287842, 5.144659996032715, 5.115841865539551, 5.0823893547058105, 5.068389892578125, 5.025539875030518, 4.963936805725098, 4.939733982086182, 4.870182991027832, 4.798599720001221, 4.772511005401611, 4.682876110076904, 4.577789783477783, 4.529331684112549, 4.466342926025391, 4.395794868469238, 4.317723274230957, 4.217654228210449, 4.1509294509887695, 4.028116226196289, 3.9446749687194824, 3.865419387817383, 3.78448486328125, 3.687147378921509, 3.5998942852020264, 3.5349831581115723, 3.449352264404297, 3.3604013919830322, 3.2861883640289307, 3.2161405086517334, 3.1459662914276123, 3.091703176498413, 3.0024259090423584, 2.951205015182495, 2.886319875717163, 2.8043854236602783, 2.753063917160034, 2.687411069869995, 2.601900815963745, 2.525111675262451, 2.4822537899017334, 2.431093215942383, 2.396775722503662, 2.3344740867614746, 2.305156946182251, 2.2992703914642334, 2.259038209915161, 2.246328353881836, 2.2530593872070312, 2.237511396408081, 2.2245845794677734, 2.2412121295928955, 2.2365403175354004, 2.240288496017456, 2.237619161605835, 2.223576784133911, 2.2291343212127686, 2.205801486968994, 2.2354276180267334, 2.1914095878601074, 2.2117931842803955, 2.2332510948181152, 2.2178874015808105, 2.2449185848236084, 2.245755195617676],