{"n_parameters": 313137, "training_time": 3323.246468782425, "loss": [6.037518501281738, 5.808277130126953, 5.73173713684082, 5.65200138092041, 5.597896099090576, 5.546736717224121, 5.479301929473877, 5.435513496398926, 5.366476535797119, 5.30011510848999, 5.228556156158447, 5.145172595977783, 5.059540748596191, 4.942185401916504, 4.827112197875977, 4.722311973571777, 4.607913017272949, 4.486821174621582, 4.357339382171631, 4.254249572753906, 4.1709160804748535, 4.0763258934021, 4.006613254547119, 3.9334919452667236, 3.844841480255127, 3.789964437484741, 3.7230420112609863, 3.654428243637085, 3.613579750061035, 3.569324493408203, 3.5066652297973633, 3.432910203933716, 3.393627643585205], "rmse": [2.43959641456604, 2.3922617435455322, 2.3769471645355225, 2.3597962856292725, 2.3496458530426025, 2.3399322032928467, 2.32576322555542, 2.3161020278930664, 2.3024725914001465, 2.287569046020508, 2.272505760192871, 2.2541050910949707, 2.234205961227417, 2.208220958709717, 2.181688070297241, 2.157947540283203, 2.1315724849700928, 2.1025326251983643, 2.0709314346313477, 2.045759439468384, 2.0252020359039307, 2.0006556510925293, 1.9848839044570923, 1.966100811958313, 1.9439069032669067, 1.9296473264694214, 1.9121557474136353, 1.8939578533172607, 1.8828312158584595, 1.8715269565582275, 1.8546168804168701, 1.835073709487915, 1.824208378791809], "val_loss": [5.987308979034424, 5.864994525909424, 5.756694316864014, 5.662714958190918, 5.601623058319092, 5.51960563659668, 5.436107158660889, 5.360511779785156, 5.265079975128174, 5.179370880126953, 5.031797885894775, 4.916173458099365, 4.819109916687012, 4.601299285888672, 4.460043430328369, 4.376779079437256, 4.176064491271973, 4.095431804656982, 4.057440280914307, 4.014343738555908, 3.898081064224243, 3.8735740184783936, 3.950575113296509, 3.8654801845550537, 3.7912399768829346, 3.807589292526245, 3.897047758102417, 3.7909605503082275, 3.802778959274292, 3.845674991607666, 3.895681142807007, 3.8401267528533936, 3.829404354095459], "val_rmse": [2.4282541275024414, 2.4038209915161133, 2.3824195861816406, 2.363530158996582, 2.351182460784912, 2.3341829776763916, 2.316464900970459, 2.2999989986419678, 2.2792627811431885, 2.2605183124542236, 2.2278947830200195, 2.201676607131958, 2.1792221069335938, 2.129009246826172, 2.0954744815826416, 2.07525634765625, 2.0265700817108154, 2.0064005851745605, 1.9967217445373535, 1.9860975742340088, 1.9570358991622925, 1.9515889883041382, 1.971522331237793, 1.9504543542861938, 1.931626558303833, 1.9362297058105469, 1.9596174955368042, 1.9328670501708984, 1.9362664222717285, 1.9476721286773682, 1.9608429670333862, 1.9467430114746094, 1.9442788362503052]}