{"n_parameters": 154721, "training_time": 1654.0869624614716, "loss": [6.3925371170043945, 6.116312503814697, 6.001882553100586, 5.933468341827393, 5.87953519821167, 5.8383026123046875, 5.797820568084717, 5.784843444824219, 5.7469000816345215, 5.7535576820373535, 5.739448547363281, 5.7025065422058105, 5.702021598815918, 5.688201427459717, 5.68418025970459, 5.657299041748047, 5.6539387702941895, 5.637693405151367, 5.62790060043335, 5.634338855743408, 5.608615398406982, 5.604056358337402, 5.595409870147705], "rmse": [2.508166551589966, 2.4549899101257324, 2.432176351547241, 2.418718099594116, 2.407644033432007, 2.39910626411438, 2.3905858993530273, 2.3892650604248047, 2.380929708480835, 2.383263349533081, 2.379511833190918, 2.371854305267334, 2.3721060752868652, 2.3696258068084717, 2.36855149269104, 2.3620522022247314, 2.3621721267700195, 2.3589096069335938, 2.357002019882202, 2.358218193054199, 2.3525190353393555, 2.3513991832733154, 2.3504767417907715], "val_loss": [5.99730110168457, 5.85684061050415, 5.83473014831543, 5.83633279800415, 5.811204433441162, 5.7769856452941895, 5.744998455047607, 5.6953277587890625, 5.668419361114502, 5.686547756195068, 5.649138450622559, 5.6274285316467285, 5.612396717071533, 5.622757911682129, 5.599076271057129, 5.594569206237793, 5.591859817504883, 5.575736999511719, 5.604921340942383, 5.576586723327637, 5.581778526306152, 5.586997985839844, 5.5826005935668945], "val_rmse": [2.43163800239563, 2.4031128883361816, 2.398624897003174, 2.398674488067627, 2.3938097953796387, 2.3868494033813477, 2.380279779434204, 2.37021541595459, 2.364920139312744, 2.3684113025665283, 2.3610548973083496, 2.3566365242004395, 2.3535311222076416, 2.355576753616333, 2.3509597778320312, 2.349961519241333, 2.3494205474853516, 2.3462331295013428, 2.3520567417144775, 2.346425771713257, 2.3474862575531006, 2.348571538925171, 2.347754716873169]}