{"n_parameters": 432145, "training_time": 1712.9679684638977, "loss": [8.746016502380371, 6.139755725860596, 5.962306976318359, 5.830748558044434, 5.773736476898193, 5.713437557220459, 5.669208526611328, 5.650716304779053, 5.620907783508301, 5.576574802398682, 5.541778087615967], "rmse": [2.828056812286377, 2.4590606689453125, 2.4253387451171875, 2.398409366607666, 2.3871495723724365, 2.3749237060546875, 2.3654987812042236, 2.362154006958008, 2.356379270553589, 2.345876455307007, 2.3385732173919678], "val_loss": [5.767622470855713, 5.6049041748046875, 5.611396312713623, 5.646778583526611, 5.59415864944458, 5.526928901672363, 5.578437328338623, 5.588730335235596, 5.620382308959961, 5.564261436462402, 5.556018352508545], "val_rmse": [2.3860480785369873, 2.351243257522583, 2.352787733078003, 2.3599557876586914, 2.34936785697937, 2.3354392051696777, 2.3459417819976807, 2.3481268882751465, 2.354580879211426, 2.3428688049316406, 2.3407540321350098]}