{"n_parameters": 393201, "training_time": 9941.023439884186, "loss": [5.983432769775391, 5.797271728515625, 5.691599369049072, 5.6157684326171875, 5.559660911560059, 5.503040313720703, 5.454164505004883, 5.4124956130981445, 5.385776042938232, 5.345269680023193, 5.322996616363525, 5.273855209350586, 5.243002414703369, 5.210534572601318, 5.159689426422119, 5.1257147789001465, 5.080134391784668, 5.022402763366699, 4.977328777313232, 4.916245460510254, 4.853147506713867, 4.7702412605285645, 4.694386959075928, 4.6098151206970215, 4.520990371704102, 4.420250415802002, 4.297782897949219, 4.192958354949951, 4.07958459854126, 3.9532485008239746, 3.851029872894287, 3.752641439437866, 3.6512107849121094, 3.5484540462493896, 3.4647083282470703, 3.3876333236694336, 3.3237040042877197, 3.2510054111480713, 3.1706268787384033, 3.1026148796081543, 3.032802104949951, 2.9733617305755615, 2.9142873287200928, 2.860250949859619, 2.814263343811035, 2.7641589641571045, 2.7210142612457275, 2.681001663208008, 2.6210944652557373, 2.599360942840576, 2.5612130165100098, 2.5342466831207275, 2.508497476577759, 2.4625368118286133, 2.4419994354248047, 2.4224483966827393, 2.3885064125061035, 2.3823535442352295, 2.3502063751220703, 2.338423728942871, 2.312659740447998, 2.2983570098876953, 2.284317970275879, 2.260368824005127, 2.253244161605835, 2.2272448539733887, 2.211256980895996, 2.1916792392730713, 2.1770126819610596, 2.1587531566619873, 2.142305374145508, 2.13076114654541, 2.1268150806427, 2.105454444885254, 2.0843329429626465, 2.079782724380493, 2.0735855102539062, 2.052788019180298, 2.0477895736694336, 2.0352487564086914, 2.023160696029663, 2.026934862136841, 2.0044875144958496, 1.986143708229065, 1.979918122291565, 1.987221598625183, 1.964210033416748, 1.9577672481536865, 1.948704719543457], "rmse": [2.4289004802703857, 2.3900146484375, 2.3699591159820557, 2.353703260421753, 2.3420422077178955, 2.330897808074951, 2.320704698562622, 2.3130664825439453, 2.306293487548828, 2.297987222671509, 2.2936782836914062, 2.2829339504241943, 2.276458501815796, 2.269070863723755, 2.257704257965088, 2.2499899864196777, 2.240138053894043, 2.2277393341064453, 2.2176575660705566, 2.2038028240203857, 2.189098596572876, 2.169512987136841, 2.152467966079712, 2.1323978900909424, 2.111159324645996, 2.0864288806915283, 2.057328939437866, 2.030477285385132, 2.0030031204223633, 1.9708173274993896, 1.944427490234375, 1.918103814125061, 1.891051173210144, 1.8654032945632935, 1.842764973640442, 1.8214706182479858, 1.8038235902786255, 1.7840540409088135, 1.7612524032592773, 1.743100643157959, 1.7221676111221313, 1.7049938440322876, 1.6881382465362549, 1.67257821559906, 1.6585055589675903, 1.644590139389038, 1.6308667659759521, 1.6186213493347168, 1.6005421876907349, 1.5934839248657227, 1.5825878381729126, 1.5731430053710938, 1.564609408378601, 1.5499992370605469, 1.5442074537277222, 1.537989854812622, 1.5272657871246338, 1.5252299308776855, 1.5156105756759644, 1.5120418071746826, 1.5020419359207153, 1.497588038444519, 1.4930822849273682, 1.4853298664093018, 1.482961654663086, 1.4739431142807007, 1.4679689407348633, 1.4628920555114746, 1.457808256149292, 1.450880765914917, 1.4462631940841675, 1.44112229347229, 1.439963936805725, 1.4335139989852905, 1.426262617111206, 1.4239659309387207, 1.4223806858062744, 1.4146230220794678, 1.413591742515564, 1.4091938734054565, 1.404640555381775, 1.4056456089019775, 1.3981695175170898, 1.3917819261550903, 1.3909003734588623, 1.3924081325531006, 1.383034110069275, 1.3811177015304565, 1.3783191442489624], "val_loss": [5.809864521026611, 5.694069862365723, 5.602171421051025, 5.562459468841553, 5.5176920890808105, 5.453094959259033, 5.411320209503174, 5.381159782409668, 5.351779937744141, 5.361632347106934, 5.308216571807861, 5.249026775360107, 5.238824844360352, 5.202695369720459, 5.161169528961182, 5.168198585510254, 5.117156505584717, 5.044893741607666, 5.039124965667725, 4.909488201141357, 4.78637170791626, 4.725549221038818, 4.567936897277832, 4.4408278465271, 4.337492942810059, 4.172554016113281, 4.010314464569092, 3.8416337966918945, 3.7153351306915283, 3.563377618789673, 3.442929983139038, 3.3156731128692627, 3.2495951652526855, 3.17132830619812, 3.1135289669036865, 3.0253946781158447, 3.0025670528411865, 2.9028642177581787, 2.882526159286499, 2.8636324405670166, 2.8405745029449463, 2.822801351547241, 2.8426449298858643, 2.820746421813965, 2.8133883476257324, 2.7812459468841553, 2.7539615631103516, 2.751985788345337, 2.780097007751465, 2.7508065700531006, 2.748228073120117, 2.753657579421997, 2.7570407390594482, 2.731844186782837, 2.769700527191162, 2.781967878341675, 2.7445640563964844, 2.7792434692382812, 2.7178144454956055, 2.7104387283325195, 2.716874361038208, 2.6888561248779297, 2.702383279800415, 2.699530601501465, 2.7113051414489746, 2.6635243892669678, 2.6630020141601562, 2.6994054317474365, 2.6253116130828857, 2.6332449913024902, 2.6065847873687744, 2.6239447593688965, 2.6034903526306152, 2.610278844833374, 2.5904836654663086, 2.589938163757324, 2.586031675338745, 2.564758777618408, 2.581371307373047, 2.568312168121338, 2.554126024246216, 2.5283403396606445, 2.523569107055664, 2.4797849655151367, 2.534553050994873, 2.500971794128418, 2.5321273803710938, 2.5313899517059326, 2.5823874473571777], "val_rmse": [2.3933377265930176, 2.369882822036743, 2.3514084815979004, 2.3432583808898926, 2.3340024948120117, 2.3205058574676514, 2.3115828037261963, 2.305116653442383, 2.298743963241577, 2.30059814453125, 2.2890727519989014, 2.2762486934661865, 2.2738168239593506, 2.26582932472229, 2.2566184997558594, 2.257878303527832, 2.246554136276245, 2.2304980754852295, 2.2288761138916016, 2.1998419761657715, 2.1717100143432617, 2.15727162361145, 2.12046480178833, 2.090101480484009, 2.0648629665374756, 2.024449110031128, 1.9837772846221924, 1.940680980682373, 1.9078900814056396, 1.8676947355270386, 1.8353863954544067, 1.8005719184875488, 1.7826422452926636, 1.7611751556396484, 1.7451891899108887, 1.72046959400177, 1.7144618034362793, 1.6857484579086304, 1.6804285049438477, 1.6755199432373047, 1.6694332361221313, 1.6644529104232788, 1.6709970235824585, 1.6647748947143555, 1.6630830764770508, 1.6537048816680908, 1.645682692527771, 1.6454635858535767, 1.6542423963546753, 1.6456199884414673, 1.6449120044708252, 1.646758794784546, 1.6480389833450317, 1.6404865980148315, 1.6522096395492554, 1.6561720371246338, 1.64480721950531, 1.65546715259552, 1.6367939710617065, 1.6346384286880493, 1.6368122100830078, 1.6283460855484009, 1.632644534111023, 1.631861686706543, 1.6355315446853638, 1.6207994222640991, 1.6207770109176636, 1.6321771144866943, 1.6094064712524414, 1.6118924617767334, 1.6036678552627563, 1.6091818809509277, 1.6029301881790161, 1.6050519943237305, 1.5989629030227661, 1.5989166498184204, 1.5976157188415527, 1.5910444259643555, 1.5962729454040527, 1.5922435522079468, 1.5877569913864136, 1.5796074867248535, 1.5780739784240723, 1.564271330833435, 1.5817338228225708, 1.5710822343826294, 1.580915927886963, 1.5807738304138184, 1.5966925621032715]}