{"n_parameters": 188913, "training_time": 16830.288300275803, "loss": [5.637650966644287, 5.359455585479736, 5.123454570770264, 4.919757843017578, 4.749001502990723, 4.5900444984436035, 4.411823272705078, 4.245895862579346, 4.055708408355713, 3.832054615020752, 3.5691757202148438, 3.2961206436157227, 3.040393352508545, 2.836768865585327, 2.6617929935455322, 2.5270726680755615, 2.4278085231781006, 2.342257022857666, 2.298513889312744, 2.25089955329895, 2.216301918029785, 2.17844295501709, 2.15319561958313, 2.123875617980957, 2.1038143634796143, 2.0822739601135254, 2.0691676139831543, 2.042752265930176, 2.043187379837036, 2.0263242721557617, 2.0135891437530518, 2.0038769245147705, 1.9941041469573975, 1.9898326396942139, 1.9810556173324585, 1.9708614349365234, 1.9691085815429688, 1.9543848037719727, 1.9542338848114014, 1.9403398036956787, 1.9410890340805054, 1.9344677925109863, 1.9247742891311646, 1.9222761392593384, 1.918616771697998, 1.9034935235977173, 1.9017534255981445, 1.8973822593688965, 1.887795090675354, 1.8802622556686401, 1.8771835565567017, 1.8754609823226929, 1.8711581230163574, 1.8705202341079712, 1.85627019405365, 1.8594788312911987, 1.858270287513733, 1.8522464036941528, 1.8424152135849, 1.840223789215088, 1.835505723953247, 1.8291605710983276, 1.8278491497039795, 1.8245009183883667, 1.822810411453247, 1.8216081857681274, 1.8125643730163574, 1.808663010597229, 1.801367163658142, 1.8069857358932495, 1.7964222431182861, 1.7962173223495483, 1.79280424118042, 1.789168119430542, 1.7832200527191162, 1.7797131538391113, 1.771629810333252, 1.774375319480896, 1.7652281522750854, 1.7659107446670532, 1.757310390472412, 1.751822590827942, 1.7496559619903564, 1.747307300567627, 1.7391079664230347, 1.7398896217346191, 1.732664942741394, 1.7241199016571045, 1.7258703708648682, 1.726300597190857, 1.7150386571884155, 1.7146263122558594, 1.7026022672653198, 1.7040222883224487, 1.7027732133865356, 1.6894311904907227, 1.6902707815170288, 1.6887532472610474, 1.6761671304702759, 1.6699577569961548, 1.6681008338928223, 1.663837194442749, 1.660326600074768, 1.6507182121276855, 1.647261619567871, 1.6397830247879028, 1.6381449699401855, 1.6244710683822632, 1.6244785785675049, 1.6155678033828735, 1.6107059717178345, 1.6032721996307373, 1.6061456203460693, 1.595352292060852, 1.5844495296478271, 1.5838392972946167, 1.5728085041046143, 1.564303994178772, 1.5567171573638916, 1.5576269626617432, 1.5448989868164062, 1.5411574840545654, 1.523305892944336, 1.5238670110702515, 1.5161967277526855, 1.5101624727249146, 1.498255968093872, 1.4929347038269043, 1.488999605178833, 1.4789789915084839, 1.4680148363113403, 1.4630125761032104, 1.4625585079193115, 1.445504903793335, 1.4426591396331787, 1.4325326681137085, 1.4199827909469604, 1.4181597232818604, 1.408305048942566, 1.403738260269165, 1.3966171741485596, 1.3836040496826172, 1.3815499544143677, 1.372791051864624, 1.3655807971954346, 1.3593140840530396, 1.3533769845962524, 1.340857744216919, 1.3382165431976318, 1.3265458345413208, 1.3194208145141602, 1.3175876140594482, 1.306350827217102, 1.2970448732376099, 1.2927757501602173, 1.2876499891281128, 1.2766098976135254, 1.2799310684204102, 1.2680104970932007, 1.2598907947540283, 1.2563930749893188, 1.2473570108413696, 1.2427088022232056, 1.2385808229446411, 1.2322628498077393, 1.231116533279419, 1.223261833190918, 1.2200556993484497, 1.214154839515686, 1.208821415901184, 1.2033092975616455, 1.201125979423523, 1.1907122135162354, 1.182706356048584, 1.1852085590362549, 1.1865938901901245, 1.1755872964859009, 1.170325756072998, 1.1653282642364502, 1.1656558513641357, 1.158896565437317, 1.159794807434082, 1.1514208316802979, 1.1490715742111206, 1.139927864074707, 1.1393609046936035, 1.131070613861084, 1.130197525024414, 1.126089096069336, 1.1270641088485718, 1.1246167421340942, 1.118048906326294, 1.1142157316207886, 1.120558738708496, 1.1175670623779297, 1.1058883666992188, 1.1022330522537231, 1.1062495708465576, 1.103008508682251, 1.0961508750915527, 1.0986988544464111, 1.0957679748535156, 1.1001291275024414, 1.0860610008239746, 1.0813097953796387, 1.0838993787765503, 1.0821585655212402, 1.0784809589385986, 1.084937572479248, 1.0762587785720825, 1.0811481475830078, 1.071484088897705, 1.0755468606948853, 1.06411612033844, 1.0698637962341309, 1.0664094686508179, 1.06138277053833, 1.0603947639465332, 1.057063341140747, 1.053629755973816, 1.05615234375, 1.0560011863708496, 1.04807710647583, 1.0478390455245972, 1.0482139587402344, 1.0442968606948853, 1.0335838794708252, 1.0431184768676758, 1.0405840873718262, 1.031097173690796, 1.0326019525527954, 1.0368918180465698, 1.026572585105896, 1.0222915410995483, 1.0265343189239502, 1.022876262664795, 1.021022081375122, 1.01958429813385, 1.0188008546829224, 1.0208197832107544, 1.0189106464385986, 1.0150654315948486, 1.0111124515533447, 1.0124871730804443, 1.0097875595092773, 1.0073280334472656, 1.0085026025772095],