{"n_parameters": 203169, "training_time": 4134.789782524109, "loss": [5.842616081237793, 5.5023674964904785, 5.362066268920898, 5.2295098304748535, 5.112487316131592, 5.016695499420166, 4.894463539123535, 4.777048587799072, 4.634402751922607, 4.488915920257568, 4.326027870178223, 4.164466857910156, 4.002569198608398, 3.834095001220703, 3.6848418712615967, 3.5623745918273926, 3.456014394760132, 3.3522226810455322, 3.286379098892212, 3.1986243724823, 3.1122398376464844, 3.0681121349334717, 3.008514165878296, 2.9495489597320557, 2.9052133560180664, 2.86698579788208, 2.820199966430664, 2.789371967315674, 2.751390218734741, 2.7409143447875977, 2.710008382797241, 2.673333168029785, 2.652360677719116, 2.627664089202881, 2.60874605178833, 2.587857484817505, 2.564112663269043, 2.5426437854766846, 2.5276052951812744, 2.505119562149048, 2.478924036026001, 2.4756391048431396, 2.4665749073028564, 2.4357242584228516, 2.420241355895996, 2.4096643924713135, 2.397355556488037, 2.3862051963806152, 2.361642599105835, 2.347468376159668, 2.3308029174804688, 2.3147192001342773, 2.3149774074554443, 2.299260377883911, 2.2824060916900635, 2.26869535446167, 2.2619717121124268], "rmse": [2.399860382080078, 2.3303380012512207, 2.300874948501587, 2.272636651992798, 2.2472429275512695, 2.22590708732605, 2.197995901107788, 2.1717638969421387, 2.1379916667938232, 2.10380220413208, 2.0643434524536133, 2.024291515350342, 1.984513521194458, 1.9404445886611938, 1.9017434120178223, 1.8681193590164185, 1.8396656513214111, 1.8119559288024902, 1.7947003841400146, 1.7697906494140625, 1.7455428838729858, 1.732543706893921, 1.7158277034759521, 1.6998957395553589, 1.6868222951889038, 1.6750448942184448, 1.661144733428955, 1.651244044303894, 1.6408295631408691, 1.6372312307357788, 1.6281877756118774, 1.6159580945968628, 1.6100744009017944, 1.6036452054977417, 1.597568154335022, 1.590775728225708, 1.5839470624923706, 1.577067494392395, 1.572249412536621, 1.5649926662445068, 1.5572733879089355, 1.5563743114471436, 1.552978515625, 1.5433369874954224, 1.5384125709533691, 1.53404700756073, 1.5308562517166138, 1.5277485847473145, 1.5196055173873901, 1.5148861408233643, 1.5098942518234253, 1.503615140914917, 1.5040953159332275, 1.49924635887146, 1.4932602643966675, 1.4890350103378296, 1.4871501922607422], "val_loss": [5.628471374511719, 5.358813285827637, 5.180945873260498, 5.001108169555664, 4.842642307281494, 4.67525053024292, 4.477443218231201, 4.27817964553833, 4.13157844543457, 3.9463343620300293, 3.7441346645355225, 3.5193002223968506, 3.362717628479004, 3.1377220153808594, 3.0000951290130615, 2.8745946884155273, 2.8040010929107666, 2.737027645111084, 2.660186529159546, 2.624969005584717, 2.6297106742858887, 2.570207357406616, 2.5362627506256104, 2.528958320617676, 2.487788677215576, 2.46370005607605, 2.418267250061035, 2.441453456878662, 2.4043335914611816, 2.404334545135498, 2.378960132598877, 2.3892593383789062, 2.3549859523773193, 2.334552526473999, 2.3123559951782227, 2.2785701751708984, 2.2665700912475586, 2.2510108947753906, 2.19380784034729, 2.2696521282196045, 2.262739419937134, 2.190294027328491, 2.1945738792419434, 2.242398977279663, 2.178506851196289, 2.1727993488311768, 2.2206192016601562, 2.2196080684661865, 2.1783714294433594, 2.17460298538208, 2.167682409286499, 2.0994198322296143, 2.168752670288086, 2.1412689685821533, 2.1084325313568115, 2.1457011699676514, 2.1290297508239746], "val_rmse": [2.356506824493408, 2.3004112243652344, 2.2623322010040283, 2.2227187156677246, 2.186893939971924, 2.1482837200164795, 2.1017510890960693, 2.0537421703338623, 2.017242431640625, 1.970320463180542, 1.9178388118743896, 1.8579936027526855, 1.815084457397461, 1.7522603273391724, 1.7127220630645752, 1.6760125160217285, 1.654872179031372, 1.6352713108062744, 1.611967921257019, 1.6015727519989014, 1.6036124229431152, 1.5849316120147705, 1.574745535850525, 1.5726737976074219, 1.559889554977417, 1.5525915622711182, 1.537955403327942, 1.5460304021835327, 1.5341389179229736, 1.5344268083572388, 1.5262951850891113, 1.5299770832061768, 1.518899917602539, 1.5123990774154663, 1.5054692029953003, 1.494322419166565, 1.4905683994293213, 1.4853957891464233, 1.466044545173645, 1.4921923875808716, 1.4900298118591309, 1.4655885696411133, 1.4671839475631714, 1.4834394454956055, 1.4619728326797485, 1.4601364135742188, 1.4767473936080933, 1.4762940406799316, 1.4623528718948364, 1.461328148841858, 1.4590961933135986, 1.4355757236480713, 1.4596965312957764, 1.4500423669815063, 1.4388341903686523, 1.451882004737854, 1.4461573362350464]}