{"n_parameters": 275889, "training_time": 22724.81173825264, "loss": [5.9093337059021, 5.785491943359375, 5.707000732421875, 5.643995761871338, 5.562327861785889, 5.508111476898193, 5.441066741943359, 5.345273017883301, 5.269340515136719, 5.137200832366943, 5.011352062225342, 4.87580680847168, 4.74813175201416, 4.596977710723877, 4.447824001312256, 4.309905052185059, 4.165010929107666, 4.0055365562438965, 3.8771889209747314, 3.725144624710083, 3.582418441772461, 3.4614360332489014, 3.353303909301758, 3.2390198707580566, 3.126270055770874, 3.025999069213867, 2.9320335388183594, 2.8382368087768555, 2.7625021934509277, 2.702349901199341, 2.6298108100891113, 2.5706264972686768, 2.522660970687866, 2.4712045192718506, 2.434669017791748, 2.402056932449341, 2.353728771209717, 2.3239407539367676, 2.2778046131134033, 2.257476329803467, 2.211841344833374, 2.1793277263641357, 2.1525795459747314, 2.1287474632263184, 2.1000382900238037, 2.074082851409912, 2.0474562644958496, 2.021092176437378, 2.000277042388916, 1.984664797782898, 1.954229474067688, 1.9364373683929443, 1.917490005493164, 1.893657922744751, 1.8878840208053589, 1.85724937915802, 1.8422613143920898, 1.8257827758789062, 1.8121572732925415, 1.7973333597183228, 1.7899229526519775, 1.7744771242141724, 1.7502230405807495, 1.7553162574768066, 1.7334258556365967, 1.7272403240203857, 1.7164585590362549, 1.7033103704452515, 1.6913082599639893, 1.6893166303634644, 1.6730115413665771, 1.6634782552719116, 1.6576594114303589, 1.651810646057129, 1.6442450284957886, 1.6365364789962769, 1.622846245765686, 1.618953824043274, 1.6161909103393555, 1.6044529676437378, 1.5942403078079224, 1.5956147909164429, 1.5774431228637695, 1.5736825466156006, 1.5690741539001465, 1.56217622756958, 1.5602855682373047, 1.5447070598602295, 1.5371348857879639, 1.5365458726882935, 1.5204052925109863, 1.518614649772644, 1.5231459140777588, 1.5064465999603271, 1.5084922313690186, 1.5015368461608887, 1.4968804121017456, 1.484484076499939, 1.483961582183838, 1.473967432975769, 1.469437837600708, 1.4594447612762451, 1.461338758468628, 1.4432144165039062, 1.448386788368225, 1.4373780488967896, 1.428423523902893, 1.4289966821670532, 1.4206894636154175, 1.4119218587875366, 1.4067288637161255, 1.3928383588790894, 1.3917075395584106, 1.3815165758132935, 1.3782728910446167, 1.3743950128555298, 1.368064284324646, 1.3572639226913452, 1.3535029888153076, 1.3489893674850464, 1.3415988683700562, 1.334235668182373, 1.3308743238449097, 1.3254860639572144, 1.3164254426956177, 1.3153486251831055, 1.3058964014053345, 1.2993416786193848, 1.2937406301498413, 1.2826027870178223, 1.2816678285598755, 1.2722238302230835, 1.2670851945877075, 1.2623971700668335, 1.260363221168518, 1.2523070573806763, 1.2447187900543213, 1.2401857376098633, 1.2351291179656982, 1.230480432510376, 1.2208291292190552, 1.2203463315963745, 1.214853048324585, 1.2096341848373413, 1.1963766813278198, 1.1906932592391968, 1.190729022026062, 1.1817398071289062, 1.1760228872299194, 1.1683822870254517, 1.1634857654571533, 1.1634764671325684, 1.1539009809494019, 1.145688772201538, 1.1436874866485596, 1.1344581842422485, 1.132798433303833, 1.1192620992660522, 1.1159464120864868, 1.1109708547592163, 1.1090880632400513, 1.105254054069519, 1.0973988771438599, 1.0896066427230835, 1.0875003337860107, 1.0798670053482056, 1.0695488452911377, 1.0723637342453003, 1.0679631233215332, 1.058892846107483, 1.0522667169570923, 1.0449796915054321, 1.0441172122955322, 1.0309704542160034, 1.0341088771820068, 1.0200796127319336, 1.019744873046875, 1.0124040842056274, 1.0105746984481812, 1.002118468284607, 0.9983282089233398, 0.9947375059127808, 0.9912168979644775, 0.9807541966438293, 0.9733269214630127, 0.971613347530365, 0.9681916236877441, 0.9633631706237793, 0.954980731010437, 0.9467470645904541, 0.9429581761360168, 0.9376298189163208, 0.9307073950767517, 0.9338492751121521, 0.9292875528335571, 0.9173673391342163, 0.917698323726654, 0.9026952981948853, 0.9023508429527283, 0.8991134762763977, 0.8967200517654419, 0.891339898109436, 0.8848558068275452, 0.8835746645927429, 0.8804431557655334, 0.8739604353904724, 0.870489776134491, 0.863921046257019, 0.8635120391845703, 0.8574262261390686, 0.8547599911689758, 0.8500491380691528, 0.8453875184059143, 0.8469038009643555, 0.8379144668579102, 0.8364036083221436, 0.8297268748283386, 0.8263788223266602, 0.8209802508354187, 0.8194350004196167, 0.8146052360534668, 0.8114644885063171, 0.8050301671028137, 0.8078886270523071, 0.8020643591880798, 0.797021746635437, 0.7967271208763123, 0.792384147644043, 0.7867202758789062, 0.7819369435310364, 0.7849719524383545, 0.7769343852996826, 0.7717664241790771, 0.7720537781715393, 0.7703366279602051, 0.7593366503715515, 0.7622737288475037],