{"n_parameters": 330657, "training_time": 4075.36932516098, "loss": [5.9991021156311035, 5.808708190917969, 5.69839334487915, 5.611108303070068, 5.528831481933594, 5.463332176208496, 5.413669109344482, 5.353454113006592, 5.290818691253662, 5.2419819831848145, 5.179616451263428, 5.127503395080566, 5.059945583343506, 4.995145320892334, 4.9192280769348145, 4.8477301597595215, 4.780996322631836, 4.6811137199401855, 4.594143390655518, 4.502133369445801, 4.401088714599609, 4.2761759757995605, 4.162725925445557, 4.0411553382873535, 3.906400680541992, 3.767138719558716, 3.614197254180908, 3.495325803756714, 3.3625094890594482, 3.238058090209961, 3.1315717697143555, 3.008122444152832, 2.9070932865142822, 2.8201675415039062, 2.728817939758301, 2.649691343307495, 2.5836868286132812, 2.5214245319366455, 2.47334361076355, 2.4326367378234863], "rmse": [2.4305667877197266, 2.393362045288086, 2.3704028129577637, 2.35227370262146, 2.336418867111206, 2.3230526447296143, 2.311781406402588, 2.2990336418151855, 2.286160469055176, 2.275557279586792, 2.2616965770721436, 2.2500710487365723, 2.235372543334961, 2.221428871154785, 2.2039031982421875, 2.1872050762176514, 2.1722233295440674, 2.1492700576782227, 2.1285650730133057, 2.1067583560943604, 2.0822830200195312, 2.051220178604126, 2.0235297679901123, 1.9933252334594727, 1.95870840549469, 1.9231867790222168, 1.882447361946106, 1.8502225875854492, 1.8141947984695435, 1.7811214923858643, 1.7504931688308716, 1.7156312465667725, 1.6862967014312744, 1.662176489830017, 1.6341043710708618, 1.6094989776611328, 1.5897566080093384, 1.570190191268921, 1.5543595552444458, 1.5412012338638306], "val_loss": [5.815425872802734, 5.672872066497803, 5.588763236999512, 5.552316188812256, 5.487667083740234, 5.436994552612305, 5.372393608093262, 5.350152492523193, 5.2725443840026855, 5.189105033874512, 5.150809288024902, 5.109663963317871, 5.037876129150391, 5.004487991333008, 4.883080959320068, 4.8609466552734375, 4.756716251373291, 4.654074668884277, 4.557424068450928, 4.476674556732178, 4.345824718475342, 4.291100025177002, 4.151495933532715, 4.044763088226318, 3.8946192264556885, 3.8292412757873535, 3.7229981422424316, 3.6578433513641357, 3.617232084274292, 3.546792507171631, 3.516017198562622, 3.434621810913086, 3.4569921493530273, 3.412721633911133, 3.382652759552002, 3.421459913253784, 3.4390532970428467, 3.450955390930176, 3.4644405841827393, 3.429769515991211], "val_rmse": [2.3943138122558594, 2.365448236465454, 2.348256826400757, 2.340798854827881, 2.3274784088134766, 2.316941022872925, 2.30322003364563, 2.298203468322754, 2.28136944770813, 2.2630696296691895, 2.254437208175659, 2.245107650756836, 2.229057550430298, 2.2212414741516113, 2.193866729736328, 2.188297748565674, 2.164233684539795, 2.140209197998047, 2.117213726043701, 2.097608804702759, 2.0660207271575928, 2.052096366882324, 2.0176265239715576, 1.990796446800232, 1.9528241157531738, 1.9362871646881104, 1.9091781377792358, 1.8929129838943481, 1.8827396631240845, 1.8650364875793457, 1.8576725721359253, 1.8363596200942993, 1.8430954217910767, 1.8319305181503296, 1.824172854423523, 1.8351795673370361, 1.8402780294418335, 1.8436412811279297, 1.8476078510284424, 1.838651418685913]}