{"n_parameters": 258593, "training_time": 15716.743228197098, "loss": [7.981594085693359, 6.053844928741455, 5.392305850982666, 5.349611759185791, 5.330114364624023, 5.313934326171875, 5.2944865226745605, 5.270152568817139, 5.245333671569824, 5.221858501434326, 5.18946647644043, 5.1530256271362305, 5.111230373382568, 5.055872440338135, 4.982925891876221, 4.905881404876709, 4.795820713043213, 4.669311046600342, 4.5018310546875, 4.306196212768555, 4.08562707901001, 3.8581817150115967, 3.6216070652008057, 3.4134812355041504, 3.21958065032959, 3.053697347640991, 2.9110279083251953, 2.802946090698242, 2.7026970386505127, 2.6188316345214844, 2.5403456687927246, 2.4759464263916016, 2.4041192531585693, 2.3488736152648926, 2.3036530017852783, 2.2502336502075195, 2.212664842605591, 2.1682586669921875, 2.1311237812042236, 2.107374429702759, 2.075070858001709, 2.050243854522705, 2.027918815612793, 2.0018932819366455, 1.9834156036376953, 1.9772474765777588, 1.9556480646133423, 1.9472852945327759, 1.9317888021469116, 1.9200034141540527, 1.9070427417755127, 1.900391697883606, 1.8890318870544434, 1.8747838735580444, 1.8775538206100464, 1.8627290725708008, 1.8599152565002441, 1.8446346521377563, 1.8364123106002808, 1.8352502584457397, 1.8258119821548462, 1.813671350479126, 1.811115026473999, 1.8020055294036865, 1.7943880558013916, 1.790326476097107, 1.7859357595443726, 1.7781423330307007, 1.768187403678894, 1.7628493309020996, 1.7577013969421387, 1.7497812509536743, 1.7479009628295898, 1.7297757863998413, 1.7327415943145752, 1.7298318147659302, 1.719156265258789, 1.7155115604400635, 1.7139477729797363, 1.7015639543533325, 1.6984014511108398, 1.6920331716537476, 1.6852316856384277, 1.6784400939941406, 1.6718122959136963, 1.6654860973358154, 1.659109354019165, 1.6536811590194702, 1.6480050086975098, 1.644814133644104, 1.6307263374328613, 1.627871036529541, 1.6224044561386108, 1.6201000213623047, 1.6107118129730225, 1.602733850479126, 1.5991326570510864, 1.5933560132980347, 1.5826548337936401, 1.5792838335037231, 1.568281650543213, 1.557547688484192, 1.551505446434021, 1.5435998439788818, 1.5384907722473145, 1.5294100046157837, 1.526054859161377, 1.514117956161499, 1.5053707361221313, 1.4946542978286743, 1.4859097003936768, 1.4771846532821655, 1.4741828441619873, 1.4613486528396606, 1.451229214668274, 1.4392768144607544, 1.433685302734375, 1.4175533056259155, 1.4086805582046509, 1.4011167287826538, 1.3912478685379028, 1.3775395154953003, 1.3764742612838745, 1.3574341535568237, 1.3438111543655396, 1.34140944480896, 1.3324065208435059, 1.321447491645813, 1.307763695716858, 1.2973544597625732, 1.2904434204101562, 1.27794349193573, 1.2694534063339233, 1.2610927820205688, 1.2447251081466675, 1.2366069555282593, 1.2338095903396606, 1.2201368808746338, 1.2140964269638062, 1.203270673751831, 1.197424292564392, 1.188222885131836, 1.18134605884552, 1.1708542108535767, 1.1594724655151367, 1.1541954278945923, 1.153438687324524, 1.1384581327438354, 1.136752724647522, 1.1318402290344238, 1.126386284828186, 1.1173044443130493, 1.1129733324050903, 1.102400779724121, 1.1073192358016968, 1.1052813529968262, 1.0969228744506836, 1.0944234132766724, 1.0836303234100342, 1.0780776739120483, 1.0771656036376953, 1.0732862949371338, 1.0678505897521973, 1.0643057823181152, 1.0661033391952515, 1.0637315511703491, 1.0569208860397339, 1.0546658039093018, 1.049612283706665, 1.0450080633163452, 1.0442800521850586, 1.038590669631958, 1.037084698677063, 1.0316466093063354, 1.0280518531799316], "rmse": [2.808366537094116, 2.444981575012207, 2.308213949203491, 2.2977864742279053, 2.2945713996887207, 2.2919223308563232, 2.286654472351074, 2.2808635234832764, 2.2754149436950684, 2.270914316177368, 2.263725996017456, 2.2560667991638184, 2.246147394180298, 2.2346060276031494, 2.217930316925049, 2.2005457878112793, 2.1757640838623047, 2.146303176879883, 2.10719895362854, 2.0609793663024902, 2.006381034851074, 1.9499201774597168, 1.8883215188980103, 1.8338711261749268, 1.7796244621276855, 1.7331037521362305, 1.6914645433425903, 1.6592848300933838, 1.6291718482971191, 1.6037269830703735, 1.5798643827438354, 1.558974027633667, 1.5360010862350464, 1.518165946006775, 1.5035920143127441, 1.4858640432357788, 1.4729012250900269, 1.4587452411651611, 1.4459902048110962, 1.4378899335861206, 1.4272677898406982, 1.4175481796264648, 1.4106299877166748, 1.401035189628601, 1.3953487873077393, 1.3928275108337402, 1.3849763870239258, 1.3814743757247925, 1.3770304918289185, 1.3722714185714722, 1.3675715923309326, 1.3647347688674927, 1.3615572452545166, 1.3565846681594849, 1.3572651147842407, 1.3511428833007812, 1.3500123023986816, 1.344407558441162, 1.34219491481781, 1.340739130973816, 1.3378448486328125, 1.3331248760223389, 1.332879662513733, 1.3284941911697388, 1.3260231018066406, 1.3240381479263306, 1.3232777118682861, 1.319696068763733, 1.3164376020431519, 1.3141025304794312, 1.3125027418136597, 1.309614658355713, 1.3090115785598755, 1.3019545078277588, 1.3029863834381104, 1.302213191986084, 1.297394871711731, 1.2962744235992432, 1.2955509424209595, 1.2902805805206299, 1.2899541854858398, 1.2871302366256714, 1.2852507829666138, 1.281693696975708, 1.279664158821106, 1.2767752408981323, 1.274438500404358, 1.27226722240448, 1.2704482078552246, 1.2684725522994995, 1.2630791664123535, 1.2616733312606812, 1.2606087923049927, 1.259594202041626, 1.2557578086853027, 1.2529621124267578, 1.2508207559585571, 1.2491182088851929, 1.2442561388015747, 1.242411494255066, 1.239014983177185, 1.2350432872772217, 1.2320102453231812, 1.228861927986145, 1.2271993160247803, 1.2232377529144287, 1.2222940921783447, 1.217458724975586, 1.2130320072174072, 1.2088959217071533, 1.205284833908081, 1.2018630504608154, 1.2014433145523071, 1.195631504058838, 1.1909626722335815, 1.1863749027252197, 1.1844290494918823, 1.1781346797943115, 1.173478603363037, 1.1711426973342896, 1.1664388179779053, 1.1607110500335693, 1.160638451576233, 1.152071475982666, 1.1457934379577637, 1.1456642150878906, 1.1410908699035645, 1.1368547677993774, 1.1306231021881104, 1.1264673471450806, 1.1230846643447876, 1.1175646781921387, 1.1132510900497437, 1.109802007675171, 1.102378249168396, 1.0989809036254883, 1.098017692565918, 1.0911461114883423, 1.0888272523880005, 1.0835027694702148, 1.0810878276824951, 1.0772455930709839, 1.07354736328125, 1.0689735412597656, 1.0637208223342896, 1.061100721359253, 1.0597505569458008, 1.0533359050750732, 1.0526959896087646, 1.0503482818603516, 1.0480222702026367, 1.0442534685134888, 1.0410479307174683, 1.0361477136611938, 1.0387552976608276, 1.0379722118377686, 1.034719467163086, 1.03278386592865, 1.0275170803070068, 1.0242894887924194, 1.0248216390609741, 1.0219497680664062, 1.0188076496124268, 1.01801598072052, 1.0191254615783691, 1.0174472332000732, 1.0143238306045532, 1.0126230716705322, 1.0111732482910156, 1.0091835260391235, 1.0074999332427979, 1.0051130056381226, 1.0041110515594482, 1.00159752368927, 1.0001932382583618],