{"n_parameters": 256369, "training_time": 578.0249795913696, "loss": [6.556939125061035, 6.399482250213623, 6.28701639175415, 6.223191738128662, 6.165895938873291, 6.113391399383545], "rmse": [2.542367696762085, 2.5109777450561523, 2.489271879196167, 2.4757628440856934, 2.464552402496338, 2.455177068710327], "val_loss": [6.006834506988525, 6.008530139923096, 6.0168776512146, 6.018472671508789, 6.0211944580078125, 6.013026714324951], "val_rmse": [2.433393716812134, 2.433528184890747, 2.4348127841949463, 2.4353413581848145, 2.4363396167755127, 2.434375286102295]}