{"n_parameters": 209729, "training_time": 7601.41440653801, "loss": [5.9221577644348145, 5.694721698760986, 5.594160079956055, 5.507928848266602, 5.438042640686035, 5.382920742034912, 5.330288887023926, 5.2667717933654785, 5.19685697555542, 5.122945785522461, 5.043669700622559, 4.967562675476074, 4.879532814025879, 4.77504825592041, 4.654044151306152, 4.53474235534668, 4.391208171844482, 4.243175506591797, 4.0789384841918945, 3.898411512374878, 3.712465763092041, 3.515399694442749, 3.353672742843628, 3.1984004974365234, 3.0624918937683105, 2.943218946456909, 2.830580234527588, 2.746351718902588, 2.6573493480682373, 2.5858983993530273, 2.52471661567688, 2.4644274711608887, 2.4148857593536377, 2.3732383251190186, 2.3173022270202637, 2.287518262863159, 2.244048833847046, 2.217344284057617, 2.1804237365722656, 2.1580400466918945, 2.13154935836792, 2.1023457050323486, 2.085354804992676, 2.0509798526763916, 2.0381555557250977, 2.018249988555908, 1.9951475858688354, 1.97813880443573, 1.9546540975570679, 1.9450069665908813, 1.9220128059387207, 1.911919355392456, 1.902349829673767, 1.885677456855774, 1.869044542312622, 1.8614224195480347, 1.8482171297073364, 1.8430438041687012, 1.826740026473999, 1.8234599828720093, 1.8151164054870605, 1.8019263744354248, 1.798741340637207, 1.7898690700531006, 1.790103554725647, 1.776819109916687, 1.7728532552719116, 1.7682374715805054, 1.7642549276351929, 1.7612888813018799, 1.7546329498291016, 1.7510054111480713, 1.7526262998580933, 1.7402619123458862, 1.7400490045547485, 1.7370012998580933, 1.7312090396881104, 1.7194489240646362, 1.7210485935211182, 1.719709038734436, 1.7118455171585083, 1.713813066482544, 1.7098135948181152, 1.7021933794021606, 1.6981890201568604, 1.6953855752944946, 1.696997046470642, 1.6909009218215942, 1.6853255033493042, 1.6818546056747437, 1.6705381870269775, 1.6763865947723389, 1.6703921556472778, 1.6673392057418823, 1.6620186567306519, 1.6640315055847168, 1.6602799892425537, 1.6535197496414185], "rmse": [2.4137043952941895, 2.3686463832855225, 2.3492512702941895, 2.331434488296509, 2.3164145946502686, 2.305424690246582, 2.293717861175537, 2.280963182449341, 2.265509843826294, 2.2501537799835205, 2.2324960231781006, 2.214437246322632, 2.1951053142547607, 2.171276807785034, 2.1435163021087646, 2.1152052879333496, 2.081170082092285, 2.0453031063079834, 2.0044639110565186, 1.958455204963684, 1.9105955362319946, 1.8574464321136475, 1.8136277198791504, 1.7698777914047241, 1.7305428981781006, 1.697021722793579, 1.6636652946472168, 1.6374849081039429, 1.6105366945266724, 1.5883458852767944, 1.5690051317214966, 1.5512760877609253, 1.5342156887054443, 1.5209457874298096, 1.5015614032745361, 1.4929249286651611, 1.4780834913253784, 1.4701716899871826, 1.4570083618164062, 1.4494454860687256, 1.4410580396652222, 1.4308184385299683, 1.4242950677871704, 1.4131890535354614, 1.4088728427886963, 1.4018385410308838, 1.3943097591400146, 1.3886611461639404, 1.3793623447418213, 1.375046968460083, 1.368631362915039, 1.3651896715164185, 1.3616079092025757, 1.3556227684020996, 1.349629521369934, 1.3462857007980347, 1.3419575691223145, 1.340714931488037, 1.3339530229568481, 1.3327734470367432, 1.3302156925201416, 1.325200080871582, 1.3247253894805908, 1.321164608001709, 1.3207517862319946, 1.3157365322113037, 1.3143155574798584, 1.3126730918884277, 1.3118120431900024, 1.3100519180297852, 1.3078343868255615, 1.3069322109222412, 1.3078378438949585, 1.3019615411758423, 1.3034968376159668, 1.3015239238739014, 1.2990819215774536, 1.2951585054397583, 1.2947343587875366, 1.2944148778915405, 1.2921757698059082, 1.2931783199310303, 1.2912230491638184, 1.288644790649414, 1.286580204963684, 1.2854318618774414, 1.286691665649414, 1.2840855121612549, 1.2821553945541382, 1.2805942296981812, 1.2767475843429565, 1.278030276298523, 1.2762424945831299, 1.2747596502304077, 1.2730605602264404, 1.27344810962677, 1.2724454402923584, 1.2704306840896606], "val_loss": [5.79620885848999, 5.616325855255127, 5.529999256134033, 5.459991931915283, 5.410977840423584, 5.347252368927002, 5.25275182723999, 5.148377895355225, 5.008049488067627, 4.89857292175293, 4.8016510009765625, 4.708337306976318, 4.617424964904785, 4.508488178253174, 4.375555038452148, 4.219351291656494, 4.065381050109863, 3.9090607166290283, 3.7582640647888184, 3.5849294662475586, 3.355724811553955, 3.199207305908203, 3.048607587814331, 2.9266810417175293, 2.8120906352996826, 2.7209174633026123, 2.655432939529419, 2.588662624359131, 2.5319740772247314, 2.474097967147827, 2.4113106727600098, 2.377824544906616, 2.3342819213867188, 2.3013811111450195, 2.257342576980591, 2.2248899936676025, 2.19427227973938, 2.181685209274292, 2.184523582458496, 2.134415626525879, 2.133476734161377, 2.124532699584961, 2.088826894760132, 2.065168619155884, 2.04632306098938, 2.0661046504974365, 2.0491418838500977, 2.013763904571533, 2.0196430683135986, 1.988386631011963, 1.9790563583374023, 1.9685879945755005, 1.9713945388793945, 1.9330824613571167, 1.9089282751083374, 1.9184606075286865, 1.8983699083328247, 1.9078900814056396, 1.8907172679901123, 1.882254719734192, 1.8765227794647217, 1.869909405708313, 1.8530782461166382, 1.8583393096923828, 1.8434144258499146, 1.8590154647827148, 1.8407660722732544, 1.8428981304168701, 1.8460336923599243, 1.8316701650619507, 1.8381609916687012, 1.8314298391342163, 1.8295717239379883, 1.8234468698501587, 1.823946475982666, 1.8163576126098633, 1.807715654373169, 1.813075304031372, 1.8119782209396362, 1.8047436475753784, 1.8063876628875732, 1.7920125722885132, 1.7930989265441895, 1.7975298166275024, 1.7968000173568726, 1.785582423210144, 1.7832826375961304, 1.7801120281219482, 1.772161602973938, 1.7811641693115234, 1.7727320194244385, 1.771283507347107, 1.7684768438339233, 1.7732937335968018, 1.7689261436462402, 1.7724642753601074, 1.7730528116226196, 1.769122838973999], "val_rmse": [2.390662431716919, 2.3541042804718018, 2.3367090225219727, 2.3224921226501465, 2.3122735023498535, 2.2989888191223145, 2.2783284187316895, 2.2554779052734375, 2.224146842956543, 2.1993610858917236, 2.177283763885498, 2.1557586193084717, 2.1346304416656494, 2.109062671661377, 2.077298641204834, 2.039524555206299, 2.0014166831970215, 1.961869716644287, 1.9227313995361328, 1.87677800655365, 1.8146755695343018, 1.7710236310958862, 1.7283238172531128, 1.6927087306976318, 1.6587047576904297, 1.6311358213424683, 1.6109930276870728, 1.5902202129364014, 1.5725277662277222, 1.5541881322860718, 1.5339936017990112, 1.5230907201766968, 1.5089386701583862, 1.4981769323349, 1.48353910446167, 1.4727810621261597, 1.4625935554504395, 1.458433985710144, 1.4595603942871094, 1.4423682689666748, 1.4420872926712036, 1.439191460609436, 1.4268162250518799, 1.4187332391738892, 1.4121646881103516, 1.4192031621932983, 1.4133421182632446, 1.400957465171814, 1.4031291007995605, 1.3921505212783813, 1.3888229131698608, 1.3852040767669678, 1.38623046875, 1.3726261854171753, 1.3641003370285034, 1.3674297332763672, 1.3603976964950562, 1.363692045211792, 1.357759714126587, 1.3545128107070923, 1.3524631261825562, 1.350089192390442, 1.344174861907959, 1.3459967374801636, 1.3406764268875122, 1.346290946006775, 1.339844822883606, 1.340560793876648, 1.3416587114334106, 1.3365548849105835, 1.338747262954712, 1.3364143371582031, 1.3357652425765991, 1.3335381746292114, 1.3337900638580322, 1.331071376800537, 1.3279750347137451, 1.3299320936203003, 1.3295624256134033, 1.326845407485962, 1.3275508880615234, 1.3224331140518188, 1.3226516246795654, 1.32404625415802, 1.323826789855957, 1.3199303150177002, 1.3190914392471313, 1.317787528038025, 1.3149539232254028, 1.3182750940322876, 1.3151248693466187, 1.314515471458435, 1.3134775161743164, 1.3155430555343628, 1.3136012554168701, 1.3147978782653809, 1.3151177167892456, 1.3135435581207275]}