{"n_parameters": 230849, "training_time": 6321.371580839157, "loss": [6.497318744659424, 5.864952564239502, 5.712313175201416, 5.62706995010376, 5.564359664916992, 5.519874095916748, 5.477866172790527, 5.441850662231445, 5.405361175537109, 5.386249542236328, 5.320582866668701, 5.2990264892578125, 5.244070053100586, 5.1984429359436035, 5.1561598777771, 5.099893569946289, 5.054320812225342, 4.960083484649658, 4.897372722625732, 4.818243980407715, 4.731570243835449, 4.6480183601379395, 4.5500311851501465, 4.46383810043335, 4.375136852264404, 4.2731451988220215, 4.188541889190674, 4.1078314781188965, 4.033108711242676, 3.948941230773926, 3.880352020263672, 3.797773599624634, 3.7325823307037354, 3.6736321449279785, 3.588416337966919, 3.533146619796753, 3.457104206085205, 3.3956310749053955, 3.339507818222046, 3.2757222652435303, 3.2465980052948, 3.183488368988037, 3.152222156524658, 3.098902702331543, 3.089285373687744, 3.0507071018218994, 3.0084140300750732, 2.9977452754974365, 2.9589638710021973, 2.933880090713501, 2.908040761947632, 2.895320177078247, 2.8642497062683105, 2.8544228076934814, 2.838397264480591, 2.80181622505188, 2.790827751159668, 2.77675461769104, 2.7726798057556152, 2.7447173595428467, 2.7525687217712402, 2.721651554107666, 2.715304136276245, 2.6980223655700684, 2.6853668689727783, 2.672424793243408, 2.655296802520752, 2.649380922317505, 2.637516498565674, 2.6284432411193848, 2.6141555309295654, 2.5875139236450195, 2.580918550491333, 2.5820019245147705, 2.562727689743042, 2.5495851039886475, 2.544865846633911], "rmse": [2.5198843479156494, 2.4040768146514893, 2.3738183975219727, 2.3563294410705566, 2.3438172340393066, 2.3339357376098633, 2.3260819911956787, 2.3179991245269775, 2.3094775676727295, 2.3063933849334717, 2.292407751083374, 2.286785125732422, 2.2746689319610596, 2.2657177448272705, 2.2561111450195312, 2.2430291175842285, 2.233365535736084, 2.2116010189056396, 2.19732666015625, 2.179767608642578, 2.1599204540252686, 2.139927625656128, 2.1169018745422363, 2.0962107181549072, 2.0745790004730225, 2.049651622772217, 2.0298233032226562, 2.00955867767334, 1.9906247854232788, 1.968953013420105, 1.9524434804916382, 1.9312766790390015, 1.9146162271499634, 1.8994169235229492, 1.877261996269226, 1.8619437217712402, 1.8416634798049927, 1.8257803916931152, 1.8110255002975464, 1.7937817573547363, 1.7841994762420654, 1.7676976919174194, 1.7595301866531372, 1.7435680627822876, 1.741797685623169, 1.7299643754959106, 1.717956781387329, 1.7152924537658691, 1.7037676572799683, 1.696699619293213, 1.6887096166610718, 1.6852904558181763, 1.676285743713379, 1.6739327907562256, 1.6678320169448853, 1.6582380533218384, 1.655065894126892, 1.6507270336151123, 1.6492713689804077, 1.6409202814102173, 1.642706274986267, 1.633204698562622, 1.6311241388320923, 1.626284122467041, 1.6219958066940308, 1.6184557676315308, 1.6131718158721924, 1.6122971773147583, 1.6085749864578247, 1.605233073234558, 1.6011205911636353, 1.5929033756256104, 1.5904371738433838, 1.5899584293365479, 1.5848097801208496, 1.5806835889816284, 1.5791159868240356], "val_loss": [5.920175552368164, 5.751607418060303, 5.627432823181152, 5.550945281982422, 5.50431489944458, 5.387873649597168, 5.337766170501709, 5.297375202178955, 5.196962356567383, 5.109062194824219, 5.06677770614624, 5.011814117431641, 4.960296154022217, 4.876556873321533, 4.789396286010742, 4.694876194000244, 4.630181789398193, 4.506206035614014, 4.373208999633789, 4.302788734436035, 4.117830753326416, 3.950267791748047, 3.7923600673675537, 3.6356592178344727, 3.4762625694274902, 3.3481504917144775, 3.229429006576538, 3.1412038803100586, 3.0527446269989014, 2.9752557277679443, 2.9088118076324463, 2.8258354663848877, 2.73077654838562, 2.6525797843933105, 2.5794081687927246, 2.5242156982421875, 2.47438907623291, 2.4358575344085693, 2.4055328369140625, 2.350615978240967, 2.337036371231079, 2.284623861312866, 2.2669639587402344, 2.237527370452881, 2.2137973308563232, 2.1854608058929443, 2.170768976211548, 2.1610405445098877, 2.1222574710845947, 2.1382555961608887, 2.095097064971924, 2.095766067504883, 2.0564212799072266, 2.05765438079834, 2.0576467514038086, 2.042996883392334, 2.03686261177063, 1.9930427074432373, 2.0248475074768066, 1.9878813028335571, 1.95476233959198, 1.9898542165756226, 1.9753291606903076, 1.9579554796218872, 1.9824457168579102, 1.953730583190918, 1.924119234085083, 1.9306087493896484, 1.9564367532730103, 1.9176843166351318, 1.9186018705368042, 1.894543170928955, 1.9101076126098633, 1.9044711589813232, 1.903050184249878, 1.9001070261001587, 1.9383516311645508], "val_rmse": [2.415640115737915, 2.381824254989624, 2.3568787574768066, 2.340942621231079, 2.331162214279175, 2.3069305419921875, 2.2960493564605713, 2.2870845794677734, 2.265275239944458, 2.246154308319092, 2.236379861831665, 2.223949670791626, 2.2122859954833984, 2.193542718887329, 2.173694610595703, 2.151933431625366, 2.1365714073181152, 2.1073620319366455, 2.0754992961883545, 2.0580012798309326, 2.0128188133239746, 1.9706981182098389, 1.9299451112747192, 1.8887351751327515, 1.8462703227996826, 1.811215877532959, 1.7782299518585205, 1.7532951831817627, 1.7282544374465942, 1.7060052156448364, 1.6869518756866455, 1.6624161005020142, 1.63455069065094, 1.6113070249557495, 1.588600754737854, 1.5717504024505615, 1.5560468435287476, 1.5439790487289429, 1.5348217487335205, 1.5171018838882446, 1.512871503829956, 1.4958800077438354, 1.4902023077011108, 1.4808529615402222, 1.472901463508606, 1.4636821746826172, 1.4589141607284546, 1.4556089639663696, 1.4424362182617188, 1.4483176469802856, 1.43325936794281, 1.4336817264556885, 1.4196562767028809, 1.420337438583374, 1.4201542139053345, 1.4153046607971191, 1.413159966468811, 1.3974709510803223, 1.4089603424072266, 1.3957481384277344, 1.3840398788452148, 1.3966519832611084, 1.3912560939788818, 1.3851031064987183, 1.3935524225234985, 1.3836162090301514, 1.3729734420776367, 1.3755927085876465, 1.3844407796859741, 1.3700568675994873, 1.3709156513214111, 1.3622891902923584, 1.3678380250930786, 1.3655418157577515, 1.3653302192687988, 1.3640906810760498, 1.3782271146774292]}