{"n_parameters": 460273, "training_time": 5537.454246759415, "loss": [6.256443977355957, 6.096480846405029, 5.987664699554443, 5.928339004516602, 5.857557773590088, 5.845099925994873, 5.807990074157715, 5.783848762512207, 5.760924816131592, 5.7511305809021, 5.722660541534424, 5.70208740234375, 5.6875529289245605, 5.67513370513916, 5.653071880340576, 5.637653350830078, 5.630913257598877, 5.62096643447876, 5.609020709991455, 5.600896835327148, 5.5821733474731445, 5.574069499969482, 5.569824695587158, 5.563065052032471, 5.547867774963379, 5.528018474578857, 5.537413597106934, 5.525585174560547, 5.51310920715332, 5.520040512084961, 5.50693941116333, 5.500708103179932, 5.495131492614746, 5.486315727233887, 5.484740257263184, 5.476305961608887, 5.4759416580200195, 5.482264995574951, 5.4711103439331055, 5.476871013641357, 5.456455230712891, 5.46873140335083, 5.4517412185668945, 5.448787212371826, 5.446322441101074, 5.445121765136719, 5.444833278656006, 5.442200660705566, 5.436054706573486, 5.43146276473999, 5.426008224487305], "rmse": [2.482271671295166, 2.4515445232391357, 2.42990779876709, 2.417168378829956, 2.4022216796875, 2.4002654552459717, 2.393134117126465, 2.3869500160217285, 2.383422374725342, 2.3817172050476074, 2.3760364055633545, 2.3717870712280273, 2.368837356567383, 2.365917444229126, 2.3621249198913574, 2.358699321746826, 2.3578567504882812, 2.3551528453826904, 2.3527019023895264, 2.3510994911193848, 2.3480465412139893, 2.34596586227417, 2.344874382019043, 2.342435836791992, 2.341200113296509, 2.336169719696045, 2.337000608444214, 2.3357341289520264, 2.333280086517334, 2.3348889350891113, 2.331740617752075, 2.331167221069336, 2.329514503479004, 2.327279806137085, 2.3278868198394775, 2.3259270191192627, 2.3255200386047363, 2.3270504474639893, 2.324253559112549, 2.325932025909424, 2.321073055267334, 2.3243303298950195, 2.3201277256011963, 2.3206071853637695, 2.31984281539917, 2.319735527038574, 2.319208860397339, 2.3182334899902344, 2.31701922416687, 2.316188097000122, 2.315424680709839], "val_loss": [5.945961952209473, 5.919411659240723, 5.873706817626953, 5.846652507781982, 5.823381423950195, 5.804823875427246, 5.78620719909668, 5.773135185241699, 5.766589641571045, 5.747731685638428, 5.726101398468018, 5.721286296844482, 5.7071332931518555, 5.704173564910889, 5.689113616943359, 5.658517360687256, 5.656986236572266, 5.647524356842041, 5.6407012939453125, 5.635295867919922, 5.631729602813721, 5.619596481323242, 5.616255283355713, 5.614091396331787, 5.6072540283203125, 5.594295024871826, 5.588237285614014, 5.584670543670654, 5.5860795974731445, 5.58642578125, 5.572965145111084, 5.575963497161865, 5.566481113433838, 5.56549596786499, 5.5606818199157715, 5.562052249908447, 5.550482273101807, 5.548943996429443, 5.55497407913208, 5.544238090515137, 5.5522966384887695, 5.5486345291137695, 5.542337894439697, 5.540151596069336, 5.56835412979126, 5.518908500671387, 5.531053066253662, 5.54649543762207, 5.551552772521973, 5.530489444732666, 5.528378486633301], "val_rmse": [2.4206275939941406, 2.4159679412841797, 2.4067678451538086, 2.401209592819214, 2.396540641784668, 2.3929734230041504, 2.389286518096924, 2.386679172515869, 2.385612964630127, 2.3810908794403076, 2.377119302749634, 2.3764071464538574, 2.3733878135681152, 2.3723227977752686, 2.370283365249634, 2.3634324073791504, 2.3629894256591797, 2.36136531829834, 2.3600051403045654, 2.3586997985839844, 2.3579373359680176, 2.355729103088379, 2.3549704551696777, 2.3545174598693848, 2.353192090988159, 2.3508594036102295, 2.3495688438415527, 2.3489463329315186, 2.349074602127075, 2.349097728729248, 2.3466594219207764, 2.3470025062561035, 2.345144748687744, 2.3449313640594482, 2.343923330307007, 2.344200372695923, 2.341935873031616, 2.341675043106079, 2.342838764190674, 2.340787649154663, 2.3423962593078613, 2.341632843017578, 2.3404228687286377, 2.339953660964966, 2.345649480819702, 2.335939884185791, 2.338174343109131, 2.3413186073303223, 2.342358112335205, 2.3381590843200684, 2.3377435207366943]}