{"n_parameters": 193153, "training_time": 13563.542435884476, "loss": [5.731714248657227, 5.559403896331787, 5.4350714683532715, 5.345591068267822, 5.286755561828613, 5.226199150085449, 5.177434921264648, 5.134475231170654, 5.094705581665039, 5.054078578948975, 5.020448684692383, 4.987222194671631, 4.956268310546875, 4.925105571746826, 4.884384632110596, 4.850006103515625, 4.813207626342773, 4.78631067276001, 4.754017353057861, 4.721321105957031, 4.687258243560791, 4.6542067527771, 4.618381023406982, 4.595254421234131, 4.554155349731445, 4.517328262329102, 4.477530002593994, 4.445333480834961, 4.407559394836426, 4.362964153289795, 4.33738374710083, 4.296254634857178, 4.258971691131592, 4.214809417724609, 4.162896156311035, 4.136557579040527, 4.089878559112549, 4.058299541473389, 4.0148749351501465, 3.9755964279174805, 3.938641309738159, 3.892861843109131, 3.858077049255371, 3.8152363300323486, 3.776339530944824, 3.743910312652588, 3.6942191123962402, 3.66125226020813, 3.628018856048584, 3.588196039199829, 3.5464835166931152, 3.5182955265045166, 3.4788787364959717, 3.4415855407714844, 3.401946783065796, 3.375817060470581, 3.3305766582489014, 3.312093496322632, 3.282467842102051, 3.250596761703491, 3.227936267852783, 3.1829702854156494, 3.1552982330322266, 3.1277825832366943, 3.090381383895874, 3.055675983428955, 3.038292407989502, 2.9994852542877197, 2.9646801948547363, 2.9428212642669678, 2.9097399711608887, 2.882373809814453, 2.8636553287506104, 2.8306920528411865, 2.8049423694610596, 2.781477928161621, 2.7577970027923584, 2.731356382369995, 2.713103771209717, 2.695452928543091, 2.6659555435180664, 2.647564172744751, 2.623039722442627, 2.606567621231079, 2.5842432975769043, 2.5688982009887695, 2.543459415435791, 2.519892930984497, 2.5032107830047607, 2.4851677417755127, 2.4647092819213867, 2.45904278755188, 2.444364309310913, 2.4175467491149902, 2.406773567199707, 2.3868584632873535, 2.3754656314849854, 2.365689277648926, 2.351635456085205, 2.344045877456665, 2.322798013687134, 2.3091821670532227, 2.294161081314087, 2.2885899543762207, 2.266202449798584, 2.255782127380371, 2.2506251335144043, 2.2363014221191406, 2.2290477752685547, 2.2039878368377686, 2.2071385383605957, 2.196443557739258, 2.190479278564453, 2.176664113998413, 2.1714346408843994, 2.163118362426758, 2.1408731937408447, 2.1336348056793213, 2.127739191055298, 2.123168706893921, 2.112030029296875, 2.106468677520752, 2.0910587310791016, 2.093466281890869, 2.081749439239502, 2.0730226039886475, 2.0653529167175293, 2.052964210510254, 2.0466716289520264, 2.038870096206665, 2.035043716430664, 2.030377149581909, 2.022156238555908, 2.0148355960845947, 2.012803077697754, 2.0064074993133545, 2.0018537044525146, 1.996111273765564, 1.9920402765274048, 1.9792158603668213, 1.9769823551177979, 1.967954397201538, 1.966697096824646, 1.963680386543274, 1.9497216939926147, 1.9511469602584839, 1.9444580078125, 1.942657232284546, 1.9390162229537964, 1.9324277639389038, 1.9243453741073608, 1.9264377355575562, 1.920290231704712, 1.9178104400634766, 1.9112542867660522, 1.9106848239898682, 1.9037824869155884, 1.8983993530273438, 1.8954347372055054, 1.8904528617858887, 1.8811302185058594, 1.886620283126831], "rmse": [2.3772647380828857, 2.3412160873413086, 2.3151090145111084, 2.2971482276916504, 2.28521466255188, 2.2719578742980957, 2.261183977127075, 2.252453565597534, 2.2430026531219482, 2.2345046997070312, 2.2275614738464355, 2.21940279006958, 2.212041139602661, 2.205988883972168, 2.197329521179199, 2.1886777877807617, 2.180647611618042, 2.1743948459625244, 2.1670711040496826, 2.1596438884735107, 2.1512362957000732, 2.1439404487609863, 2.135639190673828, 2.1299667358398438, 2.1200344562530518, 2.11242413520813, 2.1019978523254395, 2.0943446159362793, 2.0852296352386475, 2.0744988918304443, 2.0687222480773926, 2.058621406555176, 2.0492117404937744, 2.038008451461792, 2.025937557220459, 2.018352746963501, 2.007323741912842, 1.9990341663360596, 1.9878257513046265, 1.9781211614608765, 1.9683973789215088, 1.9558849334716797, 1.9473367929458618, 1.9366986751556396, 1.926785945892334, 1.9177722930908203, 1.9051049947738647, 1.896126627922058, 1.8873343467712402, 1.8778338432312012, 1.865586280822754, 1.857545256614685, 1.8471319675445557, 1.8370425701141357, 1.8267897367477417, 1.8196130990982056, 1.806933045387268, 1.8012914657592773, 1.7934272289276123, 1.7844128608703613, 1.778279185295105, 1.76620352268219, 1.7594250440597534, 1.7500841617584229, 1.7400190830230713, 1.7299714088439941, 1.7250133752822876, 1.7139934301376343, 1.7041112184524536, 1.697247862815857, 1.6877518892288208, 1.6806601285934448, 1.6740683317184448, 1.6648619174957275, 1.6573710441589355, 1.6510300636291504, 1.643498420715332, 1.6353439092636108, 1.6294001340866089, 1.6238268613815308, 1.6153920888900757, 1.6104092597961426, 1.6018041372299194, 1.5976126194000244, 1.5900623798370361, 1.5853911638259888, 1.5778326988220215, 1.5697983503341675, 1.5641252994537354, 1.559469223022461, 1.5526809692382812, 1.5510355234146118, 1.546023964881897, 1.5380314588546753, 1.533937931060791, 1.5279656648635864, 1.5237270593643188, 1.5204875469207764, 1.5157842636108398, 1.5143672227859497, 1.5067782402038574, 1.5027880668640137, 1.4973015785217285, 1.495133638381958, 1.488430142402649, 1.4847079515457153, 1.484045147895813, 1.4782861471176147, 1.4764050245285034, 1.4670037031173706, 1.467731237411499, 1.4649829864501953, 1.4630460739135742, 1.4590221643447876, 1.4565980434417725, 1.454054355621338, 1.447204828262329, 1.4442585706710815, 1.4415850639343262, 1.4401384592056274, 1.4366602897644043, 1.434576153755188, 1.4290236234664917, 1.4303547143936157, 1.4262993335723877, 1.4228390455245972, 1.4199632406234741, 1.4160592555999756, 1.4142506122589111, 1.4107625484466553, 1.409729242324829, 1.4083828926086426, 1.4050376415252686, 1.4020793437957764, 1.4024232625961304, 1.3999780416488647, 1.3989704847335815, 1.3960144519805908, 1.3951025009155273, 1.3896102905273438, 1.3897666931152344, 1.385872483253479, 1.386014699935913, 1.3851301670074463, 1.3788875341415405, 1.3802746534347534, 1.3773878812789917, 1.3769829273223877, 1.3758056163787842, 1.3732757568359375, 1.3705527782440186, 1.3710020780563354, 1.369104266166687, 1.3685928583145142, 1.3664602041244507, 1.365499496459961, 1.3632516860961914, 1.361208200454712, 1.360194444656372, 1.3584818840026855, 1.35488760471344, 1.3571264743804932],