{"n_parameters": 392641, "training_time": 4684.74823307991, "loss": [5.776849746704102, 5.354609966278076, 5.143062114715576, 4.971686840057373, 4.803902626037598, 4.616652488708496, 4.393677711486816, 4.175810813903809, 3.9508631229400635, 3.7320802211761475, 3.564707040786743, 3.3958375453948975, 3.2692244052886963, 3.1495959758758545, 3.037883758544922, 2.955836296081543, 2.901273012161255, 2.810187816619873, 2.7613489627838135, 2.7053046226501465, 2.6433074474334717, 2.6212069988250732, 2.5815956592559814, 2.551400899887085, 2.522430658340454, 2.500401496887207, 2.448106288909912, 2.4331045150756836, 2.415560483932495, 2.3890552520751953, 2.3653171062469482, 2.3478453159332275, 2.3288817405700684, 2.3080804347991943, 2.297820806503296, 2.279029607772827, 2.259427785873413], "rmse": [2.385005474090576, 2.298456907272339, 2.2530722618103027, 2.214888572692871, 2.177095890045166, 2.1342952251434326, 2.0806829929351807, 2.0279314517974854, 1.9724509716033936, 1.9159923791885376, 1.8721166849136353, 1.8276246786117554, 1.7923978567123413, 1.7592333555221558, 1.7280548810958862, 1.7045435905456543, 1.6880522966384888, 1.6618438959121704, 1.6470122337341309, 1.6311384439468384, 1.6125880479812622, 1.6050565242767334, 1.5925921201705933, 1.5831092596054077, 1.5747580528259277, 1.5668305158615112, 1.5511195659637451, 1.5457208156585693, 1.54059898853302, 1.5318554639816284, 1.5243449211120605, 1.5184636116027832, 1.5114953517913818, 1.5056954622268677, 1.5010827779769897, 1.4960330724716187, 1.488766074180603], "val_loss": [5.455582141876221, 5.1253557205200195, 4.857231616973877, 4.548550128936768, 4.270605087280273, 3.9165258407592773, 3.5763747692108154, 3.260097026824951, 2.9716637134552, 2.742807388305664, 2.585963249206543, 2.462022304534912, 2.363051414489746, 2.2998762130737305, 2.2169880867004395, 2.1533122062683105, 2.095573663711548, 2.037156581878662, 1.9962725639343262, 1.961906909942627, 1.928983211517334, 1.89625084400177, 1.8797359466552734, 1.8598971366882324, 1.8418108224868774, 1.8239291906356812, 1.8154683113098145, 1.8056843280792236, 1.8119219541549683, 1.8033534288406372, 1.7967008352279663, 1.7962689399719238, 1.8138692378997803, 1.8379626274108887, 1.812261700630188, 1.8371165990829468, 1.8348519802093506], "val_rmse": [2.3195905685424805, 2.2492947578430176, 2.18985915184021, 2.1185874938964844, 2.0517542362213135, 1.9637000560760498, 1.8751968145370483, 1.7891449928283691, 1.7071293592453003, 1.6397079229354858, 1.591613531112671, 1.5530091524124146, 1.5214344263076782, 1.5013246536254883, 1.4738622903823853, 1.4527171850204468, 1.4330228567123413, 1.413086175918579, 1.3990216255187988, 1.3869824409484863, 1.3752492666244507, 1.3634271621704102, 1.3577194213867188, 1.3505592346191406, 1.3438572883605957, 1.3372098207473755, 1.334179401397705, 1.3307074308395386, 1.3332462310791016, 1.3301552534103394, 1.3276487588882446, 1.3276090621948242, 1.3342995643615723, 1.343568205833435, 1.333951473236084, 1.3432539701461792, 1.3423504829406738]}