{"n_parameters": 291377, "training_time": 5709.30880188942, "loss": [5.968448162078857, 5.719674587249756, 5.597590923309326, 5.507735729217529, 5.442698001861572, 5.3729424476623535, 5.293967247009277, 5.227768898010254, 5.135130405426025, 5.054634094238281, 4.952401161193848, 4.842647552490234, 4.709770679473877, 4.586772918701172, 4.425891399383545, 4.257429599761963, 4.054872512817383, 3.8560609817504883, 3.6576943397521973, 3.4653985500335693, 3.286752700805664, 3.1425650119781494, 2.997953414916992, 2.8838634490966797, 2.777998447418213, 2.6948959827423096, 2.6167080402374268, 2.5511727333068848, 2.4841699600219727, 2.4419851303100586, 2.3886475563049316, 2.346517324447632, 2.300353527069092, 2.269514799118042, 2.2345938682556152, 2.202049493789673, 2.169773578643799, 2.139892816543579, 2.116959810256958, 2.0947539806365967, 2.070873498916626, 2.048818588256836, 2.024235963821411, 2.007051467895508, 1.981618881225586, 1.9685587882995605, 1.9543533325195312, 1.939347505569458, 1.9201513528823853, 1.907170295715332, 1.8997082710266113, 1.8829394578933716, 1.871050477027893, 1.859229564666748, 1.8523170948028564, 1.8413242101669312, 1.8349443674087524, 1.8275513648986816, 1.8148777484893799, 1.8142402172088623, 1.8052687644958496, 1.804947018623352, 1.7918925285339355], "rmse": [2.4244842529296875, 2.3749148845672607, 2.350922107696533, 2.331775665283203, 2.318010091781616, 2.3033084869384766, 2.2861509323120117, 2.2722244262695312, 2.251922369003296, 2.2351934909820557, 2.2116661071777344, 2.1866283416748047, 2.1563806533813477, 2.1272671222686768, 2.088850498199463, 2.0482940673828125, 1.9982398748397827, 1.9476654529571533, 1.8954086303710938, 1.8433160781860352, 1.794927954673767, 1.7541108131408691, 1.7125868797302246, 1.6789567470550537, 1.6466792821884155, 1.622063159942627, 1.5976147651672363, 1.5773543119430542, 1.5568987131118774, 1.5426160097122192, 1.5252656936645508, 1.5120502710342407, 1.4971504211425781, 1.4865761995315552, 1.4754024744033813, 1.4634885787963867, 1.4543030261993408, 1.4438742399215698, 1.4351531267166138, 1.4279651641845703, 1.4213004112243652, 1.4129406213760376, 1.4042143821716309, 1.398823857307434, 1.389803409576416, 1.3860137462615967, 1.3797430992126465, 1.3746402263641357, 1.3682775497436523, 1.3634287118911743, 1.3608344793319702, 1.3548921346664429, 1.3503618240356445, 1.3461252450942993, 1.3439123630523682, 1.3406436443328857, 1.3371615409851074, 1.3355437517166138, 1.3300977945327759, 1.3300471305847168, 1.3276697397232056, 1.327963948249817, 1.3214699029922485], "val_loss": [5.810164928436279, 5.672197341918945, 5.520721435546875, 5.480020046234131, 5.406567573547363, 5.340102195739746, 5.273913383483887, 5.177178382873535, 5.040332794189453, 4.934319019317627, 4.813800811767578, 4.6955060958862305, 4.553163528442383, 4.4281792640686035, 4.24848747253418, 4.044064044952393, 3.796692371368408, 3.5723893642425537, 3.3534250259399414, 3.2209184169769287, 3.0630879402160645, 2.900847911834717, 2.7910609245300293, 2.70886492729187, 2.6383063793182373, 2.574345350265503, 2.4850330352783203, 2.43759822845459, 2.376887798309326, 2.3826870918273926, 2.3146770000457764, 2.265012264251709, 2.2222845554351807, 2.2011330127716064, 2.206310272216797, 2.1460635662078857, 2.1324429512023926, 2.1273560523986816, 2.069182872772217, 2.0714094638824463, 2.0659871101379395, 2.055985450744629, 2.0401499271392822, 2.093642234802246, 2.0442609786987305, 1.9912978410720825, 2.027649164199829, 2.060429811477661, 2.005556344985962, 2.0589659214019775, 1.990813136100769, 2.050795078277588, 1.9891130924224854, 2.000277042388916, 2.006477117538452, 2.002725839614868, 2.025834798812866, 1.9785256385803223, 2.018085479736328, 2.0784497261047363, 2.0112009048461914, 2.0150022506713867, 1.9913694858551025], "val_rmse": [2.3933145999908447, 2.3655521869659424, 2.3348400592803955, 2.3264894485473633, 2.311356782913208, 2.2971224784851074, 2.282431125640869, 2.261281967163086, 2.231257915496826, 2.207465410232544, 2.1802961826324463, 2.1532552242279053, 2.119279384613037, 2.0892744064331055, 2.0462560653686523, 1.9955346584320068, 1.932207703590393, 1.8732651472091675, 1.8139890432357788, 1.7774207592010498, 1.732255220413208, 1.6859346628189087, 1.6528986692428589, 1.6281055212020874, 1.606244444847107, 1.5866676568984985, 1.5584509372711182, 1.5435484647750854, 1.5236672163009644, 1.5259666442871094, 1.5035344362258911, 1.4870672225952148, 1.4727842807769775, 1.4661213159561157, 1.4684051275253296, 1.4477794170379639, 1.4436477422714233, 1.44223153591156, 1.4220281839370728, 1.4229034185409546, 1.4215707778930664, 1.4181604385375977, 1.41300630569458, 1.4324573278427124, 1.4150521755218506, 1.3957620859146118, 1.4092292785644531, 1.4214510917663574, 1.40177583694458, 1.421522617340088, 1.396775484085083, 1.4186530113220215, 1.396466851234436, 1.4008963108062744, 1.403229832649231, 1.4018805027008057, 1.41044282913208, 1.3931398391723633, 1.4076825380325317, 1.4294925928115845, 1.4053829908370972, 1.40676748752594, 1.3984944820404053]}