{"n_parameters": 478849, "training_time": 22107.315194368362, "loss": [5.640539169311523, 5.284048557281494, 5.074612617492676, 4.910235404968262, 4.766827583312988, 4.610508441925049, 4.4376540184021, 4.2678303718566895, 4.083921909332275, 3.8913798332214355, 3.6889593601226807, 3.4829442501068115, 3.2719810009002686, 3.062001943588257, 2.8676373958587646, 2.7039055824279785, 2.5552914142608643, 2.4284868240356445, 2.33579421043396, 2.2542505264282227, 2.197221279144287, 2.148881673812866, 2.1182920932769775, 2.0829296112060547, 2.0584661960601807, 2.0339629650115967, 2.0166568756103516, 1.9928317070007324, 1.9862698316574097, 1.965470314025879, 1.9494789838790894, 1.9404332637786865, 1.928046464920044, 1.9133633375167847, 1.897251844406128, 1.887529969215393, 1.875669002532959, 1.8680744171142578, 1.8562735319137573, 1.8492909669876099, 1.8373637199401855, 1.8314496278762817, 1.8235918283462524, 1.8147354125976562, 1.8043220043182373, 1.801400065422058, 1.7931950092315674, 1.7834267616271973, 1.7793382406234741, 1.7739295959472656, 1.7697441577911377, 1.7606854438781738, 1.7531582117080688, 1.7498297691345215, 1.737328290939331, 1.7308762073516846, 1.7254735231399536, 1.7184473276138306, 1.7156040668487549, 1.7119684219360352, 1.7008514404296875, 1.6929917335510254, 1.6891827583312988, 1.6810435056686401, 1.6708850860595703, 1.673066258430481, 1.6670715808868408, 1.651472806930542, 1.6514264345169067, 1.6502100229263306, 1.6387861967086792, 1.6343846321105957, 1.6230472326278687, 1.6177244186401367, 1.6092851161956787, 1.6032805442810059, 1.6002662181854248, 1.5966813564300537, 1.5868536233901978, 1.577203631401062, 1.5759449005126953, 1.5714422464370728, 1.5601645708084106, 1.5502344369888306, 1.5446431636810303, 1.5388007164001465, 1.5297269821166992, 1.5173823833465576, 1.510076880455017, 1.5046006441116333, 1.497471570968628, 1.4860970973968506, 1.4747766256332397, 1.4707751274108887, 1.4625684022903442, 1.45661199092865, 1.444068193435669, 1.436105728149414, 1.4286794662475586, 1.414440631866455, 1.4060947895050049, 1.402075171470642, 1.4013251066207886, 1.381989598274231, 1.3706074953079224, 1.3672034740447998, 1.349684238433838, 1.3415530920028687, 1.3316234350204468, 1.316487431526184, 1.3148244619369507, 1.3012466430664062, 1.295000433921814, 1.2816835641860962, 1.276987910270691, 1.2664813995361328, 1.2526239156723022, 1.2378644943237305, 1.2255353927612305, 1.2129616737365723, 1.2097055912017822, 1.201338291168213, 1.1885305643081665, 1.1784977912902832, 1.171360969543457, 1.1588363647460938, 1.151818037033081, 1.1450011730194092, 1.1344102621078491, 1.1222584247589111, 1.114883542060852, 1.1051664352416992, 1.0995044708251953, 1.094049334526062, 1.0765900611877441, 1.0738905668258667, 1.0644017457962036, 1.0565056800842285, 1.049099087715149, 1.0445325374603271, 1.03827965259552, 1.0330196619033813, 1.0215483903884888, 1.015596628189087, 1.010774850845337, 1.0020655393600464, 1.001498818397522, 0.9958033561706543, 0.9892341494560242, 0.9807252287864685, 0.9775667190551758, 0.9760006070137024, 0.9742476940155029, 0.9601630568504333, 0.9547498822212219, 0.9533783197402954, 0.9470163583755493, 0.9482743740081787, 0.9415246844291687, 0.9305745363235474, 0.9303051233291626, 0.9308971166610718, 0.9278714656829834, 0.9249328970909119, 0.9180941581726074, 0.9122979640960693, 0.9092282652854919, 0.9137193560600281, 0.9009203314781189, 0.9021092653274536, 0.8939764499664307, 0.8925749063491821, 0.8886904716491699, 0.883682131767273, 0.8853927850723267, 0.8835814595222473, 0.8822215795516968, 0.8723944425582886, 0.8760561943054199, 0.8776592016220093, 0.8695597648620605, 0.8595709800720215, 0.8636795282363892, 0.8539023995399475, 0.8550140857696533, 0.8532562255859375], "rmse": [2.3579320907592773, 2.2840564250946045, 2.2386505603790283, 2.2014973163604736, 2.1695079803466797, 2.1331236362457275, 2.0919063091278076, 2.05057692527771, 2.0063693523406982, 1.9572697877883911, 1.9050778150558472, 1.850728988647461, 1.7928988933563232, 1.7347328662872314, 1.6777058839797974, 1.6290428638458252, 1.5844616889953613, 1.543594479560852, 1.5146650075912476, 1.4883161783218384, 1.469800353050232, 1.4528676271438599, 1.44230055809021, 1.4303936958312988, 1.4220999479293823, 1.4132437705993652, 1.406943440437317, 1.3991706371307373, 1.395883321762085, 1.3883249759674072, 1.3829283714294434, 1.3794821500778198, 1.375575304031372, 1.3694640398025513, 1.3639570474624634, 1.3599941730499268, 1.356083869934082, 1.3529937267303467, 1.3495726585388184, 1.345776081085205, 1.3425240516662598, 1.3389101028442383, 1.3369858264923096, 1.3338589668273926, 1.3295594453811646, 1.32818603515625, 1.3257535696029663, 1.322319746017456, 1.3203234672546387, 1.3176727294921875, 1.3167665004730225, 1.3132984638214111, 1.3107244968414307, 1.3091133832931519, 1.3043497800827026, 1.3022372722625732, 1.3003660440444946, 1.2979700565338135, 1.2963544130325317, 1.295012354850769, 1.29043447971344, 1.2876209020614624, 1.2858960628509521, 1.2825342416763306, 1.2793200016021729, 1.279610514640808, 1.277669906616211, 1.2714780569076538, 1.271400809288025, 1.2711337804794312, 1.2663443088531494, 1.2644274234771729, 1.2598971128463745, 1.2578285932540894, 1.2545760869979858, 1.2512338161468506, 1.2513245344161987, 1.2499773502349854, 1.2461010217666626, 1.2421988248825073, 1.241365909576416, 1.240002989768982, 1.2353049516677856, 1.2319483757019043, 1.228960394859314, 1.227421760559082, 1.222766637802124, 1.217941403388977, 1.215362548828125, 1.2133578062057495, 1.21049964427948, 1.2057501077651978, 1.2013843059539795, 1.199372410774231, 1.1961253881454468, 1.1940823793411255, 1.1878442764282227, 1.1849346160888672, 1.1824567317962646, 1.1765520572662354, 1.1723082065582275, 1.1714433431625366, 1.170352578163147, 1.1626527309417725, 1.1580259799957275, 1.1557284593582153, 1.1494495868682861, 1.1456189155578613, 1.1411248445510864, 1.1341989040374756, 1.1337885856628418, 1.1273932456970215, 1.1247800588607788, 1.1185280084609985, 1.1168334484100342, 1.1125973463058472, 1.1054878234863281, 1.099007248878479, 1.0935934782028198, 1.0883967876434326, 1.0866936445236206, 1.0832380056381226, 1.078088402748108, 1.0726099014282227, 1.068436861038208, 1.0629754066467285, 1.0595773458480835, 1.0565634965896606, 1.051412582397461, 1.046059250831604, 1.042318344116211, 1.0375882387161255, 1.035576343536377, 1.032157063484192, 1.0241025686264038, 1.0225720405578613, 1.0181384086608887, 1.0147477388381958, 1.0110008716583252, 1.0087600946426392, 1.0050379037857056, 1.0020816326141357, 0.9969288110733032, 0.994452714920044, 0.991276204586029, 0.987101137638092, 0.986657440662384, 0.9836022853851318, 0.9807887077331543, 0.9771896600723267, 0.9746524095535278, 0.9738885760307312, 0.9729512333869934, 0.9652408361434937, 0.9633113741874695, 0.9617412686347961, 0.9587944746017456, 0.959678590297699, 0.9568012356758118, 0.9517813920974731, 0.951032280921936, 0.9506372809410095, 0.9499631524085999, 0.9484046101570129, 0.9446635842323303, 0.9407359957695007, 0.9395115375518799, 0.942012369632721, 0.9351528286933899, 0.9362088441848755, 0.9316832423210144, 0.9312044978141785, 0.9292702674865723, 0.9260258674621582, 0.9268632531166077, 0.9261526465415955, 0.9253080487251282, 0.9205368757247925, 0.921561598777771, 0.922962486743927, 0.9186691641807556, 0.9134892225265503, 0.9163229465484619, 0.9099130630493164, 0.9104874730110168, 0.910058319568634],