{"n_parameters": 197297, "training_time": 3485.3140547275543, "loss": [6.405436992645264, 6.256191730499268, 6.1862897872924805, 6.107320785522461, 6.085288047790527, 6.044280052185059, 6.013299942016602, 5.982763767242432, 5.943186283111572, 5.921628952026367, 5.88369607925415, 5.864380359649658, 5.853168964385986, 5.827092170715332, 5.81390905380249, 5.791553020477295, 5.77188777923584, 5.752508640289307, 5.738954544067383, 5.727316856384277, 5.716778755187988, 5.708908557891846, 5.7120137214660645, 5.695901870727539, 5.655755996704102, 5.663661956787109, 5.6483588218688965, 5.651603698730469, 5.627729415893555, 5.638107776641846, 5.601036548614502, 5.623480319976807, 5.599778652191162, 5.58348274230957, 5.583675384521484, 5.575811386108398, 5.569297790527344, 5.556243419647217, 5.558671951293945, 5.542722225189209, 5.538568019866943, 5.519539833068848, 5.520670413970947, 5.521021842956543, 5.5009613037109375, 5.50968074798584, 5.504788398742676, 5.484224319458008], "rmse": [2.512287139892578, 2.4826226234436035, 2.4690542221069336, 2.453014612197876, 2.448528289794922, 2.440223455429077, 2.4347176551818848, 2.4283270835876465, 2.4209487438201904, 2.4168460369110107, 2.4083054065704346, 2.4049603939056396, 2.402737617492676, 2.3980765342712402, 2.3943684101104736, 2.3908190727233887, 2.3856329917907715, 2.382136106491089, 2.379568099975586, 2.3767998218536377, 2.3748250007629395, 2.373417615890503, 2.3736586570739746, 2.371546745300293, 2.362542152404785, 2.36518931388855, 2.361051321029663, 2.3615715503692627, 2.356365203857422, 2.3587417602539062, 2.352113723754883, 2.355828046798706, 2.3514397144317627, 2.348217725753784, 2.3481969833374023, 2.3463921546936035, 2.3451716899871826, 2.342747688293457, 2.343449115753174, 2.3402459621429443, 2.3386764526367188, 2.3353161811828613, 2.3353474140167236, 2.334872007369995, 2.33063006401062, 2.3330447673797607, 2.3322486877441406, 2.327385187149048], "val_loss": [6.057073593139648, 6.019158363342285, 5.97836971282959, 5.9248528480529785, 5.8919453620910645, 5.865034103393555, 5.828423500061035, 5.7934980392456055, 5.780227184295654, 5.735464572906494, 5.711352348327637, 5.678078651428223, 5.66955041885376, 5.655919075012207, 5.634467601776123, 5.614965438842773, 5.5988616943359375, 5.580630779266357, 5.563173294067383, 5.549286365509033, 5.542285919189453, 5.53761100769043, 5.533567905426025, 5.525318622589111, 5.522027015686035, 5.518208026885986, 5.511602878570557, 5.499170303344727, 5.491001605987549, 5.487022399902344, 5.4692277908325195, 5.465986728668213, 5.461153984069824, 5.4534478187561035, 5.4322943687438965, 5.425623893737793, 5.425225257873535, 5.407123565673828, 5.401611804962158, 5.397201061248779, 5.373330593109131, 5.371630668640137, 5.368529319763184, 5.375075340270996, 5.410959243774414, 5.387067794799805, 5.389903545379639, 5.401665210723877], "val_rmse": [2.4440629482269287, 2.4364230632781982, 2.428302526473999, 2.4173643589019775, 2.4109435081481934, 2.4056928157806396, 2.3982489109039307, 2.3911032676696777, 2.3887434005737305, 2.3792269229888916, 2.3743200302124023, 2.367666244506836, 2.3661093711853027, 2.3633124828338623, 2.3589484691619873, 2.3548505306243896, 2.3517515659332275, 2.3478951454162598, 2.3443820476531982, 2.341564416885376, 2.3401761054992676, 2.339104175567627, 2.338355541229248, 2.336822986602783, 2.3362631797790527, 2.3353195190429688, 2.3339734077453613, 2.3314208984375, 2.3296682834625244, 2.3287880420684814, 2.325199842453003, 2.324432849884033, 2.3233580589294434, 2.321676254272461, 2.317272663116455, 2.315856695175171, 2.315688371658325, 2.3118605613708496, 2.310622215270996, 2.3096120357513428, 2.3046486377716064, 2.3042826652526855, 2.3036344051361084, 2.305008888244629, 2.3125157356262207, 2.3075003623962402, 2.3080458641052246, 2.3104801177978516]}