{"n_parameters": 167009, "training_time": 8778.226399421692, "loss": [5.594733715057373, 5.389796257019043, 5.268096923828125, 5.144676208496094, 5.009420394897461, 4.87344217300415, 4.72264289855957, 4.565834045410156, 4.361511707305908, 4.090322494506836, 3.836728096008301, 3.568591594696045, 3.3267440795898438, 3.1098432540893555, 2.931769609451294, 2.7887024879455566, 2.6707441806793213, 2.559967517852783, 2.4687840938568115, 2.39424729347229, 2.3309764862060547, 2.264580249786377, 2.219069480895996, 2.173715353012085, 2.127016544342041, 2.084336280822754, 2.0394539833068848, 2.0088095664978027, 1.9836684465408325, 1.9594874382019043, 1.9294686317443848, 1.911854863166809, 1.8947522640228271, 1.8803013563156128, 1.8680036067962646, 1.8482789993286133, 1.8301888704299927, 1.8301866054534912, 1.8190912008285522, 1.8121553659439087, 1.8041877746582031, 1.7921580076217651, 1.7840932607650757, 1.776492714881897, 1.7717844247817993, 1.7699511051177979, 1.76426100730896, 1.759562611579895, 1.7529014348983765, 1.7450175285339355, 1.7437742948532104, 1.7415770292282104, 1.7359468936920166, 1.726557970046997, 1.7339985370635986, 1.7259966135025024, 1.716750979423523, 1.7155030965805054, 1.7158316373825073, 1.7119600772857666, 1.712503433227539, 1.6986826658248901, 1.70409095287323, 1.6959877014160156, 1.6976760625839233, 1.6889011859893799, 1.6850112676620483, 1.686617374420166, 1.68706214427948, 1.6768711805343628, 1.6775453090667725, 1.6723639965057373, 1.6747795343399048, 1.6727956533432007, 1.6662201881408691, 1.6680370569229126, 1.6671068668365479, 1.6603132486343384, 1.6608977317810059, 1.6572803258895874, 1.6527292728424072, 1.6524137258529663, 1.650923490524292, 1.6474807262420654, 1.6432533264160156, 1.6496801376342773, 1.6401379108428955, 1.6409180164337158, 1.6357953548431396, 1.6337124109268188, 1.6378426551818848, 1.6348248720169067, 1.6344622373580933, 1.630601406097412, 1.625001311302185, 1.6224719285964966, 1.622387170791626, 1.6225250959396362, 1.6192448139190674, 1.6128484010696411, 1.6135375499725342, 1.6111993789672852, 1.6131227016448975, 1.6110305786132812, 1.6074426174163818, 1.6025646924972534, 1.6040525436401367, 1.6036745309829712, 1.5988532304763794, 1.5950424671173096], "rmse": [2.349490165710449, 2.305373191833496, 2.280552387237549, 2.253772020339966, 2.223914861679077, 2.1935064792633057, 2.159583330154419, 2.1226913928985596, 2.073854684829712, 2.0081984996795654, 1.9443916082382202, 1.8739924430847168, 1.807199239730835, 1.7477055788040161, 1.6950191259384155, 1.65265953540802, 1.6163631677627563, 1.5819870233535767, 1.553723931312561, 1.529760479927063, 1.509623408317566, 1.4871751070022583, 1.4716582298278809, 1.456794023513794, 1.4418476819992065, 1.426428198814392, 1.4117405414581299, 1.401120901107788, 1.3927000761032104, 1.384234070777893, 1.3734205961227417, 1.3671759366989136, 1.3613977432250977, 1.35541832447052, 1.3518939018249512, 1.344085454940796, 1.3372104167938232, 1.3373591899871826, 1.3336164951324463, 1.331032156944275, 1.3274390697479248, 1.3231121301651, 1.3187986612319946, 1.3174630403518677, 1.315070390701294, 1.3143688440322876, 1.3121092319488525, 1.3113210201263428, 1.308695673942566, 1.305069088935852, 1.3046646118164062, 1.3033556938171387, 1.3015475273132324, 1.298728346824646, 1.301889419555664, 1.2975819110870361, 1.2945021390914917, 1.2934041023254395, 1.2945185899734497, 1.292791485786438, 1.2926185131072998, 1.2872130870819092, 1.2896335124969482, 1.286188006401062, 1.287092685699463, 1.2838094234466553, 1.2821401357650757, 1.2828963994979858, 1.2828081846237183, 1.279302716255188, 1.2782278060913086, 1.2768340110778809, 1.2779189348220825, 1.2772148847579956, 1.2747994661331177, 1.2753958702087402, 1.2754212617874146, 1.2727108001708984, 1.273348093032837, 1.2708919048309326, 1.2691930532455444, 1.2699135541915894, 1.268933653831482, 1.2672383785247803, 1.266068696975708, 1.2683284282684326, 1.2641210556030273, 1.2653037309646606, 1.2630034685134888, 1.262595295906067, 1.2638448476791382, 1.2619796991348267, 1.2627779245376587, 1.2605682611465454, 1.2583496570587158, 1.257612943649292, 1.257651686668396, 1.2573424577713013, 1.2563121318817139, 1.2542325258255005, 1.2545851469039917, 1.2529089450836182, 1.2540864944458008, 1.2531383037567139, 1.2517831325531006, 1.250170350074768, 1.2500061988830566, 1.2506414651870728, 1.2484210729599, 1.246125340461731], "val_loss": [5.55757474899292, 5.406698226928711, 5.285793304443359, 5.1288042068481445, 4.996048927307129, 4.845695972442627, 4.682978630065918, 4.513513565063477, 4.238753318786621, 3.962337017059326, 3.6977715492248535, 3.4142189025878906, 3.1716861724853516, 2.9553256034851074, 2.786473512649536, 2.6513302326202393, 2.525988817214966, 2.4201061725616455, 2.3502347469329834, 2.2755494117736816, 2.208090305328369, 2.1608855724334717, 2.1095502376556396, 2.0697808265686035, 2.021318197250366, 1.9885063171386719, 1.9406322240829468, 1.9105600118637085, 1.8907060623168945, 1.8728902339935303, 1.8480972051620483, 1.8268746137619019, 1.8143455982208252, 1.80186128616333, 1.7923846244812012, 1.7785176038742065, 1.765918254852295, 1.7634730339050293, 1.7565877437591553, 1.7437163591384888, 1.7402137517929077, 1.7328819036483765, 1.727720022201538, 1.7256834506988525, 1.7206084728240967, 1.7176032066345215, 1.7112960815429688, 1.708441972732544, 1.7066761255264282, 1.7085790634155273, 1.7024165391921997, 1.6949007511138916, 1.6932122707366943, 1.7001136541366577, 1.7064210176467896, 1.6950099468231201, 1.6879184246063232, 1.6945089101791382, 1.674803376197815, 1.6853903532028198, 1.6814669370651245, 1.6781105995178223, 1.6895031929016113, 1.6716960668563843, 1.664131760597229, 1.6697465181350708, 1.668241262435913, 1.6745191812515259, 1.6571507453918457, 1.6576343774795532, 1.6626745462417603, 1.6722345352172852, 1.6555743217468262, 1.6602025032043457, 1.660414218902588, 1.6503922939300537, 1.6508214473724365, 1.649550199508667, 1.646928310394287, 1.6453945636749268, 1.6438924074172974, 1.6549742221832275, 1.6417407989501953, 1.645763874053955, 1.639732837677002, 1.6359214782714844, 1.6299066543579102, 1.6330589056015015, 1.6216093301773071, 1.6331058740615845, 1.627049446105957, 1.6207045316696167, 1.6327730417251587, 1.6266534328460693, 1.6172807216644287, 1.6177555322647095, 1.6180349588394165, 1.6201082468032837, 1.6150739192962646, 1.6074249744415283, 1.6120330095291138, 1.6106102466583252, 1.6049318313598633, 1.6078064441680908, 1.5883795022964478, 1.6057260036468506, 1.5928213596343994, 1.5908101797103882, 1.595072865486145, 1.5931487083435059],