{"n_parameters": 350353, "training_time": 10615.239904165268, "loss": [6.139427661895752, 5.686841011047363, 5.548303127288818, 5.440038681030273, 5.352872848510742, 5.2965922355651855, 5.253322601318359, 5.189287185668945, 5.127717971801758, 5.063948631286621, 5.006682872772217, 4.956662654876709, 4.887038230895996, 4.815770626068115, 4.746988296508789, 4.6673359870910645, 4.58974552154541, 4.494633674621582, 4.391310691833496, 4.295221328735352, 4.181194305419922, 4.068757057189941, 3.9450061321258545, 3.8221657276153564, 3.700277328491211, 3.5720202922821045, 3.4657909870147705, 3.359069585800171, 3.2519021034240723, 3.1657772064208984, 3.0784730911254883, 3.0088093280792236, 2.941276788711548, 2.8734121322631836, 2.812708616256714, 2.755784273147583, 2.7076900005340576, 2.667686939239502, 2.6135470867156982, 2.5629916191101074, 2.5321717262268066, 2.479130506515503, 2.4332833290100098, 2.3864219188690186, 2.3620190620422363, 2.3204822540283203, 2.2971158027648926, 2.2662253379821777, 2.2321600914001465, 2.2019002437591553, 2.1861884593963623, 2.1610867977142334, 2.131092071533203, 2.0990400314331055, 2.0806736946105957, 2.064751386642456, 2.041647434234619, 2.0141594409942627, 2.001093864440918, 1.985961675643921, 1.9713819026947021, 1.9491090774536133, 1.949395775794983, 1.9279985427856445, 1.9181733131408691, 1.9060169458389282, 1.8999789953231812, 1.8940972089767456, 1.8752632141113281, 1.8607763051986694, 1.8613083362579346, 1.8487975597381592, 1.8422956466674805, 1.8378180265426636, 1.8232735395431519, 1.8186920881271362, 1.8188673257827759, 1.8068830966949463, 1.8069734573364258, 1.7992185354232788, 1.7987364530563354, 1.7890119552612305, 1.7882698774337769, 1.779550313949585, 1.7715691328048706, 1.7797642946243286, 1.7755887508392334, 1.7726917266845703, 1.7584986686706543, 1.7589706182479858, 1.7563836574554443, 1.749635934829712, 1.7462018728256226, 1.748717188835144, 1.7395142316818237, 1.7390267848968506, 1.7403438091278076, 1.7292689085006714, 1.7306865453720093, 1.7268553972244263, 1.724021553993225, 1.7262306213378906, 1.7163677215576172, 1.7180699110031128, 1.7179570198059082, 1.718824863433838, 1.7109251022338867, 1.7090119123458862, 1.7116506099700928, 1.7086195945739746, 1.710423231124878, 1.7029768228530884], "rmse": [2.4562251567840576, 2.368191719055176, 2.339344024658203, 2.3178796768188477, 2.2991280555725098, 2.2873470783233643, 2.2776567935943604, 2.2640295028686523, 2.2509782314300537, 2.236938238143921, 2.223764657974243, 2.2123396396636963, 2.1959950923919678, 2.180432081222534, 2.164846897125244, 2.145034074783325, 2.128358840942383, 2.1051745414733887, 2.0803239345550537, 2.0567142963409424, 2.0276453495025635, 2.000458002090454, 1.969599723815918, 1.9373284578323364, 1.9061377048492432, 1.8715418577194214, 1.8425267934799194, 1.8135859966278076, 1.7833837270736694, 1.7581000328063965, 1.7324697971343994, 1.7136156558990479, 1.69364333152771, 1.6733559370040894, 1.6556493043899536, 1.637553095817566, 1.6235941648483276, 1.6103321313858032, 1.5954009294509888, 1.577932596206665, 1.5696355104446411, 1.5516763925552368, 1.5388113260269165, 1.5225344896316528, 1.5155632495880127, 1.5026954412460327, 1.4953103065490723, 1.484667420387268, 1.4741312265396118, 1.463425874710083, 1.4585402011871338, 1.4505544900894165, 1.4393858909606934, 1.4281724691390991, 1.4223005771636963, 1.4166419506072998, 1.4088314771652222, 1.3999279737472534, 1.3952512741088867, 1.390460729598999, 1.3860185146331787, 1.3780109882354736, 1.3770025968551636, 1.3709498643875122, 1.3671971559524536, 1.3625915050506592, 1.3607707023620605, 1.3576390743255615, 1.351127028465271, 1.3472206592559814, 1.3460808992385864, 1.3430448770523071, 1.3402906656265259, 1.3382648229599, 1.3325576782226562, 1.331617832183838, 1.3315881490707397, 1.326894998550415, 1.3273817300796509, 1.3239941596984863, 1.324810266494751, 1.3202024698257446, 1.3203903436660767, 1.3163764476776123, 1.313521146774292, 1.317009449005127, 1.3161935806274414, 1.3150185346603394, 1.3097023963928223, 1.3096907138824463, 1.3086917400360107, 1.3058065176010132, 1.3053407669067383, 1.3063725233078003, 1.3023425340652466, 1.3017570972442627, 1.3030781745910645, 1.2980588674545288, 1.2995076179504395, 1.2977288961410522, 1.2961513996124268, 1.2974967956542969, 1.2930808067321777, 1.2944179773330688, 1.2947520017623901, 1.295243263244629, 1.2909730672836304, 1.2901991605758667, 1.291300654411316, 1.2909709215164185, 1.291480302810669, 1.2882436513900757], "val_loss": [5.715591907501221, 5.562804698944092, 5.459927082061768, 5.339098930358887, 5.283286094665527, 5.202123165130615, 5.100337028503418, 5.017394542694092, 4.956727027893066, 4.887189865112305, 4.8333845138549805, 4.744373798370361, 4.694570541381836, 4.5966877937316895, 4.505519866943359, 4.417886257171631, 4.312916278839111, 4.213541030883789, 4.122072219848633, 3.9801063537597656, 3.8586487770080566, 3.714102029800415, 3.6024720668792725, 3.4513604640960693, 3.310093402862549, 3.1963701248168945, 3.0882511138916016, 2.9901657104492188, 2.903693199157715, 2.830522298812866, 2.760223865509033, 2.6975808143615723, 2.6413795948028564, 2.58948016166687, 2.529937267303467, 2.4810235500335693, 2.4372446537017822, 2.398042917251587, 2.357755184173584, 2.3187453746795654, 2.2924349308013916, 2.23388934135437, 2.1959121227264404, 2.1703498363494873, 2.129734516143799, 2.0985567569732666, 2.064671516418457, 2.029989242553711, 2.002866744995117, 1.976173758506775, 1.947485327720642, 1.927856683731079, 1.8862956762313843, 1.8708808422088623, 1.8440322875976562, 1.831737756729126, 1.8195425271987915, 1.800416350364685, 1.7909165620803833, 1.7696969509124756, 1.7546653747558594, 1.7450662851333618, 1.7416424751281738, 1.7256593704223633, 1.7311853170394897, 1.720719814300537, 1.7109944820404053, 1.703204870223999, 1.6920678615570068, 1.6877775192260742, 1.6877667903900146, 1.6725938320159912, 1.6766901016235352, 1.665449619293213, 1.6607656478881836, 1.6589672565460205, 1.6596039533615112, 1.6557008028030396, 1.6521892547607422, 1.6454156637191772, 1.6433255672454834, 1.6405776739120483, 1.6455283164978027, 1.639148473739624, 1.6314116716384888, 1.6259669065475464, 1.630120873451233, 1.624600887298584, 1.628663182258606, 1.6187940835952759, 1.6241321563720703, 1.6140787601470947, 1.6177469491958618, 1.6176087856292725, 1.6050845384597778, 1.607391119003296, 1.6055333614349365, 1.6143908500671387, 1.6022371053695679, 1.6070104837417603, 1.5993956327438354, 1.6049460172653198, 1.5958086252212524, 1.5979962348937988, 1.5996395349502563, 1.590571403503418, 1.5865485668182373, 1.5921984910964966, 1.590208888053894, 1.5899289846420288, 1.5893315076828003, 1.5867427587509155],