{"n_parameters": 256785, "training_time": 11092.570255041122, "loss": [6.1322102546691895, 5.982170581817627, 5.921428203582764, 5.867855548858643, 5.832787036895752, 5.806873321533203, 5.782376766204834, 5.762685298919678, 5.739368915557861, 5.72437858581543, 5.710613250732422, 5.692711353302002, 5.6697845458984375, 5.657813549041748, 5.630374431610107, 5.62264347076416, 5.598247528076172, 5.5756096839904785, 5.576267719268799, 5.537607669830322, 5.530684471130371, 5.515560150146484, 5.481152057647705, 5.456226825714111, 5.443190097808838, 5.405132293701172, 5.395744800567627, 5.3677496910095215, 5.326159954071045, 5.312019348144531, 5.278069496154785, 5.230118751525879, 5.213194370269775, 5.158083915710449, 5.116685390472412, 5.093025207519531, 5.034718990325928, 4.977122783660889, 4.940089702606201, 4.898262977600098, 4.841526031494141, 4.78056526184082, 4.739132881164551, 4.671398162841797, 4.6149797439575195, 4.5368804931640625, 4.47831916809082, 4.412513732910156, 4.350834846496582, 4.279795169830322, 4.202108383178711, 4.144064426422119, 4.076731204986572, 3.988138198852539, 3.9053163528442383, 3.8316233158111572, 3.7569124698638916, 3.6790733337402344, 3.6048550605773926, 3.5350914001464844, 3.462864637374878, 3.377903938293457, 3.3173468112945557, 3.244213581085205, 3.176774263381958, 3.1173927783966064, 3.0490663051605225, 2.9979124069213867, 2.9509596824645996, 2.8851895332336426, 2.8389179706573486, 2.792062282562256, 2.749561071395874, 2.732961654663086, 2.6697733402252197, 2.6577036380767822, 2.6325228214263916, 2.6092071533203125, 2.57470965385437, 2.550842046737671, 2.5327646732330322, 2.520669937133789, 2.4934568405151367, 2.477330446243286, 2.4602932929992676, 2.4387192726135254, 2.428511381149292, 2.4014768600463867, 2.392958879470825, 2.3714513778686523, 2.3643746376037598, 2.345797300338745, 2.342796802520752, 2.3228187561035156, 2.3172121047973633, 2.2970826625823975, 2.2979464530944824, 2.2889835834503174, 2.279402732849121, 2.270681142807007, 2.258284330368042, 2.2502756118774414, 2.2383105754852295, 2.2395200729370117, 2.233889102935791], "rmse": [2.458080768585205, 2.428072214126587, 2.41571044921875, 2.404082775115967, 2.396826982498169, 2.392674207687378, 2.3865091800689697, 2.3843133449554443, 2.378295660018921, 2.374732255935669, 2.3735058307647705, 2.370067834854126, 2.3646459579467773, 2.362210988998413, 2.357060670852661, 2.354720115661621, 2.349355459213257, 2.344855308532715, 2.3462846279144287, 2.337808847427368, 2.336111545562744, 2.332519054412842, 2.325368642807007, 2.3206167221069336, 2.3180160522460938, 2.3103296756744385, 2.3078529834747314, 2.3015172481536865, 2.292332649230957, 2.2893035411834717, 2.282529354095459, 2.271209716796875, 2.268481731414795, 2.2555198669433594, 2.2467000484466553, 2.242074728012085, 2.228337049484253, 2.2157132625579834, 2.207904577255249, 2.1977858543395996, 2.185377359390259, 2.1712207794189453, 2.161020517349243, 2.1453609466552734, 2.1326727867126465, 2.1143431663513184, 2.0995893478393555, 2.084747791290283, 2.0692858695983887, 2.0526645183563232, 2.0338351726531982, 2.019442081451416, 2.0026748180389404, 1.9800002574920654, 1.9591251611709595, 1.9398508071899414, 1.9212006330490112, 1.9007400274276733, 1.8802337646484375, 1.8629120588302612, 1.8433135747909546, 1.820552110671997, 1.8038549423217773, 1.7837023735046387, 1.7635504007339478, 1.7485915422439575, 1.728573203086853, 1.713802695274353, 1.6998132467269897, 1.6814451217651367, 1.6680008172988892, 1.65360426902771, 1.6415678262710571, 1.6358225345611572, 1.6168296337127686, 1.6128278970718384, 1.604844093322754, 1.5979079008102417, 1.5873913764953613, 1.5810234546661377, 1.5741896629333496, 1.5711796283721924, 1.5628576278686523, 1.5573701858520508, 1.5515207052230835, 1.545361876487732, 1.541324257850647, 1.5330451726913452, 1.5305927991867065, 1.5230082273483276, 1.5211262702941895, 1.51456880569458, 1.5136463642120361, 1.5073857307434082, 1.505987524986267, 1.4997230768203735, 1.4996113777160645, 1.4958629608154297, 1.4927364587783813, 1.4904656410217285, 1.485857605934143, 1.4830293655395508, 1.4796655178070068, 1.479387879371643, 1.4782127141952515], "val_loss": [6.021523952484131, 5.9719157218933105, 5.9307403564453125, 5.894492149353027, 5.865871429443359, 5.827030658721924, 5.813324451446533, 5.7891106605529785, 5.754882335662842, 5.7376708984375, 5.728893280029297, 5.707757472991943, 5.669137954711914, 5.651086807250977, 5.619283199310303, 5.615355491638184, 5.613759994506836, 5.576066493988037, 5.541121006011963, 5.506040096282959, 5.475841522216797, 5.412170886993408, 5.383117198944092, 5.3523030281066895, 5.305736064910889, 5.2691650390625, 5.181939601898193, 5.137384414672852, 5.116231441497803, 5.025485038757324, 5.004169940948486, 4.921218395233154, 4.808307647705078, 4.7413010597229, 4.679827690124512, 4.598208427429199, 4.4966230392456055, 4.417164325714111, 4.337949752807617, 4.2225213050842285, 4.127357006072998, 4.03549861907959, 3.9482643604278564, 3.8557074069976807, 3.74859356880188, 3.670403003692627, 3.5770697593688965, 3.4987878799438477, 3.4032115936279297, 3.3226318359375, 3.245765447616577, 3.1716232299804688, 3.107375144958496, 3.0445823669433594, 2.979750871658325, 2.924673557281494, 2.8764660358428955, 2.8235538005828857, 2.7703323364257812, 2.7232775688171387, 2.6773500442504883, 2.630258083343506, 2.594691276550293, 2.5490972995758057, 2.496572732925415, 2.4677703380584717, 2.4301304817199707, 2.396660327911377, 2.3803329467773438, 2.353581190109253, 2.3816158771514893, 2.2932941913604736, 2.312791109085083, 2.2944328784942627, 2.233919620513916, 2.228562355041504, 2.178992986679077, 2.194612979888916, 2.165841579437256, 2.184255838394165, 2.19411563873291, 2.1701629161834717, 2.137394905090332, 2.095686912536621, 2.073469400405884, 2.1042697429656982, 2.08262038230896, 2.014467477798462, 2.0556411743164062, 2.0952024459838867, 2.0267984867095947, 2.0058212280273438, 2.0437843799591064, 2.051539897918701, 1.9933626651763916, 1.9926997423171997, 2.0396158695220947, 2.0264623165130615, 2.0632262229919434, 1.9693983793258667, 2.036362409591675, 2.067089319229126, 2.009878396987915, 2.0317862033843994, 2.0116353034973145],