{"n_parameters": 244161, "training_time": 8664.217711925507, "loss": [5.8811564445495605, 5.751313209533691, 5.667298316955566, 5.594053268432617, 5.522615909576416, 5.476180076599121, 5.4121785163879395, 5.362225532531738, 5.306639194488525, 5.2566423416137695, 5.174366474151611, 5.1125311851501465, 5.0123443603515625, 4.903071403503418, 4.788027763366699, 4.621089458465576, 4.432734966278076, 4.2137675285339355, 3.98828125, 3.7589704990386963, 3.5365939140319824, 3.3221848011016846, 3.168304681777954, 3.008366823196411, 2.898439884185791, 2.791499376296997, 2.726701498031616, 2.641411542892456, 2.597372531890869, 2.547675848007202, 2.510787010192871, 2.479743480682373, 2.4501259326934814, 2.4414422512054443, 2.40466570854187, 2.3793845176696777, 2.3743155002593994, 2.351574420928955, 2.328569173812866, 2.308483362197876, 2.30193829536438, 2.2908835411071777, 2.2758333683013916, 2.2526793479919434, 2.228914737701416, 2.222832202911377, 2.1972768306732178, 2.1944334506988525, 2.179670572280884, 2.169224977493286, 2.157853603363037, 2.145153045654297, 2.147184133529663, 2.1261961460113525, 2.1187822818756104, 2.114455223083496, 2.1143741607666016, 2.0964698791503906, 2.0956203937530518, 2.083439350128174, 2.0750558376312256, 2.07388973236084, 2.0590436458587646, 2.0649449825286865, 2.051466464996338, 2.0438408851623535, 2.0428497791290283, 2.03792667388916, 2.0289416313171387, 2.0293478965759277, 2.0259063243865967, 2.008328914642334, 2.009735345840454, 2.0071451663970947, 1.9967842102050781, 1.9862210750579834, 1.9869365692138672, 1.9713441133499146, 1.9830533266067505, 1.9770538806915283, 1.96706223487854, 1.9706685543060303, 1.9717098474502563, 1.9615933895111084, 1.966430425643921, 1.9545978307724, 1.9492523670196533, 1.9447009563446045, 1.944899559020996, 1.9447805881500244, 1.9387613534927368, 1.9309909343719482, 1.9248363971710205, 1.918148159980774, 1.9250050783157349, 1.9173625707626343, 1.9142940044403076, 1.9120526313781738, 1.9058560132980347], "rmse": [2.406858444213867, 2.380821943283081, 2.364814519882202, 2.3488101959228516, 2.3344314098358154, 2.3257651329040527, 2.3116767406463623, 2.3015875816345215, 2.2902772426605225, 2.2792251110076904, 2.260819435119629, 2.2471702098846436, 2.224944829940796, 2.200523614883423, 2.1739485263824463, 2.1355066299438477, 2.091515302658081, 2.037900924682617, 1.981097936630249, 1.9223830699920654, 1.8632819652557373, 1.8048276901245117, 1.7617087364196777, 1.7157840728759766, 1.6835471391677856, 1.6521844863891602, 1.6329255104064941, 1.6061259508132935, 1.5930728912353516, 1.5766513347625732, 1.5652464628219604, 1.5553381443023682, 1.5463920831680298, 1.5430864095687866, 1.5314475297927856, 1.5230000019073486, 1.5220932960510254, 1.5146065950393677, 1.506971836090088, 1.5012127161026, 1.4989426136016846, 1.4949572086334229, 1.4908708333969116, 1.4830124378204346, 1.4742839336395264, 1.4732820987701416, 1.4642833471298218, 1.463537573814392, 1.4583016633987427, 1.4544621706008911, 1.4510619640350342, 1.446884274482727, 1.4470937252044678, 1.4402320384979248, 1.4376451969146729, 1.4368393421173096, 1.436659336090088, 1.4301228523254395, 1.4305906295776367, 1.425478219985962, 1.4241087436676025, 1.4232978820800781, 1.418483853340149, 1.4197335243225098, 1.415498971939087, 1.4122703075408936, 1.4124623537063599, 1.4100764989852905, 1.4077544212341309, 1.4077973365783691, 1.4062814712524414, 1.4002904891967773, 1.4002960920333862, 1.4001539945602417, 1.3969310522079468, 1.3922368288040161, 1.3931251764297485, 1.3875552415847778, 1.3912369012832642, 1.3885400295257568, 1.386052131652832, 1.3873735666275024, 1.3882864713668823, 1.3831812143325806, 1.3854435682296753, 1.3812921047210693, 1.3794444799423218, 1.3780990839004517, 1.377816081047058, 1.3780097961425781, 1.375415563583374, 1.3728861808776855, 1.3712445497512817, 1.3695971965789795, 1.3711538314819336, 1.3676477670669556, 1.3667527437210083, 1.3659814596176147, 1.3640539646148682], "val_loss": [5.894145488739014, 5.743902683258057, 5.62206506729126, 5.516714572906494, 5.432379722595215, 5.377746105194092, 5.3319501876831055, 5.28101110458374, 5.197321891784668, 5.130267143249512, 5.0229082107543945, 4.905848503112793, 4.779129981994629, 4.640587329864502, 4.524627685546875, 4.226415157318115, 3.9728822708129883, 3.6801960468292236, 3.419607400894165, 3.165717601776123, 2.969954490661621, 2.78682017326355, 2.6588521003723145, 2.543778419494629, 2.45007061958313, 2.380831003189087, 2.338596820831299, 2.27542781829834, 2.2464563846588135, 2.2114367485046387, 2.1647677421569824, 2.139195203781128, 2.105354070663452, 2.07939076423645, 2.0555167198181152, 2.0377652645111084, 2.0124101638793945, 1.9960675239562988, 1.971158742904663, 1.949326753616333, 1.9387651681900024, 1.9143890142440796, 1.90891695022583, 1.8881298303604126, 1.883890151977539, 1.8557411432266235, 1.8477383852005005, 1.8446115255355835, 1.8214213848114014, 1.814858078956604, 1.8104147911071777, 1.7952841520309448, 1.8039038181304932, 1.7873514890670776, 1.781549334526062, 1.7802090644836426, 1.7837023735046387, 1.7748774290084839, 1.7629637718200684, 1.753657341003418, 1.7673845291137695, 1.7650963068008423, 1.7605534791946411, 1.7674320936203003, 1.7487422227859497, 1.7474979162216187, 1.7318177223205566, 1.7355366945266724, 1.7308725118637085, 1.7338535785675049, 1.7226473093032837, 1.7236028909683228, 1.7235411405563354, 1.7161060571670532, 1.7185901403427124, 1.7099976539611816, 1.6955528259277344, 1.7077547311782837, 1.7047417163848877, 1.6980435848236084, 1.6906871795654297, 1.6950900554656982, 1.7110247611999512, 1.695629358291626, 1.6971160173416138, 1.6801722049713135, 1.695595383644104, 1.6926369667053223, 1.6822048425674438, 1.6794484853744507, 1.6823872327804565, 1.6818629503250122, 1.6744484901428223, 1.6620917320251465, 1.6712499856948853, 1.6733311414718628, 1.6686400175094604, 1.6687816381454468, 1.6747398376464844], "val_rmse": [2.411743640899658, 2.380854606628418, 2.3556973934173584, 2.3338372707366943, 2.3164806365966797, 2.3050293922424316, 2.295079469680786, 2.2841861248016357, 2.2664260864257812, 2.2513351440429688, 2.2277209758758545, 2.2014236450195312, 2.172656774520874, 2.140629529953003, 2.1130266189575195, 2.0416605472564697, 1.9785195589065552, 1.9032177925109863, 1.8331818580627441, 1.7624855041503906, 1.7056547403335571, 1.6511623859405518, 1.6124411821365356, 1.5765489339828491, 1.5469343662261963, 1.5246992111206055, 1.5110578536987305, 1.4899615049362183, 1.480347752571106, 1.4686249494552612, 1.4526358842849731, 1.4441159963607788, 1.4323407411575317, 1.4234601259231567, 1.4152708053588867, 1.4092217683792114, 1.4003634452819824, 1.394648551940918, 1.3858582973480225, 1.3782000541687012, 1.3745943307876587, 1.365817904472351, 1.363990068435669, 1.3565490245819092, 1.3552781343460083, 1.3449620008468628, 1.342024326324463, 1.3410682678222656, 1.3325477838516235, 1.3301211595535278, 1.3286012411117554, 1.3230429887771606, 1.3265025615692139, 1.3204874992370605, 1.3183399438858032, 1.3178985118865967, 1.3195297718048096, 1.3160357475280762, 1.3117121458053589, 1.3083921670913696, 1.313784122467041, 1.3126815557479858, 1.3111460208892822, 1.3137952089309692, 1.306625247001648, 1.3064724206924438, 1.30026376247406, 1.301902413368225, 1.3000177145004272, 1.301326870918274, 1.296960473060608, 1.2974669933319092, 1.2973895072937012, 1.2946178913116455, 1.295519232749939, 1.292539358139038, 1.2866778373718262, 1.2915078401565552, 1.2903332710266113, 1.287890076637268, 1.2851101160049438, 1.286616325378418, 1.293021321296692, 1.2871524095535278, 1.2877397537231445, 1.2812272310256958, 1.2872072458267212, 1.2860225439071655, 1.2818375825881958, 1.2808067798614502, 1.282218098640442, 1.2820940017700195, 1.2790035009384155, 1.2741873264312744, 1.277739405632019, 1.2788952589035034, 1.2769742012023926, 1.2770984172821045, 1.2793596982955933]}