{"n_parameters": 211841, "training_time": 3572.3934333324432, "loss": [5.819918632507324, 5.588003158569336, 5.5282158851623535, 5.474269866943359, 5.425108909606934, 5.369453430175781, 5.317661762237549, 5.258151054382324, 5.200479030609131, 5.13537073135376, 5.069486618041992, 5.003342628479004, 4.9387078285217285, 4.860315322875977, 4.792439937591553, 4.720986843109131, 4.640622138977051, 4.5727715492248535, 4.494110584259033, 4.410776138305664, 4.344423770904541, 4.2563157081604, 4.163182258605957, 4.069863796234131, 3.971911907196045, 3.8787968158721924, 3.7776012420654297, 3.688544273376465, 3.5802218914031982, 3.4900362491607666, 3.3857955932617188, 3.289754629135132, 3.2023463249206543, 3.1001358032226562, 3.019310474395752, 2.94185733795166, 2.872436285018921, 2.801814556121826, 2.7409214973449707, 2.6806769371032715, 2.6156625747680664, 2.5702898502349854, 2.530987501144409, 2.4835712909698486, 2.441736936569214, 2.414910078048706, 2.3789684772491455, 2.3506009578704834, 2.314965009689331, 2.2960989475250244, 2.271458148956299, 2.246612310409546, 2.2325382232666016, 2.2174036502838135, 2.1884796619415283, 2.1791880130767822], "rmse": [2.396061897277832, 2.345350980758667, 2.3334991931915283, 2.321202039718628, 2.3108670711517334, 2.29905104637146, 2.288837194442749, 2.2754709720611572, 2.2634851932525635, 2.2500460147857666, 2.2353291511535645, 2.2212183475494385, 2.2071380615234375, 2.1896274089813232, 2.1751351356506348, 2.1574294567108154, 2.1400628089904785, 2.1240129470825195, 2.106478214263916, 2.0863423347473145, 2.070969343185425, 2.0489370822906494, 2.02630615234375, 2.0038974285125732, 1.9803088903427124, 1.9568393230438232, 1.93119478225708, 1.907650351524353, 1.8794524669647217, 1.8550775051116943, 1.8275548219680786, 1.800965428352356, 1.776273250579834, 1.748411774635315, 1.7247657775878906, 1.7025738954544067, 1.682352900505066, 1.6609431505203247, 1.6426703929901123, 1.6249679327011108, 1.60444176197052, 1.590597152709961, 1.578356385231018, 1.5634938478469849, 1.5503464937210083, 1.5414177179336548, 1.5294766426086426, 1.5205345153808594, 1.5081830024719238, 1.5024887323379517, 1.4941025972366333, 1.4858945608139038, 1.4815733432769775, 1.4762009382247925, 1.4660271406173706, 1.4629621505737305], "val_loss": [5.762900352478027, 5.682873725891113, 5.621767044067383, 5.5602312088012695, 5.497916221618652, 5.437187194824219, 5.380529880523682, 5.308383464813232, 5.23546838760376, 5.163785457611084, 5.084511756896973, 5.0135650634765625, 4.92409610748291, 4.855592250823975, 4.7694807052612305, 4.693429946899414, 4.611413955688477, 4.5290703773498535, 4.426316261291504, 4.344038963317871, 4.262825965881348, 4.17449426651001, 4.0852508544921875, 3.978886127471924, 3.8621184825897217, 3.766634225845337, 3.682462453842163, 3.5841588973999023, 3.500469446182251, 3.4268383979797363, 3.3172037601470947, 3.2437922954559326, 3.1723270416259766, 3.117115020751953, 3.0261194705963135, 3.006519317626953, 2.9465179443359375, 2.906430959701538, 2.9000396728515625, 2.881300926208496, 2.815514087677002, 2.805079936981201, 2.8184218406677246, 2.8199543952941895, 2.7788445949554443, 2.7503013610839844, 2.75087833404541, 2.7466516494750977, 2.7367851734161377, 2.7428083419799805, 2.7312746047973633, 2.7473227977752686, 2.7345619201660156, 2.813065767288208, 2.7615604400634766, 2.7757887840270996], "val_rmse": [2.3828423023223877, 2.366063356399536, 2.3532848358154297, 2.340388536453247, 2.3273441791534424, 2.3146142959594727, 2.302729845046997, 2.2873611450195312, 2.2717840671539307, 2.256401538848877, 2.239236831665039, 2.223853349685669, 2.204070568084717, 2.1889281272888184, 2.1696252822875977, 2.152474880218506, 2.133802652359009, 2.1147844791412354, 2.0907607078552246, 2.0713958740234375, 2.052117347717285, 2.0308737754821777, 2.0091633796691895, 1.982914924621582, 1.9536794424057007, 1.9294353723526, 1.9079221487045288, 1.8822523355484009, 1.8602564334869385, 1.8406733274459839, 1.8109114170074463, 1.7907999753952026, 1.7709944248199463, 1.7555607557296753, 1.7295671701431274, 1.7241064310073853, 1.7067337036132812, 1.6949641704559326, 1.6931966543197632, 1.6877185106277466, 1.6681777238845825, 1.6650311946868896, 1.6690025329589844, 1.669500470161438, 1.657132863998413, 1.6485636234283447, 1.6487314701080322, 1.6474201679229736, 1.644518256187439, 1.6462165117263794, 1.6426669359207153, 1.6476107835769653, 1.6437221765518188, 1.6673414707183838, 1.6519230604171753, 1.65625]}