{"n_parameters": 283921, "training_time": 10891.610170602798, "loss": [5.838693141937256, 5.72764778137207, 5.672953128814697, 5.620326042175293, 5.577230453491211, 5.5275349617004395, 5.488609790802002, 5.440304756164551, 5.401921272277832, 5.351880073547363, 5.318650722503662, 5.2690510749816895, 5.2267842292785645, 5.195964813232422, 5.150493144989014, 5.101738452911377, 5.060281753540039, 5.028762340545654, 4.997663974761963, 4.94665002822876, 4.9065656661987305, 4.878188610076904, 4.829799652099609, 4.798146724700928, 4.765113830566406, 4.724499225616455, 4.6841020584106445, 4.627737045288086, 4.588887691497803, 4.553471088409424, 4.487447738647461, 4.430798053741455, 4.39126443862915, 4.319146156311035, 4.264312744140625, 4.182094097137451, 4.106255054473877, 4.03274393081665, 3.9423694610595703, 3.863039255142212, 3.77524995803833, 3.6916892528533936, 3.6164703369140625, 3.5317161083221436, 3.4451472759246826, 3.3696281909942627, 3.3071248531341553, 3.237758159637451, 3.177058696746826, 3.121514320373535, 3.0640857219696045, 3.0289089679718018, 2.9614388942718506, 2.9404702186584473, 2.895906686782837, 2.8680570125579834, 2.8277177810668945, 2.7907915115356445, 2.7679526805877686, 2.7407150268554688, 2.7185006141662598, 2.6877241134643555, 2.6595280170440674, 2.643700361251831, 2.626802444458008, 2.6023848056793213, 2.57806134223938, 2.5531816482543945, 2.547468900680542, 2.531583547592163, 2.5099096298217773, 2.5008769035339355, 2.482942581176758, 2.4710710048675537, 2.4618988037109375, 2.43583345413208, 2.423121690750122, 2.418297290802002, 2.4154183864593506, 2.3910064697265625, 2.3798699378967285, 2.362628698348999, 2.358018636703491, 2.339348554611206, 2.346909523010254, 2.3244283199310303, 2.3016974925994873, 2.3049733638763428, 2.2957026958465576, 2.2813820838928223, 2.283017158508301, 2.2754814624786377, 2.247549295425415, 2.256620407104492, 2.2530243396759033, 2.241811990737915, 2.2328760623931885, 2.2286930084228516, 2.221665382385254, 2.207679510116577, 2.2037007808685303, 2.20562481880188, 2.1895551681518555, 2.1802878379821777, 2.181772232055664, 2.177412748336792, 2.171715021133423, 2.16383957862854, 2.153195858001709, 2.1420347690582275, 2.1470847129821777, 2.136981725692749, 2.1330010890960693, 2.12353515625, 2.1288223266601562, 2.1215052604675293, 2.113020181655884, 2.11735200881958, 2.0963869094848633, 2.097322702407837, 2.0899689197540283, 2.092024326324463], "rmse": [2.397831678390503, 2.375823497772217, 2.364501476287842, 2.3548662662506104, 2.3457014560699463, 2.33541202545166, 2.3263397216796875, 2.316838264465332, 2.309028148651123, 2.2988975048065186, 2.291652202606201, 2.281392812728882, 2.2716867923736572, 2.264904022216797, 2.2555360794067383, 2.2445497512817383, 2.2353808879852295, 2.22904634475708, 2.220780372619629, 2.210239887237549, 2.201950788497925, 2.1952590942382812, 2.184293031692505, 2.177293539047241, 2.1689414978027344, 2.160688638687134, 2.1506946086883545, 2.1377346515655518, 2.128624677658081, 2.119798183441162, 2.1033668518066406, 2.090445041656494, 2.0816664695739746, 2.064079523086548, 2.0509755611419678, 2.030064821243286, 2.0109314918518066, 1.9927595853805542, 1.9702284336090088, 1.9496937990188599, 1.9272849559783936, 1.9055933952331543, 1.8846642971038818, 1.8620269298553467, 1.8390967845916748, 1.817301630973816, 1.8013715744018555, 1.781675100326538, 1.764339804649353, 1.7488404512405396, 1.733068585395813, 1.7226566076278687, 1.7031583786010742, 1.6966129541397095, 1.6838854551315308, 1.6764488220214844, 1.663819670677185, 1.653153657913208, 1.6456036567687988, 1.6380400657653809, 1.630075454711914, 1.6209076642990112, 1.6132731437683105, 1.6078609228134155, 1.6034009456634521, 1.5952218770980835, 1.5884196758270264, 1.580206274986267, 1.5789684057235718, 1.57486093044281, 1.5673978328704834, 1.5642352104187012, 1.5577665567398071, 1.5556097030639648, 1.5514460802078247, 1.5434882640838623, 1.5395312309265137, 1.5377025604248047, 1.5377161502838135, 1.5302337408065796, 1.5263298749923706, 1.5203768014907837, 1.5189496278762817, 1.5123612880706787, 1.515493631362915, 1.5079418420791626, 1.5001872777938843, 1.5021034479141235, 1.4978035688400269, 1.4937106370925903, 1.494889497756958, 1.4918286800384521, 1.4831331968307495, 1.4864124059677124, 1.484595537185669, 1.4813361167907715, 1.4784445762634277, 1.476021409034729, 1.473896861076355, 1.4695582389831543, 1.4688055515289307, 1.4686728715896606, 1.4634840488433838, 1.46074640750885, 1.4609776735305786, 1.4597694873809814, 1.4580329656600952, 1.4547998905181885, 1.4512670040130615, 1.4465357065200806, 1.4491393566131592, 1.4461188316345215, 1.4450174570083618, 1.4404819011688232, 1.443038821220398, 1.439643383026123, 1.437703013420105, 1.4389652013778687, 1.4318923950195312, 1.431959867477417, 1.4301931858062744, 1.4299860000610352], "val_loss": [5.87438440322876, 5.806946277618408, 5.753898620605469, 5.695541858673096, 5.6374592781066895, 5.5818095207214355, 5.52616548538208, 5.468138217926025, 5.413191318511963, 5.358436584472656, 5.297342300415039, 5.234875202178955, 5.172713756561279, 5.1157732009887695, 5.052912712097168, 4.991118907928467, 4.929129123687744, 4.866922855377197, 4.824046611785889, 4.781336784362793, 4.729658126831055, 4.682693004608154, 4.634354591369629, 4.587531566619873, 4.534006118774414, 4.496270179748535, 4.426513671875, 4.367446422576904, 4.327636241912842, 4.248104095458984, 4.185446262359619, 4.106350421905518, 4.045705795288086, 3.956615447998047, 3.895625352859497, 3.7847981452941895, 3.6774075031280518, 3.585874080657959, 3.486461639404297, 3.3834242820739746, 3.2934794425964355, 3.196000337600708, 3.1016485691070557, 3.003042459487915, 2.930360794067383, 2.8555729389190674, 2.7955005168914795, 2.7175798416137695, 2.659345865249634, 2.6028482913970947, 2.5487594604492188, 2.502722978591919, 2.456878185272217, 2.4176971912384033, 2.3910233974456787, 2.369288444519043, 2.3225812911987305, 2.306971788406372, 2.2795631885528564, 2.2569072246551514, 2.218305826187134, 2.1998960971832275, 2.177029609680176, 2.176027536392212, 2.153712511062622, 2.138256788253784, 2.108607530593872, 2.0920510292053223, 2.065410614013672, 2.0637011528015137, 2.0606751441955566, 2.029231071472168, 2.049725294113159, 2.009246587753296, 2.0019426345825195, 1.9887932538986206, 1.9678149223327637, 1.9689819812774658, 1.976837158203125, 1.9550400972366333, 1.9501450061798096, 1.9805271625518799, 1.9146108627319336, 1.953906774520874, 1.9352999925613403, 1.9100542068481445, 1.8957421779632568, 1.9089972972869873, 1.8890209197998047, 1.872576355934143, 1.879599928855896, 1.8900649547576904, 1.887223482131958, 1.8889622688293457, 1.853959321975708, 1.8703783750534058, 1.8640010356903076, 1.8719216585159302, 1.8488245010375977, 1.868003487586975, 1.8308885097503662, 1.829018473625183, 1.8241431713104248, 1.8196195363998413, 1.8416430950164795, 1.8512235879898071, 1.8238478899002075, 1.81550133228302, 1.8112131357192993, 1.8124432563781738, 1.8288346529006958, 1.8026565313339233, 1.810760259628296, 1.8129668235778809, 1.814368724822998, 1.8000664710998535, 1.7819103002548218, 1.789360523223877, 1.8186917304992676, 1.8082518577575684, 1.8129671812057495, 1.8212801218032837],