{"n_parameters": 163377, "training_time": 3512.591742992401, "loss": [6.031274795532227, 5.902921676635742, 5.813358783721924, 5.748612403869629, 5.704714775085449, 5.650925159454346, 5.590369701385498, 5.569822788238525, 5.526371479034424, 5.487713813781738, 5.459324359893799, 5.434544563293457, 5.408171653747559, 5.388731002807617, 5.359391212463379, 5.339804649353027, 5.317246437072754, 5.293334007263184, 5.273087024688721, 5.235430717468262, 5.216508388519287, 5.179224967956543, 5.155482292175293, 5.139740467071533, 5.095179080963135, 5.058136463165283, 5.019471645355225, 4.992167949676514, 4.943432331085205, 4.899968147277832, 4.857365131378174, 4.795561790466309, 4.745297431945801, 4.7067952156066895, 4.63911771774292, 4.59576416015625, 4.5141496658325195, 4.472668647766113, 4.405116081237793, 4.3577351570129395, 4.300500869750977, 4.247124671936035, 4.176977634429932, 4.127054691314697, 4.070722579956055, 4.019824981689453], "rmse": [2.437650680541992, 2.4119114875793457, 2.393528461456299, 2.3812949657440186, 2.3722312450408936, 2.360274314880371, 2.349499225616455, 2.3434815406799316, 2.3349995613098145, 2.327406167984009, 2.321399211883545, 2.3163182735443115, 2.3103652000427246, 2.3067634105682373, 2.3003456592559814, 2.296208381652832, 2.2913527488708496, 2.286273241043091, 2.281870126724243, 2.272867441177368, 2.2691190242767334, 2.2611212730407715, 2.2559566497802734, 2.251626491546631, 2.2426979541778564, 2.234989881515503, 2.22560715675354, 2.2193806171417236, 2.208333969116211, 2.1990649700164795, 2.1891674995422363, 2.175154447555542, 2.163337230682373, 2.1545586585998535, 2.1392455101013184, 2.128518581390381, 2.109334707260132, 2.098289728164673, 2.0826873779296875, 2.071375846862793, 2.057668685913086, 2.044178009033203, 2.0276365280151367, 2.015612840652466, 2.000767230987549, 1.9875820875167847], "val_loss": [5.8370466232299805, 5.716086387634277, 5.666425704956055, 5.623612880706787, 5.591711521148682, 5.581081867218018, 5.573431491851807, 5.598151206970215, 5.574687957763672, 5.5650763511657715, 5.525102138519287, 5.492998123168945, 5.481379985809326, 5.473119735717773, 5.439424514770508, 5.410513401031494, 5.41070032119751, 5.416537761688232, 5.38831901550293, 5.385782718658447, 5.357669830322266, 5.330362796783447, 5.282456398010254, 5.276575565338135, 5.2423577308654785, 5.201282024383545, 5.150350570678711, 5.105371475219727, 5.069929122924805, 5.042230129241943, 4.946091651916504, 4.930826663970947, 4.87216329574585, 4.837597846984863, 4.77134370803833, 4.742888450622559, 4.705585956573486, 4.665224552154541, 4.71865701675415, 4.69580078125, 4.654246807098389, 4.665045738220215, 4.657206058502197, 4.663380146026611, 4.708410263061523, 4.685283660888672], "val_rmse": [2.399061918258667, 2.373986005783081, 2.3635778427124023, 2.3547725677490234, 2.348193407058716, 2.3459079265594482, 2.3443000316619873, 2.34932017326355, 2.344489097595215, 2.3424341678619385, 2.334054946899414, 2.327282428741455, 2.324772357940674, 2.322969675064087, 2.315932273864746, 2.309891939163208, 2.309849977493286, 2.3109993934631348, 2.3050460815429688, 2.3044016361236572, 2.2984402179718018, 2.2926011085510254, 2.2823169231414795, 2.2809488773345947, 2.273482084274292, 2.2644312381744385, 2.253328800201416, 2.2433700561523438, 2.2354533672332764, 2.2292463779449463, 2.207899570465088, 2.2044904232025146, 2.191214084625244, 2.1833462715148926, 2.1682987213134766, 2.162032127380371, 2.1536829471588135, 2.1445884704589844, 2.1570851802825928, 2.1521291732788086, 2.142876625061035, 2.145495653152466, 2.144029140472412, 2.1458754539489746, 2.156465768814087, 2.151358127593994]}