{"n_parameters": 431713, "training_time": 6992.933962106705, "loss": [6.081711769104004, 5.899055004119873, 5.8187127113342285, 5.745960235595703, 5.703089237213135, 5.643651008605957, 5.6078104972839355, 5.567113399505615, 5.5270161628723145, 5.494115829467773, 5.460764408111572, 5.423347473144531, 5.389293670654297, 5.358527183532715, 5.334986686706543, 5.303174018859863, 5.257788181304932, 5.238381862640381, 5.188011646270752, 5.151330947875977, 5.116130352020264, 5.06818962097168, 5.019862174987793, 4.958730220794678, 4.893496513366699, 4.815732955932617, 4.737755298614502, 4.630714416503906, 4.518076419830322, 4.4237494468688965, 4.317647457122803, 4.191774368286133, 4.090483665466309, 3.978557825088501, 3.8716671466827393, 3.760660171508789, 3.6640372276306152, 3.570403814315796, 3.4651103019714355, 3.3658034801483154, 3.259732723236084, 3.1621391773223877, 3.0801620483398438, 2.9753315448760986, 2.890652894973755, 2.823073387145996, 2.7379448413848877, 2.653933048248291, 2.622197389602661, 2.562899112701416], "rmse": [2.4485349655151367, 2.4116973876953125, 2.395496368408203, 2.3800036907196045, 2.371159315109253, 2.359879970550537, 2.3525171279907227, 2.344064235687256, 2.3351194858551025, 2.328878879547119, 2.3211538791656494, 2.3141071796417236, 2.306442975997925, 2.300126075744629, 2.2948312759399414, 2.2883718013763428, 2.278860092163086, 2.274707555770874, 2.264162302017212, 2.25577712059021, 2.2477245330810547, 2.2372119426727295, 2.22552752494812, 2.212395429611206, 2.1967051029205322, 2.1791293621063232, 2.1605756282806396, 2.1357619762420654, 2.1094162464141846, 2.0867233276367188, 2.0610148906707764, 2.0294113159179688, 2.004774570465088, 1.9769847393035889, 1.9493495225906372, 1.9206740856170654, 1.8951668739318848, 1.8700834512710571, 1.8428432941436768, 1.8159046173095703, 1.785691738128662, 1.7592391967773438, 1.7373876571655273, 1.7063120603561401, 1.682356834411621, 1.6610208749771118, 1.6368297338485718, 1.6114366054534912, 1.6011602878570557, 1.582885503768921], "val_loss": [5.809390068054199, 5.707309722900391, 5.666881561279297, 5.611944675445557, 5.564391136169434, 5.526064395904541, 5.483364582061768, 5.447757720947266, 5.4031195640563965, 5.413483619689941, 5.3677263259887695, 5.3796844482421875, 5.375555038452148, 5.330341339111328, 5.276086330413818, 5.234191417694092, 5.234458923339844, 5.1708149909973145, 5.103425025939941, 5.0632429122924805, 4.941800594329834, 4.849629878997803, 4.770687580108643, 4.619727611541748, 4.4839091300964355, 4.291070938110352, 4.160165786743164, 4.037119388580322, 3.8344032764434814, 3.7146389484405518, 3.538956642150879, 3.3918588161468506, 3.323582887649536, 3.220271587371826, 3.187710762023926, 3.097853899002075, 3.0845775604248047, 3.0287137031555176, 2.9661593437194824, 2.9356846809387207, 2.9183640480041504, 2.919001579284668, 2.856821060180664, 2.8809142112731934, 2.8561336994171143, 2.87725567817688, 2.9905097484588623, 2.873915672302246, 2.950458526611328, 2.895988702774048], "val_rmse": [2.3934757709503174, 2.3726563453674316, 2.3644683361053467, 2.353226900100708, 2.3433871269226074, 2.335479974746704, 2.3267130851745605, 2.319355010986328, 2.3100979328155518, 2.312091588973999, 2.3025436401367188, 2.305008888244629, 2.3040807247161865, 2.2944869995117188, 2.282864809036255, 2.27372145652771, 2.273465633392334, 2.2595152854919434, 2.2445919513702393, 2.235328197479248, 2.2081122398376465, 2.1870083808898926, 2.168527364730835, 2.1334171295166016, 2.1011316776275635, 2.054717779159546, 2.0221519470214844, 1.9908562898635864, 1.9389498233795166, 1.9074147939682007, 1.860787272453308, 1.8209526538848877, 1.8027716875076294, 1.774433970451355, 1.7663040161132812, 1.741361141204834, 1.738751769065857, 1.723490834236145, 1.7061686515808105, 1.6981061697006226, 1.6938296556472778, 1.694703459739685, 1.6768159866333008, 1.6846251487731934, 1.6775120496749878, 1.684209942817688, 1.7180382013320923, 1.6837949752807617, 1.7066552639007568, 1.6905951499938965]}