{"n_parameters": 341409, "training_time": 17149.452169656754, "loss": [5.8933186531066895, 5.7457194328308105, 5.613607883453369, 5.452486991882324, 5.257326602935791, 5.071955680847168, 4.890557289123535, 4.73421573638916, 4.598550796508789, 4.492225170135498, 4.381684303283691, 4.295031547546387, 4.199304580688477, 4.113836765289307, 4.009905815124512, 3.8834357261657715, 3.738086462020874, 3.5786027908325195, 3.4046685695648193, 3.235675573348999, 3.068566083908081, 2.9305460453033447, 2.82863187789917, 2.722306251525879, 2.638989210128784, 2.569605827331543, 2.5246901512145996, 2.481792449951172, 2.4526498317718506, 2.4227797985076904, 2.4087166786193848, 2.3847978115081787, 2.364470958709717, 2.3486759662628174, 2.3413965702056885, 2.335585355758667, 2.3260550498962402, 2.3060479164123535, 2.2993106842041016, 2.293715000152588, 2.276646137237549, 2.274371862411499, 2.2669899463653564, 2.2640655040740967, 2.2383320331573486, 2.232070207595825, 2.2097692489624023, 2.206927537918091, 2.1913869380950928, 2.1817948818206787, 2.1661009788513184, 2.1434903144836426, 2.1357462406158447, 2.123424768447876, 2.1117682456970215, 2.089033842086792, 2.0797319412231445, 2.0700042247772217, 2.046943426132202, 2.0268380641937256, 2.012770414352417, 1.9977335929870605, 1.9825743436813354, 1.9719618558883667, 1.9602024555206299, 1.9485342502593994, 1.9332603216171265, 1.9220666885375977, 1.907256007194519, 1.9046752452850342, 1.8809415102005005, 1.8771833181381226, 1.869193434715271, 1.8478419780731201, 1.8449132442474365, 1.834580898284912, 1.8225688934326172, 1.8128085136413574, 1.8023737668991089, 1.7983816862106323, 1.792286992073059, 1.7921181917190552, 1.7786970138549805, 1.7812275886535645, 1.7702255249023438, 1.7607192993164062, 1.7542304992675781, 1.7378336191177368, 1.7511717081069946, 1.7236073017120361, 1.7291982173919678, 1.7277740240097046, 1.7155109643936157, 1.711146354675293, 1.7135686874389648, 1.7042951583862305, 1.6915279626846313, 1.6931334733963013, 1.6963945627212524, 1.6920948028564453, 1.6852773427963257, 1.6763396263122559, 1.6740432977676392, 1.673666000366211, 1.6612316370010376, 1.6584821939468384, 1.651106357574463, 1.6482127904891968, 1.6490477323532104, 1.6482512950897217, 1.6291617155075073, 1.6332226991653442, 1.6235589981079102, 1.6173402070999146, 1.6242159605026245, 1.6177330017089844, 1.6062663793563843, 1.6029040813446045, 1.601821780204773, 1.5980287790298462, 1.5911333560943604, 1.5871853828430176, 1.5972079038619995, 1.587441325187683, 1.5820351839065552, 1.5758317708969116, 1.5785614252090454, 1.5771098136901855, 1.5658254623413086, 1.5590715408325195, 1.556092381477356, 1.5530683994293213, 1.5576260089874268, 1.5499347448349, 1.5549079179763794, 1.5468515157699585, 1.5443835258483887, 1.5351577997207642, 1.5314940214157104, 1.5341236591339111, 1.5239319801330566, 1.5330753326416016, 1.514586091041565, 1.5242713689804077, 1.5126687288284302, 1.5136420726776123, 1.511837363243103, 1.5166234970092773, 1.5067949295043945, 1.5090135335922241, 1.5027401447296143, 1.507044792175293, 1.4925514459609985, 1.489877700805664, 1.4909801483154297, 1.4940804243087769, 1.4847735166549683, 1.4934402704238892, 1.48350191116333, 1.4872374534606934, 1.4858382940292358, 1.4763648509979248, 1.4836726188659668, 1.4776839017868042, 1.4785747528076172, 1.4813734292984009, 1.470539927482605, 1.4699605703353882, 1.4622150659561157, 1.4631175994873047, 1.464032530784607, 1.4661788940429688, 1.45893394947052, 1.4523651599884033, 1.457687258720398, 1.454858422279358, 1.4483346939086914, 1.4451326131820679, 1.4530415534973145, 1.4532029628753662, 1.4429632425308228, 1.4440664052963257, 1.4313905239105225, 1.4427257776260376, 1.4365053176879883, 1.4406349658966064, 1.4331145286560059, 1.4375567436218262, 1.4314923286437988, 1.432976245880127], "rmse": [2.411534547805786, 2.3792059421539307, 2.352799892425537, 2.3190624713897705, 2.27742075920105, 2.238042116165161, 2.19791841506958, 2.1629018783569336, 2.132819890975952, 2.107783079147339, 2.0814285278320312, 2.0610861778259277, 2.0377354621887207, 2.016775131225586, 1.9908638000488281, 1.9591401815414429, 1.921036958694458, 1.8793809413909912, 1.831851840019226, 1.7835872173309326, 1.7366037368774414, 1.695448398590088, 1.6637264490127563, 1.6324634552001953, 1.605649709701538, 1.584472894668579, 1.5699677467346191, 1.5554336309432983, 1.5448545217514038, 1.5360612869262695, 1.5309604406356812, 1.5234311819076538, 1.516967535018921, 1.511622667312622, 1.5093494653701782, 1.5086398124694824, 1.5041524171829224, 1.4974887371063232, 1.495364785194397, 1.4940857887268066, 1.4891974925994873, 1.4878966808319092, 1.4843688011169434, 1.4837806224822998, 1.475480318069458, 1.4724751710891724, 1.4658087491989136, 1.464878797531128, 1.4606285095214844, 1.4565958976745605, 1.4520092010498047, 1.44452965259552, 1.442319631576538, 1.4372642040252686, 1.4341471195220947, 1.4258254766464233, 1.4233016967773438, 1.4198963642120361, 1.4127904176712036, 1.4057203531265259, 1.3995229005813599, 1.3962281942367554, 1.3903343677520752, 1.3864121437072754, 1.3829814195632935, 1.3779354095458984, 1.3720145225524902, 1.3690873384475708, 1.364013433456421, 1.3628634214401245, 1.3541827201843262, 1.3534294366836548, 1.351976752281189, 1.3430346250534058, 1.3424670696258545, 1.3384300470352173, 1.334432601928711, 1.3307007551193237, 1.327173113822937, 1.325209140777588, 1.323208212852478, 1.3228602409362793, 1.3179072141647339, 1.31868577003479, 1.3144731521606445, 1.3112084865570068, 1.3093085289001465, 1.3036261796951294, 1.3084416389465332, 1.2977839708328247, 1.3001620769500732, 1.2999628782272339, 1.2945390939712524, 1.2924253940582275, 1.294366717338562, 1.290362000465393, 1.2856483459472656, 1.2864336967468262, 1.2876390218734741, 1.2861698865890503, 1.2838188409805298, 1.280085563659668, 1.2796839475631714, 1.2801592350006104, 1.2741936445236206, 1.273356318473816, 1.270228624343872, 1.269130825996399, 1.2694727182388306, 1.2692502737045288, 1.2619853019714355, 1.2640564441680908, 1.2589876651763916, 1.2569454908370972, 1.2601746320724487, 1.257245421409607, 1.2533550262451172, 1.251479983329773, 1.2515463829040527, 1.2493722438812256, 1.2465636730194092, 1.2457410097122192, 1.248815655708313, 1.245471477508545, 1.2440991401672363, 1.2413352727890015, 1.2425973415374756, 1.241429328918457, 1.236902117729187, 1.2340484857559204, 1.2328877449035645, 1.232067584991455, 1.2343368530273438, 1.2303813695907593, 1.2328362464904785, 1.2293522357940674, 1.228071928024292, 1.224870204925537, 1.2232012748718262, 1.224530577659607, 1.2197861671447754, 1.2245463132858276, 1.2163996696472168, 1.2205184698104858, 1.2162071466445923, 1.2159998416900635, 1.2154029607772827, 1.2175015211105347, 1.213321328163147, 1.2139532566070557, 1.2118226289749146, 1.213844656944275, 1.207269310951233, 1.206477403640747, 1.2066837549209595, 1.2086025476455688, 1.2048155069351196, 1.207675814628601, 1.2036020755767822, 1.205024003982544, 1.2051126956939697, 1.2007441520690918, 1.203592300415039, 1.2013200521469116, 1.201721429824829, 1.2037805318832397, 1.1980623006820679, 1.1976698637008667, 1.1946017742156982, 1.1955770254135132, 1.1957374811172485, 1.1966148614883423, 1.1940240859985352, 1.190293312072754, 1.1931906938552856, 1.1919217109680176, 1.1891729831695557, 1.1877319812774658, 1.1913611888885498, 1.1915369033813477, 1.1871883869171143, 1.1875776052474976, 1.182519793510437, 1.1866185665130615, 1.184566855430603, 1.1858482360839844, 1.1833597421646118, 1.1854884624481201, 1.1826502084732056, 1.1830573081970215],