{"n_parameters": 462321, "training_time": 8374.827409029007, "loss": [5.991403579711914, 5.631763458251953, 5.45513916015625, 5.34285306930542, 5.241034030914307, 5.153336524963379, 5.043406009674072, 4.930675029754639, 4.808903217315674, 4.688856601715088, 4.5492024421691895, 4.382863998413086, 4.199995994567871, 4.003874778747559, 3.7864232063293457, 3.5964152812957764, 3.414945363998413, 3.2437121868133545, 3.0885095596313477, 2.9394690990448, 2.8120434284210205, 2.6940431594848633, 2.5959632396698, 2.5134358406066895, 2.42740797996521, 2.343475341796875, 2.2932164669036865, 2.252321720123291, 2.1997053623199463, 2.1581504344940186, 2.1095197200775146, 2.080131769180298, 2.056288242340088, 2.0189757347106934, 1.9853829145431519, 1.9796627759933472, 1.9492359161376953, 1.9289485216140747, 1.9089022874832153, 1.9058786630630493, 1.8803592920303345, 1.8749349117279053, 1.858883261680603, 1.847334861755371, 1.8327428102493286, 1.8214530944824219, 1.8203400373458862, 1.8052098751068115, 1.8072974681854248, 1.8000820875167847, 1.7896301746368408, 1.7858285903930664, 1.777916669845581, 1.7744289636611938, 1.7647860050201416, 1.752714991569519, 1.7579904794692993, 1.7535818815231323, 1.751583218574524], "rmse": [2.4291865825653076, 2.356874942779541, 2.3203446865081787, 2.296753406524658, 2.274444818496704, 2.2555527687072754, 2.2316863536834717, 2.206845760345459, 2.178596019744873, 2.151059150695801, 2.117105007171631, 2.0774600505828857, 2.0336709022521973, 1.983306884765625, 1.9279083013534546, 1.8761316537857056, 1.8279582262039185, 1.7803581953048706, 1.7372207641601562, 1.694564938545227, 1.6559505462646484, 1.62027108669281, 1.5911166667938232, 1.5661499500274658, 1.5377411842346191, 1.5112563371658325, 1.4953291416168213, 1.482367992401123, 1.4641321897506714, 1.4506479501724243, 1.4338626861572266, 1.4235823154449463, 1.4166120290756226, 1.403311014175415, 1.391413927078247, 1.389898657798767, 1.3788666725158691, 1.37153959274292, 1.3646392822265625, 1.363556981086731, 1.3553292751312256, 1.3526062965393066, 1.3468773365020752, 1.3427058458328247, 1.3370311260223389, 1.3323286771774292, 1.3318393230438232, 1.3273675441741943, 1.3276207447052002, 1.3244699239730835, 1.3212530612945557, 1.3202762603759766, 1.3174026012420654, 1.3154966831207275, 1.3118423223495483, 1.3082211017608643, 1.3087619543075562, 1.3083477020263672, 1.3071644306182861], "val_loss": [5.680855751037598, 5.4454264640808105, 5.288089275360107, 5.160628318786621, 5.051488876342773, 4.895094871520996, 4.753176689147949, 4.6544694900512695, 4.504961967468262, 4.315945625305176, 4.142086505889893, 3.908395528793335, 3.7020833492279053, 3.47845196723938, 3.262089252471924, 3.050684928894043, 2.8696651458740234, 2.711529493331909, 2.585329294204712, 2.4779412746429443, 2.397291898727417, 2.3170366287231445, 2.251580238342285, 2.175015926361084, 2.1277294158935547, 2.0824153423309326, 2.040199041366577, 1.9841301441192627, 1.9436442852020264, 1.9174244403839111, 1.8756603002548218, 1.8483964204788208, 1.8140183687210083, 1.7959840297698975, 1.7861473560333252, 1.7622207403182983, 1.7534044981002808, 1.7287323474884033, 1.7235097885131836, 1.710314393043518, 1.697776436805725, 1.6961255073547363, 1.698973536491394, 1.6772356033325195, 1.675476312637329, 1.6669245958328247, 1.6564714908599854, 1.6542888879776, 1.6462676525115967, 1.6478075981140137, 1.645190715789795, 1.6441415548324585, 1.6377838850021362, 1.634500503540039, 1.6456509828567505, 1.6350866556167603, 1.6345698833465576, 1.6476097106933594, 1.6405237913131714], "val_rmse": [2.3669509887695312, 2.318197250366211, 2.2847862243652344, 2.257354497909546, 2.23325252532959, 2.198105573654175, 2.1658637523651123, 2.142817735671997, 2.1077985763549805, 2.062652111053467, 2.0196776390075684, 1.9606832265853882, 1.9066414833068848, 1.8466813564300537, 1.786721110343933, 1.7266343832015991, 1.6735413074493408, 1.6260108947753906, 1.586913824081421, 1.5535304546356201, 1.5279757976531982, 1.5022779703140259, 1.4810940027236938, 1.455845594406128, 1.4400544166564941, 1.4248114824295044, 1.4103925228118896, 1.3908028602600098, 1.3767805099487305, 1.3675984144210815, 1.3529350757598877, 1.3432608842849731, 1.3307147026062012, 1.3242429494857788, 1.3208467960357666, 1.3120254278182983, 1.3090636730194092, 1.29975163936615, 1.2979745864868164, 1.2930548191070557, 1.2883260250091553, 1.2878273725509644, 1.2891796827316284, 1.280669093132019, 1.280076265335083, 1.2768325805664062, 1.2726826667785645, 1.2718735933303833, 1.2686070203781128, 1.2694196701049805, 1.268442153930664, 1.2679343223571777, 1.2654143571853638, 1.2641959190368652, 1.2687437534332275, 1.2645694017410278, 1.264237642288208, 1.2696363925933838, 1.2668367624282837]}