{"n_parameters": 290017, "training_time": 4841.55743765831, "loss": [6.003873825073242, 5.8260064125061035, 5.703312873840332, 5.609015941619873, 5.530121326446533, 5.451027870178223, 5.38311767578125, 5.299046516418457, 5.226645469665527, 5.149447917938232, 5.0542778968811035, 4.962807655334473, 4.869458198547363, 4.762703895568848, 4.643988132476807, 4.498041152954102, 4.338356018066406, 4.1573357582092285, 3.971691846847534, 3.7733869552612305, 3.5696494579315186, 3.3742730617523193, 3.1945958137512207, 3.041736364364624, 2.9017927646636963, 2.7789175510406494, 2.6915488243103027, 2.6056911945343018, 2.5136263370513916, 2.450637102127075, 2.4031059741973877, 2.349060535430908, 2.299673318862915, 2.27020001411438, 2.232086181640625, 2.216248035430908, 2.1796445846557617, 2.150428056716919, 2.1322834491729736, 2.1230762004852295, 2.1040728092193604, 2.085012912750244, 2.079394817352295, 2.0615994930267334, 2.0516066551208496, 2.0423102378845215, 2.027402877807617, 2.0204060077667236, 2.021064043045044, 2.0033836364746094, 1.9876928329467773, 1.9786620140075684, 1.9773492813110352, 1.969796895980835, 1.9652832746505737, 1.9596738815307617], "rmse": [2.431281328201294, 2.3968961238861084, 2.370673179626465, 2.3525359630584717, 2.336153268814087, 2.319241523742676, 2.3056423664093018, 2.2883856296539307, 2.272273540496826, 2.2547435760498047, 2.234806776046753, 2.2142786979675293, 2.1941537857055664, 2.169171094894409, 2.1423230171203613, 2.108330249786377, 2.0699803829193115, 2.0254502296447754, 1.979125738143921, 1.9287890195846558, 1.8742804527282715, 1.8213136196136475, 1.7722216844558716, 1.7275619506835938, 1.6872516870498657, 1.6504355669021606, 1.623807430267334, 1.5972213745117188, 1.5688632726669312, 1.5487048625946045, 1.5339974164962769, 1.5164270401000977, 1.5005549192428589, 1.4901536703109741, 1.4778863191604614, 1.472227931022644, 1.4597947597503662, 1.4505630731582642, 1.445263147354126, 1.4413560628890991, 1.4339638948440552, 1.4279537200927734, 1.425645351409912, 1.4193147420883179, 1.4165034294128418, 1.4132091999053955, 1.4078737497329712, 1.4055651426315308, 1.4055964946746826, 1.3992151021957397, 1.3938895463943481, 1.3900917768478394, 1.390432357788086, 1.386418104171753, 1.3850421905517578, 1.3840100765228271], "val_loss": [5.967768669128418, 5.8454999923706055, 5.7447028160095215, 5.648566722869873, 5.56248140335083, 5.454990386962891, 5.329805850982666, 5.230416774749756, 5.153441429138184, 5.085559368133545, 4.995909214019775, 4.943202495574951, 4.835443019866943, 4.723824977874756, 4.532332420349121, 4.344851016998291, 4.165287971496582, 3.9745583534240723, 3.7345588207244873, 3.496912717819214, 3.3214147090911865, 3.105586528778076, 2.9117841720581055, 2.729316234588623, 2.622523784637451, 2.504127025604248, 2.41621994972229, 2.3102142810821533, 2.2866921424865723, 2.2260773181915283, 2.1764848232269287, 2.1521079540252686, 2.1179778575897217, 2.088153600692749, 2.072619915008545, 2.0325498580932617, 2.014892101287842, 1.9994646310806274, 2.01133131980896, 1.9558653831481934, 1.9739909172058105, 1.9593878984451294, 1.958916425704956, 1.9550994634628296, 1.946269154548645, 1.93896484375, 1.9296131134033203, 1.9309535026550293, 1.911253809928894, 1.9102143049240112, 1.8922020196914673, 1.9080424308776855, 1.8995611667633057, 1.9047982692718506, 1.8985278606414795, 1.8998464345932007], "val_rmse": [2.424777030944824, 2.4004404544830322, 2.3800790309906006, 2.360727310180664, 2.343215227127075, 2.320704698562622, 2.294055938720703, 2.272709846496582, 2.2558376789093018, 2.2408695220947266, 2.2211713790893555, 2.209489583969116, 2.185382127761841, 2.1598870754241943, 2.1155097484588623, 2.0710842609405518, 2.0274674892425537, 1.9800397157669067, 1.918617606163025, 1.8557384014129639, 1.8077527284622192, 1.747185468673706, 1.6908161640167236, 1.6362311840057373, 1.6036275625228882, 1.5666993856430054, 1.5387513637542725, 1.5043268203735352, 1.497167944908142, 1.4771246910095215, 1.4606369733810425, 1.4526461362838745, 1.4411110877990723, 1.4308898448944092, 1.425512433052063, 1.4114820957183838, 1.4053094387054443, 1.3999066352844238, 1.404381275177002, 1.3843424320220947, 1.3909446001052856, 1.3857803344726562, 1.3857152462005615, 1.38444185256958, 1.3812751770019531, 1.3786503076553345, 1.375402569770813, 1.3757966756820679, 1.3683879375457764, 1.368291974067688, 1.3618485927581787, 1.3674976825714111, 1.3644806146621704, 1.3664788007736206, 1.364397644996643, 1.364707350730896]}