{"n_parameters": 115697, "training_time": 6892.691379308701, "loss": [6.028373718261719, 5.873141765594482, 5.786252021789551, 5.718343257904053, 5.671976566314697, 5.620272636413574, 5.573023319244385, 5.530160903930664, 5.5026445388793945, 5.477972030639648, 5.447405815124512, 5.414454460144043, 5.383817672729492, 5.353152275085449, 5.328136444091797, 5.295343399047852, 5.2613630294799805, 5.237520217895508, 5.194127559661865, 5.163669109344482, 5.120321750640869, 5.076896667480469, 5.029208660125732, 4.981515884399414, 4.913168907165527, 4.8642072677612305, 4.779659748077393, 4.700902938842773, 4.631111145019531, 4.525764465332031, 4.406590938568115, 4.298996925354004, 4.169386386871338, 4.035944938659668, 3.9132630825042725, 3.7777812480926514, 3.655944347381592, 3.5354952812194824, 3.4273769855499268, 3.32220458984375, 3.2237160205841064, 3.1376681327819824, 3.0520904064178467, 2.9641506671905518, 2.8950841426849365, 2.829547882080078, 2.7449309825897217, 2.6881141662597656, 2.629729747772217, 2.5724010467529297, 2.519118547439575, 2.460706949234009, 2.423724412918091, 2.37687611579895, 2.333691120147705, 2.2978737354278564, 2.259793281555176, 2.236201763153076, 2.211729049682617, 2.178171157836914, 2.157238721847534, 2.1286940574645996, 2.110490560531616, 2.084554433822632, 2.0651791095733643, 2.044098377227783, 2.029787540435791, 2.0115973949432373, 1.9960469007492065, 1.9771031141281128, 1.9664855003356934, 1.9526779651641846, 1.9411870241165161, 1.9230555295944214, 1.9128299951553345, 1.8987948894500732, 1.8898682594299316, 1.8770288228988647, 1.8716084957122803, 1.8581770658493042, 1.853356957435608, 1.847080111503601, 1.8352885246276855, 1.8275986909866333, 1.8235067129135132, 1.8167911767959595, 1.807923436164856, 1.8073667287826538, 1.799041748046875, 1.7926175594329834, 1.789093017578125, 1.7839165925979614, 1.7727237939834595, 1.7731883525848389, 1.7694587707519531, 1.7672394514083862, 1.7606043815612793, 1.7527083158493042, 1.75755774974823, 1.7534149885177612, 1.7466505765914917, 1.7454156875610352, 1.7430015802383423, 1.7424800395965576, 1.7365143299102783, 1.734411597251892, 1.7294766902923584, 1.7315523624420166, 1.72317373752594, 1.7193602323532104, 1.7223623991012573, 1.7230470180511475, 1.71449613571167, 1.7053183317184448, 1.7058391571044922, 1.707489252090454, 1.7045185565948486, 1.7010016441345215, 1.7041507959365845, 1.6945420503616333, 1.697037696838379, 1.6928279399871826, 1.698082685470581, 1.6995863914489746, 1.6873966455459595, 1.6851294040679932, 1.679450273513794, 1.6795554161071777, 1.679521083831787], "rmse": [2.437516689300537, 2.4060914516448975, 2.389143705368042, 2.3750319480895996, 2.36515212059021, 2.354362964630127, 2.3453614711761475, 2.3362534046173096, 2.3307604789733887, 2.3249740600585938, 2.3201844692230225, 2.3116261959075928, 2.30521821975708, 2.2988274097442627, 2.294322967529297, 2.286997079849243, 2.280158758163452, 2.274385690689087, 2.264601945877075, 2.2588000297546387, 2.2489097118377686, 2.2394304275512695, 2.2291347980499268, 2.2178003787994385, 2.201862335205078, 2.1913044452667236, 2.1720337867736816, 2.15378999710083, 2.137904405593872, 2.1135051250457764, 2.084268093109131, 2.0578010082244873, 2.026547431945801, 1.9926495552062988, 1.9612118005752563, 1.927374005317688, 1.8942945003509521, 1.862198829650879, 1.832664966583252, 1.8043184280395508, 1.7758326530456543, 1.7518563270568848, 1.7280018329620361, 1.7014497518539429, 1.6806193590164185, 1.662540078163147, 1.6364234685897827, 1.6186131238937378, 1.6011953353881836, 1.5835233926773071, 1.567246913909912, 1.5489656925201416, 1.537858009338379, 1.5211212635040283, 1.5075172185897827, 1.4958540201187134, 1.4823514223098755, 1.477174162864685, 1.4669190645217896, 1.4560635089874268, 1.4492740631103516, 1.4405030012130737, 1.4337702989578247, 1.4252959489822388, 1.4179532527923584, 1.4111024141311646, 1.4064033031463623, 1.3998059034347534, 1.393507957458496, 1.3883076906204224, 1.3843904733657837, 1.379054069519043, 1.3751389980316162, 1.3687262535095215, 1.3657405376434326, 1.3608214855194092, 1.3576018810272217, 1.3519684076309204, 1.3513046503067017, 1.3454111814498901, 1.3438243865966797, 1.3419504165649414, 1.3367292881011963, 1.3346775770187378, 1.3327479362487793, 1.3312691450119019, 1.3279292583465576, 1.327547550201416, 1.324647307395935, 1.3218480348587036, 1.3211042881011963, 1.3189984560012817, 1.3137470483779907, 1.3146743774414062, 1.3138600587844849, 1.3128736019134521, 1.3100212812423706, 1.3075952529907227, 1.3088785409927368, 1.3068039417266846, 1.3044699430465698, 1.3038803339004517, 1.30392324924469, 1.3029841184616089, 1.3015501499176025, 1.3010333776474, 1.2982873916625977, 1.2993236780166626, 1.2962363958358765, 1.2950724363327026, 1.2959389686584473, 1.295447826385498, 1.2937451601028442, 1.2895355224609375, 1.2897145748138428, 1.2896902561187744, 1.2890334129333496, 1.2877764701843262, 1.288733720779419, 1.284482479095459, 1.2858655452728271, 1.2849342823028564, 1.2864888906478882, 1.287007451057434, 1.2821937799453735, 1.2809062004089355, 1.279297947883606, 1.2795453071594238, 1.280393123626709], "val_loss": [5.93755578994751, 5.871293067932129, 5.7567033767700195, 5.680580139160156, 5.620901584625244, 5.572587013244629, 5.5394744873046875, 5.498701572418213, 5.4585347175598145, 5.429178237915039, 5.401277542114258, 5.366062164306641, 5.321126461029053, 5.283013343811035, 5.233427047729492, 5.189197540283203, 5.126864910125732, 5.064003944396973, 5.005828857421875, 4.956036567687988, 4.893176555633545, 4.8433356285095215, 4.767846584320068, 4.697485446929932, 4.618338584899902, 4.529113292694092, 4.444470405578613, 4.347901344299316, 4.231686592102051, 4.110290050506592, 3.9767837524414062, 3.8424105644226074, 3.7188262939453125, 3.6072139739990234, 3.498152494430542, 3.3909051418304443, 3.298842191696167, 3.2133350372314453, 3.1445629596710205, 3.060065984725952, 2.977578639984131, 2.8949708938598633, 2.830275297164917, 2.7556703090667725, 2.7002649307250977, 2.6392483711242676, 2.582519769668579, 2.5167624950408936, 2.4756431579589844, 2.4479801654815674, 2.3932483196258545, 2.3572638034820557, 2.325237274169922, 2.2862465381622314, 2.2649741172790527, 2.241554021835327, 2.2158749103546143, 2.170799732208252, 2.1501011848449707, 2.120840549468994, 2.1009538173675537, 2.076028347015381, 2.051617383956909, 2.0381505489349365, 2.0139620304107666, 1.9839459657669067, 1.9688913822174072, 1.9548121690750122, 1.9187685251235962, 1.9232661724090576, 1.9048311710357666, 1.8840763568878174, 1.8678981065750122, 1.8618892431259155, 1.8592623472213745, 1.8465416431427002, 1.8357880115509033, 1.8258517980575562, 1.8278460502624512, 1.8162181377410889, 1.8108510971069336, 1.8057409524917603, 1.8008238077163696, 1.8066651821136475, 1.792534351348877, 1.803539752960205, 1.7803080081939697, 1.783063530921936, 1.7777453660964966, 1.7852681875228882, 1.7683889865875244, 1.7717609405517578, 1.7661175727844238, 1.7590620517730713, 1.7510730028152466, 1.7565385103225708, 1.7533096075057983, 1.757235050201416, 1.7564256191253662, 1.7418276071548462, 1.7394447326660156, 1.7421590089797974, 1.7424849271774292, 1.7393989562988281, 1.7428442239761353, 1.742560863494873, 1.740317940711975, 1.7318185567855835, 1.7267236709594727, 1.7413427829742432, 1.7304883003234863, 1.724727749824524, 1.7282801866531372, 1.7275352478027344, 1.7208244800567627, 1.7212120294570923, 1.7199715375900269, 1.7146449089050293, 1.7273077964782715, 1.7210503816604614, 1.7111808061599731, 1.7266120910644531, 1.7130745649337769, 1.703276515007019, 1.712980031967163, 1.712897777557373, 1.7039384841918945, 1.7034608125686646, 1.7056657075881958],