{"n_parameters": 366513, "training_time": 798.6700718402863, "loss": [6.305086135864258, 6.040394306182861, 6.004158020019531, 5.979694843292236, 5.956087112426758, 5.959317207336426, 5.944412708282471], "rmse": [2.491757392883301, 2.439793586730957, 2.432483673095703, 2.4279935359954834, 2.4216744899749756, 2.4236910343170166, 2.420112371444702], "val_loss": [6.063546180725098, 6.04783296585083, 6.066279411315918, 6.079637050628662, 6.073517322540283, 6.050975799560547, 6.08082389831543], "val_rmse": [2.4457123279571533, 2.441973924636841, 2.4460551738739014, 2.4489822387695312, 2.4477603435516357, 2.4430134296417236, 2.4495036602020264]}