{"n_parameters": 349409, "training_time": 22333.520579099655, "loss": [6.031745910644531, 5.328482627868652, 5.124155521392822, 4.935697555541992, 4.751689910888672, 4.526072025299072, 4.274252891540527, 4.008741855621338, 3.6975369453430176, 3.4051430225372314, 3.1501195430755615, 2.9224393367767334, 2.735281467437744, 2.585615873336792, 2.4575557708740234, 2.3610146045684814, 2.2775025367736816, 2.2183191776275635, 2.1580169200897217, 2.1163477897644043, 2.074690341949463, 2.040290117263794, 2.007042646408081, 1.9800101518630981, 1.9602088928222656, 1.9278979301452637, 1.916410207748413, 1.8944988250732422, 1.8747397661209106, 1.8590842485427856, 1.8518016338348389, 1.8347803354263306, 1.8232165575027466, 1.8114079236984253, 1.802457571029663, 1.7945823669433594, 1.780248761177063, 1.7806401252746582, 1.7725372314453125, 1.7660720348358154, 1.756822943687439, 1.7516510486602783, 1.7455120086669922, 1.73759925365448, 1.733770728111267, 1.7279183864593506, 1.7234978675842285, 1.718944787979126, 1.7177934646606445, 1.7099984884262085, 1.7061097621917725, 1.7029292583465576, 1.699357271194458, 1.6959702968597412, 1.6979517936706543, 1.692359447479248, 1.6880590915679932, 1.6804982423782349, 1.679478406906128, 1.6716480255126953, 1.6693189144134521, 1.666287899017334, 1.6594691276550293, 1.6605443954467773, 1.6556336879730225, 1.652494192123413, 1.6513290405273438, 1.64767587184906, 1.6438486576080322, 1.6358460187911987, 1.6326276063919067, 1.6331688165664673, 1.6283012628555298, 1.6194151639938354, 1.6167786121368408, 1.6157827377319336, 1.6095906496047974, 1.6007241010665894, 1.6002334356307983, 1.5909031629562378, 1.5896261930465698, 1.5857691764831543, 1.5824283361434937, 1.573320746421814, 1.5719741582870483, 1.5698515176773071, 1.5636473894119263, 1.5575199127197266, 1.5547144412994385, 1.5488477945327759, 1.544054627418518, 1.538683533668518, 1.5372928380966187, 1.530518889427185, 1.5266904830932617, 1.5231351852416992, 1.5162475109100342, 1.508906364440918, 1.5030584335327148, 1.4924845695495605, 1.4927451610565186, 1.486138105392456, 1.480873942375183, 1.4714574813842773, 1.4705064296722412, 1.46163010597229, 1.4542102813720703, 1.4473423957824707, 1.4487237930297852, 1.438157320022583, 1.432218313217163, 1.4298818111419678, 1.4224209785461426, 1.4181389808654785, 1.4090214967727661, 1.4070541858673096, 1.3969491720199585, 1.390672206878662, 1.3864632844924927, 1.3773009777069092, 1.3718388080596924, 1.3654757738113403, 1.3584082126617432, 1.3491533994674683, 1.345292329788208, 1.336908221244812, 1.331467628479004, 1.324198603630066, 1.3136754035949707, 1.3096389770507812, 1.3044610023498535, 1.2972755432128906, 1.2903810739517212, 1.2787848711013794, 1.2777522802352905, 1.2661409378051758, 1.261035442352295, 1.2541978359222412, 1.249502420425415, 1.2409884929656982, 1.2357741594314575, 1.2328869104385376, 1.2221118211746216, 1.2198227643966675, 1.210928201675415, 1.2053546905517578, 1.2008808851242065, 1.1927165985107422, 1.1842701435089111, 1.178282618522644, 1.1694812774658203, 1.1725947856903076, 1.1612365245819092, 1.1561541557312012, 1.14935302734375, 1.1456222534179688, 1.1393992900848389, 1.1295216083526611, 1.1235463619232178, 1.1157944202423096, 1.114809274673462, 1.108297348022461, 1.1042022705078125, 1.0996346473693848, 1.0903334617614746, 1.085823655128479, 1.0840284824371338, 1.0755974054336548, 1.070730209350586, 1.0631647109985352, 1.057969570159912, 1.0527949333190918, 1.048583745956421, 1.041821837425232, 1.0372284650802612, 1.0306596755981445, 1.0268851518630981, 1.0249825716018677, 1.0201966762542725, 1.0135186910629272, 1.0082311630249023, 1.0062010288238525, 1.00191068649292, 0.9966357350349426, 0.9948436617851257, 0.988434374332428, 0.9878255128860474, 0.9835494756698608, 0.9804151654243469, 0.9743924736976624, 0.9722167253494263, 0.968718945980072, 0.9638363122940063, 0.9625085592269897, 0.9610710144042969, 0.9539761543273926, 0.9497523307800293, 0.9479131698608398, 0.9482153654098511, 0.939979076385498, 0.9365886449813843, 0.9354633688926697, 0.935772180557251, 0.9314934611320496, 0.9267277121543884, 0.9226363301277161, 0.9227017164230347, 0.9183552265167236, 0.9160773158073425, 0.9145594835281372, 0.9088950157165527, 0.9082328677177429, 0.9043012261390686, 0.9013573527336121, 0.9001941084861755, 0.901796281337738, 0.8992965221405029, 0.8984261751174927, 0.8938458561897278, 0.8897384405136108, 0.8906270861625671, 0.8863727450370789, 0.8789492845535278, 0.8828997015953064, 0.882367730140686, 0.879511833190918, 0.879400372505188, 0.8767412900924683, 0.8725480437278748, 0.8642981052398682, 0.867384672164917, 0.866976797580719],