{"n_parameters": 596993, "training_time": 13498.138946533203, "loss": [7.251338481903076, 6.513791561126709, 6.251049041748047, 6.1220574378967285, 6.058483600616455, 6.004034996032715, 5.983907222747803, 5.9497389793396, 5.938620090484619, 5.91930627822876, 5.90504264831543, 5.896644115447998, 5.894533157348633, 5.879641056060791, 5.873578071594238, 5.856689453125, 5.850010871887207, 5.842825412750244, 5.827732563018799, 5.819642543792725, 5.795192241668701, 5.792957305908203, 5.772458076477051, 5.756824493408203, 5.743239879608154, 5.723787307739258, 5.689205169677734, 5.674217700958252, 5.651642322540283, 5.6439337730407715, 5.6213579177856445, 5.601635932922363, 5.572846412658691, 5.553457736968994, 5.526114463806152, 5.497089862823486, 5.465758800506592, 5.428511619567871, 5.379570007324219, 5.319096565246582, 5.260169982910156, 5.185986518859863, 5.08309268951416, 5.005105018615723, 4.890061855316162, 4.798084259033203, 4.696945667266846, 4.610431671142578, 4.514909267425537, 4.438017845153809, 4.355207920074463, 4.251769065856934, 4.166181564331055, 4.069278240203857, 3.9964640140533447, 3.934582471847534, 3.8726227283477783, 3.7995047569274902, 3.765449047088623, 3.6789066791534424, 3.661012887954712, 3.6276638507843018, 3.5804758071899414, 3.5354669094085693, 3.522334337234497, 3.4828944206237793, 3.4456136226654053, 3.436650037765503, 3.388686180114746, 3.369804859161377, 3.347546100616455, 3.3113718032836914, 3.2940402030944824, 3.297673225402832], "rmse": [2.6706268787384033, 2.533198356628418, 2.481260061264038, 2.4563024044036865, 2.443650245666504, 2.4318037033081055, 2.427663564682007, 2.4208626747131348, 2.4185593128204346, 2.4148170948028564, 2.4115145206451416, 2.410891532897949, 2.4101569652557373, 2.4072515964508057, 2.4065146446228027, 2.402097463607788, 2.4012863636016846, 2.3992788791656494, 2.397059679031372, 2.3951356410980225, 2.389904737472534, 2.3899755477905273, 2.385524034500122, 2.3827998638153076, 2.3797295093536377, 2.3757147789001465, 2.369459390640259, 2.3653459548950195, 2.3615047931671143, 2.360076665878296, 2.355403423309326, 2.3511369228363037, 2.344820976257324, 2.3407585620880127, 2.3353521823883057, 2.3293960094451904, 2.3228607177734375, 2.31508207321167, 2.305025339126587, 2.2915170192718506, 2.2788100242614746, 2.2620129585266113, 2.2397799491882324, 2.221144437789917, 2.195042610168457, 2.175083875656128, 2.151059865951538, 2.1316051483154297, 2.109135150909424, 2.091506004333496, 2.0708963871002197, 2.045977830886841, 2.0245003700256348, 2.001349687576294, 1.9835827350616455, 1.9685194492340088, 1.952478051185608, 1.9346650838851929, 1.9256963729858398, 1.9039316177368164, 1.8991016149520874, 1.8889623880386353, 1.8777408599853516, 1.8653596639633179, 1.862351655960083, 1.8517357110977173, 1.841798186302185, 1.8394405841827393, 1.82683527469635, 1.821929931640625, 1.8160808086395264, 1.805413842201233, 1.8007359504699707, 1.8023449182510376], "val_loss": [6.298130989074707, 6.305910587310791, 6.220043182373047, 6.121462345123291, 6.092247009277344, 6.040603160858154, 6.0621724128723145, 6.044339179992676, 5.995264053344727, 6.0263285636901855, 6.026957988739014, 6.001931190490723, 5.974039554595947, 5.987187385559082, 5.970009803771973, 5.951516151428223, 5.9390869140625, 5.925863265991211, 5.891645431518555, 5.871458530426025, 5.867517471313477, 5.821681499481201, 5.825010299682617, 5.807956695556641, 5.770175457000732, 5.73726224899292, 5.704299449920654, 5.676048278808594, 5.634129047393799, 5.60437536239624, 5.569767951965332, 5.527730941772461, 5.452024936676025, 5.416287899017334, 5.379348278045654, 5.323774814605713, 5.265038013458252, 5.199532985687256, 5.0770368576049805, 5.005948543548584, 4.81574821472168, 4.678789138793945, 4.483137607574463, 4.261092185974121, 4.058375358581543, 3.8528566360473633, 3.6517648696899414, 3.4905526638031006, 3.364253044128418, 3.25235652923584, 3.058948040008545, 2.9402787685394287, 2.8252248764038086, 2.7089383602142334, 2.6168441772460938, 2.5125832557678223, 2.424118757247925, 2.4325549602508545, 2.3634562492370605, 2.3318889141082764, 2.280125379562378, 2.295724868774414, 2.275505304336548, 2.2568461894989014, 2.2513389587402344, 2.2241036891937256, 2.1938750743865967, 2.219654083251953, 2.1779632568359375, 2.2031545639038086, 2.2073206901550293, 2.2238388061523438, 2.19807767868042, 2.213874578475952], "val_rmse": [2.488574743270874, 2.490065336227417, 2.473421335220337, 2.454299211502075, 2.4486563205718994, 2.4386978149414062, 2.44290828704834, 2.4393794536590576, 2.430166482925415, 2.4359560012817383, 2.4360382556915283, 2.431293487548828, 2.425759792327881, 2.4283971786499023, 2.4248831272125244, 2.421344041824341, 2.4187936782836914, 2.4161717891693115, 2.4095466136932373, 2.4055633544921875, 2.404662847518921, 2.3958559036254883, 2.396336555480957, 2.3929386138916016, 2.3858015537261963, 2.3789238929748535, 2.372438669204712, 2.3665778636932373, 2.358397960662842, 2.3522160053253174, 2.344855785369873, 2.336257219314575, 2.3198771476745605, 2.3124022483825684, 2.304534435272217, 2.2926621437072754, 2.2802376747131348, 2.266021490097046, 2.2393410205841064, 2.2230443954467773, 2.1801581382751465, 2.148637056350708, 2.102674961090088, 2.0492899417877197, 1.9988030195236206, 1.9475995302200317, 1.8952645063400269, 1.852881908416748, 1.8193836212158203, 1.7891258001327515, 1.734622836112976, 1.700855016708374, 1.6673309803009033, 1.632485032081604, 1.6046199798583984, 1.572314977645874, 1.5443190336227417, 1.547518253326416, 1.5251998901367188, 1.514831781387329, 1.4977247714996338, 1.502986192703247, 1.4964430332183838, 1.4900591373443604, 1.4881422519683838, 1.4792715311050415, 1.4692445993423462, 1.4777586460113525, 1.4635924100875854, 1.47231924533844, 1.4740405082702637, 1.4794787168502808, 1.470732569694519, 1.4760470390319824]}