{"n_parameters": 296545, "training_time": 16178.5512611866, "loss": [5.560670852661133, 4.99293851852417, 4.482013702392578, 3.961894989013672, 3.486363172531128, 3.049665689468384, 2.7467687129974365, 2.528343677520752, 2.3901097774505615, 2.2646074295043945, 2.1804327964782715, 2.1110358238220215, 2.05037522315979, 2.0022997856140137, 1.9514930248260498, 1.9084759950637817, 1.8784019947052002, 1.8416930437088013, 1.8186206817626953, 1.7951956987380981, 1.7797467708587646, 1.766237735748291, 1.7503721714019775, 1.7349284887313843, 1.7317572832107544, 1.7200143337249756, 1.7146892547607422, 1.7070287466049194, 1.6915982961654663, 1.6875501871109009, 1.681801438331604, 1.673421025276184, 1.6662330627441406, 1.6575679779052734, 1.6490777730941772, 1.644925594329834, 1.628549575805664, 1.6271616220474243, 1.6204838752746582, 1.6121652126312256, 1.6023610830307007, 1.5974856615066528, 1.5884710550308228, 1.5849605798721313, 1.572535514831543, 1.5647825002670288, 1.5528335571289062, 1.5529255867004395, 1.53718101978302, 1.527484655380249, 1.5162791013717651, 1.504888653755188, 1.497240662574768, 1.4825928211212158, 1.4700806140899658, 1.4589402675628662, 1.4466049671173096, 1.4333012104034424, 1.4160493612289429, 1.412304401397705, 1.3930875062942505, 1.3796119689941406, 1.3608413934707642, 1.3517433404922485, 1.3362574577331543, 1.322280764579773, 1.307110071182251, 1.2953108549118042, 1.2729917764663696, 1.259748935699463, 1.2383182048797607, 1.231317162513733, 1.2158607244491577, 1.200385332107544, 1.1837468147277832, 1.1696521043777466, 1.1583902835845947, 1.1446375846862793, 1.132189393043518, 1.1217097043991089, 1.1043643951416016, 1.0934581756591797, 1.0809791088104248, 1.0699950456619263, 1.0573925971984863, 1.049372911453247, 1.0351316928863525, 1.0312753915786743, 1.0180381536483765, 1.010398507118225, 0.999681830406189, 0.992089569568634, 0.9886085391044617, 0.9808981418609619, 0.9715712070465088, 0.9658821821212769, 0.9570488929748535, 0.9503558278083801, 0.9445061683654785, 0.9470716118812561, 0.9354088306427002, 0.9303039908409119, 0.9276713728904724, 0.922177791595459, 0.9173416495323181, 0.913283109664917, 0.8999108076095581, 0.9014468193054199, 0.8988147974014282, 0.8957732319831848, 0.8921424150466919, 0.8860899806022644, 0.8836575150489807, 0.8776139616966248, 0.8758305311203003, 0.8704463839530945, 0.8686138391494751, 0.864226222038269, 0.8628979921340942, 0.8624534606933594, 0.8616132736206055, 0.8542373180389404, 0.85031658411026, 0.8486093878746033, 0.8458635210990906, 0.8452386260032654, 0.8396259546279907, 0.8393577337265015, 0.8347931504249573, 0.833046019077301, 0.8289274573326111, 0.8271600604057312, 0.8275406956672668, 0.8249306678771973, 0.8215416669845581, 0.8162750005722046, 0.8143736720085144, 0.8149852156639099, 0.8124753832817078, 0.808553159236908, 0.804296612739563, 0.8052417635917664, 0.8018484115600586, 0.8006435036659241, 0.7973930239677429, 0.792550265789032, 0.7904519438743591, 0.790048360824585, 0.7902798652648926, 0.7857887148857117, 0.78175950050354, 0.7810715436935425, 0.7802285552024841, 0.7775639891624451, 0.774361252784729, 0.7721452116966248, 0.7731658816337585, 0.7696501612663269, 0.7660914659500122, 0.76619952917099, 0.765119194984436, 0.7638232707977295, 0.7582370638847351, 0.7585657835006714, 0.7556817531585693, 0.756624162197113, 0.7499739527702332, 0.7495027184486389, 0.7474962472915649, 0.7441794276237488, 0.7482333779335022, 0.7397896647453308, 0.7403591275215149, 0.7367914915084839, 0.7337176203727722, 0.7329021692276001, 0.7326573729515076, 0.7276006937026978, 0.724661111831665, 0.7255663871765137, 0.7216363549232483, 0.7255337238311768, 0.7188286781311035, 0.7149496078491211, 0.713556170463562, 0.710466206073761, 0.7130557894706726, 0.709212064743042], "rmse": [2.3400719165802, 2.21885085105896, 2.1016807556152344, 1.9758374691009521, 1.850689172744751, 1.7290122509002686, 1.639217495918274, 1.5724371671676636, 1.5275691747665405, 1.4870010614395142, 1.4582290649414062, 1.4344068765640259, 1.414143681526184, 1.3976842164993286, 1.3804131746292114, 1.3647258281707764, 1.3543273210525513, 1.341889500617981, 1.3326165676116943, 1.3235331773757935, 1.3188629150390625, 1.3131083250045776, 1.306487798690796, 1.3011128902435303, 1.3000563383102417, 1.296015739440918, 1.2940860986709595, 1.291085958480835, 1.2849676609039307, 1.283157467842102, 1.2813221216201782, 1.2780808210372925, 1.2752786874771118, 1.2720208168029785, 1.2683055400848389, 1.2663170099258423, 1.2607702016830444, 1.260359764099121, 1.2583062648773193, 1.2538626194000244, 1.2502232789993286, 1.2489427328109741, 1.2447941303253174, 1.2442419528961182, 1.2387526035308838, 1.2356534004211426, 1.230429768562317, 1.2311469316482544, 1.224483609199524, 1.2208642959594727, 1.2161345481872559, 1.2114685773849487, 1.2086867094039917, 1.2028554677963257, 1.1977007389068604, 1.1924189329147339, 1.187619924545288, 1.181701421737671, 1.1750712394714355, 1.1733075380325317, 1.165948748588562, 1.1592340469360352, 1.1515077352523804, 1.1473418474197388, 1.14072847366333, 1.1347767114639282, 1.1276713609695435, 1.1234257221221924, 1.112775206565857, 1.1075798273086548, 1.0976488590240479, 1.094482421875, 1.0870542526245117, 1.0805411338806152, 1.0734151601791382, 1.0668723583221436, 1.061509609222412, 1.0550367832183838, 1.0495575666427612, 1.0438469648361206, 1.0358392000198364, 1.0308396816253662, 1.0243644714355469, 1.0179736614227295, 1.0125230550765991, 1.0081523656845093, 1.0018621683120728, 0.9998058676719666, 0.9936489462852478, 0.9897626042366028, 0.9840937852859497, 0.980137050151825, 0.9770725965499878, 0.9745703339576721, 0.9694986343383789, 0.9661239981651306, 0.9619178175926208, 0.9581723213195801, 0.9551323652267456, 0.9568828344345093, 0.9504616260528564, 0.9481052160263062, 0.9461994171142578, 0.9436402916908264, 0.9405584335327148, 0.9392793774604797, 0.9321154952049255, 0.9322501420974731, 0.9317927956581116, 0.9298338294029236, 0.9288879036903381, 0.9243366718292236, 0.9242396354675293, 0.9198467135429382, 0.9186066389083862, 0.9162236452102661, 0.9156440496444702, 0.9124284386634827, 0.9118345975875854, 0.9118332266807556, 0.9114039540290833, 0.9068977236747742, 0.9051935076713562, 0.9044063091278076, 0.9030922055244446, 0.90273118019104, 0.8988981246948242, 0.8999594449996948, 0.8968451023101807, 0.895418643951416, 0.894185483455658, 0.8929684162139893, 0.8930945992469788, 0.8908909559249878, 0.889748215675354, 0.8868926167488098, 0.886551022529602, 0.8861948251724243, 0.8844313025474548, 0.8824543356895447, 0.8811039924621582, 0.8798809051513672, 0.8789628744125366, 0.8782461881637573, 0.8757656216621399, 0.8735598921775818, 0.8723107576370239, 0.8728079199790955, 0.8716272115707397, 0.8703756928443909, 0.8675152063369751, 0.8671999573707581, 0.8675331473350525, 0.8660426139831543, 0.8637362122535706, 0.8630078434944153, 0.8629992604255676, 0.8610984086990356, 0.8593782186508179, 0.8592494130134583, 0.858330488204956, 0.8582831621170044, 0.8550456762313843, 0.854546308517456, 0.8531262278556824, 0.8543583154678345, 0.8502994179725647, 0.8496671319007874, 0.8475529551506042, 0.846595048904419, 0.8482165932655334, 0.8444037437438965, 0.8445895910263062, 0.8427168130874634, 0.8409180641174316, 0.8404733538627625, 0.8403246998786926, 0.836938202381134, 0.8358869552612305, 0.8359251618385315, 0.8333727717399597, 0.8367317914962769, 0.8326389789581299, 0.8297154307365417, 0.8296693563461304, 0.8270414471626282, 0.8285527229309082, 0.8264248967170715],