{"n_parameters": 31185, "training_time": 41190.28539061546, "loss": [5.794185161590576, 5.674793243408203, 5.6342453956604, 5.609427452087402, 5.589062213897705, 5.56838321685791, 5.549377918243408, 5.529350280761719, 5.51131010055542, 5.489426136016846, 5.466252326965332, 5.444455146789551, 5.424192905426025, 5.4019341468811035, 5.379720687866211, 5.356381893157959, 5.332408428192139, 5.312819480895996, 5.286726951599121, 5.257306098937988, 5.231791973114014, 5.208418846130371, 5.183340549468994, 5.155022144317627, 5.130679130554199, 5.100738048553467, 5.073589324951172, 5.04673433303833, 5.021664619445801, 4.992893218994141, 4.963937759399414, 4.9360222816467285, 4.9053168296813965, 4.8738694190979, 4.843873500823975, 4.825582027435303, 4.7933149337768555, 4.770077705383301, 4.735599517822266, 4.708741188049316, 4.688573837280273, 4.6640191078186035, 4.639306545257568, 4.619267463684082, 4.5965094566345215, 4.577540874481201, 4.548168182373047, 4.533164024353027, 4.507359027862549, 4.487301349639893, 4.461904048919678, 4.4449462890625, 4.405170440673828, 4.403028964996338, 4.3779706954956055, 4.355839729309082, 4.335002899169922, 4.316685676574707, 4.29282808303833, 4.265069484710693, 4.254533290863037, 4.234964370727539, 4.207513809204102, 4.185418605804443, 4.162494659423828, 4.154828071594238, 4.108007907867432, 4.106236934661865, 4.063601016998291, 4.047408103942871, 4.021829128265381, 4.000182151794434, 3.990727663040161, 3.9584877490997314, 3.9310808181762695, 3.9014387130737305, 3.8899433612823486, 3.8503661155700684, 3.8161869049072266, 3.7926478385925293, 3.7836732864379883, 3.748356819152832, 3.724968194961548, 3.6971664428710938, 3.668248414993286, 3.6345999240875244, 3.617366075515747, 3.57896089553833, 3.567666530609131, 3.5421550273895264, 3.511751174926758, 3.491816759109497, 3.4671683311462402, 3.4484453201293945, 3.42443585395813, 3.403501272201538, 3.378497838973999, 3.3396120071411133, 3.3218984603881836, 3.3046157360076904, 3.2834360599517822, 3.2464258670806885, 3.2310876846313477, 3.2038495540618896, 3.186091899871826, 3.157660484313965, 3.129981279373169, 3.109809160232544, 3.0909953117370605, 3.091639757156372, 3.0533132553100586, 3.0382683277130127, 3.028477430343628, 2.9885060787200928, 2.9689605236053467, 2.9714081287384033, 2.9357998371124268, 2.9338653087615967, 2.912954330444336, 2.9147770404815674, 2.898106575012207, 2.8618273735046387, 2.839797258377075, 2.8379621505737305, 2.8191773891448975, 2.8065671920776367, 2.7885632514953613, 2.779982566833496, 2.758145809173584, 2.7541511058807373, 2.7400243282318115, 2.7135589122772217, 2.7183821201324463, 2.71409273147583, 2.701514482498169, 2.674912691116333, 2.6875109672546387, 2.662278890609741, 2.6418490409851074, 2.629659652709961, 2.6443920135498047, 2.627941131591797, 2.6313350200653076, 2.617703437805176, 2.6132311820983887, 2.598623752593994, 2.58772349357605, 2.5714452266693115, 2.570948839187622, 2.567453384399414, 2.5528159141540527, 2.5435080528259277], "rmse": [2.390629529953003, 2.3648669719696045, 2.3556923866271973, 2.351860523223877, 2.3464231491088867, 2.342759370803833, 2.3384759426116943, 2.333181619644165, 2.33054780960083, 2.324892520904541, 2.32061767578125, 2.3169326782226562, 2.3113725185394287, 2.307260513305664, 2.3029041290283203, 2.2974867820739746, 2.293031930923462, 2.288466215133667, 2.2822623252868652, 2.2767505645751953, 2.2710859775543213, 2.265829563140869, 2.2605767250061035, 2.2539639472961426, 2.2494771480560303, 2.242316722869873, 2.236957311630249, 2.2311906814575195, 2.226186752319336, 2.219454288482666, 2.2133312225341797, 2.206866979598999, 2.200406074523926, 2.193424940109253, 2.1862640380859375, 2.1826624870300293, 2.174801826477051, 2.1698062419891357, 2.1619980335235596, 2.1566598415374756, 2.15154767036438, 2.1455001831054688, 2.140474319458008, 2.1355762481689453, 2.130375385284424, 2.1264336109161377, 2.118889808654785, 2.115868091583252, 2.109915256500244, 2.105088472366333, 2.0993597507476807, 2.0952911376953125, 2.086106777191162, 2.085313081741333, 2.078946828842163, 2.073831081390381, 2.06927752494812, 2.064117908477783, 2.0586202144622803, 2.0518946647644043, 2.0488998889923096, 2.0449705123901367, 2.03818416595459, 2.0326476097106934, 2.026625633239746, 2.0243444442749023, 2.013566732406616, 2.012970209121704, 2.002211332321167, 1.9977192878723145, 1.9916831254959106, 1.9861637353897095, 1.9840935468673706, 1.976563572883606, 1.9688990116119385, 1.961793303489685, 1.9590466022491455, 1.9493261575698853, 1.939550518989563, 1.9338077306747437, 1.9315848350524902, 1.9218717813491821, 1.9162017107009888, 1.9094332456588745, 1.9021656513214111, 1.893157958984375, 1.8874191045761108, 1.8783451318740845, 1.8742624521255493, 1.867584228515625, 1.8599046468734741, 1.8552647829055786, 1.8480557203292847, 1.842674970626831, 1.836374044418335, 1.831007480621338, 1.8241384029388428, 1.8130543231964111, 1.8081594705581665, 1.8034213781356812, 1.7983152866363525, 1.7881855964660645, 1.7833442687988281, 1.775867223739624, 1.7709879875183105, 1.7631298303604126, 1.755034327507019, 1.750001311302185, 1.7440438270568848, 1.7434114217758179, 1.733223557472229, 1.7285058498382568, 1.7254464626312256, 1.714294195175171, 1.7084990739822388, 1.7096021175384521, 1.6988359689712524, 1.6984823942184448, 1.691662311553955, 1.6922342777252197, 1.68712317943573, 1.6774085760116577, 1.6708561182022095, 1.6704235076904297, 1.6639630794525146, 1.660197138786316, 1.6544675827026367, 1.6522440910339355, 1.645434021949768, 1.6447027921676636, 1.6395801305770874, 1.6324663162231445, 1.6329731941223145, 1.632110834121704, 1.627639651298523, 1.6197600364685059, 1.6238200664520264, 1.6162422895431519, 1.6104904413223267, 1.606811761856079, 1.6104626655578613, 1.6055428981781006, 1.6055973768234253, 1.6019383668899536, 1.5999733209609985, 1.5964947938919067, 1.5926891565322876, 1.5879102945327759, 1.586717128753662, 1.5858088731765747, 1.5814129114151, 1.5797111988067627],