{"n_parameters": 444145, "training_time": 8392.413261413574, "loss": [6.1837992668151855, 5.772699356079102, 5.643561840057373, 5.515933990478516, 5.432772636413574, 5.3663010597229, 5.296451568603516, 5.227509021759033, 5.157496452331543, 5.0811357498168945, 5.0048322677612305, 4.899274826049805, 4.797195911407471, 4.70054817199707, 4.5696516036987305, 4.429977893829346, 4.273123264312744, 4.124530792236328, 3.962312698364258, 3.7928125858306885, 3.626044273376465, 3.468294143676758, 3.317370653152466, 3.1777238845825195, 3.040928363800049, 2.9455206394195557, 2.8310399055480957, 2.7417337894439697, 2.6670007705688477, 2.582589864730835, 2.519362688064575, 2.462972640991211, 2.4155406951904297, 2.3601605892181396, 2.330129623413086, 2.280242681503296, 2.2570085525512695, 2.2245843410491943, 2.190000534057617, 2.168978452682495, 2.143158435821533, 2.1064746379852295, 2.093914031982422, 2.0791971683502197, 2.0497167110443115, 2.038132667541504, 2.0098190307617188, 1.9974496364593506, 1.9793200492858887, 1.9580472707748413, 1.9442981481552124, 1.9361275434494019, 1.9044259786605835, 1.9016132354736328, 1.8938881158828735, 1.8876700401306152, 1.8731067180633545, 1.8640940189361572, 1.8479249477386475, 1.8515839576721191, 1.848552942276001, 1.8348346948623657, 1.814794898033142, 1.8116562366485596, 1.8051354885101318, 1.7934374809265137, 1.790649175643921, 1.775512933731079, 1.7702996730804443, 1.7589449882507324, 1.7619329690933228, 1.750133991241455, 1.7327815294265747, 1.7410808801651, 1.7366745471954346, 1.7078533172607422, 1.7198169231414795, 1.7147771120071411], "rmse": [2.4676618576049805, 2.385463237762451, 2.3596293926239014, 2.3334410190582275, 2.315748929977417, 2.3022067546844482, 2.2867050170898438, 2.271862030029297, 2.256209135055542, 2.239527702331543, 2.2220137119293213, 2.1989569664001465, 2.1752030849456787, 2.152827024459839, 2.1222105026245117, 2.0887792110443115, 2.0503857135772705, 2.014413356781006, 1.9729515314102173, 1.9292467832565308, 1.8853486776351929, 1.8439021110534668, 1.8031346797943115, 1.7626910209655762, 1.7257400751113892, 1.6977227926254272, 1.6631768941879272, 1.6368800401687622, 1.61355459690094, 1.5886602401733398, 1.5671303272247314, 1.5501765012741089, 1.5350357294082642, 1.5181249380111694, 1.507206916809082, 1.4915413856506348, 1.4831202030181885, 1.4735357761383057, 1.4617784023284912, 1.4538547992706299, 1.4455801248550415, 1.4341943264007568, 1.4293879270553589, 1.4246258735656738, 1.4140815734863281, 1.4104022979736328, 1.4004937410354614, 1.396631121635437, 1.3904799222946167, 1.3830854892730713, 1.3776799440383911, 1.3755385875701904, 1.36379075050354, 1.3630424737930298, 1.360045075416565, 1.358094573020935, 1.3514882326126099, 1.3497649431228638, 1.3431609869003296, 1.3446674346923828, 1.3431426286697388, 1.3394606113433838, 1.3318383693695068, 1.3304564952850342, 1.3281888961791992, 1.3241679668426514, 1.321853518486023, 1.3165299892425537, 1.3143882751464844, 1.3107057809829712, 1.311453104019165, 1.308113694190979, 1.3010364770889282, 1.303445816040039, 1.3020418882369995, 1.2909854650497437, 1.2958154678344727, 1.2935945987701416], "val_loss": [5.748963356018066, 5.594292640686035, 5.486657619476318, 5.3648881912231445, 5.300326824188232, 5.29490852355957, 5.184916973114014, 5.145909786224365, 5.098968982696533, 5.026472568511963, 4.970341205596924, 4.840994834899902, 4.7424116134643555, 4.6125168800354, 4.464330673217773, 4.266643524169922, 4.1446757316589355, 3.973393440246582, 3.7977349758148193, 3.603409767150879, 3.4132513999938965, 3.2147014141082764, 3.0629351139068604, 2.9419798851013184, 2.828176975250244, 2.723708152770996, 2.6199793815612793, 2.532705068588257, 2.4807863235473633, 2.4201302528381348, 2.3584327697753906, 2.3460307121276855, 2.2884724140167236, 2.242506265640259, 2.226909637451172, 2.225531816482544, 2.197178602218628, 2.1689705848693848, 2.1420252323150635, 2.135962963104248, 2.1398446559906006, 2.1398367881774902, 2.1178553104400635, 2.0946738719940186, 2.0703587532043457, 2.0943663120269775, 2.0765695571899414, 2.0803890228271484, 2.069795846939087, 2.0531344413757324, 2.0276546478271484, 2.047137975692749, 2.0443403720855713, 2.0041260719299316, 2.0030481815338135, 2.015098810195923, 2.0247561931610107, 1.984046459197998, 1.9929654598236084, 1.9988704919815063, 1.9881023168563843, 2.0048105716705322, 1.98285973072052, 1.993094801902771, 2.0064876079559326, 1.960162878036499, 1.967079758644104, 1.9670910835266113, 1.9893198013305664, 1.9899016618728638, 1.9573951959609985, 1.9479624032974243, 1.9424222707748413, 1.9521344900131226, 1.963349461555481, 1.9465043544769287, 1.951820731163025, 1.9484400749206543], "val_rmse": [2.3805954456329346, 2.3491337299346924, 2.326803684234619, 2.301128387451172, 2.2872276306152344, 2.285841226577759, 2.2619457244873047, 2.2532081604003906, 2.2426817417144775, 2.226372241973877, 2.2134134769439697, 2.1838772296905518, 2.160768985748291, 2.130300998687744, 2.094933032989502, 2.0471487045288086, 2.016880989074707, 1.974044919013977, 1.9292864799499512, 1.8787387609481812, 1.8280432224273682, 1.7737679481506348, 1.731080174446106, 1.6965358257293701, 1.6633152961730957, 1.632330060005188, 1.6009379625320435, 1.5739688873291016, 1.557961344718933, 1.5389519929885864, 1.5191621780395508, 1.5155317783355713, 1.4967405796051025, 1.4815930128097534, 1.476721167564392, 1.4766992330551147, 1.4673140048980713, 1.457990050315857, 1.4489809274673462, 1.4472323656082153, 1.4489761590957642, 1.4493520259857178, 1.4419653415679932, 1.4340953826904297, 1.4257501363754272, 1.4345558881759644, 1.4285048246383667, 1.4300802946090698, 1.426533579826355, 1.4207934141159058, 1.4118674993515015, 1.4189852476119995, 1.4181408882141113, 1.4037507772445679, 1.403529167175293, 1.4079868793487549, 1.4115941524505615, 1.396980881690979, 1.4002832174301147, 1.4025169610977173, 1.3986432552337646, 1.404775619506836, 1.3969038724899292, 1.40055513381958, 1.4054906368255615, 1.3888264894485474, 1.3914086818695068, 1.3915177583694458, 1.3994780778884888, 1.3998795747756958, 1.3881323337554932, 1.3847635984420776, 1.382787823677063, 1.386229395866394, 1.390444278717041, 1.384260654449463, 1.3863121271133423, 1.3851617574691772]}