{"n_parameters": 336945, "training_time": 13718.597230196, "loss": [5.608838081359863, 5.174424171447754, 4.8883795738220215, 4.606629848480225, 4.299284934997559, 3.988680124282837, 3.6758034229278564, 3.3750827312469482, 3.1068248748779297, 2.885345935821533, 2.7005088329315186, 2.560529947280884, 2.4536919593811035, 2.360748529434204, 2.2868142127990723, 2.2198386192321777, 2.1712701320648193, 2.117875099182129, 2.079099178314209, 2.038039445877075, 2.000696897506714, 1.966693639755249, 1.9404830932617188, 1.9191935062408447, 1.8909991979599, 1.8697001934051514, 1.8518767356872559, 1.8369871377944946, 1.8176387548446655, 1.803450107574463, 1.7925447225570679, 1.7801144123077393, 1.7677685022354126, 1.7565162181854248, 1.7431466579437256, 1.7332316637039185, 1.7250372171401978, 1.7147343158721924, 1.708828091621399, 1.700282335281372, 1.6966698169708252, 1.6888216733932495, 1.6756538152694702, 1.6706280708312988, 1.6598892211914062, 1.6508519649505615, 1.6453434228897095, 1.6414430141448975, 1.6268155574798584, 1.6224267482757568, 1.6162290573120117, 1.604390263557434, 1.5913517475128174, 1.5910096168518066, 1.5760085582733154, 1.570898413658142, 1.5575741529464722, 1.5440287590026855, 1.5388847589492798, 1.525982141494751, 1.517144799232483, 1.5111385583877563, 1.4982717037200928, 1.4852598905563354, 1.48367178440094, 1.4688081741333008, 1.4587026834487915, 1.444960594177246, 1.435665249824524, 1.4236133098602295, 1.411090612411499, 1.3983262777328491, 1.386002540588379, 1.3768444061279297, 1.3634356260299683, 1.3492072820663452, 1.3350303173065186, 1.3248963356018066, 1.31112539768219, 1.2968647480010986, 1.2828567028045654, 1.2699308395385742, 1.2581403255462646, 1.245192050933838, 1.2358988523483276, 1.2221482992172241, 1.2067253589630127, 1.1920442581176758, 1.1790415048599243, 1.1742557287216187, 1.156099557876587, 1.1407004594802856, 1.1334015130996704, 1.1199067831039429, 1.1088472604751587, 1.102175235748291, 1.089769721031189, 1.0733320713043213, 1.0627235174179077, 1.0601155757904053, 1.050478458404541, 1.0413466691970825, 1.0329827070236206, 1.0238573551177979, 1.0152133703231812, 1.0079190731048584, 1.0009931325912476, 0.9926058650016785, 0.9898844361305237, 0.9836654663085938, 0.9751859903335571, 0.9688876867294312, 0.9700002670288086, 0.9604535698890686, 0.9578756093978882, 0.9467417001724243, 0.9448283910751343, 0.9440452456474304, 0.9321677088737488, 0.9295055866241455, 0.9264520406723022], "rmse": [2.3506524562835693, 2.260040044784546, 2.196575164794922, 2.1317293643951416, 2.058032989501953, 1.9810147285461426, 1.900949239730835, 1.820016622543335, 1.7447856664657593, 1.6805106401443481, 1.6250553131103516, 1.5824650526046753, 1.5489667654037476, 1.5182703733444214, 1.4941002130508423, 1.4723185300827026, 1.4562739133834839, 1.4382110834121704, 1.4256023168563843, 1.4103984832763672, 1.3976513147354126, 1.3855634927749634, 1.376676082611084, 1.368302583694458, 1.358588695526123, 1.3505734205245972, 1.3451679944992065, 1.339463710784912, 1.3321936130523682, 1.326398253440857, 1.3230457305908203, 1.3182647228240967, 1.3144793510437012, 1.3094595670700073, 1.3043639659881592, 1.3016738891601562, 1.2982256412506104, 1.2951512336730957, 1.2912418842315674, 1.289345383644104, 1.2879968881607056, 1.2844810485839844, 1.2795977592468262, 1.2777116298675537, 1.2729535102844238, 1.2695304155349731, 1.26809561252594, 1.266493320465088, 1.2602441310882568, 1.258362889289856, 1.2567408084869385, 1.2515997886657715, 1.246620774269104, 1.2466694116592407, 1.2404512166976929, 1.238480806350708, 1.2334364652633667, 1.228150486946106, 1.2258038520812988, 1.2210406064987183, 1.2178332805633545, 1.2152726650238037, 1.2097645998001099, 1.204253911972046, 1.20307457447052, 1.1978425979614258, 1.1931134462356567, 1.1875214576721191, 1.184049129486084, 1.179037094116211, 1.173496961593628, 1.1680116653442383, 1.1635221242904663, 1.1593209505081177, 1.1541836261749268, 1.1477794647216797, 1.1415435075759888, 1.1369924545288086, 1.1312323808670044, 1.125271201133728, 1.1190897226333618, 1.1141119003295898, 1.108572244644165, 1.1024507284164429, 1.0976144075393677, 1.0913114547729492, 1.084795355796814, 1.0778193473815918, 1.0717829465866089, 1.0698686838150024, 1.0609123706817627, 1.0542668104171753, 1.0516620874404907, 1.044854760169983, 1.039813756942749, 1.0359402894973755, 1.0302537679672241, 1.0224452018737793, 1.0174219608306885, 1.0156530141830444, 1.0117406845092773, 1.006180763244629, 1.0020314455032349, 0.9985042214393616, 0.9936643242835999, 0.9899024367332458, 0.9864826202392578, 0.9821084141731262, 0.9810506105422974, 0.9777930378913879, 0.9734642505645752, 0.9700539112091064, 0.9707952737808228, 0.9655600190162659, 0.964348316192627, 0.9588731527328491, 0.9578868746757507, 0.9575501680374146, 0.9523369073867798, 0.9501180648803711, 0.9479849338531494], "val_loss": [5.326144218444824, 4.911624908447266, 4.600094795227051, 4.237491607666016, 3.8614397048950195, 3.5425708293914795, 3.2187013626098633, 2.9588732719421387, 2.7648534774780273, 2.6287481784820557, 2.5189616680145264, 2.4421563148498535, 2.3915212154388428, 2.341892957687378, 2.2802696228027344, 2.2162082195281982, 2.176832914352417, 2.153682231903076, 2.1139461994171143, 2.0727856159210205, 2.0595972537994385, 2.014514207839966, 2.0349488258361816, 2.0151586532592773, 2.0052835941314697, 1.966154932975769, 1.9671049118041992, 1.9737924337387085, 1.9813590049743652, 1.9543547630310059, 1.9443119764328003, 1.9592729806900024, 1.9564658403396606, 1.9256089925765991, 1.9331367015838623, 1.8924124240875244, 1.8772571086883545, 1.895546317100525, 1.913124442100525, 1.8769069910049438, 1.88582181930542, 1.8790303468704224, 1.8693575859069824, 1.8497215509414673, 1.833483099937439, 1.867221713066101, 1.85409677028656, 1.8649522066116333, 1.8381869792938232, 1.8266816139221191, 1.7821342945098877, 1.820106863975525, 1.7786937952041626, 1.7545026540756226, 1.776868224143982, 1.7570080757141113, 1.741043210029602, 1.7208142280578613, 1.72316312789917, 1.6944806575775146, 1.709897518157959, 1.7014654874801636, 1.7018649578094482, 1.6612006425857544, 1.6514246463775635, 1.6325311660766602, 1.5968847274780273, 1.6160106658935547, 1.6328881978988647, 1.6077406406402588, 1.5801775455474854, 1.5532996654510498, 1.5454378128051758, 1.523684024810791, 1.5114936828613281, 1.5044764280319214, 1.4915523529052734, 1.4819650650024414, 1.4678380489349365, 1.43939208984375, 1.419272541999817, 1.430955410003662, 1.4006340503692627, 1.4008322954177856, 1.414472222328186, 1.3528521060943604, 1.357354998588562, 1.3373266458511353, 1.3157457113265991, 1.2883166074752808, 1.2812871932983398, 1.2681884765625, 1.2721911668777466, 1.2704029083251953, 1.2672125101089478, 1.2448837757110596, 1.220192313194275, 1.2141847610473633, 1.2175824642181396, 1.1904234886169434, 1.2012121677398682, 1.1524020433425903, 1.1422548294067383, 1.1735897064208984, 1.1861631870269775, 1.1325291395187378, 1.1509625911712646, 1.1330024003982544, 1.1262519359588623, 1.124470591545105, 1.1124097108840942, 1.1422797441482544, 1.0950026512145996, 1.0936853885650635, 1.0966057777404785, 1.0671364068984985, 1.074845552444458, 1.0792236328125, 1.0698553323745728, 1.0945236682891846, 1.0852890014648438],