{"n_parameters": 202049, "training_time": 6708.187969207764, "loss": [6.043107986450195, 5.887686252593994, 5.848134994506836, 5.78865385055542, 5.760087490081787, 5.72945499420166, 5.707275867462158, 5.665326118469238, 5.639307975769043, 5.606069564819336, 5.593259811401367, 5.5692057609558105, 5.534183502197266, 5.5182976722717285, 5.501755237579346, 5.466102123260498, 5.465152263641357, 5.435823917388916, 5.419320106506348, 5.394669532775879, 5.3800458908081055, 5.371616840362549, 5.337802886962891, 5.317337512969971, 5.305161476135254, 5.285155296325684, 5.268913269042969, 5.251512050628662, 5.228062152862549, 5.202258586883545, 5.177803993225098, 5.149369716644287, 5.1383819580078125, 5.111165523529053, 5.083746433258057, 5.053738594055176, 5.028035640716553, 5.002667427062988, 4.965360641479492, 4.949985504150391, 4.900445938110352, 4.869235515594482, 4.841850280761719, 4.799563884735107, 4.764139175415039, 4.712017059326172, 4.6754150390625, 4.631516933441162, 4.5764641761779785, 4.525476455688477, 4.448971748352051, 4.403470516204834, 4.340350151062012, 4.268610954284668, 4.198558807373047, 4.132027626037598, 4.058802604675293, 3.9932258129119873, 3.9066195487976074, 3.8510687351226807, 3.768699884414673, 3.7161202430725098, 3.63084077835083, 3.556103467941284, 3.498239755630493, 3.418807029724121, 3.3721866607666016, 3.2939484119415283, 3.2591028213500977, 3.2082173824310303, 3.1530048847198486, 3.0935933589935303, 3.060032367706299, 3.008789539337158, 2.972287178039551, 2.931091785430908, 2.908446788787842, 2.8590214252471924], "rmse": [2.440772294998169, 2.4086861610412598, 2.4006192684173584, 2.3884072303771973, 2.3825647830963135, 2.376631736755371, 2.3725271224975586, 2.3636107444763184, 2.3596527576446533, 2.352745771408081, 2.3491854667663574, 2.3448240756988525, 2.3375301361083984, 2.334254741668701, 2.330655574798584, 2.323513984680176, 2.3226332664489746, 2.316683769226074, 2.313079357147217, 2.3084540367126465, 2.304865598678589, 2.3031551837921143, 2.296109676361084, 2.291642427444458, 2.2897000312805176, 2.2855124473571777, 2.28143572807312, 2.2778427600860596, 2.273247718811035, 2.267547845840454, 2.261688709259033, 2.2560462951660156, 2.2530179023742676, 2.2469143867492676, 2.240805149078369, 2.2349891662597656, 2.228881359100342, 2.22369647026062, 2.214916229248047, 2.211202383041382, 2.2004036903381348, 2.192915678024292, 2.1867003440856934, 2.1772654056549072, 2.1689612865448, 2.156315803527832, 2.148097038269043, 2.138315439224243, 2.125028133392334, 2.1132261753082275, 2.094743251800537, 2.083465337753296, 2.0682454109191895, 2.0510213375091553, 2.0330567359924316, 2.0177855491638184, 1.9989354610443115, 1.9826595783233643, 1.9598983526229858, 1.9463062286376953, 1.924783706665039, 1.9103922843933105, 1.8878549337387085, 1.8682808876037598, 1.853074312210083, 1.8308418989181519, 1.8177156448364258, 1.796838402748108, 1.7855920791625977, 1.7719972133636475, 1.7566889524459839, 1.740047574043274, 1.729516863822937, 1.7150635719299316, 1.7052156925201416, 1.6929264068603516, 1.6862763166427612, 1.6722474098205566], "val_loss": [6.0156331062316895, 5.948679447174072, 5.899677753448486, 5.83817720413208, 5.7838454246521, 5.767472267150879, 5.711899280548096, 5.66722297668457, 5.651154518127441, 5.617934703826904, 5.601855278015137, 5.566696643829346, 5.5294952392578125, 5.505809307098389, 5.484249114990234, 5.477999210357666, 5.441734313964844, 5.410078525543213, 5.368607997894287, 5.3219499588012695, 5.347447872161865, 5.3319315910339355, 5.328020095825195, 5.290978908538818, 5.2775068283081055, 5.2330546379089355, 5.189043045043945, 5.151994228363037, 5.135365009307861, 5.130980968475342, 5.099850177764893, 5.0759077072143555, 5.013521671295166, 4.958343505859375, 4.931397438049316, 4.861819267272949, 4.842957496643066, 4.766013145446777, 4.781149864196777, 4.73613977432251, 4.657026767730713, 4.598750114440918, 4.530838489532471, 4.498878002166748, 4.430418968200684, 4.375438213348389, 4.361995220184326, 4.232257843017578, 4.193500518798828, 4.080099105834961, 4.061854839324951, 3.9522461891174316, 3.9323291778564453, 3.8593342304229736, 3.79396653175354, 3.7475006580352783, 3.6646368503570557, 3.636857748031616, 3.546330213546753, 3.471825122833252, 3.4251842498779297, 3.4037628173828125, 3.328627824783325, 3.3596479892730713, 3.2663979530334473, 3.3001558780670166, 3.2569265365600586, 3.2252278327941895, 3.2686593532562256, 3.221858024597168, 3.2377207279205322, 3.239326000213623, 3.191401958465576, 3.2442100048065186, 3.2388291358947754, 3.3039801120758057, 3.290174961090088, 3.2655932903289795], "val_rmse": [2.4335834980010986, 2.4204821586608887, 2.410937786102295, 2.3985188007354736, 2.3876969814300537, 2.384404182434082, 2.3733015060424805, 2.364428758621216, 2.361171007156372, 2.354478597640991, 2.351231336593628, 2.3440158367156982, 2.3363566398620605, 2.3315229415893555, 2.327064275741577, 2.325650453567505, 2.3181169033050537, 2.3115041255950928, 2.302902936935425, 2.293123483657837, 2.2983293533325195, 2.295046091079712, 2.294116258621216, 2.2862467765808105, 2.2832953929901123, 2.273695707321167, 2.264143705368042, 2.2560486793518066, 2.252352476119995, 2.251338005065918, 2.2445271015167236, 2.239039421081543, 2.225205421447754, 2.212855815887451, 2.206740140914917, 2.1911864280700684, 2.1867868900299072, 2.169426679611206, 2.1725175380706787, 2.1621711254119873, 2.144014835357666, 2.1305031776428223, 2.114612579345703, 2.106933116912842, 2.0907206535339355, 2.077514171600342, 2.0739998817443848, 2.0426433086395264, 2.0328760147094727, 2.004991292953491, 2.0001094341278076, 1.972592830657959, 1.9671999216079712, 1.9484614133834839, 1.9314308166503906, 1.9192233085632324, 1.8973723649978638, 1.8897417783737183, 1.8657023906707764, 1.8454865217208862, 1.832705020904541, 1.8266985416412354, 1.8060892820358276, 1.8145252466201782, 1.7887353897094727, 1.7982981204986572, 1.78620445728302, 1.7777296304702759, 1.7900751829147339, 1.7774182558059692, 1.7819244861602783, 1.7827682495117188, 1.7693623304367065, 1.784705638885498, 1.7834270000457764, 1.8018677234649658, 1.7982263565063477, 1.7916936874389648]}