{"n_parameters": 201057, "training_time": 4923.48552107811, "loss": [6.037755966186523, 5.753811359405518, 5.622653484344482, 5.499619483947754, 5.378252029418945, 5.247452735900879, 5.086945056915283, 4.900084972381592, 4.694622039794922, 4.431378364562988, 4.144923686981201, 3.8319497108459473, 3.5730903148651123, 3.3167741298675537, 3.1313159465789795, 2.9771625995635986, 2.8483238220214844, 2.736112594604492, 2.65102219581604, 2.586179733276367, 2.520700693130493, 2.4599249362945557, 2.419019937515259, 2.369966506958008, 2.3318731784820557, 2.319385290145874, 2.2856147289276123, 2.264543056488037, 2.245635986328125, 2.2320313453674316, 2.2073912620544434, 2.1913740634918213, 2.1791317462921143, 2.1637489795684814, 2.1524672508239746, 2.130948543548584, 2.120591163635254, 2.103814125061035, 2.096637487411499, 2.0859601497650146, 2.0791778564453125, 2.0635933876037598, 2.055605411529541, 2.042236804962158, 2.0270965099334717, 2.015902280807495, 2.0152266025543213, 1.9997057914733887, 1.9925800561904907, 1.9895861148834229, 1.970991849899292, 1.9669573307037354, 1.9530256986618042, 1.9561268091201782, 1.941989779472351, 1.9343414306640625, 1.9247452020645142, 1.9179495573043823, 1.9107346534729004, 1.9028279781341553, 1.8960212469100952, 1.8954657316207886, 1.8961619138717651, 1.881986141204834, 1.872523546218872, 1.8692772388458252, 1.8680310249328613, 1.8682326078414917, 1.851979374885559, 1.8534035682678223, 1.850920557975769, 1.8432601690292358, 1.8403043746948242, 1.8314988613128662, 1.8300645351409912, 1.820866584777832, 1.8195874691009521, 1.81463623046875], "rmse": [2.4399361610412598, 2.3822848796844482, 2.355069637298584, 2.3291356563568115, 2.3039350509643555, 2.2762629985809326, 2.2405991554260254, 2.1997814178466797, 2.1526834964752197, 2.090221405029297, 2.0210964679718018, 1.9411637783050537, 1.8729616403579712, 1.80391263961792, 1.7515095472335815, 1.7066209316253662, 1.6687138080596924, 1.634323000907898, 1.6089352369308472, 1.588396668434143, 1.5681631565093994, 1.5483641624450684, 1.5347539186477661, 1.5188112258911133, 1.5077542066574097, 1.5035492181777954, 1.4914555549621582, 1.4846844673156738, 1.4779146909713745, 1.4740288257598877, 1.4654903411865234, 1.4607419967651367, 1.4564567804336548, 1.4515507221221924, 1.4477651119232178, 1.4409637451171875, 1.4367908239364624, 1.431511640548706, 1.429276466369629, 1.4251694679260254, 1.4230488538742065, 1.4173331260681152, 1.4149881601333618, 1.4101189374923706, 1.405410647392273, 1.4011765718460083, 1.4008362293243408, 1.3961533308029175, 1.3926585912704468, 1.3930277824401855, 1.3856383562088013, 1.3843756914138794, 1.3794883489608765, 1.3812724351882935, 1.374951958656311, 1.3736432790756226, 1.3705477714538574, 1.3663599491119385, 1.364967703819275, 1.3620470762252808, 1.3597605228424072, 1.3589274883270264, 1.3600611686706543, 1.3544479608535767, 1.3512096405029297, 1.3502203226089478, 1.3497724533081055, 1.349102258682251, 1.344050407409668, 1.344330906867981, 1.3428486585617065, 1.340653419494629, 1.3393075466156006, 1.3363666534423828, 1.3362476825714111, 1.3331724405288696, 1.332907795906067, 1.330124020576477], "val_loss": [5.717045783996582, 5.528634071350098, 5.424535751342773, 5.292247295379639, 5.14445161819458, 4.94738245010376, 4.70698881149292, 4.463107585906982, 4.180078506469727, 3.8581783771514893, 3.546931266784668, 3.2304420471191406, 2.951434373855591, 2.779754877090454, 2.6642651557922363, 2.5511703491210938, 2.4694113731384277, 2.4029691219329834, 2.349931478500366, 2.292140245437622, 2.2646379470825195, 2.2064218521118164, 2.2014734745025635, 2.169980764389038, 2.1546826362609863, 2.1151504516601562, 2.0996687412261963, 2.1119627952575684, 2.092125415802002, 2.0802001953125, 2.0791828632354736, 2.060356616973877, 2.043278217315674, 2.039707660675049, 2.0239102840423584, 2.0207998752593994, 2.0395703315734863, 2.0070390701293945, 1.9885716438293457, 1.9896761178970337, 1.9762356281280518, 1.9417223930358887, 1.957330346107483, 1.938423991203308, 1.9189237356185913, 1.9091227054595947, 1.9192308187484741, 1.8964399099349976, 1.904405117034912, 1.8915073871612549, 1.9061673879623413, 1.896293044090271, 1.8835350275039673, 1.8733394145965576, 1.8780949115753174, 1.8730775117874146, 1.870727777481079, 1.8706824779510498, 1.8424237966537476, 1.8444551229476929, 1.851529598236084, 1.8502849340438843, 1.8157081604003906, 1.8168219327926636, 1.8255811929702759, 1.8370745182037354, 1.8089827299118042, 1.8281424045562744, 1.7989155054092407, 1.796537160873413, 1.8063732385635376, 1.8057022094726562, 1.7726072072982788, 1.78764009475708, 1.782008409500122, 1.7809960842132568, 1.7795451879501343, 1.7885854244232178], "val_rmse": [2.374019145965576, 2.3355062007904053, 2.3139262199401855, 2.286104440689087, 2.2542483806610107, 2.210740566253662, 2.156251907348633, 2.0993125438690186, 2.0309016704559326, 1.9500055313110352, 1.8678832054138184, 1.7806200981140137, 1.7000682353973389, 1.6485015153884888, 1.6131937503814697, 1.5780682563781738, 1.5519957542419434, 1.5305417776107788, 1.5133973360061646, 1.494264006614685, 1.4853084087371826, 1.4657113552093506, 1.464310884475708, 1.453769564628601, 1.448818325996399, 1.435056447982788, 1.4298977851867676, 1.4344582557678223, 1.4276329278945923, 1.4234272241592407, 1.4235658645629883, 1.4169918298721313, 1.4110537767410278, 1.410114049911499, 1.4044954776763916, 1.4037868976593018, 1.4107937812805176, 1.3992892503738403, 1.3928253650665283, 1.3933197259902954, 1.3887883424758911, 1.3762658834457397, 1.3821388483047485, 1.375428318977356, 1.3685294389724731, 1.3650535345077515, 1.368996024131775, 1.3606185913085938, 1.3636285066604614, 1.3591686487197876, 1.3646376132965088, 1.3609721660614014, 1.3564927577972412, 1.3527835607528687, 1.354803204536438, 1.3530313968658447, 1.3521900177001953, 1.3523024320602417, 1.3418824672698975, 1.3428505659103394, 1.3456509113311768, 1.3450208902359009, 1.3321630954742432, 1.332768201828003, 1.3360096216201782, 1.3405404090881348, 1.3297196626663208, 1.3370198011398315, 1.326149582862854, 1.3252021074295044, 1.3289988040924072, 1.3288167715072632, 1.3162416219711304, 1.3223052024841309, 1.3202048540115356, 1.3194987773895264, 1.3192449808120728, 1.3226869106292725]}