{"n_parameters": 114225, "training_time": 4530.5946452617645, "loss": [5.858314514160156, 5.620733737945557, 5.523804664611816, 5.4249773025512695, 5.340859413146973, 5.264005661010742, 5.181910037994385, 5.09598445892334, 5.027433395385742, 4.957161903381348, 4.888726234436035, 4.819201946258545, 4.7542219161987305, 4.683003902435303, 4.618770599365234, 4.5385847091674805, 4.4587249755859375, 4.386301517486572, 4.293488502502441, 4.18909215927124, 4.087890625, 3.9723942279815674, 3.8601057529449463, 3.7458062171936035, 3.629809856414795, 3.5242080688476562, 3.406813859939575, 3.312041759490967, 3.2143425941467285, 3.1405904293060303, 3.0543785095214844, 2.9801580905914307, 2.9224040508270264, 2.869905948638916, 2.816164493560791, 2.7630748748779297, 2.7264950275421143, 2.689366579055786, 2.650887966156006, 2.621028184890747, 2.596719980239868, 2.568136215209961, 2.544625997543335, 2.5141069889068604, 2.496419906616211, 2.467083692550659, 2.450045347213745, 2.4320812225341797, 2.4283719062805176, 2.390296459197998, 2.3928298950195312, 2.3695502281188965, 2.3617913722991943, 2.3460280895233154, 2.3307645320892334, 2.315221071243286, 2.3030741214752197, 2.2939774990081787, 2.2776615619659424, 2.267533779144287, 2.2499475479125977, 2.2544615268707275, 2.2262380123138428, 2.215120315551758, 2.210113286972046, 2.2028698921203613, 2.2021214962005615, 2.1836740970611572, 2.173590898513794, 2.1672327518463135, 2.1533010005950928, 2.1440799236297607, 2.141115665435791, 2.1305556297302246, 2.1188316345214844, 2.117785930633545, 2.1057841777801514, 2.0972421169281006, 2.092467784881592, 2.0754759311676025, 2.073932409286499, 2.0649187564849854, 2.057687520980835, 2.047551393508911, 2.035327911376953, 2.039541482925415, 2.0320262908935547, 2.024791955947876, 2.018993854522705], "rmse": [2.404402732849121, 2.3544106483459473, 2.3335840702056885, 2.3144845962524414, 2.2953217029571533, 2.2793262004852295, 2.261946678161621, 2.243680715560913, 2.2288358211517334, 2.2132396697998047, 2.1977577209472656, 2.181772232055664, 2.166910409927368, 2.1511805057525635, 2.136312246322632, 2.1167237758636475, 2.098245143890381, 2.0812177658081055, 2.0573718547821045, 2.0320677757263184, 2.007563591003418, 1.9788103103637695, 1.9496815204620361, 1.9195407629013062, 1.8897236585617065, 1.8612475395202637, 1.8291507959365845, 1.803235650062561, 1.7759281396865845, 1.7539966106414795, 1.7303129434585571, 1.7079086303710938, 1.6907687187194824, 1.676034688949585, 1.6592594385147095, 1.6442418098449707, 1.6323754787445068, 1.620134711265564, 1.6089329719543457, 1.5992587804794312, 1.5925030708312988, 1.5829815864562988, 1.57669198513031, 1.5665700435638428, 1.560056209564209, 1.550965428352356, 1.5455365180969238, 1.5403308868408203, 1.5384117364883423, 1.526224970817566, 1.527571678161621, 1.5201910734176636, 1.5178731679916382, 1.5116827487945557, 1.506693720817566, 1.5013484954833984, 1.4971989393234253, 1.494215488433838, 1.488787055015564, 1.4859881401062012, 1.4801033735275269, 1.4820009469985962, 1.471397876739502, 1.4681646823883057, 1.4661375284194946, 1.464294672012329, 1.4638077020645142, 1.4578752517700195, 1.4539928436279297, 1.452329397201538, 1.4476490020751953, 1.4439077377319336, 1.443669319152832, 1.4397422075271606, 1.4359400272369385, 1.4350457191467285, 1.4315210580825806, 1.4279835224151611, 1.4267141819000244, 1.422035813331604, 1.4203213453292847, 1.4177229404449463, 1.4157130718231201, 1.412186861038208, 1.4078656435012817, 1.4088621139526367, 1.4060250520706177, 1.404219388961792, 1.4026085138320923], "val_loss": [5.796130180358887, 5.6428375244140625, 5.507629871368408, 5.382352828979492, 5.264096736907959, 5.148984909057617, 5.0463643074035645, 4.944603443145752, 4.854283332824707, 4.760196208953857, 4.675694942474365, 4.587060928344727, 4.506237506866455, 4.430611610412598, 4.345132350921631, 4.2585906982421875, 4.165055274963379, 4.077038764953613, 3.9557647705078125, 3.8309168815612793, 3.7047982215881348, 3.5776660442352295, 3.444755792617798, 3.307756185531616, 3.1794323921203613, 3.057382345199585, 2.9505019187927246, 2.849536418914795, 2.7711904048919678, 2.6983840465545654, 2.63865065574646, 2.596251964569092, 2.5490682125091553, 2.518190622329712, 2.4940664768218994, 2.4651904106140137, 2.4636077880859375, 2.4358203411102295, 2.4316976070404053, 2.4085052013397217, 2.41037917137146, 2.3912060260772705, 2.374769449234009, 2.3780250549316406, 2.3705365657806396, 2.370953321456909, 2.3629815578460693, 2.3672873973846436, 2.349731683731079, 2.347181558609009, 2.3546814918518066, 2.3375375270843506, 2.3480818271636963, 2.3488261699676514, 2.343257188796997, 2.342116594314575, 2.3206355571746826, 2.318234920501709, 2.3142900466918945, 2.322162628173828, 2.322052240371704, 2.3096542358398438, 2.303391933441162, 2.2904856204986572, 2.303502082824707, 2.274216651916504, 2.298431158065796, 2.275594711303711, 2.263514757156372, 2.2611160278320312, 2.2787482738494873, 2.2534029483795166, 2.2710647583007812, 2.261246681213379, 2.245478630065918, 2.2502939701080322, 2.2395641803741455, 2.2331490516662598, 2.2390553951263428, 2.2242271900177, 2.223524332046509, 2.2342679500579834, 2.230588674545288, 2.2153432369232178, 2.225883722305298, 2.236421823501587, 2.224867582321167, 2.230879783630371, 2.224428653717041], "val_rmse": [2.3907437324523926, 2.3593552112579346, 2.331329822540283, 2.3050601482391357, 2.279919147491455, 2.2551753520965576, 2.2327799797058105, 2.210287570953369, 2.1900553703308105, 2.1687538623809814, 2.1493232250213623, 2.1287293434143066, 2.109741449356079, 2.0917880535125732, 2.071303606033325, 2.0503339767456055, 2.0274171829223633, 2.00553560256958, 1.9751505851745605, 1.9433220624923706, 1.9106310606002808, 1.8770124912261963, 1.8412301540374756, 1.8036916255950928, 1.767756462097168, 1.732793927192688, 1.7015620470046997, 1.671486496925354, 1.6478675603866577, 1.625551700592041, 1.6070170402526855, 1.5938918590545654, 1.5789951086044312, 1.5692979097366333, 1.561718463897705, 1.5524487495422363, 1.5521546602249146, 1.5433135032653809, 1.5421160459518433, 1.5346627235412598, 1.5354430675506592, 1.5292766094207764, 1.5239214897155762, 1.5251927375793457, 1.5228835344314575, 1.5231822729110718, 1.5205544233322144, 1.5221173763275146, 1.5164746046066284, 1.5157287120819092, 1.5183683633804321, 1.512740969657898, 1.5163445472717285, 1.5167847871780396, 1.5150139331817627, 1.5147184133529663, 1.5076744556427002, 1.5069514513015747, 1.505799651145935, 1.5085517168045044, 1.5086501836776733, 1.504578709602356, 1.502618432044983, 1.4983676671981812, 1.502885103225708, 1.493070363998413, 1.5013468265533447, 1.4937480688095093, 1.4896526336669922, 1.4890291690826416, 1.4951742887496948, 1.4866138696670532, 1.492746353149414, 1.4894843101501465, 1.4842256307601929, 1.4859057664871216, 1.48237943649292, 1.4802323579788208, 1.482386827468872, 1.4774035215377808, 1.4770920276641846, 1.4809799194335938, 1.4797697067260742, 1.4745879173278809, 1.4782737493515015, 1.4819374084472656, 1.4779853820800781, 1.4801775217056274, 1.477985143661499]}