{"n_parameters": 273281, "training_time": 1344.035213470459, "loss": [6.840628147125244, 6.484540939331055, 6.3693766593933105, 6.237620830535889, 6.187234878540039, 6.127424240112305, 6.077402591705322, 6.044717311859131, 6.021628379821777, 5.978420257568359, 5.955848217010498, 5.948182106018066, 5.936468601226807], "rmse": [2.5956287384033203, 2.527099609375, 2.5051450729370117, 2.47926664352417, 2.4693996906280518, 2.4569687843322754, 2.4479122161865234, 2.4413821697235107, 2.4353787899017334, 2.426131248474121, 2.422123908996582, 2.421583890914917, 2.4191160202026367], "val_loss": [6.336535453796387, 6.265766143798828, 6.150806427001953, 6.119250297546387, 6.084564685821533, 6.1123857498168945, 6.0905632972717285, 6.07774019241333, 6.084519386291504, 6.104640483856201, 6.113923072814941, 6.142447471618652, 6.108913421630859], "val_rmse": [2.4958789348602295, 2.4822709560394287, 2.4600274562835693, 2.453979969024658, 2.4470975399017334, 2.4525551795959473, 2.4482929706573486, 2.4457898139953613, 2.4470739364624023, 2.450995445251465, 2.452869176864624, 2.4584579467773438, 2.451784133911133]}