{"n_parameters": 306673, "training_time": 10154.789067029953, "loss": [5.874868869781494, 5.786221504211426, 5.73220682144165, 5.704177379608154, 5.648040294647217, 5.613946437835693, 5.569525241851807, 5.5270891189575195, 5.4948320388793945, 5.451235294342041, 5.428107738494873, 5.376737594604492, 5.342922210693359, 5.3030900955200195, 5.271737098693848, 5.225601673126221, 5.182015895843506, 5.137113571166992, 5.094050407409668, 5.050546169281006, 4.9805378913879395, 4.903253555297852, 4.819154739379883, 4.717582702636719, 4.620675086975098, 4.508298397064209, 4.370152950286865, 4.216980934143066, 4.071997165679932, 3.919142484664917, 3.7718935012817383, 3.6380982398986816, 3.501809597015381, 3.375354766845703, 3.2719335556030273, 3.195114850997925, 3.113680839538574, 3.036337375640869, 2.9622652530670166, 2.8933615684509277, 2.832662582397461, 2.789266347885132, 2.7428863048553467, 2.715433359146118, 2.6767148971557617, 2.6464552879333496, 2.614151954650879, 2.592724323272705, 2.576603651046753, 2.539886236190796, 2.5267279148101807, 2.497203826904297, 2.4845998287200928, 2.4630794525146484, 2.4327642917633057, 2.4196290969848633, 2.3948776721954346, 2.3902969360351562, 2.356022596359253, 2.349569082260132, 2.320849895477295, 2.2991995811462402, 2.2921392917633057, 2.2802467346191406, 2.2722327709198, 2.2589454650878906, 2.2430920600891113, 2.2264046669006348, 2.2230992317199707, 2.202606678009033, 2.183197259902954, 2.1865546703338623, 2.1854610443115234, 2.1525254249572754, 2.1518115997314453, 2.1402876377105713, 2.1306610107421875, 2.1238937377929688, 2.112948179244995, 2.113177537918091, 2.0920228958129883, 2.0900862216949463, 2.0740551948547363, 2.0772135257720947, 2.0603625774383545, 2.060431480407715, 2.0426764488220215, 2.0394208431243896, 2.0427134037017822, 2.0431103706359863, 2.025554895401001, 2.021095037460327, 2.0064945220947266, 2.0046517848968506, 1.994888424873352, 1.9961590766906738, 1.9835602045059204, 1.986790657043457, 1.9746067523956299, 1.9741857051849365, 1.959035873413086, 1.964760184288025, 1.958577275276184, 1.9564943313598633, 1.9519538879394531, 1.960488200187683, 1.9395384788513184, 1.9487487077713013, 1.9375864267349243, 1.926379680633545, 1.9221177101135254, 1.9130065441131592, 1.920195460319519, 1.913758635520935, 1.9188178777694702, 1.9068737030029297, 1.9137213230133057], "rmse": [2.4057912826538086, 2.388136148452759, 2.3761088848114014, 2.3709471225738525, 2.3596415519714355, 2.35306453704834, 2.343830108642578, 2.335083484649658, 2.3288280963897705, 2.320162773132324, 2.314265012741089, 2.3043746948242188, 2.297503709793091, 2.2877984046936035, 2.2815146446228027, 2.2718043327331543, 2.2625842094421387, 2.252882719039917, 2.243440628051758, 2.2337567806243896, 2.2182838916778564, 2.2012362480163574, 2.1813809871673584, 2.158369302749634, 2.1355326175689697, 2.109060764312744, 2.076349973678589, 2.0384433269500732, 2.002790927886963, 1.9639960527420044, 1.9254335165023804, 1.8893452882766724, 1.8530412912368774, 1.8179177045822144, 1.7901360988616943, 1.7686240673065186, 1.7447642087936401, 1.7227727174758911, 1.7015782594680786, 1.6812177896499634, 1.6629278659820557, 1.6498645544052124, 1.6353435516357422, 1.6275094747543335, 1.6156134605407715, 1.6061642169952393, 1.5967926979064941, 1.5890437364578247, 1.584616780281067, 1.5715657472610474, 1.5689116716384888, 1.5593833923339844, 1.55502188205719, 1.5489122867584229, 1.5389964580535889, 1.535133719444275, 1.5264878273010254, 1.5256824493408203, 1.5143764019012451, 1.5126092433929443, 1.503947377204895, 1.496275544166565, 1.494167685508728, 1.4907654523849487, 1.4883332252502441, 1.483988881111145, 1.4781792163848877, 1.472406029701233, 1.471394658088684, 1.4651824235916138, 1.4579248428344727, 1.460313320159912, 1.4592890739440918, 1.4486366510391235, 1.4475975036621094, 1.4435181617736816, 1.4416224956512451, 1.4385414123535156, 1.4345024824142456, 1.434619426727295, 1.4284734725952148, 1.427627444267273, 1.4222486019134521, 1.423832654953003, 1.417426586151123, 1.4176933765411377, 1.4120005369186401, 1.4107803106307983, 1.411194086074829, 1.410186767578125, 1.406482219696045, 1.4040310382843018, 1.3999236822128296, 1.3976433277130127, 1.3960113525390625, 1.3958425521850586, 1.3911677598953247, 1.3926081657409668, 1.3875148296356201, 1.3878169059753418, 1.3821216821670532, 1.383832335472107, 1.3827112913131714, 1.38206946849823, 1.3801467418670654, 1.3834917545318604, 1.3755714893341064, 1.379584789276123, 1.3757023811340332, 1.3715091943740845, 1.3691089153289795, 1.3663522005081177, 1.3693217039108276, 1.367052674293518, 1.3687834739685059, 1.3643678426742554, 1.366338849067688], "val_loss": [5.931601524353027, 5.85947322845459, 5.8170905113220215, 5.776869773864746, 5.7285871505737305, 5.687236785888672, 5.632718563079834, 5.589165687561035, 5.536529541015625, 5.486501693725586, 5.437658309936523, 5.397667407989502, 5.3486552238464355, 5.288920879364014, 5.228168964385986, 5.163842678070068, 5.10009241104126, 5.0399250984191895, 4.971025466918945, 4.899725437164307, 4.803336143493652, 4.687739849090576, 4.589291095733643, 4.467772006988525, 4.337271690368652, 4.191933631896973, 4.02558708190918, 3.848323345184326, 3.667590618133545, 3.4912943840026855, 3.3274292945861816, 3.1772260665893555, 3.0472939014434814, 2.924152374267578, 2.8354477882385254, 2.7649006843566895, 2.701364755630493, 2.611713409423828, 2.5181057453155518, 2.465465784072876, 2.4250757694244385, 2.393494129180908, 2.3543496131896973, 2.3140511512756348, 2.2866973876953125, 2.2606611251831055, 2.235663890838623, 2.2065541744232178, 2.179675340652466, 2.156975507736206, 2.1415061950683594, 2.1178925037384033, 2.097824811935425, 2.082520008087158, 2.0618839263916016, 2.050165891647339, 2.030926465988159, 2.0149025917053223, 2.000291585922241, 1.9925954341888428, 1.9847482442855835, 1.9610766172409058, 1.9505705833435059, 1.954494595527649, 1.9298323392868042, 1.9182097911834717, 1.903680443763733, 1.9024219512939453, 1.8874175548553467, 1.882991075515747, 1.8681498765945435, 1.8641207218170166, 1.8602360486984253, 1.837924838066101, 1.8471447229385376, 1.825666069984436, 1.8190910816192627, 1.8111993074417114, 1.803942084312439, 1.8006569147109985, 1.7955315113067627, 1.7829399108886719, 1.7805399894714355, 1.7904466390609741, 1.769840121269226, 1.7684706449508667, 1.752435326576233, 1.7502615451812744, 1.7504193782806396, 1.7424211502075195, 1.7413429021835327, 1.7417353391647339, 1.7357052564620972, 1.7272918224334717, 1.7236045598983765, 1.7168686389923096, 1.7156933546066284, 1.7132604122161865, 1.7309242486953735, 1.714700698852539, 1.7092121839523315, 1.7002774477005005, 1.7020035982131958, 1.700120210647583, 1.7007651329040527, 1.70154869556427, 1.6887933015823364, 1.6974369287490845, 1.6842836141586304, 1.6836026906967163, 1.6791611909866333, 1.6737821102142334, 1.6858763694763184, 1.6876260042190552, 1.6823461055755615, 1.6822683811187744, 1.6907014846801758],