{"n_parameters": 151153, "training_time": 6528.869927883148, "loss": [6.009413719177246, 5.832439422607422, 5.675343036651611, 5.556527614593506, 5.44993257522583, 5.339947700500488, 5.252643585205078, 5.172865390777588, 5.096256256103516, 5.003289222717285, 4.918417453765869, 4.825959205627441, 4.736814022064209, 4.6582255363464355, 4.5759172439575195, 4.489371299743652, 4.385268211364746, 4.290678977966309, 4.179096698760986, 4.1028547286987305, 3.980494737625122, 3.8718507289886475, 3.7718727588653564, 3.6797938346862793, 3.5773351192474365, 3.480756998062134, 3.399942636489868, 3.3271429538726807, 3.246032953262329, 3.179887056350708, 3.1173644065856934, 3.058901786804199, 3.003654956817627, 2.9449963569641113, 2.8963561058044434, 2.860347270965576, 2.8120498657226562, 2.759758710861206, 2.723884344100952, 2.6594364643096924, 2.636308431625366, 2.5991735458374023, 2.5610740184783936, 2.531644344329834, 2.4980628490448, 2.4552814960479736, 2.4235281944274902, 2.398188829421997, 2.3537938594818115, 2.3237717151641846, 2.310716152191162, 2.279132843017578, 2.253612995147705, 2.2255256175994873, 2.205852508544922, 2.184182643890381, 2.1611521244049072, 2.1387274265289307, 2.112107038497925, 2.1020073890686035, 2.0769155025482178, 2.068855047225952, 2.050381660461426, 2.040360689163208, 2.029506206512451, 2.014892578125, 2.004326581954956, 1.9911918640136719, 1.98247230052948, 1.9758414030075073, 1.9716538190841675, 1.9645918607711792, 1.9584920406341553, 1.942603588104248, 1.9464350938796997, 1.9214587211608887, 1.9299681186676025, 1.9258263111114502, 1.9129762649536133, 1.913439154624939, 1.9112169742584229, 1.9092414379119873, 1.9052605628967285, 1.888304591178894, 1.8833650350570679, 1.884770393371582, 1.881786823272705, 1.8806917667388916, 1.8718845844268799, 1.8675649166107178, 1.8649662733078003, 1.8708020448684692, 1.8515045642852783, 1.8492604494094849, 1.845687985420227, 1.8472797870635986, 1.8364784717559814, 1.8444780111312866, 1.8313292264938354, 1.836816668510437, 1.8339112997055054, 1.8190439939498901, 1.8243225812911987, 1.825177788734436, 1.8228093385696411, 1.8126767873764038, 1.8107184171676636, 1.8008546829223633, 1.8000028133392334, 1.7941632270812988, 1.798229694366455, 1.7919384241104126, 1.7885667085647583, 1.7855275869369507], "rmse": [2.4322564601898193, 2.397322654724121, 2.3645617961883545, 2.341141700744629, 2.318655490875244, 2.2950191497802734, 2.2769222259521484, 2.2600605487823486, 2.24364972114563, 2.2224130630493164, 2.20343017578125, 2.182192087173462, 2.162609815597534, 2.1444203853607178, 2.124394178390503, 2.1048314571380615, 2.079667091369629, 2.0569872856140137, 2.029331922531128, 2.011270761489868, 1.9794782400131226, 1.9523638486862183, 1.926881194114685, 1.901535153388977, 1.8750386238098145, 1.848009467124939, 1.8264214992523193, 1.8059678077697754, 1.7831300497055054, 1.7646520137786865, 1.7468565702438354, 1.7302262783050537, 1.7140430212020874, 1.6966261863708496, 1.6827309131622314, 1.672160029411316, 1.657436728477478, 1.6430169343948364, 1.6320061683654785, 1.6116936206817627, 1.6054668426513672, 1.5940437316894531, 1.5834976434707642, 1.5730726718902588, 1.5636361837387085, 1.5498238801956177, 1.5399160385131836, 1.531966209411621, 1.517498254776001, 1.5075056552886963, 1.504091739654541, 1.4942909479141235, 1.4847556352615356, 1.4760502576828003, 1.4687916040420532, 1.4621713161468506, 1.4546546936035156, 1.4471406936645508, 1.4378682374954224, 1.4341270923614502, 1.4263010025024414, 1.4228729009628296, 1.4165455102920532, 1.412460446357727, 1.4090666770935059, 1.404959797859192, 1.400070071220398, 1.3958567380905151, 1.3927948474884033, 1.3909722566604614, 1.389369249343872, 1.3865923881530762, 1.3829572200775146, 1.3785865306854248, 1.379952311515808, 1.370936393737793, 1.373723030090332, 1.3730863332748413, 1.3683598041534424, 1.367530107498169, 1.3671687841415405, 1.366902470588684, 1.365058183670044, 1.3588272333145142, 1.3570358753204346, 1.3572474718093872, 1.3564250469207764, 1.3561512231826782, 1.3525230884552002, 1.3514621257781982, 1.3497235774993896, 1.3522398471832275, 1.3453882932662964, 1.3447099924087524, 1.3433090448379517, 1.3441680669784546, 1.3391467332839966, 1.342987298965454, 1.3383021354675293, 1.339766263961792, 1.338641881942749, 1.333461880683899, 1.335462212562561, 1.33584725856781, 1.3353557586669922, 1.33063805103302, 1.3302963972091675, 1.3267850875854492, 1.326370120048523, 1.3243193626403809, 1.3253827095031738, 1.3233824968338013, 1.3219959735870361, 1.32084059715271], "val_loss": [5.902772903442383, 5.73574686050415, 5.5979838371276855, 5.487462043762207, 5.384796619415283, 5.290707588195801, 5.20127534866333, 5.116509437561035, 5.029874324798584, 4.942740440368652, 4.858633995056152, 4.7724127769470215, 4.684946060180664, 4.594869136810303, 4.503623962402344, 4.404018402099609, 4.3013505935668945, 4.195499897003174, 4.079064846038818, 3.9699501991271973, 3.849951982498169, 3.7387077808380127, 3.6255643367767334, 3.519885778427124, 3.4134910106658936, 3.3148691654205322, 3.2235820293426514, 3.144537925720215, 3.0617051124572754, 2.9893851280212402, 2.9251532554626465, 2.8691229820251465, 2.816575765609741, 2.7649765014648438, 2.7192769050598145, 2.676962375640869, 2.634047508239746, 2.591219902038574, 2.5549545288085938, 2.5169317722320557, 2.4805452823638916, 2.4446566104888916, 2.4092066287994385, 2.3715953826904297, 2.3415112495422363, 2.3032519817352295, 2.272489547729492, 2.2413578033447266, 2.2122533321380615, 2.184619188308716, 2.1621930599212646, 2.131371021270752, 2.111950397491455, 2.0896949768066406, 2.0731308460235596, 2.055860757827759, 2.038039445877075, 2.0205063819885254, 2.0053539276123047, 1.9920622110366821, 1.9779592752456665, 1.966193675994873, 1.9616297483444214, 1.9449968338012695, 1.9325363636016846, 1.9287225008010864, 1.9217487573623657, 1.9106700420379639, 1.9124010801315308, 1.8988319635391235, 1.8971004486083984, 1.8918073177337646, 1.8905036449432373, 1.8918567895889282, 1.8868513107299805, 1.8744688034057617, 1.8798450231552124, 1.8773200511932373, 1.8702178001403809, 1.8710201978683472, 1.8692421913146973, 1.8673709630966187, 1.863019347190857, 1.8608903884887695, 1.869404673576355, 1.860041856765747, 1.8568261861801147, 1.8559194803237915, 1.8622996807098389, 1.8520722389221191, 1.8499335050582886, 1.8510751724243164, 1.8549004793167114, 1.8440629243850708, 1.8482239246368408, 1.8498263359069824, 1.8377379179000854, 1.8443318605422974, 1.8407580852508545, 1.8370603322982788, 1.8356640338897705, 1.834964632987976, 1.836349606513977, 1.8409934043884277, 1.8308613300323486, 1.8476437330245972, 1.8297392129898071, 1.8328336477279663, 1.820803165435791, 1.8244740962982178, 1.8227434158325195, 1.823798418045044, 1.8263767957687378, 1.8271757364273071],