{"n_parameters": 107345, "training_time": 7548.699778318405, "loss": [5.945472240447998, 5.666658878326416, 5.616384029388428, 5.5770416259765625, 5.539046764373779, 5.504044532775879, 5.467722415924072, 5.432568550109863, 5.394343852996826, 5.354757308959961, 5.315953731536865, 5.275658130645752, 5.231227874755859, 5.190227031707764, 5.14432430267334, 5.103416442871094, 5.056969165802002, 5.009659290313721, 4.966609477996826, 4.924656391143799, 4.8783087730407715, 4.839412689208984, 4.797203540802002, 4.764749526977539, 4.719057083129883, 4.684566497802734, 4.649264335632324, 4.608048915863037, 4.570764064788818, 4.536601543426514, 4.498786926269531, 4.466241836547852, 4.425839424133301, 4.3881072998046875, 4.359481334686279, 4.325545787811279, 4.286568641662598, 4.2522687911987305, 4.211980819702148, 4.171839714050293, 4.130715370178223, 4.099064826965332, 4.0632195472717285, 4.026825428009033, 3.9869964122772217, 3.9514522552490234, 3.9193358421325684, 3.870281934738159, 3.8367345333099365, 3.7956762313842773, 3.7433042526245117, 3.716170310974121, 3.6663691997528076, 3.6228952407836914, 3.582263469696045, 3.542840003967285, 3.498832941055298, 3.4604074954986572, 3.420473337173462, 3.3720481395721436, 3.337942361831665, 3.291874647140503, 3.2484397888183594, 3.2150464057922363, 3.168361186981201, 3.1320509910583496, 3.093452215194702, 3.0615429878234863, 3.022822618484497, 2.9816648960113525, 2.945812225341797, 2.9267728328704834, 2.8784804344177246, 2.85062575340271, 2.826833963394165, 2.7917137145996094, 2.7648046016693115, 2.737347364425659, 2.7159175872802734, 2.6927855014801025, 2.6684324741363525, 2.6425585746765137, 2.628384590148926, 2.602090358734131, 2.579545497894287, 2.558356523513794, 2.5343129634857178, 2.519479274749756, 2.502218008041382, 2.4796881675720215, 2.462890625, 2.4498119354248047, 2.42907977104187, 2.4209353923797607, 2.406520128250122, 2.3849985599517822, 2.3826944828033447, 2.365734815597534, 2.35005784034729, 2.345757246017456, 2.326900005340576, 2.3228938579559326, 2.3107645511627197, 2.2999444007873535, 2.2856767177581787, 2.2735891342163086, 2.265500068664551, 2.2594048976898193, 2.2504842281341553, 2.2478246688842773, 2.23130202293396, 2.2247262001037598, 2.2310268878936768, 2.2124810218811035, 2.201910972595215, 2.195155143737793, 2.1943671703338623, 2.178497076034546, 2.1696348190307617, 2.1674177646636963, 2.1589787006378174, 2.1566617488861084, 2.1437273025512695, 2.136061906814575, 2.141427755355835, 2.133169651031494, 2.1332433223724365, 2.118230104446411, 2.112339496612549, 2.116273880004883, 2.1041433811187744, 2.1008245944976807, 2.0930395126342773, 2.096222400665283, 2.0843493938446045, 2.080960512161255, 2.069037914276123, 2.067782163619995, 2.062899112701416, 2.0676426887512207, 2.0552210807800293, 2.05080509185791, 2.0425963401794434, 2.0377659797668457, 2.035280466079712, 2.031604290008545, 2.0178680419921875, 2.025794506072998, 2.022707939147949, 2.0104641914367676, 2.0003767013549805, 2.0031754970550537, 1.9991800785064697, 1.9908188581466675, 1.9989945888519287, 1.9847112894058228, 1.9778730869293213, 1.9808101654052734, 1.9734101295471191, 1.9739937782287598, 1.9634276628494263, 1.9620338678359985, 1.9537193775177002, 1.952344298362732, 1.9447450637817383, 1.942507028579712, 1.9424092769622803, 1.939836025238037, 1.942354679107666, 1.930831789970398, 1.9246917963027954, 1.9262117147445679, 1.91631281375885, 1.9124233722686768, 1.908105731010437, 1.9142482280731201, 1.9073961973190308, 1.9024786949157715, 1.899375557899475, 1.8951953649520874, 1.8913238048553467, 1.883775234222412, 1.8784343004226685, 1.8800809383392334, 1.881436824798584, 1.8740341663360596, 1.8736227750778198, 1.873011827468872, 1.8677713871002197, 1.8663650751113892, 1.8609133958816528, 1.8580284118652344], "rmse": [2.4215269088745117, 2.3629353046417236, 2.3516290187835693, 2.3437678813934326, 2.3360612392425537, 2.3280975818634033, 2.3210973739624023, 2.3140687942504883, 2.3047187328338623, 2.2969894409179688, 2.2880868911743164, 2.27964186668396, 2.2713184356689453, 2.261815071105957, 2.25191330909729, 2.242605447769165, 2.2333788871765137, 2.2220826148986816, 2.2132275104522705, 2.2037670612335205, 2.194176435470581, 2.1846442222595215, 2.1756575107574463, 2.1681952476501465, 2.1584043502807617, 2.150259017944336, 2.1423892974853516, 2.1322152614593506, 2.124465227127075, 2.1162710189819336, 2.1070117950439453, 2.099823236465454, 2.0906896591186523, 2.0815224647521973, 2.0750627517700195, 2.067319393157959, 2.0576720237731934, 2.0492043495178223, 2.0398731231689453, 2.029615879058838, 2.0199573040008545, 2.0120246410369873, 2.003509759902954, 1.9937474727630615, 1.9839627742767334, 1.9749687910079956, 1.9677587747573853, 1.9552788734436035, 1.9470607042312622, 1.9366610050201416, 1.9229445457458496, 1.9158164262771606, 1.903221845626831, 1.8917149305343628, 1.8809839487075806, 1.8710139989852905, 1.859410047531128, 1.8480826616287231, 1.8373970985412598, 1.8250592947006226, 1.8156745433807373, 1.803524136543274, 1.790790319442749, 1.7820624113082886, 1.7685128450393677, 1.7587686777114868, 1.7477593421936035, 1.7381912469863892, 1.7279881238937378, 1.7157188653945923, 1.705379605293274, 1.6999858617782593, 1.6860647201538086, 1.678106427192688, 1.6702792644500732, 1.6599276065826416, 1.6520483493804932, 1.6438027620315552, 1.637376070022583, 1.6300886869430542, 1.6227091550827026, 1.6151971817016602, 1.6102350950241089, 1.6020621061325073, 1.5953867435455322, 1.5890594720840454, 1.5814651250839233, 1.576272964477539, 1.5710017681121826, 1.5641257762908936, 1.558389663696289, 1.554199457168579, 1.5485047101974487, 1.5456759929656982, 1.5403944253921509, 1.5337640047073364, 1.5325038433074951, 1.5276174545288086, 1.521726131439209, 1.5209832191467285, 1.5142831802368164, 1.5131287574768066, 1.5091315507888794, 1.5053781270980835, 1.5003095865249634, 1.4966367483139038, 1.4936668872833252, 1.4918471574783325, 1.4888986349105835, 1.488378643989563, 1.4825067520141602, 1.4804341793060303, 1.4826109409332275, 1.4757765531539917, 1.4727407693862915, 1.4704053401947021, 1.4703114032745361, 1.4651885032653809, 1.4621161222457886, 1.4606050252914429, 1.4578032493591309, 1.4575215578079224, 1.4528099298477173, 1.450586199760437, 1.4521492719650269, 1.4486445188522339, 1.4490082263946533, 1.4436649084091187, 1.4416015148162842, 1.4435380697250366, 1.4390954971313477, 1.4378734827041626, 1.4357224702835083, 1.4362887144088745, 1.4323821067810059, 1.4307618141174316, 1.4267549514770508, 1.4261740446090698, 1.424806833267212, 1.4258534908294678, 1.4224443435668945, 1.4205602407455444, 1.4173169136047363, 1.415739893913269, 1.4151475429534912, 1.4136120080947876, 1.408911943435669, 1.4120135307312012, 1.4111989736557007, 1.4062703847885132, 1.4031286239624023, 1.4039579629898071, 1.4021117687225342, 1.3994653224945068, 1.4023151397705078, 1.396981954574585, 1.3945928812026978, 1.3959263563156128, 1.393022894859314, 1.3938093185424805, 1.3893240690231323, 1.3890950679779053, 1.3858325481414795, 1.385575771331787, 1.3829543590545654, 1.3825708627700806, 1.3823140859603882, 1.3811371326446533, 1.3817658424377441, 1.3779946565628052, 1.3754898309707642, 1.3768197298049927, 1.3729239702224731, 1.370926022529602, 1.3693673610687256, 1.3720895051956177, 1.3695734739303589, 1.3676247596740723, 1.366109848022461, 1.3650356531143188, 1.3641690015792847, 1.3605895042419434, 1.3585056066513062, 1.3596611022949219, 1.3596537113189697, 1.35708749294281, 1.357041835784912, 1.3564214706420898, 1.3550540208816528, 1.3543299436569214, 1.3522754907608032, 1.351239562034607],