{"n_parameters": 166801, "training_time": 2915.0514113903046, "loss": [6.043086528778076, 5.762460231781006, 5.641125202178955, 5.56093168258667, 5.507195949554443, 5.449813365936279, 5.383138179779053, 5.3102850914001465, 5.245103359222412, 5.175014019012451, 5.112562656402588, 5.03936767578125, 4.947152137756348, 4.854267597198486, 4.745030403137207, 4.636386394500732, 4.544432163238525, 4.4189677238464355, 4.284197807312012, 4.178501129150391, 4.0428266525268555, 3.9217259883880615, 3.812471628189087, 3.705900192260742, 3.6168158054351807, 3.5167107582092285, 3.4337005615234375, 3.3443961143493652, 3.2629668712615967, 3.181624412536621, 3.1108102798461914, 3.030327558517456, 2.943221092224121, 2.875587224960327, 2.8050191402435303, 2.736499309539795, 2.6842286586761475, 2.629972219467163], "rmse": [2.43953800201416, 2.3840484619140625, 2.3578011989593506, 2.341167449951172, 2.3313307762145996, 2.3192405700683594, 2.3059206008911133, 2.2898147106170654, 2.275790214538574, 2.260836362838745, 2.2471530437469482, 2.230668306350708, 2.210205078125, 2.1892006397247314, 2.163289785385132, 2.13848876953125, 2.1151010990142822, 2.0870440006256104, 2.052957773208618, 2.0260963439941406, 1.9924267530441284, 1.961837887763977, 1.9328471422195435, 1.905616044998169, 1.8820405006408691, 1.8546252250671387, 1.8323246240615845, 1.8077949285507202, 1.7863682508468628, 1.7625775337219238, 1.7428659200668335, 1.7207585573196411, 1.6935361623764038, 1.6759231090545654, 1.654389500617981, 1.6358658075332642, 1.6190208196640015, 1.6028051376342773], "val_loss": [5.844299793243408, 5.7421040534973145, 5.6398701667785645, 5.541544437408447, 5.431746959686279, 5.334244251251221, 5.1999897956848145, 5.128090858459473, 5.043697834014893, 4.988699436187744, 4.890446662902832, 4.801517486572266, 4.689007759094238, 4.597724914550781, 4.489500045776367, 4.3508477210998535, 4.239150047302246, 4.131737232208252, 3.9926600456237793, 3.905146598815918, 3.793191432952881, 3.684755802154541, 3.6730856895446777, 3.6074323654174805, 3.5697951316833496, 3.54325008392334, 3.570110559463501, 3.5446133613586426, 3.4933741092681885, 3.5302395820617676, 3.5066845417022705, 3.484586000442505, 3.4729862213134766, 3.4931790828704834, 3.4886460304260254, 3.5160210132598877, 3.5585527420043945, 3.5741682052612305], "val_rmse": [2.399801731109619, 2.379398822784424, 2.3587772846221924, 2.338590145111084, 2.315523624420166, 2.294517993927002, 2.265498399734497, 2.2496747970581055, 2.2311277389526367, 2.2187588214874268, 2.196690082550049, 2.1762771606445312, 2.150167942047119, 2.128549337387085, 2.1026546955108643, 2.0691301822662354, 2.041470527648926, 2.0143837928771973, 1.9792789220809937, 1.9566378593444824, 1.9279333353042603, 1.899810791015625, 1.896959900856018, 1.880173921585083, 1.8708134889602661, 1.8642597198486328, 1.8719022274017334, 1.8656775951385498, 1.8525187969207764, 1.8631209135055542, 1.857640266418457, 1.8518731594085693, 1.8495279550552368, 1.855441927909851, 1.854848861694336, 1.8626731634140015, 1.8744750022888184, 1.8788795471191406]}