{"n_parameters": 110945, "training_time": 1736.0316326618195, "loss": [11.15789794921875, 9.182950019836426, 8.20568561553955, 7.597627639770508, 7.151825904846191, 6.8741230964660645, 6.654338836669922, 6.473228931427002, 6.34006404876709, 6.189268589019775, 6.12519645690918, 6.053213119506836, 5.975141525268555, 5.944978713989258, 5.875331878662109, 5.84451150894165, 5.806236743927002, 5.767434120178223, 5.731807708740234, 5.6873016357421875, 5.675245761871338, 5.650470733642578, 5.624340534210205, 5.596953392028809, 5.568610191345215, 5.576404094696045, 5.541100025177002], "rmse": [3.304640054702759, 3.0059056282043457, 2.842437505722046, 2.736036539077759, 2.654114007949829, 2.603259325027466, 2.561351776123047, 2.526688575744629, 2.4990005493164062, 2.4706640243530273, 2.4578194618225098, 2.443589210510254, 2.428098678588867, 2.421576976776123, 2.4075334072113037, 2.4019935131073, 2.393556833267212, 2.3852078914642334, 2.379284381866455, 2.3686466217041016, 2.3668389320373535, 2.361839771270752, 2.3559727668762207, 2.351048469543457, 2.3442251682281494, 2.3470752239227295, 2.3393898010253906], "val_loss": [7.110101222991943, 6.379985809326172, 6.06748628616333, 5.880441665649414, 5.794766902923584, 5.709538459777832, 5.640061855316162, 5.602423191070557, 5.58544921875, 5.587815761566162, 5.5770263671875, 5.569766521453857, 5.571685791015625, 5.558431148529053, 5.588099002838135, 5.563472270965576, 5.5532379150390625, 5.560165882110596, 5.556517124176025, 5.561830043792725, 5.541077136993408, 5.520642280578613, 5.55083703994751, 5.539500713348389, 5.528650760650635, 5.524723529815674, 5.524283409118652], "val_rmse": [2.651120901107788, 2.510157585144043, 2.44757342338562, 2.4095516204833984, 2.3918650150299072, 2.3742151260375977, 2.3594858646392822, 2.351470708847046, 2.3477678298950195, 2.3481147289276123, 2.3458762168884277, 2.3443565368652344, 2.344820499420166, 2.342207908630371, 2.3483705520629883, 2.343379020690918, 2.341315269470215, 2.342745304107666, 2.341998338699341, 2.3430898189544678, 2.3388419151306152, 2.3346879482269287, 2.3409056663513184, 2.3385751247406006, 2.3363196849823, 2.3354873657226562, 2.335395336151123]}