{"n_parameters": 498785, "training_time": 22372.870480775833, "loss": [5.806449890136719, 5.279363632202148, 4.925204753875732, 4.56746244430542, 4.21530818939209, 3.843893527984619, 3.534684896469116, 3.27614688873291, 3.0690317153930664, 2.914447546005249, 2.8112175464630127, 2.6961894035339355, 2.6071555614471436, 2.534290075302124, 2.457257032394409, 2.3861899375915527, 2.329812526702881, 2.276737689971924, 2.2323851585388184, 2.202881097793579, 2.150923252105713, 2.1282362937927246, 2.098698377609253, 2.0770339965820312, 2.053927183151245, 2.035973310470581, 2.0109403133392334, 1.9941153526306152, 1.976226568222046, 1.9627617597579956, 1.9463056325912476, 1.9412702322006226, 1.9289921522140503, 1.917963981628418, 1.9036411046981812, 1.890742540359497, 1.8892617225646973, 1.8812549114227295, 1.8690547943115234, 1.8646808862686157, 1.858830213546753, 1.844039797782898, 1.8437379598617554, 1.837379813194275, 1.8277772665023804, 1.8183953762054443, 1.8180568218231201, 1.8179110288619995, 1.809736967086792, 1.8007420301437378, 1.798019289970398, 1.7904319763183594, 1.7816429138183594, 1.7775259017944336, 1.774041771888733, 1.7640987634658813, 1.7577040195465088, 1.752812147140503, 1.7507305145263672, 1.74350905418396, 1.7338299751281738, 1.727189064025879, 1.72665536403656, 1.7198907136917114, 1.7130070924758911, 1.706369400024414, 1.705991506576538, 1.6992000341415405, 1.6916840076446533, 1.6858667135238647, 1.6812680959701538, 1.6753549575805664, 1.6663196086883545, 1.6655902862548828, 1.6542338132858276, 1.652390718460083, 1.6468013525009155, 1.6429730653762817, 1.635149598121643, 1.6309529542922974, 1.6178317070007324, 1.6152175664901733, 1.6127058267593384, 1.5970301628112793, 1.5992833375930786, 1.5846195220947266, 1.5761241912841797, 1.5740501880645752, 1.5611404180526733, 1.5554509162902832, 1.5457100868225098, 1.5374488830566406, 1.5364400148391724, 1.5219097137451172, 1.5212346315383911, 1.508400559425354, 1.5025585889816284, 1.5042451620101929, 1.4879438877105713, 1.4845434427261353, 1.470677375793457, 1.4648005962371826, 1.4599870443344116, 1.4407178163528442, 1.437813639640808, 1.4274494647979736, 1.417629361152649, 1.4092907905578613, 1.4103150367736816, 1.3900666236877441, 1.3885852098464966, 1.383872389793396, 1.3792164325714111, 1.3667711019515991, 1.3593806028366089, 1.3512648344039917, 1.3421627283096313, 1.331842303276062, 1.3221129179000854, 1.3196756839752197, 1.310630202293396, 1.2986724376678467, 1.287347435951233, 1.2925688028335571, 1.277403712272644, 1.2829387187957764, 1.2714422941207886, 1.2685457468032837, 1.2508679628372192, 1.2569079399108887, 1.2420170307159424, 1.2453688383102417, 1.2340638637542725, 1.2295950651168823, 1.2232643365859985, 1.2157264947891235, 1.2181050777435303, 1.2118529081344604, 1.2008647918701172, 1.1988275051116943, 1.2037054300308228, 1.1908786296844482, 1.188999056816101, 1.1856110095977783, 1.1716420650482178, 1.1742826700210571, 1.1669921875, 1.1643704175949097, 1.157996416091919, 1.1620118618011475, 1.1527684926986694, 1.1381962299346924, 1.1479429006576538, 1.1462559700012207, 1.143093466758728, 1.1351267099380493, 1.1362122297286987, 1.1309762001037598, 1.1239159107208252, 1.1265742778778076, 1.121588110923767, 1.1150825023651123, 1.1115097999572754, 1.1153420209884644, 1.111317753791809, 1.1071019172668457, 1.1051692962646484, 1.1011178493499756, 1.0987907648086548, 1.0982427597045898, 1.0953850746154785, 1.0907706022262573, 1.0874342918395996, 1.0825600624084473, 1.0798426866531372, 1.0840128660202026, 1.0765918493270874, 1.078622579574585, 1.074291467666626, 1.0713975429534912, 1.0716948509216309, 1.0625171661376953, 1.0678609609603882, 1.0604833364486694, 1.0538336038589478, 1.0611997842788696, 1.0534902811050415, 1.0484297275543213, 1.049399495124817, 1.0487967729568481, 1.0491011142730713, 1.0396087169647217, 1.0429697036743164, 1.0341838598251343, 1.03908371925354, 1.0345070362091064, 1.034580945968628], "rmse": [2.3917999267578125, 2.2828078269958496, 2.2045440673828125, 2.1222572326660156, 2.0376579761505127, 1.9440836906433105, 1.8629316091537476, 1.7915797233581543, 1.7336795330047607, 1.6887180805206299, 1.6583384275436401, 1.6233820915222168, 1.5953761339187622, 1.5725674629211426, 1.548372507095337, 1.5261183977127075, 1.5072652101516724, 1.4899442195892334, 1.4751713275909424, 1.4656134843826294, 1.4491156339645386, 1.4410277605056763, 1.429896354675293, 1.424270749092102, 1.415482997894287, 1.4088976383209229, 1.4004396200180054, 1.3951677083969116, 1.3892121315002441, 1.3849769830703735, 1.3786799907684326, 1.376154899597168, 1.3712271451950073, 1.3675934076309204, 1.3628687858581543, 1.3584049940109253, 1.3581420183181763, 1.3549884557724, 1.3506630659103394, 1.3488328456878662, 1.3471964597702026, 1.3412424325942993, 1.3406774997711182, 1.3397223949432373, 1.3353053331375122, 1.3323968648910522, 1.3314017057418823, 1.331054925918579, 1.3288898468017578, 1.3256266117095947, 1.3247178792953491, 1.3214366436004639, 1.318238377571106, 1.3168267011642456, 1.3151944875717163, 1.3118510246276855, 1.3093851804733276, 1.3075003623962402, 1.3067069053649902, 1.3040105104446411, 1.30038321018219, 1.2977803945541382, 1.2975069284439087, 1.2949901819229126, 1.2919856309890747, 1.2898130416870117, 1.2894185781478882, 1.2869747877120972, 1.2849034070968628, 1.2821624279022217, 1.280451774597168, 1.2786656618118286, 1.2744097709655762, 1.2748454809188843, 1.2693241834640503, 1.2696633338928223, 1.2664052248001099, 1.2669482231140137, 1.2627978324890137, 1.2611010074615479, 1.2564951181411743, 1.254521369934082, 1.2542994022369385, 1.247883915901184, 1.2490659952163696, 1.2429744005203247, 1.2392010688781738, 1.2386585474014282, 1.2335472106933594, 1.2309924364089966, 1.2275230884552002, 1.2239784002304077, 1.2236244678497314, 1.2180960178375244, 1.2172114849090576, 1.2124031782150269, 1.2094706296920776, 1.210892915725708, 1.203967809677124, 1.2027997970581055, 1.196390986442566, 1.1942728757858276, 1.1915583610534668, 1.1839194297790527, 1.182996392250061, 1.1786998510360718, 1.1746041774749756, 1.1717571020126343, 1.1713230609893799, 1.1632325649261475, 1.1618987321853638, 1.1598047018051147, 1.1582781076431274, 1.1526955366134644, 1.1507883071899414, 1.146262526512146, 1.1420756578445435, 1.137338638305664, 1.1343282461166382, 1.1322437524795532, 1.12812340259552, 1.1232588291168213, 1.1182122230529785, 1.1210216283798218, 1.1140600442886353, 1.116030216217041, 1.1113911867141724, 1.109457015991211, 1.1022143363952637, 1.1039941310882568, 1.0979939699172974, 1.098885178565979, 1.0945563316345215, 1.0915888547897339, 1.0889695882797241, 1.0845874547958374, 1.0868991613388062, 1.0841861963272095, 1.07975435256958, 1.0780949592590332, 1.0799319744110107, 1.0733107328414917, 1.073645830154419, 1.0712242126464844, 1.0654901266098022, 1.0655741691589355, 1.0631996393203735, 1.0616697072982788, 1.0589380264282227, 1.0605090856552124, 1.0561423301696777, 1.0498228073120117, 1.0543283224105835, 1.0534260272979736, 1.0518066883087158, 1.0475523471832275, 1.048393964767456, 1.0451033115386963, 1.0425050258636475, 1.0435235500335693, 1.0411920547485352, 1.0372141599655151, 1.03659188747406, 1.0391161441802979, 1.0371522903442383, 1.0355068445205688, 1.0331196784973145, 1.031987190246582, 1.0307127237319946, 1.029966115951538, 1.0292189121246338, 1.0262089967727661, 1.0253827571868896, 1.0237159729003906, 1.0207281112670898, 1.0226258039474487, 1.0203458070755005, 1.021351933479309, 1.0183817148208618, 1.0173269510269165, 1.0176945924758911, 1.013582468032837, 1.0156224966049194, 1.0116456747055054, 1.0088554620742798, 1.0125932693481445, 1.0085715055465698, 1.00607430934906, 1.0056020021438599, 1.0065621137619019, 1.0067063570022583, 1.0020685195922852, 1.0030958652496338, 0.9994757771492004, 1.0019360780715942, 0.9996281266212463, 0.9996392726898193],