{"n_parameters": 186529, "training_time": 12241.111926794052, "loss": [9.120168685913086, 6.040333271026611, 5.633518218994141, 5.5771965980529785, 5.515568256378174, 5.467251300811768, 5.403295993804932, 5.372149467468262, 5.326374053955078, 5.286882400512695, 5.2342529296875, 5.203989505767822, 5.152735233306885, 5.094119548797607, 5.052067756652832, 4.998964786529541, 4.928175449371338, 4.858621120452881, 4.780023574829102, 4.67755651473999, 4.576609134674072, 4.451605319976807, 4.319834232330322, 4.168023109436035, 4.024345874786377, 3.8411812782287598, 3.673590660095215, 3.487783908843994, 3.329063653945923, 3.1720290184020996, 3.0301742553710938, 2.910076379776001, 2.7997450828552246, 2.7066407203674316, 2.5977492332458496, 2.5369811058044434, 2.4771385192871094, 2.409902572631836, 2.3623645305633545, 2.304903030395508, 2.254424571990967, 2.2277681827545166, 2.1926796436309814, 2.153620481491089, 2.1256117820739746, 2.10404896736145, 2.0685372352600098, 2.052121162414551, 2.0293819904327393, 2.0058887004852295, 2.007427453994751, 1.9747669696807861, 1.9661377668380737, 1.9491591453552246, 1.932386040687561, 1.9266934394836426, 1.9127616882324219, 1.91041100025177, 1.903953194618225, 1.8788906335830688, 1.8723605871200562, 1.8735779523849487, 1.8598322868347168, 1.8463410139083862, 1.846764087677002, 1.8384850025177002, 1.8309358358383179, 1.8212279081344604, 1.8236732482910156, 1.8141696453094482, 1.7955737113952637, 1.8015270233154297, 1.7855287790298462, 1.7785372734069824, 1.780950903892517, 1.7717171907424927, 1.7564058303833008, 1.768325924873352, 1.760254979133606, 1.7476983070373535, 1.7421259880065918, 1.7496397495269775, 1.7299997806549072, 1.7296093702316284, 1.7204989194869995, 1.723331093788147, 1.716349482536316, 1.7002543210983276, 1.7085713148117065, 1.7004973888397217, 1.691049575805664, 1.6890164613723755, 1.6871005296707153, 1.6812543869018555, 1.6773128509521484, 1.674823522567749, 1.6694912910461426, 1.662819266319275, 1.6623343229293823, 1.6617100238800049, 1.6450941562652588, 1.6422823667526245, 1.6449054479599, 1.6265851259231567, 1.6293710470199585, 1.6252596378326416, 1.6196433305740356, 1.619042158126831, 1.6119877099990845, 1.6064777374267578, 1.592952013015747, 1.5943059921264648, 1.5892372131347656, 1.5956426858901978, 1.5818185806274414, 1.573630928993225, 1.5690500736236572, 1.561076045036316, 1.5581413507461548, 1.5503655672073364, 1.5522205829620361, 1.543451189994812, 1.5366647243499756, 1.5294744968414307, 1.526480793952942, 1.5151792764663696, 1.511486530303955, 1.509211540222168, 1.5012012720108032, 1.4936017990112305, 1.490966558456421, 1.4836825132369995, 1.475212574005127, 1.4672037363052368, 1.458093285560608, 1.4524136781692505, 1.4400360584259033, 1.436507225036621, 1.4222896099090576, 1.4166008234024048, 1.4118504524230957, 1.4007759094238281, 1.3970913887023926, 1.3902722597122192, 1.3767929077148438, 1.366799235343933, 1.3573169708251953, 1.3530948162078857, 1.3494534492492676, 1.336788535118103, 1.3213603496551514, 1.3213651180267334, 1.3141040802001953, 1.2983328104019165, 1.29580557346344, 1.2803068161010742, 1.2747372388839722, 1.2646105289459229, 1.2587276697158813, 1.2487441301345825, 1.2487037181854248, 1.238749623298645, 1.2255682945251465, 1.2149064540863037, 1.2087782621383667, 1.1992716789245605, 1.1983845233917236, 1.1891071796417236, 1.1803866624832153, 1.165611982345581, 1.1660959720611572, 1.1622737646102905, 1.1483309268951416, 1.1407945156097412, 1.1345281600952148, 1.1213295459747314, 1.1203361749649048, 1.1168409585952759, 1.1045303344726562, 1.1017762422561646, 1.0944902896881104, 1.086859941482544, 1.0842658281326294, 1.077990174293518, 1.0710760354995728, 1.0631251335144043, 1.0579372644424438, 1.056886076927185, 1.0473562479019165, 1.0402514934539795, 1.0388606786727905, 1.0334422588348389, 1.037622094154358, 1.03054678440094, 1.0216584205627441, 1.019972801208496, 1.005903959274292, 1.0104840993881226, 1.007358431816101, 0.9997991919517517, 0.9959732890129089, 0.9920656681060791, 0.9886855483055115, 0.9863348007202148, 0.9832053184509277, 0.9721419215202332, 0.9816250801086426, 0.9752703309059143, 0.9679029583930969],