{"n_parameters": 243505, "training_time": 17029.041464090347, "loss": [6.05764627456665, 5.9711151123046875, 5.911831378936768, 5.871305465698242, 5.83163595199585, 5.803035259246826, 5.78139591217041, 5.755715370178223, 5.7234787940979, 5.713928699493408, 5.688797950744629, 5.675293445587158, 5.662219524383545, 5.649297714233398, 5.636511325836182, 5.631199836730957, 5.601614475250244, 5.592100143432617, 5.580691814422607, 5.573760986328125, 5.555849552154541, 5.542412281036377, 5.531211853027344, 5.517243385314941, 5.506321907043457, 5.498663425445557, 5.492135047912598, 5.481229782104492, 5.4686689376831055, 5.45566463470459, 5.457080841064453, 5.441370487213135, 5.427994728088379, 5.42124605178833, 5.407535552978516, 5.405219078063965, 5.385237693786621, 5.369332313537598, 5.369512557983398, 5.357105255126953, 5.343416213989258, 5.340709686279297, 5.327265739440918, 5.327579498291016, 5.314236640930176, 5.3008198738098145, 5.283327102661133, 5.276568412780762, 5.260476112365723, 5.255251884460449, 5.244889259338379, 5.234051704406738, 5.2289838790893555, 5.217048168182373, 5.2033796310424805, 5.188248634338379, 5.172560214996338, 5.157487869262695, 5.137097358703613, 5.117942810058594, 5.112076759338379, 5.100071430206299, 5.087806224822998, 5.073882579803467, 5.061992168426514, 5.031131744384766, 5.026763439178467, 5.0076584815979, 4.993863105773926, 4.971501350402832, 4.954403877258301, 4.937882900238037, 4.919993877410889, 4.8985795974731445, 4.894604206085205, 4.869969844818115, 4.853566646575928, 4.8254618644714355, 4.802975654602051, 4.775062084197998, 4.767041206359863, 4.726661205291748, 4.702714920043945, 4.679948806762695, 4.653172016143799, 4.630610466003418, 4.593973636627197, 4.576277732849121, 4.538206577301025, 4.498751163482666, 4.4710588455200195, 4.440221309661865, 4.400477886199951, 4.371076583862305, 4.342636585235596, 4.298901557922363, 4.258541107177734, 4.232110023498535, 4.186867713928223, 4.14421272277832, 4.106747150421143, 4.044837951660156, 4.0292439460754395, 3.973074436187744, 3.9299676418304443, 3.8852765560150146, 3.8370213508605957, 3.803231716156006, 3.7603399753570557, 3.7090001106262207, 3.6792492866516113, 3.6262526512145996, 3.588613271713257, 3.5459420680999756, 3.5020127296447754, 3.466938018798828, 3.431810140609741, 3.380297899246216, 3.345294713973999, 3.3005545139312744, 3.265772581100464, 3.2310571670532227, 3.1909468173980713, 3.1548404693603516, 3.1168341636657715, 3.087893486022949, 3.0430397987365723, 3.0166354179382324, 2.9808754920959473, 2.9406511783599854, 2.906322717666626, 2.8672120571136475, 2.8446624279022217, 2.8206686973571777, 2.793804883956909, 2.7598087787628174, 2.7324726581573486, 2.699728488922119, 2.679326295852661, 2.649386405944824, 2.6375298500061035, 2.606630325317383, 2.5840492248535156, 2.5592644214630127, 2.5397207736968994, 2.531139373779297, 2.5048270225524902, 2.4852242469787598, 2.474679470062256, 2.4459593296051025, 2.4329752922058105, 2.4167134761810303, 2.4055681228637695, 2.388009548187256, 2.3712258338928223, 2.3650665283203125, 2.345698118209839, 2.3437299728393555, 2.3323073387145996, 2.318039655685425, 2.3035707473754883, 2.2917139530181885, 2.2811696529388428, 2.2661266326904297, 2.2580745220184326, 2.2545084953308105, 2.24818754196167, 2.236837863922119, 2.216012954711914, 2.205559253692627, 2.2047178745269775, 2.194221019744873, 2.1781702041625977, 2.171356201171875, 2.166463613510132, 2.150078058242798, 2.1449477672576904, 2.1355578899383545, 2.1335690021514893, 2.1217195987701416, 2.10663104057312, 2.0990304946899414, 2.097140073776245, 2.08732533454895, 2.085383176803589, 2.070864200592041], "rmse": [2.443909168243408, 2.4255452156066895, 2.4134981632232666, 2.4067704677581787, 2.39784574508667, 2.3925700187683105, 2.388004779815674, 2.382209539413452, 2.3761889934539795, 2.3740639686584473, 2.3684449195861816, 2.366398572921753, 2.3629143238067627, 2.3619606494903564, 2.3580963611602783, 2.3570566177368164, 2.351148843765259, 2.348726272583008, 2.3465518951416016, 2.344856023788452, 2.3413350582122803, 2.3386106491088867, 2.336873769760132, 2.3332040309906006, 2.3307461738586426, 2.330486536026001, 2.328709125518799, 2.326714515686035, 2.323598861694336, 2.3214492797851562, 2.3215725421905518, 2.3181915283203125, 2.31524658203125, 2.313474416732788, 2.310657024383545, 2.3106210231781006, 2.3062796592712402, 2.3023226261138916, 2.3027994632720947, 2.2996792793273926, 2.2976043224334717, 2.296858310699463, 2.2939159870147705, 2.2947494983673096, 2.291379451751709, 2.2885982990264893, 2.2843573093414307, 2.2831127643585205, 2.279862642288208, 2.277987480163574, 2.2757668495178223, 2.274083375930786, 2.2730696201324463, 2.2707624435424805, 2.2674405574798584, 2.2641608715057373, 2.261003017425537, 2.257063388824463, 2.253061294555664, 2.2490122318267822, 2.2470247745513916, 2.2446234226226807, 2.2416739463806152, 2.2390084266662598, 2.2360916137695312, 2.230043411254883, 2.229206085205078, 2.225318670272827, 2.2210638523101807, 2.2165496349334717, 2.2122340202331543, 2.2086498737335205, 2.204763889312744, 2.1996519565582275, 2.1990668773651123, 2.1933634281158447, 2.1893153190612793, 2.183194875717163, 2.1782071590423584, 2.1717751026153564, 2.169416666030884, 2.1601476669311523, 2.1545984745025635, 2.1489758491516113, 2.1433424949645996, 2.1374032497406006, 2.129074811935425, 2.124962329864502, 2.116305112838745, 2.1057322025299072, 2.099609375, 2.0917696952819824, 2.082979917526245, 2.075845956802368, 2.0691475868225098, 2.057429313659668, 2.047914505004883, 2.041475296020508, 2.0305731296539307, 2.0194547176361084, 2.0107927322387695, 1.9943089485168457, 1.9904719591140747, 1.9762321710586548, 1.9651581048965454, 1.9539936780929565, 1.9409419298171997, 1.9318588972091675, 1.9206840991973877, 1.9077847003936768, 1.8990092277526855, 1.8856359720230103, 1.8750766515731812, 1.8644498586654663, 1.8516101837158203, 1.8428502082824707, 1.8325062990188599, 1.8179454803466797, 1.8089388608932495, 1.797255039215088, 1.7873080968856812, 1.7783089876174927, 1.7660274505615234, 1.7554843425750732, 1.7447574138641357, 1.7362937927246094, 1.7248022556304932, 1.7175254821777344, 1.7061563730239868, 1.6940438747406006, 1.683639407157898, 1.6732679605484009, 1.6666759252548218, 1.6589547395706177, 1.6505855321884155, 1.6417148113250732, 1.6318508386611938, 1.6231780052185059, 1.6165461540222168, 1.606434941291809, 1.6042709350585938, 1.5931490659713745, 1.5868325233459473, 1.578652262687683, 1.5731011629104614, 1.5706454515457153, 1.5617917776107788, 1.5562570095062256, 1.5534212589263916, 1.5440237522125244, 1.5396556854248047, 1.535662055015564, 1.5299201011657715, 1.5250777006149292, 1.5197051763534546, 1.518112301826477, 1.5114002227783203, 1.5112411975860596, 1.5074211359024048, 1.5031226873397827, 1.4980324506759644, 1.4941354990005493, 1.490885615348816, 1.4856704473495483, 1.4829463958740234, 1.4817875623703003, 1.4799381494522095, 1.4755370616912842, 1.4694980382919312, 1.4655945301055908, 1.4653905630111694, 1.462609887123108, 1.4571539163589478, 1.4550029039382935, 1.4529751539230347, 1.447271704673767, 1.4461815357208252, 1.4428807497024536, 1.4416091442108154, 1.4369722604751587, 1.4329696893692017, 1.430785059928894, 1.4301284551620483, 1.425813913345337, 1.4249305725097656, 1.4203765392303467],