{"n_parameters": 328865, "training_time": 15840.795358181, "loss": [6.222089767456055, 5.825582027435303, 5.726907253265381, 5.665149688720703, 5.616879463195801, 5.573024272918701, 5.537850856781006, 5.515193462371826, 5.48847770690918, 5.460824012756348, 5.435447692871094, 5.409398555755615, 5.392749309539795, 5.350879669189453, 5.320644378662109, 5.294867038726807, 5.2702507972717285, 5.225515365600586, 5.192666530609131, 5.149587154388428, 5.112956523895264, 5.068215370178223, 5.012386798858643, 4.96251916885376, 4.908452033996582, 4.844404220581055, 4.773874759674072, 4.705008506774902, 4.631077289581299, 4.567451477050781, 4.485297203063965, 4.401278018951416, 4.316784381866455, 4.23469352722168, 4.148198127746582, 4.061915874481201, 3.9823241233825684, 3.8876514434814453, 3.810276985168457, 3.7264626026153564, 3.658210277557373, 3.579690456390381, 3.5220248699188232, 3.441660165786743, 3.3801143169403076, 3.329533576965332, 3.259963274002075, 3.2103097438812256, 3.1568405628204346, 3.1127140522003174, 3.062913417816162, 3.0142083168029785, 2.975895881652832, 2.9289627075195312, 2.884183883666992, 2.844639778137207, 2.8119070529937744, 2.7681663036346436, 2.7342586517333984, 2.6906988620758057, 2.6601250171661377, 2.622865915298462, 2.59608793258667, 2.5619866847991943, 2.5340006351470947, 2.5019028186798096, 2.4779441356658936, 2.45271635055542, 2.431551694869995, 2.405731201171875, 2.380859613418579, 2.353609323501587, 2.340811014175415, 2.316326379776001, 2.3084428310394287, 2.280566930770874, 2.2613959312438965, 2.2457149028778076, 2.2302281856536865, 2.215200424194336, 2.207193613052368, 2.1943249702453613, 2.177527666091919, 2.166287422180176, 2.1555774211883545, 2.144925355911255, 2.1320102214813232, 2.1243035793304443, 2.1123239994049072, 2.1000866889953613, 2.0851759910583496, 2.0830295085906982, 2.0709826946258545, 2.057044744491577, 2.0527241230010986, 2.04229736328125, 2.0375306606292725, 2.02937912940979, 2.0143473148345947, 2.0080764293670654, 2.0020158290863037, 1.9940725564956665, 1.9842281341552734, 1.9774222373962402, 1.9742597341537476, 1.9651758670806885, 1.9558063745498657, 1.9504122734069824, 1.9393666982650757, 1.936710238456726, 1.9291759729385376, 1.9271851778030396, 1.9187562465667725, 1.916331171989441, 1.9083361625671387, 1.906290054321289, 1.8997260332107544, 1.8905036449432373, 1.8895726203918457, 1.8827565908432007, 1.8732479810714722, 1.8741600513458252, 1.8665236234664917, 1.8629448413848877, 1.861485481262207, 1.857201099395752, 1.853152871131897, 1.847346544265747, 1.8475356101989746, 1.8426252603530884, 1.8409229516983032, 1.8346796035766602, 1.8339312076568604, 1.8344733715057373, 1.831968069076538, 1.826200008392334, 1.8204911947250366, 1.8185707330703735], "rmse": [2.4736459255218506, 2.396296262741089, 2.3772811889648438, 2.363896131515503, 2.3541972637176514, 2.3446693420410156, 2.337735652923584, 2.3332552909851074, 2.3282783031463623, 2.321915864944458, 2.3165361881256104, 2.3112528324127197, 2.3071320056915283, 2.2986438274383545, 2.2930405139923096, 2.286355972290039, 2.281994342803955, 2.2728817462921143, 2.2648346424102783, 2.255774736404419, 2.247504949569702, 2.2378005981445312, 2.225253105163574, 2.2134227752685547, 2.2021872997283936, 2.186192035675049, 2.1711103916168213, 2.154817581176758, 2.136763334274292, 2.1226229667663574, 2.103017568588257, 2.083064317703247, 2.0621447563171387, 2.0418951511383057, 2.0214505195617676, 1.9987257719039917, 1.9781750440597534, 1.9547215700149536, 1.9346033334732056, 1.9127148389816284, 1.8929622173309326, 1.8734694719314575, 1.856483817100525, 1.836068868637085, 1.819050669670105, 1.804565191268921, 1.7850005626678467, 1.7713347673416138, 1.7558965682983398, 1.7434325218200684, 1.7294485569000244, 1.7142133712768555, 1.7024935483932495, 1.689468264579773, 1.6763442754745483, 1.6653779745101929, 1.6546517610549927, 1.6420797109603882, 1.6309083700180054, 1.618127465248108, 1.6085114479064941, 1.5973820686340332, 1.589198350906372, 1.5781031847000122, 1.5692745447158813, 1.5605298280715942, 1.5530284643173218, 1.5443637371063232, 1.537369966506958, 1.528900384902954, 1.521956205368042, 1.512157917022705, 1.5078606605529785, 1.5004839897155762, 1.4978548288345337, 1.4880425930023193, 1.4830467700958252, 1.4774622917175293, 1.4725384712219238, 1.4679348468780518, 1.4646531343460083, 1.4614897966384888, 1.456121563911438, 1.4521420001983643, 1.4487433433532715, 1.4441238641738892, 1.4399105310440063, 1.4366923570632935, 1.4335445165634155, 1.4291456937789917, 1.423643946647644, 1.4225807189941406, 1.4198122024536133, 1.4147570133209229, 1.4130090475082397, 1.4101210832595825, 1.4081273078918457, 1.4054077863693237, 1.399705410003662, 1.398892879486084, 1.3964579105377197, 1.3932822942733765, 1.3906469345092773, 1.3872971534729004, 1.386344075202942, 1.3829327821731567, 1.3801335096359253, 1.3785388469696045, 1.3738857507705688, 1.3734127283096313, 1.3707940578460693, 1.370363712310791, 1.3677510023117065, 1.3655098676681519, 1.363521695137024, 1.3629941940307617, 1.3605650663375854, 1.3575149774551392, 1.3571641445159912, 1.3544281721115112, 1.3511255979537964, 1.3524022102355957, 1.349146842956543, 1.347805142402649, 1.3469927310943604, 1.3452961444854736, 1.3441855907440186, 1.3417130708694458, 1.3421518802642822, 1.3401840925216675, 1.3399379253387451, 1.3375458717346191, 1.337773084640503, 1.3378899097442627, 1.3375389575958252, 1.334541916847229, 1.3316338062286377, 1.3318850994110107],