{"n_parameters": 298737, "training_time": 4383.283107280731, "loss": [7.121549129486084, 5.444972515106201, 5.181891441345215, 4.952239036560059, 4.748632431030273, 4.609780788421631, 4.465097904205322, 4.351925373077393, 4.234506130218506, 4.111762523651123, 3.9911627769470215, 3.8748090267181396, 3.7418594360351562, 3.6168832778930664, 3.509449005126953, 3.3994505405426025, 3.286884069442749, 3.184788703918457, 3.1029646396636963, 3.0028791427612305, 2.930232048034668, 2.860689401626587, 2.788470983505249, 2.73299503326416, 2.6654129028320312, 2.613290786743164, 2.56894588470459, 2.5275518894195557, 2.4832568168640137, 2.4537391662597656, 2.4297866821289062, 2.388064384460449, 2.3583338260650635, 2.349780797958374, 2.3180549144744873, 2.291030168533325, 2.2674145698547363, 2.2548611164093018, 2.2424564361572266, 2.2312839031219482, 2.2138407230377197, 2.205535888671875, 2.18692946434021, 2.1774394512176514, 2.1694858074188232, 2.1630780696868896, 2.1459882259368896, 2.1342239379882812, 2.1270151138305664, 2.120574712753296, 2.115490436553955], "rmse": [2.6075687408447266, 2.3178393840789795, 2.261420488357544, 2.211106300354004, 2.164680004119873, 2.1326754093170166, 2.097899913787842, 2.070823907852173, 2.0419538021087646, 2.0110292434692383, 1.9812830686569214, 1.95136296749115, 1.9167590141296387, 1.8839309215545654, 1.8551855087280273, 1.8240810632705688, 1.7943966388702393, 1.7653650045394897, 1.7419692277908325, 1.7138545513153076, 1.6927927732467651, 1.6723902225494385, 1.651014804840088, 1.6349884271621704, 1.6134454011917114, 1.5982849597930908, 1.584312081336975, 1.5715926885604858, 1.5580331087112427, 1.5492647886276245, 1.5424706935882568, 1.5287545919418335, 1.5198439359664917, 1.5178109407424927, 1.5076522827148438, 1.4975945949554443, 1.4908733367919922, 1.4863084554672241, 1.4816226959228516, 1.4788504838943481, 1.4724234342575073, 1.4699819087982178, 1.4636167287826538, 1.4609378576278687, 1.4581100940704346, 1.4560657739639282, 1.450005292892456, 1.4464553594589233, 1.4438444375991821, 1.441938877105713, 1.4394179582595825], "val_loss": [5.546689033508301, 5.137145519256592, 4.862427234649658, 4.605044841766357, 4.476945877075195, 4.3339128494262695, 4.176584243774414, 4.020455837249756, 3.889759063720703, 3.7469544410705566, 3.6110832691192627, 3.471266031265259, 3.330798864364624, 3.2331604957580566, 3.1141345500946045, 3.001528024673462, 2.8851354122161865, 2.8009262084960938, 2.724743127822876, 2.6522438526153564, 2.5984902381896973, 2.5512123107910156, 2.5026652812957764, 2.4500010013580322, 2.433229684829712, 2.3791818618774414, 2.348048686981201, 2.3112733364105225, 2.2809176445007324, 2.271960496902466, 2.2301690578460693, 2.2473666667938232, 2.196751117706299, 2.1831769943237305, 2.1933979988098145, 2.186488628387451, 2.1666717529296875, 2.139146327972412, 2.1161563396453857, 2.1252152919769287, 2.1094970703125, 2.125467300415039, 2.12277889251709, 2.1175506114959717, 2.0754504203796387, 2.065308094024658, 2.1062426567077637, 2.153557538986206, 2.0984292030334473, 2.115450143814087, 2.1250391006469727], "val_rmse": [2.338926076889038, 2.25105357170105, 2.1902873516082764, 2.131088972091675, 2.10081148147583, 2.066575527191162, 2.0282294750213623, 1.9894036054611206, 1.9561641216278076, 1.9190367460250854, 1.8831156492233276, 1.845396876335144, 1.8067452907562256, 1.7793855667114258, 1.7457385063171387, 1.713423490524292, 1.6794928312301636, 1.654780387878418, 1.6320196390151978, 1.6102062463760376, 1.5941091775894165, 1.5799058675765991, 1.5650032758712769, 1.5485020875930786, 1.5437384843826294, 1.5267349481582642, 1.5170406103134155, 1.5053348541259766, 1.4956518411636353, 1.4932199716567993, 1.4792954921722412, 1.4854099750518799, 1.4686850309371948, 1.464409589767456, 1.468148112297058, 1.4659290313720703, 1.459275722503662, 1.4500123262405396, 1.4419801235198975, 1.445429801940918, 1.4401110410690308, 1.4456632137298584, 1.444743275642395, 1.442995309829712, 1.428399920463562, 1.4249944686889648, 1.439191460609436, 1.4555213451385498, 1.4367575645446777, 1.4426088333129883, 1.445950984954834]}