{"n_parameters": 342481, "training_time": 4249.486590862274, "loss": [6.770900726318359, 6.0216522216796875, 5.858233451843262, 5.77698278427124, 5.706875801086426, 5.666477680206299, 5.630100727081299, 5.599700927734375, 5.568285942077637, 5.532935619354248, 5.520518779754639, 5.491117000579834, 5.456242561340332, 5.432995796203613, 5.411533355712891, 5.386404514312744, 5.3633012771606445, 5.326082706451416, 5.277141094207764, 5.242934226989746, 5.203890323638916, 5.156632423400879, 5.100431442260742, 5.042781352996826, 4.973927974700928, 4.8840203285217285, 4.817404747009277, 4.70477294921875, 4.624587535858154, 4.505894660949707, 4.421982765197754, 4.306788921356201, 4.20286226272583, 4.1034440994262695, 4.021970272064209, 3.94659161567688, 3.8440334796905518, 3.769461154937744, 3.699514150619507, 3.6137356758117676, 3.53998064994812, 3.482147455215454, 3.4227294921875, 3.3640995025634766, 3.2960257530212402, 3.2387473583221436, 3.179413080215454, 3.145925760269165], "rmse": [2.5752999782562256, 2.437014102935791, 2.4028098583221436, 2.3863298892974854, 2.3728983402252197, 2.364499568939209, 2.3578975200653076, 2.351314067840576, 2.3451874256134033, 2.3378655910491943, 2.3354740142822266, 2.3289661407470703, 2.321045160293579, 2.316582202911377, 2.312330484390259, 2.306622266769409, 2.301701307296753, 2.294142246246338, 2.282858371734619, 2.2750251293182373, 2.266000986099243, 2.257362127304077, 2.244425058364868, 2.231099843978882, 2.215562582015991, 2.195589065551758, 2.1797473430633545, 2.1537249088287354, 2.134230136871338, 2.1067728996276855, 2.0862812995910645, 2.058459997177124, 2.0334372520446777, 2.0086846351623535, 1.9879590272903442, 1.9707361459732056, 1.9436180591583252, 1.9249848127365112, 1.9068353176116943, 1.8837255239486694, 1.8644583225250244, 1.8493614196777344, 1.833502173423767, 1.8165212869644165, 1.7985256910324097, 1.7826658487319946, 1.7659834623336792, 1.75633704662323], "val_loss": [6.076385498046875, 5.7279534339904785, 5.649621963500977, 5.612801551818848, 5.591537952423096, 5.612639904022217, 5.588935852050781, 5.573019981384277, 5.550098419189453, 5.529979705810547, 5.454396724700928, 5.469708442687988, 5.519299030303955, 5.469222068786621, 5.454322814941406, 5.406750202178955, 5.387672424316406, 5.316043376922607, 5.327521800994873, 5.246365070343018, 5.212881565093994, 5.151088237762451, 5.099618911743164, 4.955691337585449, 4.87217903137207, 4.748595714569092, 4.5857439041137695, 4.441940784454346, 4.282161235809326, 4.113038539886475, 4.043801307678223, 3.9180502891540527, 3.854698657989502, 3.7208330631256104, 3.695211887359619, 3.648254632949829, 3.759324550628662, 3.7022180557250977, 3.668226957321167, 3.6278018951416016, 3.598529815673828, 3.6994473934173584, 3.565615177154541, 3.701982259750366, 3.6715803146362305, 3.812141180038452, 3.77872633934021, 3.7160682678222656], "val_rmse": [2.450221300125122, 2.3781449794769287, 2.361743688583374, 2.354299783706665, 2.3499398231506348, 2.3541641235351562, 2.3493549823760986, 2.3461251258850098, 2.3411760330200195, 2.3367114067077637, 2.3207409381866455, 2.3238587379455566, 2.334080219268799, 2.32354736328125, 2.3199961185455322, 2.309595823287964, 2.3050830364227295, 2.28969407081604, 2.291879892349243, 2.2744300365448, 2.266930103302002, 2.2533130645751953, 2.2418723106384277, 2.2098240852355957, 2.1906142234802246, 2.161785840988159, 2.123429775238037, 2.0892364978790283, 2.0511388778686523, 2.009910821914673, 1.9927418231964111, 1.9616342782974243, 1.9464077949523926, 1.9125503301620483, 1.9070404767990112, 1.8952677249908447, 1.9247032403945923, 1.910154104232788, 1.9020211696624756, 1.8916417360305786, 1.8844300508499146, 1.911322832107544, 1.8763446807861328, 1.9127668142318726, 1.9051071405410767, 1.941470980644226, 1.9331855773925781, 1.9168492555618286]}