{"n_parameters": 558145, "training_time": 9949.75363278389, "loss": [6.034389972686768, 5.767934322357178, 5.614755630493164, 5.536091327667236, 5.486323356628418, 5.429957866668701, 5.403337478637695, 5.363083362579346, 5.316195011138916, 5.269938945770264, 5.2078094482421875, 5.166282653808594, 5.102663040161133, 5.005923748016357, 4.916856288909912, 4.797647476196289, 4.656803131103516, 4.511176586151123, 4.357705116271973, 4.173413276672363, 4.0096821784973145, 3.852787494659424, 3.7226388454437256, 3.5935862064361572, 3.479085922241211, 3.3818209171295166, 3.2760677337646484, 3.1743505001068115, 3.0696775913238525, 2.955332040786743, 2.8609817028045654, 2.763969659805298, 2.662482738494873, 2.5693235397338867, 2.4889779090881348, 2.4061906337738037, 2.3555121421813965, 2.3141064643859863, 2.258422374725342, 2.2248690128326416, 2.197483539581299, 2.1704318523406982, 2.144139051437378, 2.1180927753448486, 2.1043155193328857, 2.0839459896087646, 2.068434476852417, 2.047088384628296, 2.0258047580718994, 2.0151188373565674, 1.9971094131469727, 1.9901875257492065, 1.9727028608322144, 1.9565294981002808, 1.9572452306747437, 1.9444961547851562, 1.9313160181045532, 1.9141621589660645, 1.9136228561401367, 1.9026587009429932, 1.8905127048492432, 1.8935084342956543, 1.8732380867004395, 1.8735686540603638, 1.8653883934020996, 1.8581604957580566, 1.8578757047653198, 1.8413583040237427, 1.8407865762710571, 1.8380385637283325, 1.832926869392395, 1.8239222764968872, 1.8224667310714722, 1.8144638538360596, 1.808748722076416, 1.8029859066009521, 1.7976101636886597, 1.7988711595535278, 1.795904517173767, 1.7835886478424072, 1.7808433771133423], "rmse": [2.437978982925415, 2.384690999984741, 2.353675365447998, 2.3378663063049316, 2.327606201171875, 2.3164353370666504, 2.3100571632385254, 2.302314043045044, 2.2930991649627686, 2.282358169555664, 2.2690160274505615, 2.259293556213379, 2.2459678649902344, 2.224703073501587, 2.203385829925537, 2.176486015319824, 2.1433565616607666, 2.109598159790039, 2.071617841720581, 2.0256786346435547, 1.9837510585784912, 1.9436973333358765, 1.9078081846237183, 1.8742245435714722, 1.8433126211166382, 1.8173351287841797, 1.7881031036376953, 1.7598050832748413, 1.729110836982727, 1.6957424879074097, 1.6690822839736938, 1.6411229372024536, 1.6107028722763062, 1.5822778940200806, 1.5560377836227417, 1.5296432971954346, 1.513767957687378, 1.5003907680511475, 1.4831219911575317, 1.4718873500823975, 1.4628361463546753, 1.4538156986236572, 1.445121169090271, 1.4361146688461304, 1.4316303730010986, 1.4247956275939941, 1.4187979698181152, 1.4114582538604736, 1.4047266244888306, 1.4002045392990112, 1.3942859172821045, 1.3926830291748047, 1.3862849473953247, 1.3803296089172363, 1.3803743124008179, 1.375893473625183, 1.3707042932510376, 1.3655849695205688, 1.3650732040405273, 1.3609249591827393, 1.3562713861465454, 1.3575937747955322, 1.35007905960083, 1.349867343902588, 1.3476192951202393, 1.3449528217315674, 1.3450554609298706, 1.3389936685562134, 1.3378970623016357, 1.3383612632751465, 1.3359558582305908, 1.332645297050476, 1.332613229751587, 1.3297754526138306, 1.327419400215149, 1.3253229856491089, 1.3231698274612427, 1.3227593898773193, 1.3227077722549438, 1.3180500268936157, 1.3166277408599854], "val_loss": [5.7712483406066895, 5.673058032989502, 5.575212001800537, 5.561136722564697, 5.5251054763793945, 5.500535488128662, 5.439704418182373, 5.365761756896973, 5.341343402862549, 5.249542713165283, 5.168544769287109, 5.065342426300049, 4.97035026550293, 4.805830955505371, 4.667984485626221, 4.521838665008545, 4.357553005218506, 4.14567756652832, 4.004262447357178, 3.8269550800323486, 3.6704914569854736, 3.562044620513916, 3.5472629070281982, 3.502195119857788, 3.508607864379883, 3.432870388031006, 3.3839664459228516, 3.3219563961029053, 3.235325813293457, 3.1791460514068604, 3.117713689804077, 3.0836331844329834, 3.07580828666687, 2.9966790676116943, 3.053584098815918, 2.9865550994873047, 3.0427095890045166, 3.0143721103668213, 3.0758726596832275, 3.03314471244812, 2.954298973083496, 3.0055603981018066, 2.986431360244751, 2.9636070728302, 2.912026882171631, 2.923896551132202, 2.9044764041900635, 2.919069766998291, 2.9344513416290283, 2.8814280033111572, 2.8891077041625977, 2.867398977279663, 2.8737542629241943, 2.870412826538086, 2.798185110092163, 2.8081090450286865, 2.748166561126709, 2.7899861335754395, 2.75653076171875, 2.759216547012329, 2.7017149925231934, 2.72904372215271, 2.69028377532959, 2.712006092071533, 2.6646196842193604, 2.6545329093933105, 2.6146559715270996, 2.6634576320648193, 2.625563144683838, 2.6317360401153564, 2.6089680194854736, 2.6214661598205566, 2.614044427871704, 2.5695154666900635, 2.5832159519195557, 2.4992141723632812, 2.5370900630950928, 2.5825793743133545, 2.554152250289917, 2.501926898956299, 2.500811815261841], "val_rmse": [2.3854987621307373, 2.3660099506378174, 2.346559762954712, 2.343912124633789, 2.336636543273926, 2.3315110206604004, 2.318701982498169, 2.303022623062134, 2.2975122928619385, 2.2777488231658936, 2.259902000427246, 2.237049102783203, 2.2155215740203857, 2.177966833114624, 2.1458261013031006, 2.110940456390381, 2.071028470993042, 2.0186967849731445, 1.9824355840682983, 1.9366337060928345, 1.8957382440567017, 1.8670933246612549, 1.864058017730713, 1.8524376153945923, 1.8549578189849854, 1.8350212574005127, 1.82233726978302, 1.8063031435012817, 1.7825629711151123, 1.7671942710876465, 1.7507041692733765, 1.7416058778762817, 1.7404485940933228, 1.7181169986724854, 1.7353321313858032, 1.7162138223648071, 1.732790231704712, 1.7248016595840454, 1.7427794933319092, 1.7306067943572998, 1.7078403234481812, 1.7229533195495605, 1.717538833618164, 1.7108851671218872, 1.6957656145095825, 1.6994389295578003, 1.6937707662582397, 1.6982735395431519, 1.7028392553329468, 1.6873347759246826, 1.6896271705627441, 1.6833443641662598, 1.685158610343933, 1.6842623949050903, 1.6628210544586182, 1.6658536195755005, 1.6478184461593628, 1.660433053970337, 1.6502925157546997, 1.6511404514312744, 1.6336535215377808, 1.6418989896774292, 1.6301641464233398, 1.6368513107299805, 1.6221425533294678, 1.6191803216934204, 1.6067123413085938, 1.6217151880264282, 1.6100424528121948, 1.6119223833084106, 1.605013132095337, 1.6087617874145508, 1.6064281463623047, 1.5926684141159058, 1.5968018770217896, 1.5704295635223389, 1.5821889638900757, 1.5965290069580078, 1.587548017501831, 1.5709556341171265, 1.5707647800445557]}