{"n_parameters": 248449, "training_time": 5697.130197525024, "loss": [5.847044944763184, 5.214508056640625, 5.0087666511535645, 4.838244438171387, 4.681589126586914, 4.52253532409668, 4.386699676513672, 4.248169898986816, 4.111958980560303, 3.9760050773620605, 3.834458351135254, 3.6915454864501953, 3.5541832447052, 3.4228999614715576, 3.2928578853607178, 3.167144536972046, 3.0439834594726562, 2.935584545135498, 2.832341194152832, 2.734306812286377, 2.6458475589752197, 2.574927806854248, 2.4920408725738525, 2.4363560676574707, 2.382209062576294, 2.3428916931152344, 2.3083488941192627, 2.2690584659576416, 2.2413558959960938, 2.2135818004608154, 2.1922569274902344, 2.158553123474121, 2.1615347862243652, 2.128209352493286, 2.1092824935913086, 2.0952510833740234, 2.0880563259124756, 2.0828022956848145, 2.056813955307007, 2.038060426712036, 2.0269477367401123, 2.01408052444458, 2.0083112716674805, 1.9888464212417603, 1.9815481901168823, 1.9714093208312988, 1.957057237625122, 1.9509799480438232, 1.9446910619735718, 1.9342100620269775, 1.9305222034454346, 1.9139430522918701, 1.9057117700576782, 1.889404296875, 1.8869433403015137, 1.8799669742584229, 1.8726387023925781, 1.8711700439453125], "rmse": [2.3999643325805664, 2.2688181400299072, 2.2230947017669678, 2.1858391761779785, 2.1493828296661377, 2.1132311820983887, 2.0804336071014404, 2.0467498302459717, 2.013523817062378, 1.9792001247406006, 1.9430078268051147, 1.9056198596954346, 1.8696609735488892, 1.8346056938171387, 1.798689842224121, 1.7635128498077393, 1.7291885614395142, 1.6973316669464111, 1.6677695512771606, 1.638946771621704, 1.6122972965240479, 1.590425968170166, 1.564943790435791, 1.548141360282898, 1.5308009386062622, 1.5179188251495361, 1.5066787004470825, 1.494180679321289, 1.485152006149292, 1.4752187728881836, 1.4675172567367554, 1.4554011821746826, 1.4577903747558594, 1.4460968971252441, 1.439589262008667, 1.4346861839294434, 1.4326109886169434, 1.430734634399414, 1.4205719232559204, 1.4147535562515259, 1.411102056503296, 1.4063931703567505, 1.4045747518539429, 1.3968315124511719, 1.3949307203292847, 1.3914865255355835, 1.3857505321502686, 1.3837151527404785, 1.3810406923294067, 1.3780335187911987, 1.376186490058899, 1.3703491687774658, 1.3669692277908325, 1.3615450859069824, 1.360467791557312, 1.357236623764038, 1.3550708293914795, 1.355531930923462], "val_loss": [5.4207763671875, 5.1498122215271, 4.948677062988281, 4.764683723449707, 4.568748474121094, 4.400421142578125, 4.250582218170166, 4.103423595428467, 3.9491872787475586, 3.7933151721954346, 3.640742540359497, 3.488053321838379, 3.3387625217437744, 3.187182903289795, 3.0477488040924072, 2.9176948070526123, 2.7949912548065186, 2.678401470184326, 2.580899238586426, 2.4848811626434326, 2.4025440216064453, 2.3298299312591553, 2.270752191543579, 2.207080841064453, 2.1617846488952637, 2.1228294372558594, 2.0963284969329834, 2.0599782466888428, 2.0435280799865723, 2.03185772895813, 2.004976987838745, 1.990753173828125, 1.9696520566940308, 1.9773714542388916, 1.9828578233718872, 1.941633701324463, 1.9484691619873047, 1.943956971168518, 1.9425606727600098, 1.9366570711135864, 1.9317679405212402, 1.9194594621658325, 1.896425485610962, 1.9173498153686523, 1.900793194770813, 1.8966234922409058, 1.8813539743423462, 1.8767602443695068, 1.9046742916107178, 1.8870129585266113, 1.8814018964767456, 1.8702521324157715, 1.8438366651535034, 1.8568259477615356, 1.850298285484314, 1.8805935382843018, 1.8465465307235718, 1.8455798625946045], "val_rmse": [2.3129706382751465, 2.254220724105835, 2.2100512981414795, 2.168815851211548, 2.1234471797943115, 2.0837693214416504, 2.0476653575897217, 2.0114521980285645, 1.972870111465454, 1.93307363986969, 1.893532395362854, 1.8530348539352417, 1.8127341270446777, 1.7707966566085815, 1.7314878702163696, 1.6941492557525635, 1.658240556716919, 1.6234158277511597, 1.5940425395965576, 1.564347743988037, 1.538497805595398, 1.51529061794281, 1.4962167739868164, 1.4751074314117432, 1.4599926471710205, 1.4468185901641846, 1.4378328323364258, 1.4251883029937744, 1.4195258617401123, 1.4154988527297974, 1.4059730768203735, 1.4009263515472412, 1.3933768272399902, 1.3962286710739136, 1.398250699043274, 1.3833271265029907, 1.3858845233917236, 1.3842697143554688, 1.383819818496704, 1.381677508354187, 1.3799501657485962, 1.3754686117172241, 1.3670105934143066, 1.374727487564087, 1.3686816692352295, 1.367181420326233, 1.3615213632583618, 1.3598756790161133, 1.3702009916305542, 1.3637340068817139, 1.3616970777511597, 1.3576147556304932, 1.3477720022201538, 1.3526887893676758, 1.3502663373947144, 1.3615751266479492, 1.3489422798156738, 1.3486111164093018]}