{"n_parameters": 194641, "training_time": 1337.6000282764435, "loss": [6.008579254150391, 5.919768810272217, 5.850813865661621, 5.805245876312256, 5.76785945892334, 5.739975452423096, 5.7088165283203125, 5.690166473388672, 5.671977996826172, 5.66916036605835, 5.65018367767334, 5.632569789886475, 5.622774600982666, 5.602137088775635, 5.6073174476623535, 5.5827226638793945, 5.576626777648926, 5.56612491607666, 5.566380023956299, 5.556732177734375, 5.538884162902832, 5.529591083526611, 5.51630973815918], "rmse": [2.4328207969665527, 2.4145748615264893, 2.400773286819458, 2.392125368118286, 2.38431453704834, 2.3796021938323975, 2.372957468032837, 2.369174003601074, 2.3653197288513184, 2.364509105682373, 2.3610763549804688, 2.3573827743530273, 2.354593276977539, 2.3507497310638428, 2.3529186248779297, 2.34759521484375, 2.3456993103027344, 2.343822717666626, 2.343505382537842, 2.341233015060425, 2.337979316711426, 2.33746075630188, 2.3330512046813965], "val_loss": [5.994743347167969, 5.906418800354004, 5.8308939933776855, 5.764334201812744, 5.7318220138549805, 5.71182107925415, 5.695906162261963, 5.676733016967773, 5.675722122192383, 5.653478145599365, 5.650155544281006, 5.6343607902526855, 5.619078636169434, 5.621415615081787, 5.625582695007324, 5.620345115661621, 5.567540168762207, 5.548774242401123, 5.583821773529053, 5.586874485015869, 5.5779547691345215, 5.549919605255127, 5.556326389312744], "val_rmse": [2.430340528488159, 2.4128103256225586, 2.3975706100463867, 2.384002208709717, 2.3773927688598633, 2.3735311031341553, 2.3704731464385986, 2.3666114807128906, 2.3664252758026123, 2.3619182109832764, 2.361217975616455, 2.358032464981079, 2.3549575805664062, 2.355382204055786, 2.3562018871307373, 2.355071544647217, 2.3440780639648438, 2.3401355743408203, 2.3472046852111816, 2.3477885723114014, 2.345855951309204, 2.3400657176971436, 2.3412420749664307]}