{"n_parameters": 195905, "training_time": 2714.316574573517, "loss": [5.730840682983398, 5.113513946533203, 4.757725715637207, 4.487728595733643, 4.254580020904541, 4.071681022644043, 3.8542330265045166, 3.6885390281677246, 3.5008370876312256, 3.3567416667938232, 3.194298267364502, 3.0563981533050537, 2.9232990741729736, 2.7896482944488525, 2.687958002090454, 2.596433401107788, 2.503666639328003, 2.4252474308013916, 2.354163885116577, 2.3101062774658203, 2.2462546825408936, 2.1979870796203613, 2.155423879623413, 2.1199848651885986, 2.0815558433532715, 2.038776159286499, 2.013293743133545, 1.977079153060913, 1.9558420181274414, 1.9274977445602417, 1.9006297588348389, 1.8791652917861938, 1.8656253814697266, 1.8438571691513062, 1.8262845277786255, 1.8130249977111816, 1.7971446514129639, 1.7924162149429321, 1.7785273790359497, 1.7643558979034424, 1.7513325214385986, 1.7425092458724976], "rmse": [2.3764736652374268, 2.2460436820983887, 2.16522479057312, 2.103511333465576, 2.046727180480957, 2.001570224761963, 1.9466012716293335, 1.902366042137146, 1.8536373376846313, 1.814429521560669, 1.7691303491592407, 1.7310502529144287, 1.692338228225708, 1.652908205986023, 1.6221729516983032, 1.5935728549957275, 1.5659514665603638, 1.5407438278198242, 1.5180106163024902, 1.503557562828064, 1.4832772016525269, 1.4667335748672485, 1.4522734880447388, 1.440424919128418, 1.4266026020050049, 1.4119596481323242, 1.4032014608383179, 1.390268325805664, 1.3829951286315918, 1.3729207515716553, 1.3635330200195312, 1.3550715446472168, 1.349852442741394, 1.343191385269165, 1.336043119430542, 1.3311357498168945, 1.325158715248108, 1.3240056037902832, 1.3180394172668457, 1.3131849765777588, 1.307387113571167, 1.304294228553772], "val_loss": [5.259200096130371, 4.664220333099365, 4.242641925811768, 4.000383377075195, 3.7700157165527344, 3.558881998062134, 3.359224796295166, 3.183786392211914, 3.0199155807495117, 2.8608317375183105, 2.748236656188965, 2.6470329761505127, 2.557173490524292, 2.4562370777130127, 2.385063648223877, 2.3104169368743896, 2.2527167797088623, 2.2072365283966064, 2.1492972373962402, 2.108297348022461, 2.079836130142212, 2.0382657051086426, 2.0080883502960205, 1.9700502157211304, 1.9340720176696777, 1.9016062021255493, 1.873792290687561, 1.8654249906539917, 1.8447153568267822, 1.8234151601791382, 1.8200559616088867, 1.8307708501815796, 1.7960516214370728, 1.7930197715759277, 1.7895437479019165, 1.776984691619873, 1.7453804016113281, 1.748396635055542, 1.7613862752914429, 1.7576420307159424, 1.7636398077011108, 1.7596970796585083], "val_rmse": [2.2774243354797363, 2.1444156169891357, 2.044086217880249, 1.9839153289794922, 1.9249629974365234, 1.8689794540405273, 1.814888596534729, 1.766351342201233, 1.7197141647338867, 1.673763394355774, 1.6401698589324951, 1.6097843647003174, 1.5822464227676392, 1.5510116815567017, 1.5285582542419434, 1.5043500661849976, 1.4856120347976685, 1.4706274271011353, 1.4510765075683594, 1.4372633695602417, 1.4277275800704956, 1.413390874862671, 1.4030715227127075, 1.3897358179092407, 1.377013087272644, 1.3653777837753296, 1.3553866147994995, 1.3526661396026611, 1.3451733589172363, 1.3374735116958618, 1.3364781141281128, 1.3407272100448608, 1.3277699947357178, 1.326791763305664, 1.3255696296691895, 1.320898413658142, 1.3088241815567017, 1.3100937604904175, 1.3152378797531128, 1.3139017820358276, 1.3162611722946167, 1.3148131370544434]}