{"n_parameters": 434193, "training_time": 7410.958795547485, "loss": [5.653697967529297, 5.387914180755615, 5.220696926116943, 5.059192180633545, 4.89033317565918, 4.719944953918457, 4.531005859375, 4.313600063323975, 4.085330486297607, 3.843341588973999, 3.6142899990081787, 3.421290874481201, 3.263601779937744, 3.1324715614318848, 3.0328333377838135, 2.932729721069336, 2.838941812515259, 2.749281406402588, 2.6728501319885254, 2.6066339015960693, 2.5429155826568604, 2.4761245250701904, 2.4192798137664795, 2.3647749423980713, 2.3144187927246094, 2.269444465637207, 2.228196620941162, 2.1804065704345703, 2.149775981903076, 2.1202611923217773, 2.094109535217285, 2.080373525619507, 2.0525777339935303, 2.037442207336426, 2.0198771953582764, 2.0119071006774902, 1.9925326108932495, 1.9811588525772095, 1.9835340976715088, 1.9620780944824219, 1.9658676385879517, 1.955686092376709, 1.9480485916137695, 1.9313985109329224, 1.928265929222107, 1.926395297050476, 1.9206876754760742, 1.9124865531921387, 1.905921220779419, 1.9076560735702515, 1.9111571311950684, 1.9008710384368896, 1.899423360824585, 1.8819304704666138, 1.8802307844161987, 1.8719754219055176, 1.8750256299972534, 1.8750252723693848, 1.8674991130828857, 1.8705540895462036, 1.8620848655700684, 1.8568075895309448, 1.848559021949768, 1.8530488014221191, 1.8477990627288818, 1.8424791097640991, 1.8379414081573486, 1.8334004878997803, 1.834846019744873, 1.8329968452453613, 1.8369942903518677, 1.832054615020752, 1.820185899734497, 1.8241323232650757, 1.8191461563110352, 1.8124839067459106], "rmse": [2.3605384826660156, 2.3058595657348633, 2.2702276706695557, 2.2348132133483887, 2.197612762451172, 2.158946990966797, 2.1145992279052734, 2.0621731281280518, 2.006511926651001, 1.9446585178375244, 1.884253740310669, 1.8309608697891235, 1.7885832786560059, 1.7506177425384521, 1.7217422723770142, 1.6930320262908936, 1.6650311946868896, 1.6388518810272217, 1.6162151098251343, 1.5963478088378906, 1.5765799283981323, 1.5553076267242432, 1.5374500751495361, 1.520416259765625, 1.5045709609985352, 1.4893800020217896, 1.4754282236099243, 1.4610515832901, 1.4497653245925903, 1.44029700756073, 1.4309171438217163, 1.4262161254882812, 1.4169975519180298, 1.412039875984192, 1.4059323072433472, 1.4025869369506836, 1.3956929445266724, 1.3918890953063965, 1.3931660652160645, 1.3847272396087646, 1.387057900428772, 1.38255774974823, 1.3798918724060059, 1.3742144107818604, 1.3732478618621826, 1.3726469278335571, 1.3705129623413086, 1.3668811321258545, 1.3651542663574219, 1.3659281730651855, 1.3674901723861694, 1.3622827529907227, 1.3624342679977417, 1.3562874794006348, 1.3552589416503906, 1.352760672569275, 1.3538708686828613, 1.3535940647125244, 1.3507955074310303, 1.3523032665252686, 1.348602533340454, 1.3461942672729492, 1.343885064125061, 1.3456251621246338, 1.3435351848602295, 1.3424701690673828, 1.340051531791687, 1.3372772932052612, 1.3383352756500244, 1.3376818895339966, 1.3394495248794556, 1.3380037546157837, 1.3335566520690918, 1.3346450328826904, 1.332381010055542, 1.3305577039718628], "val_loss": [5.5665082931518555, 5.348826885223389, 5.149587154388428, 4.932389736175537, 4.705704212188721, 4.493387699127197, 4.26295804977417, 3.987565040588379, 3.6998376846313477, 3.4331767559051514, 3.191141128540039, 3.0159175395965576, 2.8799753189086914, 2.78362774848938, 2.6862950325012207, 2.608800172805786, 2.5499207973480225, 2.453624725341797, 2.405088424682617, 2.3223676681518555, 2.2477645874023438, 2.1961569786071777, 2.1270196437835693, 2.073772430419922, 2.0233216285705566, 1.9628695249557495, 1.9125982522964478, 1.8803505897521973, 1.849037528038025, 1.8193751573562622, 1.797415852546692, 1.7951651811599731, 1.7751126289367676, 1.7650823593139648, 1.7467714548110962, 1.741776943206787, 1.7481378316879272, 1.7505402565002441, 1.7239044904708862, 1.7304232120513916, 1.7484091520309448, 1.7140012979507446, 1.7141871452331543, 1.7112529277801514, 1.7119101285934448, 1.6946462392807007, 1.7038097381591797, 1.6959770917892456, 1.694314956665039, 1.6968414783477783, 1.6898753643035889, 1.6790719032287598, 1.6837587356567383, 1.6828097105026245, 1.6919803619384766, 1.6892820596694946, 1.6765886545181274, 1.668431282043457, 1.6775480508804321, 1.6700491905212402, 1.6654512882232666, 1.6648743152618408, 1.6678587198257446, 1.6712216138839722, 1.6573783159255981, 1.6609935760498047, 1.6588190793991089, 1.6646366119384766, 1.6514310836791992, 1.6503171920776367, 1.6363849639892578, 1.6454646587371826, 1.6471705436706543, 1.645983338356018, 1.6443687677383423, 1.6372735500335693], "val_rmse": [2.343763828277588, 2.298271417617798, 2.2554757595062256, 2.2073545455932617, 2.1559810638427734, 2.106377124786377, 2.0506365299224854, 1.9823353290557861, 1.9081273078918457, 1.8362587690353394, 1.7689151763916016, 1.718395709991455, 1.678246021270752, 1.6495410203933716, 1.6200401782989502, 1.5964659452438354, 1.5784733295440674, 1.5478863716125488, 1.53296959400177, 1.5061419010162354, 1.481691598892212, 1.4649226665496826, 1.441542387008667, 1.4235868453979492, 1.4063286781311035, 1.385001301765442, 1.366986870765686, 1.3553730249404907, 1.344463586807251, 1.3337169885635376, 1.3256175518035889, 1.3250293731689453, 1.3175790309906006, 1.3137421607971191, 1.3067173957824707, 1.3051244020462036, 1.3076177835464478, 1.3084139823913574, 1.2983770370483398, 1.3005726337432861, 1.307557225227356, 1.2941404581069946, 1.2944506406784058, 1.293304443359375, 1.2939382791519165, 1.2864362001419067, 1.2903449535369873, 1.2869961261749268, 1.2865313291549683, 1.2877699136734009, 1.2851307392120361, 1.2806217670440674, 1.2821869850158691, 1.2821614742279053, 1.2857396602630615, 1.2843915224075317, 1.2794303894042969, 1.2763221263885498, 1.2801215648651123, 1.2767632007598877, 1.2751299142837524, 1.2750276327133179, 1.2763465642929077, 1.2774674892425537, 1.2720470428466797, 1.2734043598175049, 1.2722355127334595, 1.2746357917785645, 1.2697198390960693, 1.269164800643921, 1.2633190155029297, 1.2671053409576416, 1.2681026458740234, 1.2673395872116089, 1.2662867307662964, 1.2640280723571777]}