{"n_parameters": 193473, "training_time": 14262.737128973007, "loss": [5.974058151245117, 5.574540138244629, 5.384123802185059, 5.1934919357299805, 5.011041641235352, 4.838625907897949, 4.636445045471191, 4.434615612030029, 4.225383758544922, 4.017236709594727, 3.7824199199676514, 3.561002731323242, 3.3731842041015625, 3.206223249435425, 3.062873363494873, 2.9536595344543457, 2.846034049987793, 2.7576730251312256, 2.6734957695007324, 2.5850634574890137, 2.5096871852874756, 2.4486072063446045, 2.400390625, 2.3553593158721924, 2.311065912246704, 2.2684311866760254, 2.2598114013671875, 2.212193250656128, 2.1963815689086914, 2.163980484008789, 2.146394968032837, 2.1238596439361572, 2.1028337478637695, 2.0720770359039307, 2.070488691329956, 2.0516812801361084, 2.036656379699707, 2.003352642059326, 2.0062203407287598, 1.986428141593933, 1.9673041105270386, 1.9628962278366089, 1.9503962993621826, 1.9367454051971436, 1.930940866470337, 1.9177511930465698, 1.913448691368103, 1.8951507806777954, 1.878007411956787, 1.8753023147583008, 1.874281644821167, 1.8717886209487915, 1.8555487394332886, 1.856135606765747, 1.8451207876205444, 1.8400508165359497, 1.833552598953247, 1.8274396657943726, 1.8228838443756104, 1.8197603225708008, 1.808709979057312, 1.8053317070007324, 1.7980149984359741, 1.7926042079925537, 1.7910913228988647, 1.7875728607177734, 1.7806365489959717, 1.7784967422485352, 1.7667889595031738, 1.7630255222320557, 1.768951177597046, 1.7649883031845093, 1.7543725967407227, 1.7522913217544556, 1.7548283338546753, 1.7394468784332275, 1.7420945167541504, 1.7382657527923584, 1.736314296722412, 1.7257893085479736, 1.7283580303192139, 1.723084807395935, 1.7225791215896606, 1.7144789695739746, 1.708131194114685, 1.700898289680481, 1.70205819606781, 1.6961137056350708, 1.6905077695846558, 1.6863675117492676, 1.6849892139434814, 1.6796438694000244, 1.6806516647338867, 1.674902081489563, 1.673609733581543, 1.6646220684051514, 1.657267689704895, 1.659815788269043, 1.6522263288497925, 1.6484942436218262, 1.650652527809143, 1.6389813423156738, 1.6249501705169678, 1.630510687828064, 1.6253026723861694, 1.6235435009002686, 1.6175771951675415, 1.5988610982894897, 1.6111630201339722, 1.6032274961471558, 1.598311424255371, 1.5934497117996216, 1.5911329984664917, 1.5805935859680176, 1.581892490386963, 1.5704140663146973, 1.570913314819336, 1.5692375898361206, 1.5567677021026611, 1.5586152076721191, 1.5531694889068604, 1.5425323247909546, 1.5387412309646606, 1.5340585708618164, 1.5294020175933838, 1.5146534442901611, 1.5179001092910767, 1.5091028213500977, 1.5114682912826538, 1.502885103225708, 1.4898555278778076, 1.4844859838485718, 1.4795739650726318, 1.4720646142959595, 1.472003698348999, 1.4567195177078247, 1.457681655883789, 1.4440187215805054, 1.4466561079025269, 1.4395780563354492, 1.429822325706482, 1.4256319999694824, 1.4283441305160522, 1.4176734685897827, 1.4184925556182861, 1.4011857509613037, 1.396910548210144, 1.3899506330490112, 1.3792080879211426, 1.3741872310638428, 1.3623768091201782, 1.3610994815826416, 1.3539198637008667, 1.3447248935699463, 1.340423822402954, 1.3417404890060425, 1.3359389305114746, 1.3256386518478394, 1.3222264051437378, 1.3116215467453003, 1.3134530782699585, 1.3014335632324219, 1.3021806478500366, 1.2887829542160034, 1.2822924852371216, 1.2792776823043823, 1.2656861543655396, 1.2713165283203125, 1.2632699012756348, 1.2595568895339966, 1.2502292394638062, 1.255312442779541, 1.2348666191101074, 1.2383556365966797, 1.2461909055709839, 1.2302820682525635, 1.2267389297485352, 1.2185289859771729, 1.224843144416809, 1.2133044004440308, 1.2135491371154785, 1.209659218788147, 1.1966395378112793, 1.1973215341567993, 1.1909806728363037, 1.1872771978378296], "rmse": [2.4261279106140137, 2.344569683074951, 2.3059070110321045, 2.2645394802093506, 2.224153757095337, 2.1852328777313232, 2.1383466720581055, 2.0917928218841553, 2.040487051010132, 1.98855459690094, 1.9295365810394287, 1.8708246946334839, 1.8199187517166138, 1.7728654146194458, 1.732470154762268, 1.7003471851348877, 1.6680225133895874, 1.6418147087097168, 1.6153074502944946, 1.5890401601791382, 1.564875841140747, 1.5459375381469727, 1.5295933485031128, 1.5160629749298096, 1.5023647546768188, 1.4866911172866821, 1.4841359853744507, 1.4683728218078613, 1.4636049270629883, 1.4528326988220215, 1.4463940858840942, 1.4381515979766846, 1.4310874938964844, 1.4213571548461914, 1.420453429222107, 1.4142612218856812, 1.4093509912490845, 1.3976058959960938, 1.3991529941558838, 1.3918718099594116, 1.3837394714355469, 1.3836302757263184, 1.379374384880066, 1.3736428022384644, 1.37148916721344, 1.3672707080841064, 1.3655675649642944, 1.359718680381775, 1.353353500366211, 1.352279543876648, 1.3511663675308228, 1.3510189056396484, 1.3458924293518066, 1.3451099395751953, 1.3419069051742554, 1.3396865129470825, 1.3367632627487183, 1.3350138664245605, 1.3331025838851929, 1.33217453956604, 1.327191710472107, 1.326854944229126, 1.3243839740753174, 1.3225877285003662, 1.3215020895004272, 1.320378303527832, 1.3175913095474243, 1.3161171674728394, 1.3122836351394653, 1.3103433847427368, 1.3140982389450073, 1.3127108812332153, 1.3080357313156128, 1.3074560165405273, 1.3075954914093018, 1.3013982772827148, 1.3032898902893066, 1.3020845651626587, 1.3013955354690552, 1.2976329326629639, 1.2981319427490234, 1.2956886291503906, 1.2950118780136108, 1.293278694152832, 1.2905210256576538, 1.287515640258789, 1.2894620895385742, 1.2854503393173218, 1.283121109008789, 1.2826470136642456, 1.2822479009628296, 1.27987539768219, 1.2807310819625854, 1.278651475906372, 1.2773452997207642, 1.274293065071106, 1.2717615365982056, 1.2718353271484375, 1.2696925401687622, 1.2669386863708496, 1.2686188220977783, 1.2639851570129395, 1.2595036029815674, 1.2606396675109863, 1.258001685142517, 1.2580608129501343, 1.2553623914718628, 1.248029351234436, 1.2535094022750854, 1.2494542598724365, 1.2491874694824219, 1.2462518215179443, 1.2456589937210083, 1.2408244609832764, 1.2417521476745605, 1.2376738786697388, 1.2374213933944702, 1.236393690109253, 1.23161780834198, 1.231850028038025, 1.230441689491272, 1.225413203239441, 1.2249130010604858, 1.2230218648910522, 1.2205100059509277, 1.2145198583602905, 1.2158160209655762, 1.2128013372421265, 1.2139613628387451, 1.2101815938949585, 1.2044353485107422, 1.20283842086792, 1.1997947692871094, 1.1974389553070068, 1.1977351903915405, 1.1919431686401367, 1.190824270248413, 1.1858406066894531, 1.1871737241744995, 1.1840155124664307, 1.180114507675171, 1.1781595945358276, 1.1789438724517822, 1.1746770143508911, 1.1754379272460938, 1.1677600145339966, 1.1661714315414429, 1.1632466316223145, 1.1581504344940186, 1.1558133363723755, 1.1514556407928467, 1.1508830785751343, 1.1478527784347534, 1.143794059753418, 1.141679048538208, 1.1422463655471802, 1.13943350315094, 1.1352200508117676, 1.133034348487854, 1.1291390657424927, 1.1299569606781006, 1.1242915391921997, 1.1238771677017212, 1.1186212301254272, 1.115670919418335, 1.1141654253005981, 1.1088204383850098, 1.1111998558044434, 1.1073771715164185, 1.105505108833313, 1.1009124517440796, 1.10378897190094, 1.095100998878479, 1.0956974029541016, 1.0995866060256958, 1.0928504467010498, 1.0912870168685913, 1.0872169733047485, 1.0900040864944458, 1.0841732025146484, 1.084325909614563, 1.0826783180236816, 1.0772355794906616, 1.0769623517990112, 1.0746357440948486, 1.0730574131011963],