{"n_parameters": 657233, "training_time": 27421.211767673492, "loss": [6.113165378570557, 5.579463005065918, 5.4535088539123535, 5.358626365661621, 5.264593124389648, 5.164303779602051, 5.055724143981934, 4.92710542678833, 4.779665946960449, 4.600767135620117, 4.396439552307129, 4.178185939788818, 3.9733219146728516, 3.7691519260406494, 3.5868828296661377, 3.390192747116089, 3.2193539142608643, 3.0329716205596924, 2.8694324493408203, 2.7328548431396484, 2.629014015197754, 2.5337235927581787, 2.4795262813568115, 2.412586212158203, 2.3656983375549316, 2.3146471977233887, 2.2844738960266113, 2.242774486541748, 2.2286102771759033, 2.1824378967285156, 2.176820755004883, 2.1436855792999268, 2.11923885345459, 2.1196601390838623, 2.100569486618042, 2.075713872909546, 2.0709731578826904, 2.056975841522217, 2.0352084636688232, 2.0331621170043945, 2.0154309272766113, 1.9978008270263672, 1.9897663593292236, 1.9810093641281128, 1.9641742706298828, 1.9622905254364014, 1.956528663635254, 1.945905089378357, 1.9360729455947876, 1.920543909072876, 1.916275143623352, 1.9030706882476807, 1.8974841833114624, 1.8984442949295044, 1.8851500749588013, 1.8720085620880127, 1.8700730800628662, 1.8665976524353027, 1.8519787788391113, 1.8501418828964233, 1.8445965051651, 1.8297518491744995, 1.8118512630462646, 1.8173367977142334, 1.8110864162445068, 1.798302412033081, 1.7971618175506592, 1.7882108688354492, 1.7770582437515259, 1.7758560180664062, 1.774182915687561, 1.7661558389663696, 1.763781189918518, 1.7520606517791748, 1.7505706548690796, 1.7391775846481323, 1.7306861877441406, 1.7257646322250366, 1.7228670120239258, 1.713023066520691, 1.6996554136276245, 1.6911845207214355, 1.682556390762329, 1.676021695137024, 1.672423243522644, 1.656541347503662, 1.6530472040176392, 1.6402473449707031, 1.637176513671875, 1.634234070777893, 1.616560935974121, 1.5987005233764648, 1.6062192916870117, 1.5872801542282104, 1.575786828994751, 1.5714502334594727, 1.5536444187164307, 1.5519269704818726, 1.5383834838867188, 1.5246425867080688, 1.508770227432251, 1.5046606063842773, 1.4923851490020752, 1.4859662055969238, 1.4709854125976562, 1.4575916528701782, 1.4528231620788574, 1.434826374053955, 1.432094693183899, 1.4129101037979126, 1.4112564325332642, 1.3976508378982544, 1.397874355316162, 1.376131296157837, 1.3717097043991089, 1.3655098676681519, 1.3532886505126953, 1.3479608297348022, 1.3283324241638184, 1.335261344909668, 1.3153116703033447, 1.3181438446044922, 1.3065177202224731, 1.3063286542892456, 1.287064790725708, 1.2916806936264038, 1.281057357788086, 1.2768651247024536, 1.2723007202148438, 1.267103910446167, 1.2652535438537598, 1.2471096515655518, 1.249381184577942, 1.245723009109497, 1.2375580072402954, 1.2389808893203735, 1.2273956537246704, 1.2200870513916016, 1.2208384275436401, 1.213726282119751, 1.2159712314605713, 1.200304627418518, 1.2050807476043701, 1.196083426475525, 1.197743535041809, 1.1874653100967407, 1.1855137348175049, 1.1768263578414917, 1.1811076402664185, 1.1787025928497314, 1.171829104423523, 1.169881820678711, 1.1627707481384277, 1.1644412279129028, 1.1567790508270264, 1.162697672843933, 1.1474816799163818, 1.1484434604644775, 1.1440818309783936, 1.1380892992019653, 1.1408895254135132, 1.1336036920547485, 1.1322956085205078, 1.1257165670394897, 1.1274988651275635, 1.1246347427368164, 1.1210198402404785], "rmse": [2.44635009765625, 2.3472959995269775, 2.320685863494873, 2.30049204826355, 2.2801425457000732, 2.258296012878418, 2.234103202819824, 2.2054014205932617, 2.1721696853637695, 2.1304500102996826, 2.0804402828216553, 2.0270769596099854, 1.9751721620559692, 1.9228836297988892, 1.8750696182250977, 1.8221912384033203, 1.775791883468628, 1.7237917184829712, 1.6758967638015747, 1.6364136934280396, 1.6051844358444214, 1.5751241445541382, 1.5578246116638184, 1.5371497869491577, 1.5223174095153809, 1.5048454999923706, 1.49574875831604, 1.4813625812530518, 1.4767227172851562, 1.4611201286315918, 1.4593982696533203, 1.448270320892334, 1.4403709173202515, 1.4396488666534424, 1.4333610534667969, 1.4253087043762207, 1.423310399055481, 1.41864812374115, 1.4113930463790894, 1.4112374782562256, 1.4039192199707031, 1.397454857826233, 1.394484043121338, 1.3924702405929565, 1.3853392601013184, 1.3854339122772217, 1.3835487365722656, 1.3795324563980103, 1.3752152919769287, 1.3694065809249878, 1.3693068027496338, 1.364222764968872, 1.3615790605545044, 1.361716389656067, 1.3577873706817627, 1.3525053262710571, 1.3514413833618164, 1.3501614332199097, 1.345834493637085, 1.3444023132324219, 1.342963695526123, 1.3367756605148315, 1.330335259437561, 1.3319916725158691, 1.3300498723983765, 1.3251680135726929, 1.3251607418060303, 1.322060227394104, 1.3165444135665894, 1.3167997598648071, 1.3168234825134277, 1.3128917217254639, 1.3121308088302612, 1.3083593845367432, 1.307711124420166, 1.303435206413269, 1.2997440099716187, 1.2979257106781006, 1.2962324619293213, 1.29289710521698, 1.2879372835159302, 1.2845511436462402, 1.2817275524139404, 1.2790213823318481, 1.2776750326156616, 1.270356297492981, 1.270218849182129, 1.2652863264083862, 1.2636444568634033, 1.2623329162597656, 1.2548432350158691, 1.2491099834442139, 1.2513446807861328, 1.243301272392273, 1.2400137186050415, 1.2378394603729248, 1.2300660610198975, 1.2301267385482788, 1.2244138717651367, 1.2185406684875488, 1.2120755910873413, 1.2110060453414917, 1.206229329109192, 1.203110933303833, 1.1972004175186157, 1.1911520957946777, 1.1895666122436523, 1.1821106672286987, 1.1802407503128052, 1.171952247619629, 1.1719692945480347, 1.1663130521774292, 1.1661665439605713, 1.1567842960357666, 1.1556553840637207, 1.1523371934890747, 1.1474543809890747, 1.1443004608154297, 1.13591468334198, 1.1399198770523071, 1.1307284832000732, 1.131266474723816, 1.1266875267028809, 1.1262540817260742, 1.1176772117614746, 1.1196216344833374, 1.1153901815414429, 1.1134761571884155, 1.1118847131729126, 1.1094740629196167, 1.1076549291610718, 1.0999559164047241, 1.1009472608566284, 1.0994030237197876, 1.0948995351791382, 1.0958240032196045, 1.0911269187927246, 1.0875515937805176, 1.0878671407699585, 1.08506441116333, 1.0855494737625122, 1.0784088373184204, 1.0807641744613647, 1.0765410661697388, 1.0785194635391235, 1.0724480152130127, 1.0724551677703857, 1.067718744277954, 1.0701992511749268, 1.0683162212371826, 1.0657687187194824, 1.0647107362747192, 1.062098741531372, 1.0614912509918213, 1.0592142343521118, 1.0604578256607056, 1.0533243417739868, 1.0539265871047974, 1.052849531173706, 1.049613118171692, 1.050821304321289, 1.047274112701416, 1.0467650890350342, 1.0432630777359009, 1.044732689857483, 1.0433528423309326, 1.0418047904968262],