{"n_parameters": 226097, "training_time": 5576.102323770523, "loss": [6.064886093139648, 5.830665111541748, 5.716637134552002, 5.660706520080566, 5.588208198547363, 5.550720691680908, 5.49461030960083, 5.47506046295166, 5.4409003257751465, 5.37788200378418, 5.356259822845459, 5.309941291809082, 5.2678422927856445, 5.222965240478516, 5.172342300415039, 5.111401557922363, 5.070359706878662, 5.0102949142456055, 4.956881523132324, 4.884006977081299, 4.821746826171875, 4.74586296081543, 4.689352512359619, 4.611536979675293, 4.568759918212891, 4.485185146331787, 4.424954891204834, 4.363495826721191, 4.317862033843994, 4.263699054718018, 4.215882301330566, 4.16873836517334, 4.116815567016602, 4.083832740783691, 4.039707660675049, 4.004958629608154, 3.9533426761627197, 3.9173271656036377, 3.843149185180664, 3.822537660598755, 3.7652573585510254, 3.7421090602874756, 3.7110631465911865, 3.6526951789855957, 3.636776924133301, 3.5748090744018555, 3.579071283340454, 3.5033364295959473, 3.5046842098236084, 3.4743363857269287, 3.4226200580596924, 3.3937880992889404, 3.377260446548462, 3.3392534255981445, 3.325711488723755, 3.294978380203247, 3.2659194469451904, 3.248671054840088, 3.2256627082824707, 3.199317216873169, 3.179741144180298, 3.160891056060791, 3.1271555423736572, 3.111971616744995, 3.104768753051758, 3.0663230419158936, 3.04353928565979, 3.027719736099243], "rmse": [2.443328619003296, 2.3983237743377686, 2.375325918197632, 2.363910675048828, 2.348789691925049, 2.341362237930298, 2.3289754390716553, 2.324673652648926, 2.318312406539917, 2.304800033569336, 2.2994892597198486, 2.2897698879241943, 2.2804737091064453, 2.2703824043273926, 2.259706735610962, 2.245845317840576, 2.2367162704467773, 2.2234678268432617, 2.2111473083496094, 2.194885015487671, 2.1800780296325684, 2.163055181503296, 2.149102210998535, 2.1308231353759766, 2.1209089756011963, 2.101051092147827, 2.08689546585083, 2.0721049308776855, 2.0605199337005615, 2.0476956367492676, 2.0351340770721436, 2.0241096019744873, 2.0113537311553955, 2.003875494003296, 1.9924169778823853, 1.9830940961837769, 1.9706387519836426, 1.9617071151733398, 1.9429759979248047, 1.9370427131652832, 1.9229227304458618, 1.9173665046691895, 1.9083529710769653, 1.8927077054977417, 1.890317440032959, 1.8726320266723633, 1.87432062625885, 1.8535832166671753, 1.8545494079589844, 1.8464925289154053, 1.8331477642059326, 1.8245800733566284, 1.820144534111023, 1.8102623224258423, 1.80647873878479, 1.7970327138900757, 1.790457010269165, 1.7860920429229736, 1.778090000152588, 1.7717247009277344, 1.7652889490127563, 1.7611737251281738, 1.7512539625167847, 1.7463765144348145, 1.7442190647125244, 1.733033299446106, 1.7266043424606323, 1.7228472232818604], "val_loss": [5.737222194671631, 5.593064785003662, 5.478758335113525, 5.406708240509033, 5.3375244140625, 5.329168796539307, 5.281950950622559, 5.259917736053467, 5.200275421142578, 5.144962787628174, 5.079723358154297, 5.017384052276611, 4.932906150817871, 4.8722825050354, 4.796231746673584, 4.724205017089844, 4.66757345199585, 4.5731658935546875, 4.440407752990723, 4.358102798461914, 4.215335369110107, 4.0807342529296875, 3.9604318141937256, 3.83797550201416, 3.72445011138916, 3.618051052093506, 3.5209975242614746, 3.4244275093078613, 3.3387908935546875, 3.276238441467285, 3.226548433303833, 3.1660704612731934, 3.0868780612945557, 3.078672170639038, 3.029383420944214, 3.0041778087615967, 2.9197027683258057, 2.9169869422912598, 2.8684024810791016, 2.824981451034546, 2.815596580505371, 2.7936527729034424, 2.7825429439544678, 2.7312052249908447, 2.6987645626068115, 2.709538221359253, 2.6912636756896973, 2.6669976711273193, 2.647775650024414, 2.6480748653411865, 2.6286911964416504, 2.6294431686401367, 2.619861364364624, 2.633803129196167, 2.6215808391571045, 2.599087953567505, 2.557023048400879, 2.5808658599853516, 2.569180727005005, 2.5785107612609863, 2.5483765602111816, 2.5706965923309326, 2.542048454284668, 2.5628111362457275, 2.5603418350219727, 2.555631160736084, 2.5569539070129395, 2.568408966064453], "val_rmse": [2.3788866996765137, 2.349459171295166, 2.3257992267608643, 2.3107423782348633, 2.296255111694336, 2.2943549156188965, 2.284287929534912, 2.279405355453491, 2.2664012908935547, 2.2541420459747314, 2.239514112472534, 2.2254397869110107, 2.2064220905303955, 2.1924729347229004, 2.175058364868164, 2.1583714485168457, 2.1448662281036377, 2.122720718383789, 2.091474771499634, 2.071354389190674, 2.0367698669433594, 2.0035462379455566, 1.973137378692627, 1.9418776035308838, 1.9123073816299438, 1.8843284845352173, 1.8586533069610596, 1.832712173461914, 1.8091883659362793, 1.7920845746994019, 1.7784785032272339, 1.7613177299499512, 1.7390482425689697, 1.7371951341629028, 1.7231799364089966, 1.716287612915039, 1.6916162967681885, 1.691300630569458, 1.6770741939544678, 1.6644145250320435, 1.6619902849197388, 1.655706524848938, 1.6527831554412842, 1.6374412775039673, 1.6277759075164795, 1.6315773725509644, 1.6262385845184326, 1.6189072132110596, 1.613342046737671, 1.6135330200195312, 1.6076648235321045, 1.6084078550338745, 1.6055885553359985, 1.610121250152588, 1.6065102815628052, 1.599600911140442, 1.5864040851593018, 1.5940672159194946, 1.5905227661132812, 1.5935896635055542, 1.5841182470321655, 1.5913761854171753, 1.5822724103927612, 1.5890263319015503, 1.5883511304855347, 1.58685302734375, 1.5873357057571411, 1.5910913944244385]}