{"n_parameters": 280369, "training_time": 7965.396599054337, "loss": [6.247839450836182, 5.692450523376465, 5.538735389709473, 5.434175491333008, 5.347796440124512, 5.276208400726318, 5.197429656982422, 5.118432521820068, 5.03154993057251, 4.941795349121094, 4.840177059173584, 4.735844135284424, 4.591495513916016, 4.4440083503723145, 4.304989814758301, 4.155734539031982, 3.98439359664917, 3.819897413253784, 3.663156270980835, 3.513543128967285, 3.37087345123291, 3.2356250286102295, 3.125972032546997, 3.0419280529022217, 2.9607367515563965, 2.8851778507232666, 2.8280091285705566, 2.759472608566284, 2.709306240081787, 2.6621580123901367, 2.6143686771392822, 2.5663955211639404, 2.523003101348877, 2.481473207473755, 2.4495460987091064, 2.4146392345428467, 2.378382444381714, 2.3498969078063965, 2.3181376457214355, 2.2917873859405518, 2.2673416137695312, 2.2400643825531006, 2.2112069129943848, 2.194492816925049, 2.1613848209381104, 2.1444246768951416, 2.1240432262420654, 2.10398006439209, 2.0877251625061035, 2.074676275253296, 2.05407977104187, 2.0448970794677734, 2.0232551097869873, 2.0152742862701416, 2.0028281211853027, 1.9777300357818604, 1.9747999906539917, 1.9721063375473022, 1.9529019594192505, 1.945147156715393, 1.9359865188598633, 1.931008219718933, 1.9227302074432373, 1.9074946641921997, 1.8979454040527344, 1.9036097526550293, 1.8939783573150635, 1.885995864868164, 1.8753159046173096, 1.8706163167953491, 1.8659898042678833, 1.8603240251541138, 1.8609037399291992, 1.8533250093460083, 1.835914134979248, 1.843697190284729, 1.8348535299301147, 1.8307874202728271, 1.825146198272705, 1.824638843536377, 1.818515658378601, 1.8076809644699097, 1.8145800828933716, 1.8031830787658691, 1.8060104846954346, 1.8055223226547241, 1.7956874370574951, 1.799818515777588, 1.7944111824035645, 1.7851213216781616, 1.7880539894104004, 1.7815685272216797, 1.778005599975586, 1.7821965217590332, 1.7747161388397217, 1.7745150327682495, 1.7717506885528564, 1.7715034484863281, 1.763695478439331, 1.7607306241989136, 1.7624443769454956, 1.753272533416748, 1.7551958560943604, 1.7503453493118286, 1.7578037977218628, 1.7514513731002808], "rmse": [2.476860761642456, 2.369194984436035, 2.3368520736694336, 2.31606125831604, 2.2979421615600586, 2.2825891971588135, 2.2659106254577637, 2.2482354640960693, 2.2300567626953125, 2.2097291946411133, 2.1858086585998535, 2.1623566150665283, 2.129596710205078, 2.095177173614502, 2.061605930328369, 2.0247554779052734, 1.9811772108078003, 1.9394006729125977, 1.8986265659332275, 1.8591545820236206, 1.820022702217102, 1.7821494340896606, 1.7510921955108643, 1.727346420288086, 1.7029284238815308, 1.6815553903579712, 1.6639472246170044, 1.6445614099502563, 1.6278020143508911, 1.6134508848190308, 1.5993986129760742, 1.5835397243499756, 1.5700876712799072, 1.5573430061340332, 1.5467150211334229, 1.5351921319961548, 1.5237576961517334, 1.5150351524353027, 1.5039095878601074, 1.4956318140029907, 1.48805832862854, 1.4779917001724243, 1.4699742794036865, 1.4642376899719238, 1.4527381658554077, 1.4468005895614624, 1.4394242763519287, 1.4321999549865723, 1.4274190664291382, 1.4225037097930908, 1.4161826372146606, 1.4124873876571655, 1.4045127630233765, 1.402132511138916, 1.3984184265136719, 1.3890361785888672, 1.3877009153366089, 1.3862460851669312, 1.3810575008392334, 1.377294659614563, 1.3732753992080688, 1.3726062774658203, 1.3699215650558472, 1.3637595176696777, 1.3605402708053589, 1.363432765007019, 1.3597480058670044, 1.356307029724121, 1.3528435230255127, 1.3503026962280273, 1.34974205493927, 1.346577763557434, 1.3475135564804077, 1.3438931703567505, 1.338507056236267, 1.3414688110351562, 1.3378069400787354, 1.3358173370361328, 1.333274483680725, 1.334233283996582, 1.332007646560669, 1.3272411823272705, 1.330525279045105, 1.3260999917984009, 1.3268389701843262, 1.32710599899292, 1.3236743211746216, 1.325209140777588, 1.3228192329406738, 1.319558024406433, 1.320321798324585, 1.3182719945907593, 1.3173342943191528, 1.3186061382293701, 1.314730167388916, 1.3159496784210205, 1.3143244981765747, 1.3146573305130005, 1.312244176864624, 1.3098191022872925, 1.311753273010254, 1.307375431060791, 1.3078635931015015, 1.3062663078308105, 1.3087199926376343, 1.3066980838775635], "val_loss": [5.814095497131348, 5.643063545227051, 5.525735855102539, 5.452166557312012, 5.377261638641357, 5.298149585723877, 5.190141677856445, 5.071962833404541, 4.943341255187988, 4.8277974128723145, 4.6968607902526855, 4.575645446777344, 4.41356897354126, 4.2583394050598145, 4.093892574310303, 3.9212002754211426, 3.7321298122406006, 3.5458409786224365, 3.36093807220459, 3.190791130065918, 3.0287508964538574, 2.8953943252563477, 2.786980152130127, 2.699596643447876, 2.6193931102752686, 2.548733711242676, 2.4942150115966797, 2.4484524726867676, 2.4068758487701416, 2.362481117248535, 2.327350616455078, 2.2864110469818115, 2.2497079372406006, 2.205930233001709, 2.1919734477996826, 2.1581149101257324, 2.143937110900879, 2.1319332122802734, 2.1077721118927, 2.085629940032959, 2.0787301063537598, 2.0716776847839355, 2.0533926486968994, 2.037216901779175, 2.024042844772339, 2.0146408081054688, 1.994336485862732, 2.016756534576416, 1.9808508157730103, 1.9876353740692139, 1.9720442295074463, 1.9524569511413574, 1.9557292461395264, 1.9386274814605713, 1.9350477457046509, 1.918174386024475, 1.915856957435608, 1.9147818088531494, 1.9072016477584839, 1.894415259361267, 1.9006314277648926, 1.9056257009506226, 1.8823063373565674, 1.866544246673584, 1.8782886266708374, 1.8788247108459473, 1.8697315454483032, 1.862629771232605, 1.8530540466308594, 1.8616807460784912, 1.8536036014556885, 1.8434302806854248, 1.8328137397766113, 1.850709080696106, 1.834575891494751, 1.8289356231689453, 1.823156476020813, 1.8223681449890137, 1.815280795097351, 1.8193249702453613, 1.8216230869293213, 1.811328411102295, 1.8061623573303223, 1.8035732507705688, 1.8080028295516968, 1.7969027757644653, 1.7976053953170776, 1.7834222316741943, 1.794073224067688, 1.7932558059692383, 1.7932864427566528, 1.7935932874679565, 1.7782412767410278, 1.7791388034820557, 1.7890217304229736, 1.7851452827453613, 1.7786076068878174, 1.7722309827804565, 1.7701212167739868, 1.783947467803955, 1.7501273155212402, 1.765161156654358, 1.7537322044372559, 1.7570888996124268, 1.7562618255615234, 1.752261996269226],