{"n_parameters": 249681, "training_time": 7177.439036369324, "loss": [5.957225322723389, 5.816693305969238, 5.744544982910156, 5.704859733581543, 5.65720272064209, 5.615259647369385, 5.590641498565674, 5.5532402992248535, 5.511207103729248, 5.475543975830078, 5.45343542098999, 5.420673847198486, 5.386603832244873, 5.3496856689453125, 5.320731163024902, 5.298189163208008, 5.25908899307251, 5.218169689178467, 5.185378074645996, 5.137198448181152, 5.100686073303223, 5.049324989318848, 4.985443592071533, 4.940251350402832, 4.876274108886719, 4.809170246124268, 4.7382493019104, 4.681726455688477, 4.611396312713623, 4.546931266784668, 4.496046543121338, 4.429069519042969, 4.355910301208496, 4.280446529388428, 4.220137596130371, 4.147388458251953, 4.096907615661621, 4.025051593780518, 3.9538469314575195, 3.885401487350464, 3.822859764099121, 3.7570128440856934, 3.68833589553833, 3.6166176795959473, 3.5525717735290527, 3.4839673042297363, 3.4220755100250244, 3.376086950302124, 3.308262348175049, 3.2515854835510254, 3.2129437923431396, 3.1549878120422363, 3.1223301887512207, 3.075038194656372, 3.0368757247924805, 2.9941890239715576, 2.961050510406494, 2.9159417152404785, 2.9013237953186035, 2.855449676513672, 2.830721855163574, 2.8104448318481445, 2.7695882320404053, 2.7488884925842285, 2.7226996421813965, 2.6983792781829834, 2.664978504180908, 2.639925718307495, 2.6118733882904053, 2.5968198776245117, 2.5725655555725098, 2.5573978424072266, 2.5172126293182373, 2.514803886413574, 2.4881081581115723, 2.469965696334839, 2.4467720985412598, 2.4326171875, 2.401610851287842, 2.3933351039886475, 2.373816967010498, 2.3585543632507324, 2.342839002609253, 2.3258447647094727], "rmse": [2.423701047897339, 2.3941376209259033, 2.3790132999420166, 2.372453451156616, 2.363132953643799, 2.3532798290252686, 2.3489038944244385, 2.340799331665039, 2.332442045211792, 2.325206756591797, 2.3207905292510986, 2.313551664352417, 2.3065714836120605, 2.298414468765259, 2.292600393295288, 2.2873640060424805, 2.2790961265563965, 2.2695975303649902, 2.262707233428955, 2.2520503997802734, 2.2440950870513916, 2.2329282760620117, 2.2190935611724854, 2.208224296569824, 2.1944568157196045, 2.1796534061431885, 2.1622021198272705, 2.1495325565338135, 2.134014129638672, 2.1185367107391357, 2.105628728866577, 2.0899624824523926, 2.0727615356445312, 2.0551140308380127, 2.0396995544433594, 2.021909713745117, 2.0091559886932373, 1.9911649227142334, 1.973860502243042, 1.9557307958602905, 1.9402269124984741, 1.9223706722259521, 1.9052987098693848, 1.8865448236465454, 1.8702068328857422, 1.851627230644226, 1.8350247144699097, 1.8223741054534912, 1.8035047054290771, 1.7880678176879883, 1.777557373046875, 1.760506510734558, 1.7515801191329956, 1.7381618022918701, 1.7276520729064941, 1.7148631811141968, 1.7047754526138306, 1.6927571296691895, 1.6882818937301636, 1.674703598022461, 1.6670525074005127, 1.6611214876174927, 1.6488112211227417, 1.642374873161316, 1.6348131895065308, 1.6276651620864868, 1.6174044609069824, 1.6094846725463867, 1.6002265214920044, 1.5957061052322388, 1.5886160135269165, 1.5839462280273438, 1.571609377861023, 1.570753574371338, 1.5626146793365479, 1.5567669868469238, 1.5486094951629639, 1.544173002243042, 1.5345280170440674, 1.5316318273544312, 1.5257072448730469, 1.5200417041778564, 1.5158748626708984, 1.5098295211791992], "val_loss": [5.842369556427002, 5.722291469573975, 5.690962791442871, 5.650477886199951, 5.612668037414551, 5.575162887573242, 5.52284049987793, 5.46115255355835, 5.416275501251221, 5.383565425872803, 5.342742919921875, 5.326592922210693, 5.2743821144104, 5.242294788360596, 5.2429518699646, 5.215334892272949, 5.161564826965332, 5.124046325683594, 5.107177734375, 4.999268054962158, 4.893881797790527, 4.766150951385498, 4.676682949066162, 4.5987348556518555, 4.516366481781006, 4.438285827636719, 4.330442428588867, 4.229164123535156, 4.153820514678955, 4.050750732421875, 3.974783420562744, 3.911411762237549, 3.843128204345703, 3.786607265472412, 3.737633466720581, 3.6341354846954346, 3.5098581314086914, 3.4241206645965576, 3.351182699203491, 3.33920955657959, 3.2655744552612305, 3.1877851486206055, 3.0973846912384033, 3.030156135559082, 2.994206190109253, 2.9566903114318848, 2.856783628463745, 2.817337989807129, 2.8125524520874023, 2.7269482612609863, 2.7554702758789062, 2.701904773712158, 2.659912109375, 2.694729804992676, 2.603093147277832, 2.587711811065674, 2.565002679824829, 2.5185136795043945, 2.5277910232543945, 2.509749174118042, 2.5140693187713623, 2.495363235473633, 2.5858523845672607, 2.5200071334838867, 2.4905295372009277, 2.492417097091675, 2.4581074714660645, 2.4750378131866455, 2.4561312198638916, 2.494419574737549, 2.498344659805298, 2.463332414627075, 2.49100399017334, 2.431687593460083, 2.424093723297119, 2.4461491107940674, 2.5133612155914307, 2.4598498344421387, 2.403315782546997, 2.4638941287994385, 2.415764331817627, 2.4559361934661865, 2.4529101848602295, 2.469062566757202], "val_rmse": [2.399327516555786, 2.3756284713745117, 2.369516611099243, 2.361356019973755, 2.353700637817383, 2.3461878299713135, 2.3350906372070312, 2.3221731185913086, 2.312685251235962, 2.305774688720703, 2.2970521450042725, 2.2935848236083984, 2.2825825214385986, 2.275742292404175, 2.275845527648926, 2.269806385040283, 2.2583088874816895, 2.250020742416382, 2.2460806369781494, 2.222137212753296, 2.198422908782959, 2.1695804595947266, 2.1488375663757324, 2.1306190490722656, 2.1112287044525146, 2.092541217803955, 2.0667576789855957, 2.042351007461548, 2.0237131118774414, 1.9983831644058228, 1.9793193340301514, 1.963138461112976, 1.945715069770813, 1.930999517440796, 1.9180498123168945, 1.8914194107055664, 1.8585326671600342, 1.8355848789215088, 1.8156827688217163, 1.8120734691619873, 1.792013168334961, 1.7704713344573975, 1.745198130607605, 1.7262682914733887, 1.7157535552978516, 1.7047795057296753, 1.6760181188583374, 1.6641925573349, 1.6627264022827148, 1.637413740158081, 1.645951509475708, 1.6298937797546387, 1.6171882152557373, 1.627979040145874, 1.5999480485916138, 1.5953210592269897, 1.5884608030319214, 1.5738946199417114, 1.5765832662582397, 1.5713603496551514, 1.572701096534729, 1.5671364068984985, 1.595502495765686, 1.5748472213745117, 1.5657271146774292, 1.5664341449737549, 1.5554733276367188, 1.560869574546814, 1.554970383644104, 1.5674948692321777, 1.5687670707702637, 1.5576276779174805, 1.5662922859191895, 1.5475239753723145, 1.5452125072479248, 1.5521808862686157, 1.573768973350525, 1.5570889711380005, 1.538849949836731, 1.558099389076233, 1.5430107116699219, 1.5557740926742554, 1.5551128387451172, 1.5601016283035278]}