{"n_parameters": 235105, "training_time": 5971.738402605057, "loss": [5.928677558898926, 5.542781352996826, 5.344583511352539, 5.200802803039551, 5.095606327056885, 4.995054244995117, 4.9058709144592285, 4.838201522827148, 4.775646686553955, 4.703601837158203, 4.626631736755371, 4.561216354370117, 4.489410877227783, 4.416172981262207, 4.328901290893555, 4.234557151794434, 4.130974769592285, 4.0283918380737305, 3.9205992221832275, 3.799161434173584, 3.6855454444885254, 3.5770082473754883, 3.4734840393066406, 3.367305278778076, 3.2592391967773438, 3.1621270179748535, 3.0674545764923096, 2.981971025466919, 2.9020919799804688, 2.8294572830200195, 2.7637765407562256, 2.7011024951934814, 2.651355743408203, 2.605414628982544, 2.548748254776001, 2.5069944858551025, 2.472405433654785, 2.4312655925750732, 2.3996822834014893, 2.3622512817382812, 2.329141139984131, 2.299140453338623, 2.261488437652588, 2.2416934967041016, 2.2079927921295166, 2.1930153369903564, 2.1607959270477295, 2.1427595615386963, 2.1214988231658936, 2.104806900024414, 2.0892229080200195, 2.072317361831665, 2.0499439239501953, 2.0432498455047607, 2.0244407653808594, 2.0147647857666016, 2.0003457069396973, 1.9943965673446655, 1.9795187711715698, 1.9684771299362183, 1.9534422159194946, 1.9496216773986816, 1.9327447414398193, 1.9286912679672241, 1.9204872846603394, 1.9183604717254639, 1.9005029201507568, 1.906902551651001, 1.8963539600372314, 1.8903660774230957, 1.8786734342575073, 1.868498682975769, 1.8663743734359741, 1.85496187210083], "rmse": [2.416057586669922, 2.337430238723755, 2.2965688705444336, 2.2654545307159424, 2.2429065704345703, 2.221463203430176, 2.201216459274292, 2.185540199279785, 2.17154598236084, 2.154700756072998, 2.137312889099121, 2.12186861038208, 2.105405807495117, 2.088315963745117, 2.0666160583496094, 2.0441439151763916, 2.018317222595215, 1.99319589138031, 1.965376377105713, 1.9353700876235962, 1.9052411317825317, 1.8764499425888062, 1.8490333557128906, 1.8202639818191528, 1.791016936302185, 1.762584924697876, 1.735732078552246, 1.7114746570587158, 1.6881797313690186, 1.667202353477478, 1.6467243432998657, 1.6281334161758423, 1.6132358312606812, 1.5983411073684692, 1.580744743347168, 1.5681021213531494, 1.5574008226394653, 1.5438313484191895, 1.5337203741073608, 1.5208864212036133, 1.5102912187576294, 1.5001795291900635, 1.4881553649902344, 1.481473445892334, 1.4707653522491455, 1.4650882482528687, 1.4551273584365845, 1.448067307472229, 1.4409265518188477, 1.4356306791305542, 1.4294793605804443, 1.423880696296692, 1.415410041809082, 1.4130370616912842, 1.4068268537521362, 1.403326153755188, 1.3982253074645996, 1.3962589502334595, 1.3911610841751099, 1.3871557712554932, 1.3815293312072754, 1.379909873008728, 1.3742339611053467, 1.37251615524292, 1.3695766925811768, 1.3693424463272095, 1.362748146057129, 1.364227533340454, 1.3612065315246582, 1.359179973602295, 1.3551220893859863, 1.3504546880722046, 1.3498783111572266, 1.346173644065857], "val_loss": [5.7047014236450195, 5.4201459884643555, 5.221841335296631, 5.059305667877197, 4.9377899169921875, 4.808635711669922, 4.695162773132324, 4.6156086921691895, 4.505523204803467, 4.4202775955200195, 4.345860481262207, 4.2515692710876465, 4.16915225982666, 4.0518035888671875, 3.9640913009643555, 3.863344669342041, 3.733128309249878, 3.6170878410339355, 3.4950852394104004, 3.3786888122558594, 3.2403502464294434, 3.108208656311035, 3.0007705688476562, 2.8978381156921387, 2.8031914234161377, 2.7133371829986572, 2.658994674682617, 2.5686323642730713, 2.4835762977600098, 2.426337242126465, 2.3896427154541016, 2.3205909729003906, 2.2854814529418945, 2.2479195594787598, 2.217132806777954, 2.165022611618042, 2.154717445373535, 2.121934652328491, 2.098282814025879, 2.044780969619751, 2.043713331222534, 2.0175442695617676, 1.9971214532852173, 1.9936614036560059, 1.9424769878387451, 1.9804680347442627, 1.9529998302459717, 1.9279972314834595, 1.9008030891418457, 1.912658452987671, 1.8951269388198853, 1.9093786478042603, 1.908366322517395, 1.8820568323135376, 1.8752434253692627, 1.8753668069839478, 1.8813709020614624, 1.8640812635421753, 1.8531675338745117, 1.8673840761184692, 1.8402197360992432, 1.8444271087646484, 1.8576115369796753, 1.8644146919250488, 1.822548747062683, 1.8472821712493896, 1.8095718622207642, 1.8278087377548218, 1.8015321493148804, 1.8150185346603394, 1.823909878730774, 1.820549488067627, 1.8053984642028809, 1.810343861579895], "val_rmse": [2.371799945831299, 2.3128912448883057, 2.2705931663513184, 2.235508680343628, 2.2088611125946045, 2.1798501014709473, 2.153865337371826, 2.1352603435516357, 2.10953426361084, 2.089275360107422, 2.0714073181152344, 2.048727035522461, 2.028472900390625, 1.9996472597122192, 1.9775992631912231, 1.951965093612671, 1.9186125993728638, 1.8881213665008545, 1.8555424213409424, 1.8239531517028809, 1.7857933044433594, 1.7487369775772095, 1.7177722454071045, 1.6876749992370605, 1.6595635414123535, 1.6324119567871094, 1.615617036819458, 1.5878206491470337, 1.5612820386886597, 1.5430039167404175, 1.530967354774475, 1.5087532997131348, 1.497101902961731, 1.4845426082611084, 1.4743353128433228, 1.4568649530410767, 1.4532194137573242, 1.442090392112732, 1.4339412450790405, 1.4152400493621826, 1.4148757457733154, 1.4054397344589233, 1.39834725856781, 1.3971617221832275, 1.378775954246521, 1.3922909498214722, 1.3825703859329224, 1.37350332736969, 1.3634154796600342, 1.367903470993042, 1.3619722127914429, 1.3668909072875977, 1.3667256832122803, 1.357006311416626, 1.3545501232147217, 1.3546464443206787, 1.3569049835205078, 1.3505139350891113, 1.3463726043701172, 1.3521212339401245, 1.341854214668274, 1.3435560464859009, 1.3486350774765015, 1.3507299423217773, 1.3354055881500244, 1.3448430299758911, 1.3304227590560913, 1.3376251459121704, 1.3277298212051392, 1.3327304124832153, 1.336004376411438, 1.3346940279006958, 1.3293529748916626, 1.331225872039795]}