{"n_parameters": 252833, "training_time": 7444.3131556510925, "loss": [6.077416896820068, 5.725437641143799, 5.637910842895508, 5.555662155151367, 5.4863715171813965, 5.401670455932617, 5.321774005889893, 5.238797664642334, 5.143991470336914, 5.031647682189941, 4.908631324768066, 4.776925563812256, 4.649693489074707, 4.494961738586426, 4.306021690368652, 4.11696195602417, 3.9129743576049805, 3.6824018955230713, 3.467076063156128, 3.2638304233551025, 3.110629081726074, 2.9959559440612793, 2.893768787384033, 2.8216001987457275, 2.7705063819885254, 2.717858076095581, 2.691053628921509, 2.6446430683135986, 2.619739055633545, 2.6040642261505127, 2.5699195861816406, 2.536182165145874, 2.533226490020752, 2.504981756210327, 2.4951467514038086, 2.4725890159606934, 2.46297550201416, 2.4402353763580322, 2.4298460483551025, 2.4122955799102783, 2.398029088973999, 2.3733108043670654, 2.3698575496673584, 2.346278429031372, 2.343534469604492, 2.3320977687835693, 2.3068623542785645, 2.288909912109375, 2.2800753116607666, 2.272937297821045, 2.261359214782715, 2.2416696548461914, 2.235727071762085, 2.2179219722747803, 2.1984477043151855, 2.1981701850891113, 2.175083875656128, 2.1594808101654053, 2.162503480911255, 2.1496336460113525, 2.1410300731658936, 2.1239709854125977, 2.1146903038024902, 2.1099605560302734, 2.1011388301849365, 2.0921313762664795, 2.0944130420684814, 2.0870652198791504, 2.062572717666626, 2.06605863571167, 2.0557749271392822, 2.0475738048553467, 2.0486772060394287, 2.0401594638824463, 2.0270309448242188, 2.0287344455718994, 2.0257413387298584, 2.0152230262756348, 2.023390769958496, 2.0153236389160156, 2.006362199783325, 1.99957275390625, 1.9973732233047485, 1.9931923151016235, 1.990657091140747, 1.990703821182251, 1.9761486053466797, 1.9722646474838257, 1.9755901098251343, 1.9713703393936157, 1.9669020175933838, 1.9671564102172852], "rmse": [2.4483067989349365, 2.3755135536193848, 2.358004093170166, 2.3417274951934814, 2.326826572418213, 2.3087430000305176, 2.292116403579712, 2.2745521068573, 2.2544572353363037, 2.229154586791992, 2.2022266387939453, 2.172328472137451, 2.142732620239258, 2.1072733402252197, 2.061326265335083, 2.015177011489868, 1.9634134769439697, 1.903533935546875, 1.8454757928848267, 1.7889131307601929, 1.7458058595657349, 1.7128019332885742, 1.6824297904968262, 1.6613428592681885, 1.6451517343521118, 1.6295100450515747, 1.620811104774475, 1.6073068380355835, 1.5999056100845337, 1.5950120687484741, 1.5838253498077393, 1.5730736255645752, 1.5721230506896973, 1.5642236471176147, 1.559936285018921, 1.5530821084976196, 1.5510656833648682, 1.5430874824523926, 1.5398023128509521, 1.5337363481521606, 1.5293422937393188, 1.5216892957687378, 1.5202735662460327, 1.5136653184890747, 1.5119972229003906, 1.5084829330444336, 1.5000905990600586, 1.494285225868225, 1.4915645122528076, 1.4905545711517334, 1.4859519004821777, 1.480055570602417, 1.477220892906189, 1.4723838567733765, 1.4647185802459717, 1.465414047241211, 1.4570541381835938, 1.4520461559295654, 1.4540305137634277, 1.4485410451889038, 1.4470274448394775, 1.4408551454544067, 1.4379997253417969, 1.4365729093551636, 1.43226957321167, 1.4301105737686157, 1.430142879486084, 1.4293477535247803, 1.4196707010269165, 1.4211264848709106, 1.4176726341247559, 1.4147179126739502, 1.415302038192749, 1.4130923748016357, 1.4080621004104614, 1.4081144332885742, 1.407268762588501, 1.4036383628845215, 1.4056092500686646, 1.4034745693206787, 1.40089750289917, 1.3975658416748047, 1.3973983526229858, 1.3957923650741577, 1.3943264484405518, 1.3946576118469238, 1.3898226022720337, 1.3889590501785278, 1.3895533084869385, 1.3887543678283691, 1.386314868927002, 1.3869072198867798], "val_loss": [5.917088031768799, 5.815342426300049, 5.7096781730651855, 5.622372627258301, 5.524802207946777, 5.419999122619629, 5.311715602874756, 5.179041385650635, 5.025813102722168, 4.854987144470215, 4.704929351806641, 4.535624980926514, 4.35258150100708, 4.154426574707031, 3.939897298812866, 3.718003273010254, 3.4659907817840576, 3.2037549018859863, 2.963563919067383, 2.7757670879364014, 2.6374170780181885, 2.533198833465576, 2.4496207237243652, 2.3871564865112305, 2.338233709335327, 2.3052942752838135, 2.2672414779663086, 2.2387611865997314, 2.2174482345581055, 2.2264091968536377, 2.1809942722320557, 2.1698763370513916, 2.157386541366577, 2.135289430618286, 2.120901584625244, 2.1063385009765625, 2.085205316543579, 2.074798107147217, 2.0665323734283447, 2.045470714569092, 2.035545825958252, 2.0186870098114014, 2.0050346851348877, 1.9829738140106201, 1.9697284698486328, 1.9611886739730835, 1.946801781654358, 1.9304602146148682, 1.9150800704956055, 1.9016329050064087, 1.8839576244354248, 1.8704006671905518, 1.8557816743850708, 1.845757007598877, 1.8286211490631104, 1.8275117874145508, 1.814498782157898, 1.8048676252365112, 1.7885384559631348, 1.7800395488739014, 1.7892330884933472, 1.7806940078735352, 1.769652009010315, 1.7621432542800903, 1.7558122873306274, 1.7548755407333374, 1.7429896593093872, 1.753179669380188, 1.7344132661819458, 1.7423455715179443, 1.739091396331787, 1.7267043590545654, 1.7380363941192627, 1.7303822040557861, 1.7296210527420044, 1.7264604568481445, 1.7298868894577026, 1.7337076663970947, 1.734745740890503, 1.7273602485656738, 1.7233200073242188, 1.7191203832626343, 1.7132995128631592, 1.7152948379516602, 1.7116466760635376, 1.7279565334320068, 1.7036386728286743, 1.7128417491912842, 1.718281626701355, 1.705010175704956, 1.708762764930725, 1.7086775302886963], "val_rmse": [2.4152300357818604, 2.3947196006774902, 2.373314619064331, 2.355665445327759, 2.335510492324829, 2.313563346862793, 2.29097843170166, 2.2622733116149902, 2.2287533283233643, 2.190690040588379, 2.1562469005584717, 2.1169869899749756, 2.0735361576080322, 2.02532696723938, 1.9717603921890259, 1.914337396621704, 1.8471949100494385, 1.7744743824005127, 1.7052010297775269, 1.6486477851867676, 1.605660080909729, 1.5727574825286865, 1.5458426475524902, 1.5254173278808594, 1.5093063116073608, 1.4981908798217773, 1.485526204109192, 1.4758777618408203, 1.4685924053192139, 1.4718960523605347, 1.4562758207321167, 1.4526617527008057, 1.4484939575195312, 1.4409523010253906, 1.4361549615859985, 1.43124520778656, 1.423893690109253, 1.4204754829406738, 1.417976975440979, 1.410530686378479, 1.4073508977890015, 1.4015343189239502, 1.3968738317489624, 1.389092206954956, 1.3845056295394897, 1.3818687200546265, 1.3768806457519531, 1.3711202144622803, 1.3658483028411865, 1.361274242401123, 1.3549329042434692, 1.3501724004745483, 1.345056414604187, 1.3414812088012695, 1.3353275060653687, 1.3353209495544434, 1.3303310871124268, 1.3270983695983887, 1.3210054636001587, 1.317827820777893, 1.3215478658676147, 1.3185853958129883, 1.3143690824508667, 1.3118798732757568, 1.3093812465667725, 1.3091886043548584, 1.3045587539672852, 1.3086134195327759, 1.3013198375701904, 1.3046820163726807, 1.3035541772842407, 1.2986490726470947, 1.3032587766647339, 1.3005025386810303, 1.3000832796096802, 1.29891836643219, 1.3002774715423584, 1.3018091917037964, 1.3022655248641968, 1.2994115352630615, 1.2978652715682983, 1.2962794303894043, 1.2938584089279175, 1.2949110269546509, 1.2936444282531738, 1.2998013496398926, 1.2903773784637451, 1.2936903238296509, 1.2964290380477905, 1.290673851966858, 1.292549967765808, 1.2924989461898804]}