{"n_parameters": 279953, "training_time": 16061.600642204285, "loss": [5.807423114776611, 5.570779800415039, 5.3706841468811035, 5.205913543701172, 5.067694187164307, 4.939312934875488, 4.795742511749268, 4.6648478507995605, 4.510538578033447, 4.346471786499023, 4.157225608825684, 3.9516961574554443, 3.743455648422241, 3.5314505100250244, 3.3420066833496094, 3.1550612449645996, 2.976414918899536, 2.8092620372772217, 2.6580958366394043, 2.5210604667663574, 2.411327838897705, 2.304800510406494, 2.2115976810455322, 2.1414594650268555, 2.0659756660461426, 2.0208380222320557, 1.9671140909194946, 1.926408290863037, 1.8840241432189941, 1.8594028949737549, 1.831478476524353, 1.8100221157073975, 1.7957757711410522, 1.7748452425003052, 1.7562099695205688, 1.7475392818450928, 1.735974669456482, 1.7225624322891235, 1.7104055881500244, 1.703734278678894, 1.68704092502594, 1.688645601272583, 1.6841071844100952, 1.6654235124588013, 1.660634994506836, 1.6547017097473145, 1.6530416011810303, 1.633766770362854, 1.6332602500915527, 1.6289517879486084, 1.6200284957885742, 1.6210383176803589, 1.613113284111023, 1.6072709560394287, 1.6023024320602417, 1.5950195789337158, 1.5894181728363037, 1.5858815908432007, 1.5792289972305298, 1.5795533657073975, 1.5770093202590942, 1.5665463209152222, 1.5677573680877686, 1.5644465684890747, 1.5587562322616577, 1.5541516542434692, 1.5450106859207153, 1.5486571788787842, 1.5423697233200073, 1.5402581691741943, 1.5398627519607544, 1.5362448692321777, 1.5294135808944702, 1.5266495943069458, 1.5252493619918823, 1.5224218368530273, 1.522119402885437, 1.515833854675293, 1.5156491994857788, 1.5038241147994995, 1.51387357711792, 1.5045644044876099, 1.5053434371948242, 1.5013935565948486, 1.4996590614318848, 1.4935213327407837, 1.4889241456985474, 1.488418459892273, 1.4818944931030273, 1.4797157049179077, 1.4762531518936157, 1.47507905960083, 1.4770416021347046, 1.4720083475112915, 1.4690510034561157, 1.4668898582458496, 1.4606821537017822, 1.459167718887329, 1.456727385520935, 1.4516304731369019, 1.4516690969467163, 1.4447476863861084, 1.444475531578064, 1.4419046640396118, 1.4391824007034302, 1.4327515363693237, 1.4277737140655518, 1.4238290786743164, 1.4232646226882935, 1.4189975261688232, 1.4121923446655273, 1.4100821018218994, 1.4051328897476196, 1.4012664556503296, 1.3924047946929932, 1.3901667594909668, 1.3885077238082886, 1.3868297338485718, 1.379583716392517, 1.3769195079803467, 1.37199866771698, 1.3650033473968506, 1.3592113256454468, 1.3565289974212646, 1.3518128395080566, 1.3455268144607544, 1.3431693315505981, 1.3345615863800049, 1.3257254362106323, 1.3204604387283325, 1.3187483549118042, 1.3098803758621216, 1.3048217296600342, 1.2995071411132812, 1.2923588752746582, 1.2816075086593628, 1.2781281471252441, 1.2731902599334717, 1.2627956867218018, 1.2627164125442505, 1.25199294090271, 1.2402517795562744, 1.2394367456436157, 1.2291053533554077, 1.2183243036270142, 1.2123258113861084, 1.2059279680252075, 1.195258617401123, 1.1898964643478394, 1.182912826538086, 1.1724573373794556, 1.1657891273498535, 1.1554944515228271, 1.145298957824707, 1.140032410621643, 1.1314622163772583, 1.1210867166519165, 1.112097144126892, 1.0994940996170044, 1.0976053476333618, 1.0892431735992432, 1.0783764123916626, 1.064724087715149, 1.0586169958114624, 1.0511155128479004, 1.0420833826065063, 1.0356206893920898, 1.0271875858306885, 1.0157496929168701, 1.0107442140579224, 1.0028823614120483, 0.9935238361358643, 0.987142026424408, 0.9778707027435303, 0.9734073877334595, 0.9642983675003052, 0.9584276676177979, 0.953822910785675, 0.9448449611663818, 0.9385155439376831, 0.9374231696128845, 0.9276480674743652, 0.9190173745155334, 0.9182853102684021, 0.9107562303543091, 0.9047937393188477, 0.8953843712806702, 0.89274662733078, 0.8851224780082703, 0.8814688920974731, 0.878987193107605, 0.8698014616966248, 0.8656378984451294, 0.8626340627670288, 0.8552387952804565, 0.8522582650184631, 0.84869784116745, 0.8463862538337708, 0.8452409505844116, 0.8382192850112915, 0.8360982537269592, 0.8286768794059753, 0.8228272199630737, 0.8204751014709473, 0.8185765743255615, 0.8145771026611328, 0.8084979057312012, 0.8039397597312927, 0.8060159087181091],