{"n_parameters": 200465, "training_time": 7497.954773902893, "loss": [6.079774856567383, 5.681199073791504, 5.555328845977783, 5.454845428466797, 5.365966320037842, 5.295827865600586, 5.231131553649902, 5.177290916442871, 5.11716890335083, 5.0560479164123535, 4.9870100021362305, 4.917068004608154, 4.852193355560303, 4.778951644897461, 4.699810028076172, 4.613379955291748, 4.529319763183594, 4.428618431091309, 4.325385570526123, 4.210626125335693, 4.089120864868164, 3.9626755714416504, 3.835090160369873, 3.688509225845337, 3.565117359161377, 3.427743434906006, 3.313793420791626, 3.2077765464782715, 3.107966184616089, 3.0081191062927246, 2.9144957065582275, 2.836994171142578, 2.7515769004821777, 2.6772279739379883, 2.605710744857788, 2.535316228866577, 2.4653964042663574, 2.406317710876465, 2.347724437713623, 2.283947706222534, 2.231192111968994, 2.1727747917175293, 2.1279654502868652, 2.0867083072662354, 2.0439414978027344, 2.0101821422576904, 1.9716994762420654, 1.9421536922454834, 1.9123589992523193, 1.89223313331604, 1.8667789697647095, 1.8442506790161133, 1.8215926885604858, 1.8060462474822998, 1.7858878374099731, 1.775084137916565, 1.7675215005874634, 1.7583057880401611, 1.7472376823425293, 1.7368240356445312, 1.7303946018218994, 1.7193423509597778, 1.717294454574585, 1.7050230503082275, 1.7021360397338867, 1.7000136375427246, 1.693979263305664, 1.6875851154327393, 1.6896227598190308, 1.6813318729400635, 1.6810897588729858, 1.6731700897216797, 1.666623592376709, 1.664473295211792, 1.6608067750930786, 1.6580804586410522, 1.6586698293685913, 1.6541842222213745, 1.653782606124878, 1.6437101364135742, 1.6446908712387085, 1.6445599794387817, 1.638777732849121, 1.6375664472579956, 1.636454701423645, 1.6312388181686401, 1.631566047668457, 1.6309984922409058, 1.6238200664520264, 1.6247084140777588, 1.620579481124878, 1.616418719291687, 1.616080403327942, 1.6140300035476685, 1.6156861782073975, 1.6086156368255615, 1.6075773239135742, 1.6040632724761963, 1.605204701423645], "rmse": [2.4479966163635254, 2.3666388988494873, 2.341176986694336, 2.320631265640259, 2.30141019821167, 2.287266731262207, 2.272930145263672, 2.2607808113098145, 2.2483034133911133, 2.235712766647339, 2.219831943511963, 2.2035796642303467, 2.189436435699463, 2.1722354888916016, 2.1544485092163086, 2.1345131397247314, 2.11403226852417, 2.0893478393554688, 2.0653328895568848, 2.0371663570404053, 2.0072555541992188, 1.9747408628463745, 1.9411132335662842, 1.9033604860305786, 1.8704334497451782, 1.8332794904708862, 1.8019524812698364, 1.772481083869934, 1.7430883646011353, 1.715162992477417, 1.6875983476638794, 1.665127158164978, 1.6393522024154663, 1.616953730583191, 1.5951621532440186, 1.5734676122665405, 1.5513074398040771, 1.5328214168548584, 1.5142936706542969, 1.4938397407531738, 1.4760937690734863, 1.4564154148101807, 1.4411910772323608, 1.4279230833053589, 1.413243055343628, 1.4023264646530151, 1.387861728668213, 1.3779451847076416, 1.3674187660217285, 1.3597098588943481, 1.3502856492996216, 1.3417495489120483, 1.3339298963546753, 1.3286253213882446, 1.3209056854248047, 1.3173021078109741, 1.3137164115905762, 1.3108911514282227, 1.3064943552017212, 1.3022739887237549, 1.3003803491592407, 1.2965946197509766, 1.2946031093597412, 1.290169358253479, 1.2894335985183716, 1.2875527143478394, 1.2857836484909058, 1.28324556350708, 1.2846981287002563, 1.2816805839538574, 1.280835509300232, 1.2782524824142456, 1.2757564783096313, 1.2747704982757568, 1.2725805044174194, 1.2722690105438232, 1.272413969039917, 1.2699881792068481, 1.2706408500671387, 1.2662954330444336, 1.266656756401062, 1.2666207551956177, 1.2645055055618286, 1.2635934352874756, 1.2635198831558228, 1.2622095346450806, 1.2623931169509888, 1.261643409729004, 1.2584248781204224, 1.2590525150299072, 1.257279634475708, 1.2557469606399536, 1.255935549736023, 1.255547285079956, 1.255323886871338, 1.2521387338638306, 1.2513141632080078, 1.2507126331329346, 1.2505731582641602], "val_loss": [5.8987627029418945, 5.755466461181641, 5.633579254150391, 5.536655902862549, 5.43589448928833, 5.3577880859375, 5.278217315673828, 5.195197582244873, 5.108508110046387, 5.024352073669434, 4.9418110847473145, 4.86421012878418, 4.779611587524414, 4.693549156188965, 4.607339859008789, 4.506759166717529, 4.391951560974121, 4.27337646484375, 4.149718284606934, 4.01079797744751, 3.871220350265503, 3.7418737411499023, 3.58027720451355, 3.426865816116333, 3.2932677268981934, 3.1748571395874023, 3.064676284790039, 2.9599080085754395, 2.862612009048462, 2.7807674407958984, 2.702889919281006, 2.630263566970825, 2.5502474308013916, 2.4886844158172607, 2.424720287322998, 2.3715689182281494, 2.3094887733459473, 2.2555081844329834, 2.2009124755859375, 2.1551389694213867, 2.1065609455108643, 2.056321382522583, 2.0210392475128174, 1.9845997095108032, 1.9477193355560303, 1.918831467628479, 1.8911209106445312, 1.8619314432144165, 1.8333603143692017, 1.8129384517669678, 1.7968966960906982, 1.7709029912948608, 1.7594722509384155, 1.7427871227264404, 1.7319201231002808, 1.7235679626464844, 1.7104108333587646, 1.7041723728179932, 1.6965585947036743, 1.701271653175354, 1.6849539279937744, 1.680936336517334, 1.6886324882507324, 1.672194242477417, 1.6689469814300537, 1.6642285585403442, 1.6685636043548584, 1.6633715629577637, 1.6631983518600464, 1.6531617641448975, 1.6503479480743408, 1.6552097797393799, 1.6528676748275757, 1.64897620677948, 1.6505402326583862, 1.6502448320388794, 1.6449207067489624, 1.6342225074768066, 1.6330684423446655, 1.6427325010299683, 1.634840726852417, 1.637091875076294, 1.6376211643218994, 1.6319670677185059, 1.6223042011260986, 1.6234482526779175, 1.6289708614349365, 1.620254635810852, 1.6273062229156494, 1.6270701885223389, 1.6235547065734863, 1.6181188821792603, 1.6193187236785889, 1.609885334968567, 1.6183490753173828, 1.6225979328155518, 1.614714503288269, 1.6138055324554443, 1.6101300716400146], "val_rmse": [2.4113597869873047, 2.3823680877685547, 2.357710599899292, 2.337876081466675, 2.316969394683838, 2.3006021976470947, 2.283726215362549, 2.2657246589660645, 2.2467451095581055, 2.2281510829925537, 2.2096304893493652, 2.192049503326416, 2.1727898120880127, 2.152884006500244, 2.132695436477661, 2.108966588973999, 2.0814990997314453, 2.0526676177978516, 2.022136688232422, 1.9873167276382446, 1.9516997337341309, 1.9179331064224243, 1.8751423358917236, 1.8334593772888184, 1.7964084148406982, 1.7629899978637695, 1.7314785718917847, 1.7012516260147095, 1.672715663909912, 1.648272156715393, 1.624732255935669, 1.6025173664093018, 1.5780185461044312, 1.558724284172058, 1.5385371446609497, 1.5215775966644287, 1.5016201734542847, 1.4840856790542603, 1.466202974319458, 1.450889229774475, 1.4345630407333374, 1.4174500703811646, 1.4053194522857666, 1.3926604986190796, 1.3797599077224731, 1.3696157932281494, 1.3597395420074463, 1.3492181301116943, 1.338909387588501, 1.33139169216156, 1.3256028890609741, 1.3159769773483276, 1.311731219291687, 1.3054468631744385, 1.3013650178909302, 1.298170804977417, 1.2931935787200928, 1.2909623384475708, 1.2878614664077759, 1.2897539138793945, 1.2833683490753174, 1.2818553447723389, 1.2848962545394897, 1.2786154747009277, 1.2771984338760376, 1.2754558324813843, 1.2769197225570679, 1.2750844955444336, 1.2749282121658325, 1.2710572481155396, 1.2699984312057495, 1.2717374563217163, 1.2709169387817383, 1.269506812095642, 1.2699999809265137, 1.2699799537658691, 1.2678340673446655, 1.2635177373886108, 1.263107419013977, 1.2669193744659424, 1.26385498046875, 1.2648423910140991, 1.2650091648101807, 1.2628403902053833, 1.2588921785354614, 1.2594505548477173, 1.2616174221038818, 1.2580976486206055, 1.2609590291976929, 1.2609280347824097, 1.2594635486602783, 1.2573097944259644, 1.2577744722366333, 1.2542275190353394, 1.2574808597564697, 1.2592432498931885, 1.256113052368164, 1.255810022354126, 1.2543361186981201]}