{"n_parameters": 204161, "training_time": 5528.884951353073, "loss": [5.846362590789795, 5.641458988189697, 5.462526321411133, 5.29332160949707, 5.138290882110596, 4.99583101272583, 4.867097854614258, 4.735288143157959, 4.601058483123779, 4.467365741729736, 4.335075378417969, 4.213089466094971, 4.0698466300964355, 3.938932180404663, 3.800313711166382, 3.673273801803589, 3.5304324626922607, 3.4076857566833496, 3.2890737056732178, 3.164698362350464, 3.062695264816284, 2.9562995433807373, 2.883063316345215, 2.795558452606201, 2.729174852371216, 2.6400911808013916, 2.592512607574463, 2.5252668857574463, 2.4825873374938965, 2.4265494346618652, 2.4091782569885254, 2.364335298538208, 2.3212947845458984, 2.2893283367156982, 2.2510786056518555, 2.2178714275360107, 2.2002007961273193, 2.1652004718780518, 2.1507389545440674, 2.1152877807617188, 2.097202777862549, 2.0789237022399902, 2.0574350357055664, 2.048311948776245, 2.0221967697143555, 2.005795478820801, 1.992734432220459, 1.9751408100128174, 1.9628440141677856, 1.9538160562515259, 1.9400564432144165, 1.9346511363983154, 1.9211822748184204, 1.9138281345367432, 1.8916542530059814, 1.8921453952789307, 1.8896074295043945, 1.870849370956421, 1.8718540668487549, 1.8702939748764038, 1.853684902191162, 1.8476909399032593, 1.838780403137207, 1.8471052646636963, 1.8289626836776733, 1.8336445093154907, 1.8183645009994507, 1.8201396465301514, 1.8112928867340088, 1.8126106262207031, 1.79374098777771, 1.7898695468902588, 1.7999954223632812, 1.7926499843597412, 1.7859829664230347, 1.7812817096710205, 1.7809081077575684, 1.7814751863479614, 1.7793104648590088, 1.7613179683685303, 1.7636173963546753, 1.7583012580871582, 1.764520525932312, 1.7519927024841309, 1.7485074996948242, 1.748091220855713, 1.7458840608596802, 1.738072395324707, 1.7391471862792969, 1.7382925748825073], "rmse": [2.401324987411499, 2.3577866554260254, 2.320540189743042, 2.285167932510376, 2.252243995666504, 2.220604658126831, 2.1934022903442383, 2.162933111190796, 2.1315009593963623, 2.100057363510132, 2.0685808658599854, 2.0392370223999023, 2.003774642944336, 1.9709213972091675, 1.9356939792633057, 1.9023605585098267, 1.8637819290161133, 1.8299002647399902, 1.7972079515457153, 1.7621335983276367, 1.7333873510360718, 1.7014235258102417, 1.679780125617981, 1.6540457010269165, 1.6335325241088867, 1.606286644935608, 1.591355800628662, 1.5707019567489624, 1.5565558671951294, 1.5390905141830444, 1.5334131717681885, 1.5190211534500122, 1.506717562675476, 1.4948170185089111, 1.4827709197998047, 1.4710665941238403, 1.4651833772659302, 1.452841877937317, 1.4487650394439697, 1.4363096952438354, 1.429998755455017, 1.4238771200180054, 1.4170761108398438, 1.4139292240142822, 1.4051845073699951, 1.3991832733154297, 1.394881248474121, 1.3882099390029907, 1.3854858875274658, 1.3809186220169067, 1.3767338991165161, 1.3742140531539917, 1.3692150115966797, 1.3672209978103638, 1.3586080074310303, 1.358666181564331, 1.3588489294052124, 1.3512517213821411, 1.3513563871383667, 1.3508014678955078, 1.3450865745544434, 1.3432471752166748, 1.3398034572601318, 1.3426806926727295, 1.3359347581863403, 1.3381129503250122, 1.3323639631271362, 1.3326860666275024, 1.3288772106170654, 1.3305739164352417, 1.3233445882797241, 1.321789026260376, 1.3249472379684448, 1.3232271671295166, 1.3204751014709473, 1.3191087245941162, 1.3180986642837524, 1.3184967041015625, 1.3180288076400757, 1.3111467361450195, 1.3107495307922363, 1.3099169731140137, 1.3114694356918335, 1.3071964979171753, 1.3057758808135986, 1.305484652519226, 1.3049010038375854, 1.302872896194458, 1.3013805150985718, 1.3020250797271729], "val_loss": [5.812300205230713, 5.621593475341797, 5.427076816558838, 5.2505784034729, 5.071674346923828, 4.915622711181641, 4.758516788482666, 4.613185405731201, 4.453287601470947, 4.305301189422607, 4.160830020904541, 4.011175632476807, 3.8525307178497314, 3.7025299072265625, 3.543657064437866, 3.3867027759552, 3.240384578704834, 3.1107492446899414, 2.9736576080322266, 2.8497331142425537, 2.741961717605591, 2.642869472503662, 2.5622305870056152, 2.4713966846466064, 2.3917720317840576, 2.3242545127868652, 2.2653539180755615, 2.2092976570129395, 2.1592469215393066, 2.1108169555664062, 2.0787079334259033, 2.046565055847168, 2.0088751316070557, 1.983048915863037, 1.9445598125457764, 1.926782488822937, 1.9066113233566284, 1.8794441223144531, 1.8577641248703003, 1.8385708332061768, 1.8151307106018066, 1.8037405014038086, 1.7846964597702026, 1.7762994766235352, 1.7668259143829346, 1.7534599304199219, 1.7424978017807007, 1.7396961450576782, 1.7286186218261719, 1.7309153079986572, 1.722679853439331, 1.7128080129623413, 1.698386311531067, 1.6964541673660278, 1.696880578994751, 1.6942355632781982, 1.6988837718963623, 1.6815930604934692, 1.6757725477218628, 1.6760495901107788, 1.672115445137024, 1.6738876104354858, 1.6701486110687256, 1.6642457246780396, 1.6724776029586792, 1.6579046249389648, 1.6564935445785522, 1.6488724946975708, 1.6426334381103516, 1.6577932834625244, 1.6472580432891846, 1.6508573293685913, 1.6317216157913208, 1.6420201063156128, 1.6441010236740112, 1.6308486461639404, 1.632063627243042, 1.6230577230453491, 1.6298996210098267, 1.634556770324707, 1.6314867734909058, 1.6222167015075684, 1.6240463256835938, 1.6181560754776, 1.6110355854034424, 1.6272038221359253, 1.6242988109588623, 1.6137362718582153, 1.6213486194610596, 1.6133661270141602], "val_rmse": [2.3934075832366943, 2.3544907569885254, 2.314340591430664, 2.2770309448242188, 2.238314390182495, 2.2039313316345215, 2.168708324432373, 2.1351542472839355, 2.0978126525878906, 2.062551498413086, 2.027238607406616, 1.9900176525115967, 1.949792504310608, 1.9107593297958374, 1.86860191822052, 1.825974702835083, 1.7853271961212158, 1.7483590841293335, 1.7086782455444336, 1.6718659400939941, 1.639206051826477, 1.6086896657943726, 1.5833970308303833, 1.5545642375946045, 1.5288006067276, 1.5066568851470947, 1.4871671199798584, 1.4684873819351196, 1.451587200164795, 1.435092806816101, 1.424126386642456, 1.413017988204956, 1.3998706340789795, 1.3908754587173462, 1.3772907257080078, 1.3710870742797852, 1.363983392715454, 1.3541945219039917, 1.3464540243148804, 1.3395215272903442, 1.3309131860733032, 1.3269239664077759, 1.3199408054351807, 1.3169234991073608, 1.313499927520752, 1.308573842048645, 1.3044533729553223, 1.3035895824432373, 1.2994067668914795, 1.3004988431930542, 1.2973097562789917, 1.2935010194778442, 1.287960171699524, 1.2873133420944214, 1.2875378131866455, 1.2866262197494507, 1.2886260747909546, 1.2817201614379883, 1.2795445919036865, 1.2796199321746826, 1.278047800064087, 1.2788206338882446, 1.2773998975753784, 1.2750831842422485, 1.2784124612808228, 1.2726260423660278, 1.2721507549285889, 1.2690794467926025, 1.2666282653808594, 1.2728101015090942, 1.2685606479644775, 1.2699612379074097, 1.262381911277771, 1.2665427923202515, 1.2674349546432495, 1.2620786428451538, 1.2626954317092896, 1.2589468955993652, 1.2618237733840942, 1.2637139558792114, 1.2624276876449585, 1.2587203979492188, 1.2594265937805176, 1.2571158409118652, 1.2542074918746948, 1.2608314752578735, 1.259683609008789, 1.2553812265396118, 1.2585035562515259, 1.2553291320800781]}