{"n_parameters": 348033, "training_time": 11779.58879327774, "loss": [6.131583213806152, 5.982072830200195, 5.866141319274902, 5.80098819732666, 5.74497652053833, 5.713237285614014, 5.665431976318359, 5.625448226928711, 5.604587078094482, 5.589730739593506, 5.5623955726623535, 5.546419620513916, 5.526604652404785, 5.508061408996582, 5.494473457336426, 5.4736199378967285, 5.459449291229248, 5.442521572113037, 5.418513298034668, 5.407029151916504, 5.380317211151123, 5.351263523101807, 5.335236072540283, 5.2980780601501465, 5.270792484283447, 5.240034580230713, 5.215750217437744, 5.1747541427612305, 5.14084005355835, 5.102654933929443, 5.0701751708984375, 5.010356426239014, 4.982231616973877, 4.93110466003418, 4.889192581176758, 4.825195789337158, 4.781782150268555, 4.732256889343262, 4.673141002655029, 4.607259273529053, 4.53804349899292, 4.485506534576416, 4.443073272705078, 4.372095108032227, 4.308830738067627, 4.255378723144531, 4.198467254638672, 4.167119979858398, 4.105817794799805, 4.0627121925354, 4.001116752624512, 3.947068691253662, 3.906341791152954, 3.8636715412139893, 3.820580005645752, 3.7698049545288086, 3.7405316829681396, 3.6914937496185303, 3.662874460220337, 3.6176717281341553, 3.5647683143615723, 3.528079032897949, 3.50219464302063, 3.4516685009002686, 3.4391305446624756, 3.3977649211883545, 3.3315961360931396, 3.30588436126709, 3.289351224899292, 3.2491304874420166, 3.2259469032287598, 3.188494920730591, 3.1678736209869385, 3.1288955211639404, 3.1082587242126465, 3.073065757751465, 3.043095111846924, 3.0274946689605713, 2.9778428077697754, 2.944364547729492, 2.9401819705963135, 2.913682460784912, 2.9134037494659424, 2.8859329223632812, 2.858179807662964, 2.8460357189178467, 2.8199234008789062, 2.8110806941986084, 2.794872999191284, 2.7641079425811768, 2.7611806392669678, 2.73410701751709, 2.7075142860412598, 2.696373701095581, 2.6833107471466064, 2.670945167541504, 2.654176712036133, 2.650162935256958, 2.624615430831909, 2.6128153800964355, 2.5970821380615234, 2.590672254562378, 2.584270715713501, 2.570183515548706, 2.572817802429199, 2.5476651191711426, 2.5487759113311768, 2.5150341987609863, 2.5289814472198486, 2.511248826980591, 2.5005760192871094, 2.481288194656372, 2.465545892715454, 2.455334424972534, 2.453464984893799, 2.4524357318878174, 2.434248924255371, 2.4277215003967285, 2.424211263656616, 2.4015955924987793, 2.4003562927246094, 2.3838093280792236, 2.385856866836548, 2.378756523132324, 2.3642148971557617, 2.3616626262664795, 2.3380653858184814, 2.332627058029175, 2.326382875442505, 2.320883274078369, 2.3244056701660156], "rmse": [2.4582293033599854, 2.427929639816284, 2.4042911529541016, 2.391890048980713, 2.3801026344299316, 2.375408411026001, 2.3646552562713623, 2.356376886367798, 2.352918863296509, 2.3488001823425293, 2.3429200649261475, 2.340242385864258, 2.3365139961242676, 2.3327548503875732, 2.3299248218536377, 2.3251430988311768, 2.3226866722106934, 2.318636894226074, 2.31349515914917, 2.3109943866729736, 2.3057169914245605, 2.298779249191284, 2.295071601867676, 2.286832809448242, 2.2817766666412354, 2.274670362472534, 2.2693192958831787, 2.260976552963257, 2.2530033588409424, 2.24454927444458, 2.2372398376464844, 2.224015235900879, 2.2179362773895264, 2.2058053016662598, 2.196108341217041, 2.181368589401245, 2.171452760696411, 2.159597396850586, 2.146467447280884, 2.130807876586914, 2.1136467456817627, 2.1012320518493652, 2.0910565853118896, 2.0741820335388184, 2.058797836303711, 2.044757843017578, 2.032158851623535, 2.023137092590332, 2.008521795272827, 1.9970285892486572, 1.982507586479187, 1.9681954383850098, 1.9589347839355469, 1.9473472833633423, 1.9358084201812744, 1.9233431816101074, 1.9164035320281982, 1.9023469686508179, 1.8955857753753662, 1.8844462633132935, 1.8700952529907227, 1.8598231077194214, 1.852567195892334, 1.8394936323165894, 1.8372669219970703, 1.825645089149475, 1.807205319404602, 1.8006504774093628, 1.796438455581665, 1.7847307920455933, 1.7791829109191895, 1.7672336101531982, 1.7627383470535278, 1.7510342597961426, 1.7461456060409546, 1.7369799613952637, 1.7272417545318604, 1.722869634628296, 1.70784330368042, 1.6992985010147095, 1.6978644132614136, 1.6907373666763306, 1.6903313398361206, 1.682224988937378, 1.6742026805877686, 1.6707879304885864, 1.662988543510437, 1.660453200340271, 1.655227780342102, 1.6465275287628174, 1.6447627544403076, 1.6373400688171387, 1.6287213563919067, 1.6254818439483643, 1.621884822845459, 1.6178823709487915, 1.6135153770446777, 1.6115200519561768, 1.6043378114700317, 1.6003499031066895, 1.5954663753509521, 1.592991590499878, 1.5908676385879517, 1.5873538255691528, 1.5880424976348877, 1.57984459400177, 1.5801128149032593, 1.569872260093689, 1.5739282369613647, 1.569421410560608, 1.565757155418396, 1.558605432510376, 1.5551031827926636, 1.5509003400802612, 1.550240159034729, 1.5501660108566284, 1.54398775100708, 1.5427005290985107, 1.5399008989334106, 1.5329962968826294, 1.5339176654815674, 1.528323769569397, 1.528357982635498, 1.5255608558654785, 1.521511435508728, 1.5209910869598389, 1.513230800628662, 1.5109848976135254, 1.5090514421463013, 1.5069239139556885, 1.5087816715240479], "val_loss": [5.9179792404174805, 5.787439823150635, 5.738600730895996, 5.670506954193115, 5.610119819641113, 5.593621730804443, 5.5807695388793945, 5.5470709800720215, 5.5244927406311035, 5.523385047912598, 5.497164249420166, 5.4768900871276855, 5.455901622772217, 5.425541400909424, 5.397694110870361, 5.377277374267578, 5.335017681121826, 5.306644439697266, 5.276134014129639, 5.239660263061523, 5.2150044441223145, 5.171851634979248, 5.138207912445068, 5.095305919647217, 5.052116870880127, 4.989591121673584, 4.937037944793701, 4.925710678100586, 4.87839412689209, 4.8015923500061035, 4.76149845123291, 4.687005043029785, 4.618317127227783, 4.54241418838501, 4.462936878204346, 4.409358501434326, 4.29939079284668, 4.242940425872803, 4.15402889251709, 4.090421676635742, 3.9788665771484375, 3.8771004676818848, 3.816878318786621, 3.7145681381225586, 3.6610875129699707, 3.5574004650115967, 3.4951884746551514, 3.425861358642578, 3.34885311126709, 3.291264057159424, 3.23382568359375, 3.1739182472229004, 3.121035099029541, 3.080946683883667, 3.0526809692382812, 3.011023759841919, 2.9855191707611084, 2.9547014236450195, 2.9321985244750977, 2.904263973236084, 2.904384136199951, 2.8659110069274902, 2.8324973583221436, 2.825692892074585, 2.7723584175109863, 2.767374038696289, 2.729667901992798, 2.726419448852539, 2.683684825897217, 2.68619704246521, 2.660776138305664, 2.6360177993774414, 2.6271543502807617, 2.5879406929016113, 2.5835604667663574, 2.536647081375122, 2.5631489753723145, 2.5143280029296875, 2.5093398094177246, 2.4664037227630615, 2.4581902027130127, 2.474595785140991, 2.470290422439575, 2.426084280014038, 2.4440910816192627, 2.3653171062469482, 2.3620972633361816, 2.382553815841675, 2.3529703617095947, 2.3511083126068115, 2.33404803276062, 2.3233606815338135, 2.3196191787719727, 2.3201746940612793, 2.3195621967315674, 2.2683193683624268, 2.2888946533203125, 2.2560908794403076, 2.2589571475982666, 2.2759573459625244, 2.2516732215881348, 2.2365434169769287, 2.2392385005950928, 2.1966171264648438, 2.205536127090454, 2.20253324508667, 2.1800811290740967, 2.14858078956604, 2.145697593688965, 2.1295676231384277, 2.128420352935791, 2.144266128540039, 2.136070966720581, 2.1259469985961914, 2.0866944789886475, 2.0953946113586426, 2.102283239364624, 2.110269546508789, 2.0880324840545654, 2.0547406673431396, 2.067758321762085, 2.0588834285736084, 2.062731981277466, 2.0478157997131348, 2.076413154602051, 2.041228771209717, 2.06258487701416, 2.042769432067871, 2.0494964122772217, 2.0506160259246826, 2.0725879669189453],