{"n_parameters": 276353, "training_time": 1868.8237731456757, "loss": [5.863445281982422, 5.613446235656738, 5.487700939178467, 5.401111125946045, 5.313739776611328, 5.211301326751709, 5.098872661590576, 4.960053443908691, 4.783347129821777, 4.584681987762451, 4.348927974700928, 4.126729488372803, 3.887113094329834, 3.6762869358062744, 3.4675233364105225, 3.286475658416748, 3.1274027824401855, 2.9744813442230225, 2.852665662765503, 2.743150234222412, 2.652902364730835, 2.56148362159729], "rmse": [2.404188871383667, 2.3524117469787598, 2.3272504806518555, 2.3097481727600098, 2.2912657260894775, 2.2686221599578857, 2.2445526123046875, 2.2138454914093018, 2.173492431640625, 2.127262830734253, 2.070786952972412, 2.0162901878356934, 1.9570780992507935, 1.9018466472625732, 1.845330834388733, 1.7947285175323486, 1.7495386600494385, 1.705702781677246, 1.6684640645980835, 1.6363739967346191, 1.6082462072372437, 1.5805847644805908], "val_loss": [5.760148048400879, 5.533964157104492, 5.403789520263672, 5.323532581329346, 5.170307636260986, 5.031396389007568, 4.908531188964844, 4.686190128326416, 4.473763942718506, 4.2740373611450195, 4.0820770263671875, 3.959369421005249, 3.766810655593872, 3.697263717651367, 3.604076623916626, 3.537217378616333, 3.5342414379119873, 3.592172145843506, 3.631606340408325, 3.646099805831909, 3.6886391639709473, 3.7443127632141113], "val_rmse": [2.3834586143493652, 2.3373024463653564, 2.310382843017578, 2.2933270931243896, 2.259847640991211, 2.228868246078491, 2.2011752128601074, 2.149930715560913, 2.0997226238250732, 2.0518012046813965, 2.0047285556793213, 1.9738335609436035, 1.9244505167007446, 1.9063940048217773, 1.8818970918655396, 1.8645763397216797, 1.8640804290771484, 1.8803004026412964, 1.8914088010787964, 1.895721197128296, 1.907623291015625, 1.9226471185684204]}