{"n_parameters": 37809, "training_time": 3694.0189430713654, "loss": [6.110869407653809, 6.043480396270752, 5.997223377227783, 5.930423736572266, 5.8971638679504395, 5.842408180236816, 5.815593242645264, 5.77687406539917, 5.737093448638916, 5.708983421325684, 5.670945644378662, 5.631106376647949, 5.586893558502197, 5.5550456047058105, 5.513940334320068, 5.474619388580322, 5.4446001052856445, 5.399220943450928, 5.349012851715088, 5.309385776519775, 5.252015113830566, 5.204410552978516, 5.147010326385498, 5.104282379150391, 5.0453877449035645, 4.988040924072266, 4.936352252960205, 4.892012119293213, 4.832888603210449, 4.7689313888549805, 4.715599536895752, 4.64262580871582, 4.583444118499756, 4.510470390319824, 4.438024997711182, 4.396217346191406, 4.3279709815979, 4.285725116729736, 4.2146077156066895, 4.17240571975708, 4.10893440246582, 4.056266784667969, 3.9999444484710693, 3.951937675476074, 3.9091150760650635, 3.8670475482940674, 3.812558174133301, 3.7734506130218506, 3.7470641136169434, 3.722264528274536, 3.6736972332000732, 3.631822109222412, 3.614946126937866, 3.5630362033843994, 3.525247097015381, 3.5121278762817383, 3.4742085933685303, 3.4405782222747803, 3.414849042892456, 3.3841564655303955, 3.359147310256958, 3.34662127494812, 3.3184964656829834, 3.2927305698394775, 3.269214630126953, 3.2343711853027344, 3.2331204414367676, 3.1989541053771973, 3.189239978790283, 3.1580123901367188, 3.144285202026367, 3.136404275894165, 3.0859475135803223, 3.0879459381103516, 3.075195789337158, 3.0535666942596436, 3.027956962585449, 2.9989423751831055, 2.9886832237243652, 2.987640142440796, 2.9729819297790527, 2.9687676429748535, 2.942530870437622, 2.9334185123443604, 2.9260785579681396, 2.9172816276550293, 2.8796544075012207, 2.8747000694274902, 2.8615734577178955, 2.8493688106536865, 2.8343870639801025, 2.8184921741485596, 2.8248133659362793, 2.8106722831726074, 2.7907583713531494, 2.7709224224090576, 2.758324384689331, 2.7586560249328613], "rmse": [2.453913450241089, 2.440577268600464, 2.4316275119781494, 2.4183669090270996, 2.411245346069336, 2.400866746902466, 2.394810199737549, 2.3874897956848145, 2.3786730766296387, 2.3725619316101074, 2.366201639175415, 2.35697865486145, 2.348331928253174, 2.34110164642334, 2.3322255611419678, 2.323225975036621, 2.317772388458252, 2.308685064315796, 2.2979512214660645, 2.2888646125793457, 2.277698278427124, 2.2658045291900635, 2.2528629302978516, 2.244859218597412, 2.230876922607422, 2.21854567527771, 2.206453561782837, 2.195141077041626, 2.1833581924438477, 2.168452262878418, 2.1553752422332764, 2.138613224029541, 2.124417543411255, 2.1072256565093994, 2.090358257293701, 2.0807440280914307, 2.0632669925689697, 2.053969621658325, 2.0353128910064697, 2.0253889560699463, 2.0090959072113037, 1.9958033561706543, 1.9827181100845337, 1.9705846309661865, 1.9599401950836182, 1.9483215808868408, 1.9344209432601929, 1.9245223999023438, 1.9183093309402466, 1.9117016792297363, 1.8991316556930542, 1.8877419233322144, 1.8827940225601196, 1.8697688579559326, 1.8594948053359985, 1.856318712234497, 1.8452527523040771, 1.8362144231796265, 1.829809308052063, 1.821975827217102, 1.8145761489868164, 1.8117817640304565, 1.8043012619018555, 1.7958638668060303, 1.7904460430145264, 1.7802098989486694, 1.779884934425354, 1.7695289850234985, 1.7671494483947754, 1.7585307359695435, 1.7550935745239258, 1.752789855003357, 1.7393208742141724, 1.7390671968460083, 1.7353579998016357, 1.7293306589126587, 1.721388339996338, 1.7135530710220337, 1.7094593048095703, 1.710845947265625, 1.7061330080032349, 1.7044849395751953, 1.6963534355163574, 1.694765329360962, 1.692124843597412, 1.6886776685714722, 1.6781316995620728, 1.6771444082260132, 1.6725804805755615, 1.6693875789642334, 1.6651109457015991, 1.6610828638076782, 1.66219961643219, 1.6580780744552612, 1.65119469165802, 1.6463072299957275, 1.6411786079406738, 1.6420814990997314], "val_loss": [5.836984157562256, 5.765112400054932, 5.687489032745361, 5.621147155761719, 5.588383674621582, 5.557228088378906, 5.5324578285217285, 5.496889591217041, 5.4504780769348145, 5.3946051597595215, 5.33549690246582, 5.282476902008057, 5.223872661590576, 5.160810470581055, 5.096154689788818, 5.027719497680664, 4.966333866119385, 4.901729106903076, 4.833266258239746, 4.783668518066406, 4.709691524505615, 4.652688980102539, 4.580386161804199, 4.505446434020996, 4.428525447845459, 4.351466655731201, 4.272439479827881, 4.174377918243408, 4.103737831115723, 4.016921043395996, 3.927281379699707, 3.864987850189209, 3.780529260635376, 3.6873233318328857, 3.607114791870117, 3.536956310272217, 3.4456119537353516, 3.368065357208252, 3.320394992828369, 3.238529682159424, 3.1945486068725586, 3.1353678703308105, 3.0878562927246094, 3.049320936203003, 3.017026424407959, 2.97594952583313, 2.9691905975341797, 2.932286262512207, 2.896662950515747, 2.8810880184173584, 2.8467912673950195, 2.833739995956421, 2.8017795085906982, 2.7839772701263428, 2.753453493118286, 2.7598299980163574, 2.731149435043335, 2.6989474296569824, 2.69659686088562, 2.678819417953491, 2.661712884902954, 2.6241538524627686, 2.648885726928711, 2.6208300590515137, 2.605187177658081, 2.591646432876587, 2.580204725265503, 2.601043462753296, 2.563159465789795, 2.553396463394165, 2.568031072616577, 2.538522243499756, 2.541795253753662, 2.5379981994628906, 2.543630838394165, 2.5064384937286377, 2.5424959659576416, 2.505319833755493, 2.4994606971740723, 2.5045578479766846, 2.4882493019104004, 2.521934747695923, 2.4981095790863037, 2.4591753482818604, 2.4993231296539307, 2.501859426498413, 2.4671595096588135, 2.4651172161102295, 2.4390058517456055, 2.4411520957946777, 2.4424149990081787, 2.4683499336242676, 2.4356300830841064, 2.481888771057129, 2.445044994354248, 2.456470251083374, 2.4592130184173584, 2.443763017654419], "val_rmse": [2.398728609085083, 2.3842756748199463, 2.3685507774353027, 2.355172634124756, 2.3483479022979736, 2.3421096801757812, 2.3370068073272705, 2.3296308517456055, 2.3198719024658203, 2.3080575466156006, 2.2954325675964355, 2.2838547229766846, 2.271225690841675, 2.257490396499634, 2.243314266204834, 2.2282516956329346, 2.2145042419433594, 2.1999473571777344, 2.18456768989563, 2.173081636428833, 2.156290292739868, 2.143000841140747, 2.1260926723480225, 2.1083645820617676, 2.0900304317474365, 2.0714120864868164, 2.052142381668091, 2.028319835662842, 2.0105714797973633, 1.988815426826477, 1.9661577939987183, 1.9498475790023804, 1.9279676675796509, 1.9037036895751953, 1.8823665380477905, 1.863452672958374, 1.8388924598693848, 1.8176071643829346, 1.8043620586395264, 1.7815908193588257, 1.7690190076828003, 1.7523014545440674, 1.7386276721954346, 1.7274779081344604, 1.7181892395019531, 1.7063791751861572, 1.7043651342391968, 1.6935269832611084, 1.683090329170227, 1.6785752773284912, 1.6685020923614502, 1.664605975151062, 1.6551592350006104, 1.6499642133712769, 1.6407639980316162, 1.6428990364074707, 1.6342267990112305, 1.6244791746139526, 1.6238679885864258, 1.6185212135314941, 1.613355040550232, 1.6015782356262207, 1.6095560789108276, 1.6007881164550781, 1.5959885120391846, 1.5918152332305908, 1.5881985425949097, 1.595086693763733, 1.5830731391906738, 1.5800588130950928, 1.5849648714065552, 1.5755219459533691, 1.5766972303390503, 1.575628399848938, 1.577402114868164, 1.5655544996261597, 1.5773086547851562, 1.565342664718628, 1.563576579093933, 1.565373182296753, 1.5601364374160767, 1.5712335109710693, 1.5635747909545898, 1.5509636402130127, 1.5641382932662964, 1.5650832653045654, 1.5537774562835693, 1.5532112121582031, 1.544758677482605, 1.5455172061920166, 1.5459870100021362, 1.5544599294662476, 1.5438761711120605, 1.559041976928711, 1.547033667564392, 1.550870656967163, 1.5517627000808716, 1.5468076467514038]}