{"n_parameters": 145681, "training_time": 2819.800061941147, "loss": [6.252799034118652, 6.108968734741211, 5.996398448944092, 5.90145206451416, 5.858381271362305, 5.787033557891846, 5.755708694458008, 5.691877841949463, 5.663671493530273, 5.625668048858643, 5.573777198791504, 5.532567501068115, 5.504153728485107, 5.473796367645264, 5.417337894439697, 5.399916172027588, 5.360266208648682, 5.33259391784668, 5.294646739959717, 5.259509086608887, 5.208755970001221, 5.1902360916137695, 5.160562515258789, 5.130687236785889, 5.085020542144775, 5.091975212097168, 5.0398173332214355, 5.006217002868652, 4.963933944702148, 4.930274963378906, 4.914467811584473, 4.875293731689453, 4.832967281341553, 4.802138805389404, 4.75344181060791, 4.716996669769287, 4.644233226776123, 4.588651657104492, 4.531388282775879, 4.450711250305176, 4.389145374298096, 4.31418514251709, 4.210784435272217, 4.135288238525391, 4.035528182983398, 3.9422295093536377, 3.834348201751709, 3.753413438796997], "rmse": [2.482426881790161, 2.4534027576446533, 2.430530309677124, 2.4111526012420654, 2.4023680686950684, 2.3888401985168457, 2.3820207118988037, 2.368556022644043, 2.362459421157837, 2.3559770584106445, 2.3446767330169678, 2.3368780612945557, 2.3307313919067383, 2.324049234390259, 2.3120806217193604, 2.3094570636749268, 2.3001391887664795, 2.2944202423095703, 2.286280870437622, 2.2790629863739014, 2.2676122188568115, 2.263357639312744, 2.2569212913513184, 2.250958204269409, 2.2409791946411133, 2.2417526245117188, 2.230297088623047, 2.223129987716675, 2.213804244995117, 2.206249475479126, 2.202685832977295, 2.194124698638916, 2.184032678604126, 2.1764745712280273, 2.16558837890625, 2.1571900844573975, 2.1404051780700684, 2.1264612674713135, 2.11342191696167, 2.094632148742676, 2.0802502632141113, 2.0614776611328125, 2.037130355834961, 2.0177969932556152, 1.9931459426879883, 1.9694501161575317, 1.9419052600860596, 1.9206857681274414], "val_loss": [5.889456748962402, 5.877530574798584, 5.827633380889893, 5.7976226806640625, 5.788845062255859, 5.779714584350586, 5.776272773742676, 5.77540922164917, 5.769010066986084, 5.769124984741211, 5.777290344238281, 5.753086566925049, 5.746593952178955, 5.742300987243652, 5.726093292236328, 5.7140727043151855, 5.710184097290039, 5.700128555297852, 5.64804220199585, 5.6489386558532715, 5.640468597412109, 5.5979084968566895, 5.571122646331787, 5.595828056335449, 5.569648742675781, 5.5555500984191895, 5.549596309661865, 5.537053108215332, 5.512959003448486, 5.528115272521973, 5.501737594604492, 5.5097174644470215, 5.474205493927002, 5.432037353515625, 5.427666664123535, 5.386887550354004, 5.3436279296875, 5.341856956481934, 5.305691242218018, 5.2914958000183105, 5.261229515075684, 5.267758846282959, 5.259044170379639, 5.284056186676025, 5.328554153442383, 5.362957954406738, 5.400511741638184, 5.4928741455078125], "val_rmse": [2.40865159034729, 2.406430721282959, 2.3963661193847656, 2.390292167663574, 2.388443946838379, 2.3865435123443604, 2.3857927322387695, 2.385624408721924, 2.384329319000244, 2.3843657970428467, 2.386016607284546, 2.3811144828796387, 2.379751205444336, 2.3788163661956787, 2.3754312992095947, 2.3728721141815186, 2.3720157146453857, 2.369899034500122, 2.359135389328003, 2.3592498302459717, 2.357492446899414, 2.3486852645874023, 2.3431456089019775, 2.3482441902160645, 2.342827796936035, 2.3399085998535156, 2.3386547565460205, 2.336013078689575, 2.3309757709503174, 2.3341286182403564, 2.3286020755767822, 2.3302001953125, 2.3227241039276123, 2.313793420791626, 2.3127760887145996, 2.3040671348571777, 2.294776678085327, 2.294266939163208, 2.2865023612976074, 2.2834360599517822, 2.276981830596924, 2.278439998626709, 2.276677131652832, 2.28231143951416, 2.292133331298828, 2.2998337745666504, 2.308201789855957, 2.32824444770813]}