{"n_parameters": 478449, "training_time": 9796.549221754074, "loss": [5.933899879455566, 5.633395671844482, 5.507740020751953, 5.409711837768555, 5.354443073272705, 5.2902960777282715, 5.2210516929626465, 5.170226097106934, 5.107679843902588, 5.031059265136719, 4.970754146575928, 4.906208515167236, 4.816861629486084, 4.717668533325195, 4.603789329528809, 4.496091842651367, 4.363950252532959, 4.2387895584106445, 4.122106075286865, 4.004118919372559, 3.903935670852661, 3.7943711280822754, 3.697838068008423, 3.6131820678710938, 3.5309011936187744, 3.443241596221924, 3.3692100048065186, 3.289721727371216, 3.2135109901428223, 3.1603188514709473, 3.0943386554718018, 3.0223612785339355, 2.958733558654785, 2.9011902809143066, 2.8610832691192627, 2.815480947494507, 2.772834300994873, 2.718569755554199, 2.6840312480926514, 2.65954327583313, 2.6136579513549805, 2.587561845779419, 2.5710012912750244, 2.541386604309082, 2.5178163051605225, 2.4901812076568604, 2.466862440109253, 2.4416253566741943, 2.4069552421569824, 2.400395154953003, 2.3763959407806396, 2.3696959018707275, 2.3480215072631836, 2.3368828296661377, 2.3122177124023438, 2.302309036254883, 2.2788517475128174, 2.265082836151123, 2.2509639263153076, 2.257896900177002, 2.225886106491089, 2.2153756618499756, 2.2098686695098877, 2.193232536315918, 2.187811851501465, 2.177774429321289, 2.1713595390319824, 2.1639795303344727, 2.155390739440918, 2.133565902709961, 2.136080741882324, 2.122971534729004, 2.12092924118042, 2.1175405979156494, 2.1072134971618652, 2.101059913635254, 2.092076063156128, 2.088669776916504, 2.084993600845337, 2.0730011463165283, 2.0654211044311523, 2.068315267562866, 2.0505237579345703, 2.0533788204193115, 2.0407402515411377, 2.052107572555542], "rmse": [2.41766357421875, 2.357311964035034, 2.330893039703369, 2.310777425765991, 2.299222469329834, 2.2857506275177, 2.2703871726989746, 2.259503126144409, 2.245441198348999, 2.2291200160980225, 2.215182065963745, 2.2002663612365723, 2.179966688156128, 2.157144784927368, 2.1307594776153564, 2.1042819023132324, 2.0732972621917725, 2.0417656898498535, 2.0139734745025635, 1.9824007749557495, 1.9579596519470215, 1.929385781288147, 1.9055343866348267, 1.8823825120925903, 1.8612138032913208, 1.837228536605835, 1.8177978992462158, 1.7950986623764038, 1.7744762897491455, 1.7587628364562988, 1.74075186252594, 1.7195866107940674, 1.7022814750671387, 1.683918833732605, 1.6736005544662476, 1.6603347063064575, 1.647140383720398, 1.6312938928604126, 1.6209399700164795, 1.6135646104812622, 1.5998495817184448, 1.5921202898025513, 1.5860679149627686, 1.5770493745803833, 1.570321798324585, 1.5610185861587524, 1.5542572736740112, 1.546255111694336, 1.5348823070526123, 1.5331463813781738, 1.5253368616104126, 1.5236655473709106, 1.516143798828125, 1.5141793489456177, 1.5041548013687134, 1.5018420219421387, 1.4942502975463867, 1.4895449876785278, 1.4852408170700073, 1.4875937700271606, 1.4763354063034058, 1.4730702638626099, 1.4713457822799683, 1.4658825397491455, 1.4637691974639893, 1.4604010581970215, 1.4586422443389893, 1.4559894800186157, 1.4522596597671509, 1.4453014135360718, 1.4463287591934204, 1.4421312808990479, 1.4411745071411133, 1.4397244453430176, 1.4355674982070923, 1.4344186782836914, 1.4308899641036987, 1.4304720163345337, 1.4287817478179932, 1.4240236282348633, 1.4212887287139893, 1.423351764678955, 1.4161148071289062, 1.4180653095245361, 1.4127379655838013, 1.4175350666046143], "val_loss": [5.59279203414917, 5.4426069259643555, 5.335359573364258, 5.2330322265625, 5.112203598022461, 5.042503833770752, 4.938842296600342, 4.833162784576416, 4.735482692718506, 4.63210391998291, 4.531653881072998, 4.408259391784668, 4.326812744140625, 4.158504009246826, 3.990251302719116, 3.8176803588867188, 3.639029026031494, 3.493443727493286, 3.346376419067383, 3.221662759780884, 3.1224403381347656, 3.026907444000244, 2.966050624847412, 2.8636369705200195, 2.832562208175659, 2.7316558361053467, 2.670018196105957, 2.6167471408843994, 2.546480417251587, 2.4803154468536377, 2.444869041442871, 2.392479181289673, 2.3652114868164062, 2.3329877853393555, 2.3151557445526123, 2.2904293537139893, 2.2807345390319824, 2.223590850830078, 2.2382047176361084, 2.2171847820281982, 2.1722683906555176, 2.151434898376465, 2.12812876701355, 2.0992937088012695, 2.0583479404449463, 2.025280237197876, 2.006619930267334, 1.9807968139648438, 1.9394044876098633, 1.9391942024230957, 1.9094939231872559, 1.8986481428146362, 1.9005560874938965, 1.8700597286224365, 1.84485924243927, 1.831701397895813, 1.8327388763427734, 1.818865180015564, 1.8043849468231201, 1.809281826019287, 1.7962578535079956, 1.7895957231521606, 1.7892131805419922, 1.78411865234375, 1.7914258241653442, 1.7742301225662231, 1.7944837808609009, 1.7694640159606934, 1.7940396070480347, 1.7771427631378174, 1.7737045288085938, 1.7909736633300781, 1.7632105350494385, 1.765952229499817, 1.7520396709442139, 1.7640960216522217, 1.7476106882095337, 1.7462841272354126, 1.753045678138733, 1.772029995918274, 1.74491548538208, 1.7613404989242554, 1.749656319618225, 1.7499713897705078, 1.7512950897216797, 1.7578237056732178], "val_rmse": [2.3493096828460693, 2.3185341358184814, 2.2961316108703613, 2.2739851474761963, 2.2478413581848145, 2.2319328784942627, 2.208859920501709, 2.1847686767578125, 2.162397623062134, 2.13818621635437, 2.1143903732299805, 2.0850350856781006, 2.0648770332336426, 2.023664712905884, 1.9813541173934937, 1.9370766878128052, 1.8903255462646484, 1.8511590957641602, 1.8106393814086914, 1.7759698629379272, 1.748001217842102, 1.7208082675933838, 1.7035211324691772, 1.6731668710708618, 1.66451895236969, 1.6341509819030762, 1.615617036819458, 1.5992774963378906, 1.5774049758911133, 1.5566329956054688, 1.5457149744033813, 1.528786540031433, 1.5204652547836304, 1.5102156400680542, 1.5047800540924072, 1.4968607425689697, 1.4938535690307617, 1.4746971130371094, 1.4800856113433838, 1.4732550382614136, 1.457923412322998, 1.4510226249694824, 1.443204641342163, 1.4333934783935547, 1.4192395210266113, 1.4077695608139038, 1.4013826847076416, 1.392411470413208, 1.3774887323379517, 1.377893328666687, 1.3671611547470093, 1.363520860671997, 1.364457368850708, 1.353185772895813, 1.3438539505004883, 1.3391706943511963, 1.3398396968841553, 1.33474862575531, 1.3295139074325562, 1.3315538167953491, 1.3264141082763672, 1.3239606618881226, 1.323979139328003, 1.3220137357711792, 1.32478666305542, 1.3181266784667969, 1.3263678550720215, 1.316584825515747, 1.3261934518814087, 1.3196003437042236, 1.3183201551437378, 1.3245964050292969, 1.314159870147705, 1.3152060508728027, 1.3100286722183228, 1.314088225364685, 1.3081986904144287, 1.3074904680252075, 1.3105252981185913, 1.3173441886901855, 1.3072566986083984, 1.313421368598938, 1.3090134859085083, 1.3087760210037231, 1.3095349073410034, 1.3120630979537964]}