{"n_parameters": 120705, "training_time": 7007.334333658218, "loss": [5.878411293029785, 5.803313255310059, 5.758211135864258, 5.722738265991211, 5.674620628356934, 5.621708393096924, 5.563541889190674, 5.502864837646484, 5.4358415603637695, 5.369691848754883, 5.28666353225708, 5.200509071350098, 5.105699062347412, 5.00570821762085, 4.892951965332031, 4.788807392120361, 4.6660237312316895, 4.540987014770508, 4.404620170593262, 4.258975982666016, 4.086541175842285, 3.927502155303955, 3.7410130500793457, 3.575209856033325, 3.4123215675354004, 3.260390281677246, 3.13973331451416, 3.0438244342803955, 2.9666271209716797, 2.8939809799194336, 2.828108549118042, 2.7761411666870117, 2.723334312438965, 2.675140380859375, 2.6377267837524414, 2.600900888442993, 2.561734676361084, 2.5238866806030273, 2.4845938682556152, 2.4552669525146484, 2.426044225692749, 2.39986252784729, 2.3794476985931396, 2.353706121444702, 2.339337110519409, 2.3197524547576904, 2.3065693378448486, 2.292180061340332, 2.269353151321411, 2.2589194774627686, 2.24662446975708, 2.2327518463134766, 2.2237672805786133, 2.204237461090088, 2.2042624950408936, 2.1852736473083496, 2.178536891937256, 2.1723215579986572, 2.1592187881469727, 2.1489226818084717, 2.1457571983337402, 2.141042709350586, 2.124913454055786, 2.1235287189483643, 2.1158528327941895, 2.102654218673706, 2.0958645343780518, 2.091604709625244, 2.0792460441589355, 2.067751407623291, 2.0701866149902344, 2.068535327911377, 2.057752847671509, 2.046748399734497, 2.0412278175354004, 2.0453553199768066, 2.029088258743286, 2.0212972164154053, 2.0187063217163086, 2.014313220977783, 2.0098562240600586, 2.003347635269165, 1.9985401630401611, 1.9878655672073364, 1.991645336151123, 1.9764740467071533, 1.9664748907089233, 1.9725666046142578, 1.966346025466919, 1.9628084897994995, 1.9597561359405518, 1.9582616090774536, 1.9437419176101685, 1.95124089717865, 1.9416534900665283, 1.9420119524002075, 1.9338077306747437, 1.9349128007888794, 1.933280348777771, 1.9253759384155273, 1.9267542362213135, 1.9309372901916504, 1.9147729873657227, 1.9159207344055176, 1.9195746183395386, 1.9114983081817627, 1.9053239822387695, 1.9072508811950684, 1.910115122795105, 1.906404733657837, 1.8937158584594727, 1.8986282348632812, 1.9010037183761597, 1.89906644821167, 1.8883575201034546, 1.8938930034637451, 1.8870172500610352, 1.8819650411605835, 1.8817685842514038, 1.8856959342956543, 1.8863775730133057, 1.8804857730865479, 1.8788775205612183, 1.8696056604385376, 1.8693183660507202, 1.8630200624465942], "rmse": [2.4077541828155518, 2.391331672668457, 2.3819057941436768, 2.3741660118103027, 2.3652889728546143, 2.353316068649292, 2.3427062034606934, 2.330410957336426, 2.3157663345336914, 2.302481174468994, 2.2844583988189697, 2.265543222427368, 2.2451231479644775, 2.2237300872802734, 2.1985902786254883, 2.1751809120178223, 2.147130012512207, 2.1182610988616943, 2.085029363632202, 2.049774408340454, 2.007807493209839, 1.9668800830841064, 1.9195822477340698, 1.8753888607025146, 1.8304919004440308, 1.7886162996292114, 1.75370192527771, 1.7264595031738281, 1.703548550605774, 1.6809568405151367, 1.6626701354980469, 1.6462804079055786, 1.6320405006408691, 1.6157890558242798, 1.6041420698165894, 1.5925981998443604, 1.5799411535263062, 1.5689772367477417, 1.5560643672943115, 1.546148657798767, 1.5368895530700684, 1.5286540985107422, 1.5219560861587524, 1.5125452280044556, 1.5089058876037598, 1.502859115600586, 1.497740626335144, 1.492571473121643, 1.4866790771484375, 1.4832801818847656, 1.4781094789505005, 1.4735572338104248, 1.4704240560531616, 1.4652174711227417, 1.4646575450897217, 1.4585908651351929, 1.4557956457138062, 1.4536402225494385, 1.4497535228729248, 1.4455053806304932, 1.444895625114441, 1.4435714483261108, 1.4378559589385986, 1.4379451274871826, 1.4352482557296753, 1.431187391281128, 1.4282879829406738, 1.4264805316925049, 1.42156982421875, 1.418041706085205, 1.4202712774276733, 1.4195789098739624, 1.4161460399627686, 1.41175377368927, 1.4101084470748901, 1.4115275144577026, 1.4051904678344727, 1.4025609493255615, 1.4019906520843506, 1.400464415550232, 1.3997570276260376, 1.3959152698516846, 1.3953163623809814, 1.3909224271774292, 1.3931748867034912, 1.3879358768463135, 1.3845288753509521, 1.3870424032211304, 1.3842626810073853, 1.3831695318222046, 1.3821871280670166, 1.381106972694397, 1.3764731884002686, 1.3791316747665405, 1.37583589553833, 1.3767164945602417, 1.3728364706039429, 1.3730264902114868, 1.3723078966140747, 1.369426965713501, 1.3698760271072388, 1.3717185258865356, 1.366084098815918, 1.3664368391036987, 1.3688424825668335, 1.3655502796173096, 1.363631010055542, 1.3632900714874268, 1.365020513534546, 1.363458514213562, 1.3588043451309204, 1.360220193862915, 1.361640214920044, 1.36105215549469, 1.3572146892547607, 1.3604753017425537, 1.3565272092819214, 1.355480432510376, 1.3547035455703735, 1.356125831604004, 1.3561253547668457, 1.354186773300171, 1.3529846668243408, 1.3504459857940674, 1.3501276969909668, 1.3478540182113647], "val_loss": [5.957413673400879, 5.91859245300293, 5.873989582061768, 5.823974609375, 5.755261421203613, 5.695250988006592, 5.630287170410156, 5.559653282165527, 5.486694812774658, 5.400312423706055, 5.308706760406494, 5.203768253326416, 5.087707996368408, 4.958409786224365, 4.828762531280518, 4.69480037689209, 4.549525737762451, 4.398066520690918, 4.231606960296631, 4.055360794067383, 3.8696470260620117, 3.6669700145721436, 3.472902774810791, 3.285654306411743, 3.1175479888916016, 2.9789071083068848, 2.860020875930786, 2.7745656967163086, 2.7053894996643066, 2.644465684890747, 2.5945725440979004, 2.5435357093811035, 2.4984257221221924, 2.4575376510620117, 2.4163765907287598, 2.3764798641204834, 2.3406593799591064, 2.3076515197753906, 2.271430730819702, 2.239776134490967, 2.2134385108947754, 2.1895344257354736, 2.1660168170928955, 2.1460745334625244, 2.1217472553253174, 2.104231834411621, 2.0877699851989746, 2.073837995529175, 2.0554003715515137, 2.041651725769043, 2.026677131652832, 2.015526056289673, 2.0042192935943604, 1.9883160591125488, 1.9779282808303833, 1.9689441919326782, 1.9570244550704956, 1.9450390338897705, 1.9360644817352295, 1.927004098892212, 1.9152424335479736, 1.91214120388031, 1.9034838676452637, 1.8958128690719604, 1.8901400566101074, 1.885051965713501, 1.881613850593567, 1.8691565990447998, 1.8621630668640137, 1.8561290502548218, 1.8493170738220215, 1.8410032987594604, 1.8384193181991577, 1.8341033458709717, 1.8293622732162476, 1.8245341777801514, 1.8116317987442017, 1.8086116313934326, 1.8034542798995972, 1.7961543798446655, 1.7902464866638184, 1.7836891412734985, 1.7791177034378052, 1.7807157039642334, 1.7740834951400757, 1.7706496715545654, 1.7729041576385498, 1.7573329210281372, 1.7670551538467407, 1.7602355480194092, 1.7431485652923584, 1.747536540031433, 1.7512346506118774, 1.7585426568984985, 1.7428057193756104, 1.7362515926361084, 1.7336965799331665, 1.7329689264297485, 1.7341804504394531, 1.7330892086029053, 1.723413109779358, 1.7275339365005493, 1.7287958860397339, 1.719932198524475, 1.7242870330810547, 1.7088048458099365, 1.7107082605361938, 1.7190492153167725, 1.7212326526641846, 1.709960699081421, 1.7054206132888794, 1.70738685131073, 1.7111403942108154, 1.7062358856201172, 1.6985011100769043, 1.7020151615142822, 1.70222008228302, 1.7074040174484253, 1.6980414390563965, 1.6968305110931396, 1.6918941736221313, 1.7036057710647583, 1.6989705562591553, 1.6970007419586182, 1.696869134902954, 1.6927834749221802],