{"n_parameters": 108097, "training_time": 9199.802694320679, "loss": [6.70413875579834, 6.176336288452148, 6.080756187438965, 6.007219314575195, 5.959893703460693, 5.908263206481934, 5.867695331573486, 5.830741882324219, 5.798564910888672, 5.779705047607422, 5.762190341949463, 5.7464280128479, 5.726643085479736, 5.708950519561768, 5.696122646331787, 5.6742472648620605, 5.665771961212158, 5.648260593414307, 5.652889251708984, 5.629594802856445, 5.614469528198242, 5.600339412689209, 5.600354194641113, 5.588809967041016, 5.5717878341674805, 5.554271697998047, 5.564357757568359, 5.546473026275635, 5.541778564453125, 5.532561302185059, 5.516381740570068, 5.52277946472168, 5.518847942352295, 5.496187210083008, 5.4979119300842285, 5.488201141357422, 5.470721244812012, 5.470570087432861, 5.446913719177246, 5.450302600860596, 5.42875862121582, 5.418907165527344, 5.402737617492676, 5.403000831604004, 5.384279251098633, 5.3720269203186035, 5.3498945236206055, 5.342708587646484, 5.331202030181885, 5.295944690704346, 5.307122707366943, 5.279280185699463, 5.260571002960205, 5.237401485443115, 5.218099594116211, 5.208834171295166, 5.182377815246582, 5.163022041320801, 5.1338629722595215, 5.118400573730469, 5.0841498374938965, 5.069120407104492, 5.010549545288086, 4.997603416442871, 4.975830078125, 4.938445568084717, 4.908970355987549, 4.8663411140441895, 4.820522785186768, 4.799106121063232, 4.755655765533447, 4.713176727294922, 4.670136451721191, 4.61122989654541, 4.553591728210449, 4.503041744232178, 4.451268672943115, 4.404078960418701, 4.341240406036377, 4.289774417877197, 4.243773460388184, 4.184455871582031, 4.136082649230957, 4.082731246948242, 4.029134273529053, 3.989563226699829, 3.9520909786224365, 3.9098079204559326, 3.8616816997528076, 3.833151340484619, 3.7937276363372803, 3.7470130920410156, 3.7184970378875732, 3.693251132965088, 3.6520836353302, 3.634286403656006, 3.5966179370880127, 3.566148519515991, 3.557698965072632, 3.515953302383423, 3.4968960285186768, 3.453749895095825, 3.442859411239624, 3.4177772998809814, 3.371879816055298, 3.3640708923339844, 3.3503220081329346, 3.319777727127075, 3.3100860118865967, 3.291384696960449, 3.2614779472351074, 3.231813907623291, 3.217832565307617, 3.203578233718872, 3.1751437187194824, 3.168671131134033, 3.149285078048706, 3.1214845180511475, 3.109665632247925, 3.093193769454956, 3.0811214447021484, 3.0710175037384033, 3.0445339679718018, 3.0338826179504395, 3.0108232498168945, 3.000511646270752, 2.9766669273376465, 2.9727041721343994, 2.9613053798675537, 2.9530444145202637, 2.931662082672119, 2.930878162384033, 2.9094655513763428, 2.8836309909820557, 2.8895325660705566, 2.8830769062042236, 2.855640411376953, 2.849666118621826, 2.8376824855804443, 2.8176729679107666, 2.8286478519439697, 2.8103482723236084, 2.7863261699676514, 2.7723708152770996, 2.7722766399383545, 2.7734735012054443, 2.7431294918060303, 2.7332639694213867, 2.7387630939483643, 2.7201743125915527, 2.7226450443267822, 2.714472770690918, 2.71016788482666, 2.6952126026153564, 2.677431583404541, 2.6720340251922607, 2.6830363273620605, 2.6693966388702393, 2.643538475036621, 2.6468214988708496, 2.625369071960449, 2.6536922454833984, 2.619994640350342, 2.6285946369171143, 2.6113240718841553, 2.613145351409912, 2.598940849304199, 2.6077210903167725, 2.5883734226226807, 2.5751404762268066, 2.5891408920288086, 2.5783374309539795, 2.570366144180298, 2.5618388652801514, 2.5548043251037598, 2.564321517944336, 2.5604617595672607, 2.543545722961426, 2.5324935913085938, 2.5173985958099365, 2.5235695838928223, 2.5165963172912598, 2.516744375228882, 2.521512746810913, 2.5068612098693848, 2.5013887882232666, 2.5047428607940674, 2.500556707382202, 2.488053560256958, 2.4979217052459717, 2.4807796478271484, 2.4798974990844727, 2.471240997314453, 2.4695258140563965, 2.452531576156616, 2.4588751792907715], "rmse": [2.5649945735931396, 2.466566562652588, 2.447600841522217, 2.4330615997314453, 2.4240880012512207, 2.4125256538391113, 2.4052464962005615, 2.3968520164489746, 2.391159772872925, 2.3872451782226562, 2.3839128017425537, 2.3804938793182373, 2.376408100128174, 2.372586250305176, 2.3702704906463623, 2.365915060043335, 2.364814281463623, 2.3601431846618652, 2.3623287677764893, 2.357206106185913, 2.3539083003997803, 2.3513364791870117, 2.351377487182617, 2.348294734954834, 2.3453516960144043, 2.3414535522460938, 2.3437094688415527, 2.3401637077331543, 2.3386082649230957, 2.337336301803589, 2.333840847015381, 2.335249662399292, 2.3344297409057617, 2.329542636871338, 2.3302829265594482, 2.327547788619995, 2.324659585952759, 2.3246006965637207, 2.319903612136841, 2.319681406021118, 2.315873861312866, 2.313106060028076, 2.310648202896118, 2.3101866245269775, 2.3063535690307617, 2.304187297821045, 2.298546314239502, 2.2977049350738525, 2.2946484088897705, 2.287140130996704, 2.288890838623047, 2.2837026119232178, 2.2797181606292725, 2.275115728378296, 2.2707090377807617, 2.268280267715454, 2.262726068496704, 2.2580978870391846, 2.2517201900482178, 2.247957706451416, 2.240100622177124, 2.237661838531494, 2.224719524383545, 2.2208211421966553, 2.2165958881378174, 2.206902265548706, 2.201679229736328, 2.1909117698669434, 2.1814937591552734, 2.1759023666381836, 2.1662819385528564, 2.15570330619812, 2.145766258239746, 2.132901668548584, 2.1189799308776855, 2.1066906452178955, 2.0942208766937256, 2.082474708557129, 2.0678725242614746, 2.054914712905884, 2.0439274311065674, 2.0281498432159424, 2.017458200454712, 2.0038506984710693, 1.9899743795394897, 1.9798911809921265, 1.9694902896881104, 1.959139108657837, 1.9476029872894287, 1.940081000328064, 1.9303531646728516, 1.9178227186203003, 1.9100972414016724, 1.903801441192627, 1.8921070098876953, 1.887431025505066, 1.8787537813186646, 1.869871973991394, 1.8674556016921997, 1.8565577268600464, 1.8517121076583862, 1.840651035308838, 1.8366230726242065, 1.8307162523269653, 1.817639946937561, 1.8159940242767334, 1.811828374862671, 1.8038303852081299, 1.8015751838684082, 1.7966285943984985, 1.7876309156417847, 1.7796553373336792, 1.7748725414276123, 1.7721290588378906, 1.7633402347564697, 1.761719822883606, 1.7558192014694214, 1.7489981651306152, 1.745988130569458, 1.7410024404525757, 1.7371259927749634, 1.7348169088363647, 1.7270970344543457, 1.7239210605621338, 1.7177239656448364, 1.7141060829162598, 1.70805823802948, 1.7064871788024902, 1.7035326957702637, 1.7014601230621338, 1.6951268911361694, 1.694101095199585, 1.6881897449493408, 1.6815810203552246, 1.682394027709961, 1.6803950071334839, 1.6725927591323853, 1.6710052490234375, 1.6679223775863647, 1.661923885345459, 1.6636244058609009, 1.6594085693359375, 1.6517703533172607, 1.648470163345337, 1.6488046646118164, 1.6486529111862183, 1.639760136604309, 1.6367197036743164, 1.6380648612976074, 1.633101224899292, 1.6334179639816284, 1.6313644647598267, 1.6293970346450806, 1.6251780986785889, 1.6192553043365479, 1.6185173988342285, 1.6209062337875366, 1.6168416738510132, 1.6088041067123413, 1.610487937927246, 1.6039828062057495, 1.6115790605545044, 1.602111577987671, 1.6048319339752197, 1.6001057624816895, 1.5997258424758911, 1.5945595502853394, 1.5985276699066162, 1.5922672748565674, 1.5890555381774902, 1.5930532217025757, 1.588848352432251, 1.587030291557312, 1.5848599672317505, 1.5815702676773071, 1.5846636295318604, 1.5838021039962769, 1.5788793563842773, 1.5756889581680298, 1.5705205202102661, 1.571845531463623, 1.570233702659607, 1.5698684453964233, 1.5717031955718994, 1.566946029663086, 1.565428614616394, 1.5669598579406738, 1.5650556087493896, 1.5613640546798706, 1.5640146732330322, 1.5586801767349243, 1.55837881565094, 1.5563818216323853, 1.5553641319274902, 1.5504781007766724, 1.5519284009933472],