{"n_parameters": 63297, "training_time": 6772.341309309006, "loss": [5.861885070800781, 5.800597667694092, 5.765966892242432, 5.734524250030518, 5.702610015869141, 5.666497230529785, 5.631683826446533, 5.595386981964111, 5.563218593597412, 5.532623767852783, 5.5047407150268555, 5.475492477416992, 5.449178218841553, 5.411190509796143, 5.393665313720703, 5.366383075714111, 5.347744464874268, 5.321026802062988, 5.302374839782715, 5.2694573402404785, 5.251977920532227, 5.225587368011475, 5.213032245635986, 5.183483123779297, 5.163804531097412, 5.136663913726807, 5.1173787117004395, 5.088155746459961, 5.0691351890563965, 5.0376105308532715, 5.022317886352539, 4.996565818786621, 4.961899757385254, 4.935478687286377, 4.90543794631958, 4.874214172363281, 4.847926616668701, 4.820029258728027, 4.785479545593262, 4.746773719787598, 4.720264911651611, 4.687982559204102, 4.649150848388672, 4.612564563751221, 4.571770668029785, 4.5239739418029785, 4.484891891479492, 4.433140277862549, 4.374502658843994, 4.307894229888916, 4.260426044464111, 4.197422504425049, 4.135793685913086, 4.054886341094971, 3.9768764972686768, 3.910388469696045, 3.8542284965515137, 3.7867183685302734, 3.721818685531616, 3.659400701522827, 3.6144964694976807, 3.560870409011841, 3.5232133865356445, 3.4826276302337646, 3.4501774311065674, 3.4199867248535156, 3.380406379699707, 3.3544085025787354, 3.3267996311187744, 3.293963670730591, 3.2503325939178467, 3.2409515380859375, 3.2216715812683105, 3.2032907009124756, 3.166945695877075, 3.149871587753296, 3.1138863563537598, 3.105372190475464, 3.0676515102386475, 3.04687237739563, 3.030531644821167, 3.015256643295288, 2.997537136077881, 2.971266269683838, 2.9411983489990234, 2.926462411880493, 2.9089601039886475, 2.882031202316284, 2.875117063522339, 2.843942403793335, 2.830888032913208, 2.8112847805023193, 2.7949414253234863, 2.779067277908325, 2.7578463554382324, 2.741814136505127, 2.7247486114501953, 2.699240207672119, 2.677060842514038, 2.6727707386016846, 2.645745277404785, 2.625969886779785, 2.611189126968384, 2.5963151454925537, 2.5812017917633057, 2.5707969665527344, 2.545766830444336, 2.5294363498687744, 2.5158469676971436, 2.4860897064208984, 2.4860684871673584, 2.457609176635742, 2.4392929077148438, 2.4275474548339844, 2.4095141887664795, 2.395451307296753, 2.375333309173584, 2.3671560287475586, 2.3533432483673096, 2.3368921279907227, 2.3239119052886963, 2.3018739223480225, 2.2847447395324707, 2.2694413661956787, 2.2675538063049316, 2.2424213886260986, 2.2398734092712402, 2.2201735973358154, 2.2024118900299072, 2.192816972732544, 2.1867592334747314, 2.1733973026275635, 2.15029239654541, 2.1372225284576416, 2.1323177814483643, 2.12099027633667, 2.110037088394165, 2.1005144119262695, 2.0854337215423584, 2.0777876377105713, 2.065312147140503, 2.0561976432800293, 2.0504209995269775, 2.0422959327697754, 2.031808853149414, 2.0195610523223877, 2.015814781188965, 1.999588966369629, 2.0016674995422363, 1.9984394311904907, 1.9767340421676636, 1.9742475748062134, 1.9730021953582764, 1.9638503789901733, 1.9537960290908813, 1.944563388824463, 1.944725751876831, 1.9430419206619263, 1.9342536926269531, 1.9244191646575928, 1.9238877296447754, 1.9123886823654175, 1.9111535549163818, 1.9069355726242065, 1.9005783796310425, 1.9048099517822266], "rmse": [2.4042704105377197, 2.3902523517608643, 2.383981943130493, 2.377605438232422, 2.3712358474731445, 2.3632473945617676, 2.3568155765533447, 2.348574161529541, 2.3419227600097656, 2.3361542224884033, 2.3308427333831787, 2.324373960494995, 2.317774772644043, 2.3112878799438477, 2.307528018951416, 2.301799774169922, 2.2977805137634277, 2.291638135910034, 2.288619041442871, 2.281472682952881, 2.277724027633667, 2.2719595432281494, 2.269618034362793, 2.262575387954712, 2.257845878601074, 2.252591133117676, 2.248546600341797, 2.2415964603424072, 2.2381858825683594, 2.231534481048584, 2.2278261184692383, 2.2221555709838867, 2.2138123512268066, 2.2077131271362305, 2.2012717723846436, 2.193847179412842, 2.1887331008911133, 2.182263135910034, 2.174210548400879, 2.1650474071502686, 2.1591527462005615, 2.1510982513427734, 2.1429600715637207, 2.1346471309661865, 2.125053882598877, 2.1136536598205566, 2.104017972946167, 2.0922579765319824, 2.0775225162506104, 2.0613467693328857, 2.0497641563415527, 2.0344672203063965, 2.019071102142334, 1.998727798461914, 1.9790642261505127, 1.9622119665145874, 1.9472954273223877, 1.9301929473876953, 1.9130347967147827, 1.8972413539886475, 1.8849122524261475, 1.8700889348983765, 1.860466480255127, 1.8495118618011475, 1.8402012586593628, 1.8319140672683716, 1.822031855583191, 1.8139163255691528, 1.8064664602279663, 1.79792058467865, 1.7866899967193604, 1.7829495668411255, 1.7774624824523926, 1.7725807428359985, 1.761986494064331, 1.7558804750442505, 1.7466999292373657, 1.7447810173034668, 1.7337642908096313, 1.7277220487594604, 1.7223600149154663, 1.7195409536361694, 1.7127821445465088, 1.7049298286437988, 1.697081446647644, 1.6923569440841675, 1.6874171495437622, 1.679137110710144, 1.6774309873580933, 1.6677578687667847, 1.6634256839752197, 1.6585391759872437, 1.6526341438293457, 1.6483241319656372, 1.6416696310043335, 1.6364545822143555, 1.632044792175293, 1.6237934827804565, 1.6186015605926514, 1.6168581247329712, 1.607264518737793, 1.6015757322311401, 1.5970628261566162, 1.5920461416244507, 1.5866374969482422, 1.584530234336853, 1.576884150505066, 1.5711807012557983, 1.5672658681869507, 1.5584940910339355, 1.5574896335601807, 1.5482468605041504, 1.5424820184707642, 1.5390225648880005, 1.5335559844970703, 1.5289219617843628, 1.5226858854293823, 1.5201553106307983, 1.5159741640090942, 1.5100206136703491, 1.5063680410385132, 1.4983701705932617, 1.4932819604873657, 1.4878056049346924, 1.4869874715805054, 1.479817509651184, 1.4780280590057373, 1.471587896347046, 1.466536045074463, 1.4631218910217285, 1.4604898691177368, 1.4567052125930786, 1.4483500719070435, 1.444493055343628, 1.442888855934143, 1.4391415119171143, 1.435605764389038, 1.4335074424743652, 1.4267923831939697, 1.4245188236236572, 1.419948697090149, 1.4163273572921753, 1.415105938911438, 1.4119337797164917, 1.4087047576904297, 1.4048100709915161, 1.4026157855987549, 1.3969026803970337, 1.3987982273101807, 1.3972961902618408, 1.3886008262634277, 1.3876233100891113, 1.3882896900177002, 1.3844019174575806, 1.3808106184005737, 1.3771697282791138, 1.3783831596374512, 1.3784819841384888, 1.3742247819900513, 1.3709498643875122, 1.3701967000961304, 1.366652250289917, 1.3667840957641602, 1.364393711090088, 1.3621728420257568, 1.3640943765640259],