{"n_parameters": 294609, "training_time": 13545.71650338173, "loss": [6.150019645690918, 6.02890682220459, 5.976198673248291, 5.8919525146484375, 5.8433051109313965, 5.782376766204834, 5.767553806304932, 5.729707717895508, 5.707139015197754, 5.680659294128418, 5.655842304229736, 5.635179042816162, 5.609216690063477, 5.596226692199707, 5.581855773925781, 5.572487831115723, 5.557132244110107, 5.5449538230896, 5.513283729553223, 5.50584602355957, 5.485062122344971, 5.470996379852295, 5.457321643829346, 5.439908504486084, 5.415514945983887, 5.398818492889404, 5.375766754150391, 5.343650817871094, 5.33268404006958, 5.304170608520508, 5.280580997467041, 5.26516056060791, 5.231751441955566, 5.201212406158447, 5.164752006530762, 5.135036468505859, 5.1093950271606445, 5.073336124420166, 5.038951396942139, 4.999678611755371, 4.964261531829834, 4.935679912567139, 4.8883256912231445, 4.835433483123779, 4.78769588470459, 4.738609790802002, 4.707746982574463, 4.64438009262085, 4.597716808319092, 4.55098295211792, 4.485188007354736, 4.427882671356201, 4.3622612953186035, 4.307836055755615, 4.242912292480469, 4.173959732055664, 4.117245674133301, 4.055237293243408, 3.9754767417907715, 3.9187228679656982, 3.847705602645874, 3.779851198196411, 3.711764097213745, 3.656033754348755, 3.5801093578338623, 3.506606340408325, 3.4424421787261963, 3.3848791122436523, 3.312272071838379, 3.2670419216156006, 3.197680711746216, 3.143982410430908, 3.0798676013946533, 3.0188326835632324, 2.9626190662384033, 2.9176902770996094, 2.8636741638183594, 2.8179123401641846, 2.7634286880493164, 2.721215009689331, 2.6881160736083984, 2.638275146484375, 2.598367214202881, 2.5561046600341797, 2.5157663822174072, 2.494182586669922, 2.4520561695098877, 2.4320454597473145, 2.4016952514648438, 2.371868371963501, 2.35003924369812, 2.323007822036743, 2.303496837615967, 2.276669502258301, 2.259507656097412, 2.2384355068206787, 2.2202911376953125, 2.2034454345703125, 2.1837780475616455, 2.1708691120147705, 2.1521148681640625, 2.137864828109741, 2.11966872215271, 2.100872278213501, 2.1043121814727783, 2.0813355445861816, 2.066221237182617, 2.0584540367126465, 2.0453758239746094, 2.0296852588653564, 2.014392852783203, 2.007018804550171, 1.999666690826416, 1.9924871921539307, 1.9803798198699951, 1.9704872369766235, 1.9593278169631958, 1.9496588706970215, 1.9455595016479492, 1.9419804811477661, 1.9288767576217651, 1.9261068105697632, 1.919782042503357, 1.9134432077407837, 1.9123036861419678, 1.9043846130371094, 1.8980687856674194, 1.8924363851547241, 1.8856079578399658, 1.875877857208252, 1.8697187900543213, 1.8675150871276855, 1.8605583906173706, 1.858994960784912, 1.8574374914169312, 1.8555428981781006, 1.8425723314285278, 1.8426364660263062, 1.8407721519470215, 1.8367959260940552, 1.8313981294631958, 1.8272300958633423, 1.828964352607727, 1.8129291534423828, 1.818706750869751, 1.8125996589660645, 1.8106186389923096], "rmse": [2.4619333744049072, 2.437901496887207, 2.427631378173828, 2.4106357097625732, 2.401707649230957, 2.388876438140869, 2.385291814804077, 2.37768292427063, 2.373481273651123, 2.3677995204925537, 2.3631768226623535, 2.359215259552002, 2.353790283203125, 2.351331949234009, 2.3485219478607178, 2.3463501930236816, 2.3428845405578613, 2.34030818939209, 2.3336541652679443, 2.3315489292144775, 2.3283050060272217, 2.3258187770843506, 2.3214900493621826, 2.318218231201172, 2.3125863075256348, 2.3100199699401855, 2.3045814037323, 2.29783296585083, 2.2959680557250977, 2.2892117500305176, 2.283782958984375, 2.2804148197174072, 2.2742419242858887, 2.266721725463867, 2.259268283843994, 2.252140998840332, 2.24641489982605, 2.2395427227020264, 2.231447696685791, 2.2224419116973877, 2.2142133712768555, 2.207573652267456, 2.196746349334717, 2.1849052906036377, 2.1738476753234863, 2.1617887020111084, 2.1556880474090576, 2.1397430896759033, 2.1298093795776367, 2.118145704269409, 2.1020596027374268, 2.0891001224517822, 2.0727322101593018, 2.0589489936828613, 2.0442886352539062, 2.0260846614837646, 2.0123279094696045, 1.9965956211090088, 1.9760916233062744, 1.9621416330337524, 1.9438705444335938, 1.9263705015182495, 1.9076848030090332, 1.8929764032363892, 1.872970700263977, 1.8535456657409668, 1.8359190225601196, 1.8202153444290161, 1.8002614974975586, 1.7879632711410522, 1.76802659034729, 1.752716064453125, 1.7353179454803467, 1.7175160646438599, 1.7016135454177856, 1.6882182359695435, 1.6724977493286133, 1.6587646007537842, 1.6420475244522095, 1.6298375129699707, 1.6195279359817505, 1.6040838956832886, 1.5921388864517212, 1.5790693759918213, 1.5665384531021118, 1.5599461793899536, 1.5470913648605347, 1.5410140752792358, 1.5303627252578735, 1.521478295326233, 1.5146450996398926, 1.5046764612197876, 1.4984787702560425, 1.4904788732528687, 1.4839104413986206, 1.4776527881622314, 1.4719222784042358, 1.4660248756408691, 1.460188627243042, 1.455339789390564, 1.4488608837127686, 1.4442375898361206, 1.4380546808242798, 1.4314684867858887, 1.4331603050231934, 1.424864649772644, 1.420049786567688, 1.4173860549926758, 1.4124228954315186, 1.4069619178771973, 1.401774525642395, 1.398744821548462, 1.3965040445327759, 1.3940331935882568, 1.3904072046279907, 1.3867175579071045, 1.3820394277572632, 1.3790611028671265, 1.378422737121582, 1.376591682434082, 1.3719583749771118, 1.3708773851394653, 1.368410587310791, 1.365380048751831, 1.3659257888793945, 1.3634941577911377, 1.3613884449005127, 1.3592008352279663, 1.3569867610931396, 1.3529272079467773, 1.3507634401321411, 1.3498269319534302, 1.3468029499053955, 1.346132755279541, 1.3466362953186035, 1.3456681966781616, 1.3406261205673218, 1.3416130542755127, 1.3404171466827393, 1.3385555744171143, 1.336778998374939, 1.3351848125457764, 1.3360450267791748, 1.3306080102920532, 1.3322566747665405, 1.329514980316162, 1.3287328481674194],