{"n_parameters": 370273, "training_time": 16985.71841430664, "loss": [6.274893760681152, 5.792821407318115, 5.702607154846191, 5.587748050689697, 5.482115268707275, 5.385935306549072, 5.281559467315674, 5.16760778427124, 5.042567729949951, 4.936051368713379, 4.81395959854126, 4.709779262542725, 4.584356307983398, 4.476815223693848, 4.326900959014893, 4.17392110824585, 4.02203369140625, 3.8681209087371826, 3.7110700607299805, 3.533748149871826, 3.389829397201538, 3.256836175918579, 3.130295991897583, 3.0189034938812256, 2.9381327629089355, 2.8430590629577637, 2.7671802043914795, 2.7093844413757324, 2.638488531112671, 2.5732991695404053, 2.525193691253662, 2.46635365486145, 2.417480707168579, 2.3776748180389404, 2.340207099914551, 2.3071436882019043, 2.2786710262298584, 2.235805034637451, 2.2157998085021973, 2.190774917602539, 2.1712605953216553, 2.148622989654541, 2.126774311065674, 2.1119911670684814, 2.095540761947632, 2.079195499420166, 2.0548763275146484, 2.0436453819274902, 2.0249407291412354, 2.0097310543060303, 2.001370906829834, 1.9766453504562378, 1.9671573638916016, 1.9528437852859497, 1.9402066469192505, 1.9352375268936157, 1.9108765125274658, 1.9013413190841675, 1.8858429193496704, 1.8749828338623047, 1.8670443296432495, 1.855324387550354, 1.8467049598693848, 1.8374086618423462, 1.829699993133545, 1.8291388750076294, 1.8106313943862915, 1.8035962581634521, 1.7986743450164795, 1.7975975275039673, 1.7822048664093018, 1.7766300439834595, 1.7740674018859863, 1.7585773468017578, 1.7585417032241821, 1.7565281391143799, 1.7496970891952515, 1.7425026893615723, 1.7303667068481445, 1.727531909942627, 1.7212635278701782, 1.713204026222229, 1.7114641666412354, 1.7011042833328247, 1.695797085762024, 1.6908363103866577, 1.6830921173095703, 1.6833337545394897, 1.6720633506774902, 1.6636135578155518, 1.6576743125915527, 1.6444435119628906, 1.6440279483795166, 1.6358999013900757, 1.6249122619628906, 1.6180802583694458, 1.6086150407791138, 1.6049964427947998, 1.5932402610778809, 1.586830496788025, 1.5762170553207397, 1.566369652748108, 1.5576587915420532, 1.549665927886963, 1.5422115325927734, 1.5298632383346558, 1.519129753112793, 1.5099364519119263, 1.4988703727722168, 1.491188406944275, 1.480550765991211, 1.4740091562271118, 1.4594368934631348, 1.4542495012283325, 1.4390342235565186, 1.432860016822815, 1.422053575515747, 1.4100537300109863, 1.398929238319397, 1.3827929496765137, 1.3796230554580688, 1.3682031631469727, 1.3598023653030396, 1.3506473302841187, 1.3381876945495605, 1.324791669845581, 1.322191596031189, 1.307902216911316, 1.2954285144805908, 1.2968779802322388, 1.288508415222168, 1.2818927764892578, 1.2684277296066284, 1.267982006072998, 1.255434274673462, 1.246890902519226, 1.242730736732483, 1.236438274383545, 1.2267686128616333, 1.2200828790664673, 1.218169093132019, 1.2102960348129272, 1.208884596824646, 1.2020093202590942, 1.2003833055496216, 1.1897073984146118, 1.191118597984314, 1.180204153060913, 1.1746940612792969, 1.170149326324463, 1.1668781042099, 1.171867847442627, 1.1591216325759888, 1.164373755455017, 1.1524991989135742, 1.147071123123169, 1.141183853149414, 1.145727276802063, 1.1419497728347778, 1.1364647150039673, 1.1358062028884888, 1.1267153024673462, 1.1293073892593384, 1.1216766834259033, 1.1274877786636353, 1.118444800376892, 1.1185544729232788, 1.1139107942581177, 1.1151307821273804, 1.109957218170166, 1.113667607307434, 1.107340693473816, 1.1049939393997192, 1.1014565229415894, 1.1054002046585083, 1.1001811027526855, 1.0918623208999634, 1.0930135250091553, 1.0897693634033203, 1.0966006517410278, 1.0858789682388306, 1.088065505027771], "rmse": [2.4853410720825195, 2.3898580074310303, 2.3713741302490234, 2.3474180698394775, 2.3255512714385986, 2.306077718734741, 2.2835769653320312, 2.258363962173462, 2.2314045429229736, 2.2078018188476562, 2.1804792881011963, 2.1558127403259277, 2.1271815299987793, 2.101508140563965, 2.065281867980957, 2.02695894241333, 1.9907824993133545, 1.9500126838684082, 1.9090964794158936, 1.8620449304580688, 1.8230715990066528, 1.7855032682418823, 1.750891089439392, 1.7180522680282593, 1.694108009338379, 1.665533423423767, 1.643030047416687, 1.6262744665145874, 1.6030620336532593, 1.5836453437805176, 1.5694137811660767, 1.5495778322219849, 1.5342952013015747, 1.5218219757080078, 1.5096101760864258, 1.499588966369629, 1.4887968301773071, 1.475174903869629, 1.467604160308838, 1.4597201347351074, 1.453607201576233, 1.4466044902801514, 1.4383434057235718, 1.4332408905029297, 1.428419828414917, 1.4219226837158203, 1.414659023284912, 1.4102091789245605, 1.4036062955856323, 1.398044466972351, 1.3948086500167847, 1.3878713846206665, 1.3845322132110596, 1.3792228698730469, 1.3747512102127075, 1.3721665143966675, 1.363405466079712, 1.3616669178009033, 1.355518102645874, 1.3519015312194824, 1.3478965759277344, 1.343731164932251, 1.3419458866119385, 1.3379803895950317, 1.3349460363388062, 1.3350729942321777, 1.3286356925964355, 1.3258498907089233, 1.3240987062454224, 1.3238540887832642, 1.318401575088501, 1.315329909324646, 1.3147003650665283, 1.308997631072998, 1.3091378211975098, 1.308579921722412, 1.3061134815216064, 1.3033819198608398, 1.298953652381897, 1.2980657815933228, 1.2958489656448364, 1.293306827545166, 1.291529893875122, 1.2878412008285522, 1.2858893871307373, 1.2834972143173218, 1.280667781829834, 1.281252145767212, 1.2770329713821411, 1.2741626501083374, 1.271504521369934, 1.2659955024719238, 1.2658228874206543, 1.2623927593231201, 1.2589375972747803, 1.256252646446228, 1.2527426481246948, 1.251814603805542, 1.2471497058868408, 1.2445414066314697, 1.2398360967636108, 1.2359235286712646, 1.2325189113616943, 1.2293602228164673, 1.2257705926895142, 1.2213884592056274, 1.2163913249969482, 1.212911605834961, 1.209681749343872, 1.2060930728912354, 1.2010338306427002, 1.1982300281524658, 1.193354845046997, 1.190354824066162, 1.18435800075531, 1.1822631359100342, 1.1763559579849243, 1.1724344491958618, 1.167115330696106, 1.1607061624526978, 1.1590311527252197, 1.1543279886245728, 1.1507385969161987, 1.1471720933914185, 1.141398310661316, 1.135818362236023, 1.134445071220398, 1.1275736093521118, 1.123130440711975, 1.122804045677185, 1.119715929031372, 1.1162322759628296, 1.1109541654586792, 1.1109118461608887, 1.104774832725525, 1.1011724472045898, 1.0992660522460938, 1.0963670015335083, 1.091414213180542, 1.0898687839508057, 1.0877832174301147, 1.084533929824829, 1.0833861827850342, 1.0802992582321167, 1.080096960067749, 1.0753329992294312, 1.075540542602539, 1.0701098442077637, 1.0675972700119019, 1.0667643547058105, 1.0647553205490112, 1.066133737564087, 1.0612452030181885, 1.0632692575454712, 1.057215690612793, 1.0554049015045166, 1.0527974367141724, 1.0532503128051758, 1.0518805980682373, 1.0498371124267578, 1.049499273300171, 1.0453381538391113, 1.0462915897369385, 1.0430949926376343, 1.0458394289016724, 1.0416769981384277, 1.041050672531128, 1.0389139652252197, 1.0394946336746216, 1.0370301008224487, 1.038857102394104, 1.035365343093872, 1.034813404083252, 1.033223271369934, 1.0351104736328125, 1.0325502157211304, 1.0286940336227417, 1.028759479522705, 1.0271269083023071, 1.030167818069458, 1.025953769683838, 1.0259495973587036],