{"n_parameters": 348369, "training_time": 4154.6045553684235, "loss": [6.032965183258057, 5.570623874664307, 5.3306355476379395, 5.122148036956787, 4.931232452392578, 4.741122722625732, 4.53192138671875, 4.300021171569824, 4.039432525634766, 3.740206718444824, 3.4550962448120117, 3.1761536598205566, 2.942373275756836, 2.749157190322876, 2.606703758239746, 2.489305257797241, 2.4065663814544678, 2.3344719409942627, 2.279927968978882, 2.2318549156188965, 2.1971428394317627, 2.1677112579345703, 2.126767873764038, 2.1026785373687744, 2.080695629119873, 2.059391736984253, 2.028991222381592, 2.0180699825286865, 1.9938725233078003, 1.978941559791565, 1.9650589227676392, 1.9425715208053589, 1.926612138748169, 1.9116783142089844, 1.9073023796081543, 1.8845477104187012, 1.8796957731246948, 1.8640308380126953, 1.858306884765625, 1.8415822982788086, 1.8317594528198242, 1.822045922279358, 1.8159527778625488, 1.8074675798416138], "rmse": [2.437458038330078, 2.3437891006469727, 2.2932772636413574, 2.248649835586548, 2.2072298526763916, 2.163980722427368, 2.115363121032715, 2.060316801071167, 1.9961419105529785, 1.9205361604690552, 1.8436518907546997, 1.7659636735916138, 1.698089361190796, 1.6393334865570068, 1.5956319570541382, 1.5595182180404663, 1.5322233438491821, 1.5082268714904785, 1.4901163578033447, 1.4741560220718384, 1.4624522924423218, 1.4523491859436035, 1.438415765762329, 1.4317163228988647, 1.4234923124313354, 1.4163905382156372, 1.4061397314071655, 1.4014159440994263, 1.3934880495071411, 1.3889868259429932, 1.3836586475372314, 1.375036597251892, 1.3701460361480713, 1.3653383255004883, 1.3624907732009888, 1.3560446500778198, 1.3528354167938232, 1.3482391834259033, 1.3462679386138916, 1.3395143747329712, 1.336737036705017, 1.332419991493225, 1.3300448656082153, 1.3265310525894165], "val_loss": [5.810451507568359, 5.523416519165039, 5.218384742736816, 4.949507713317871, 4.737446308135986, 4.501807689666748, 4.264099597930908, 3.9762003421783447, 3.6677327156066895, 3.3491249084472656, 3.0833492279052734, 2.8058972358703613, 2.6122639179229736, 2.488532781600952, 2.3814330101013184, 2.3079466819763184, 2.2551727294921875, 2.2160773277282715, 2.179299831390381, 2.152517557144165, 2.1212987899780273, 2.1058919429779053, 2.077627658843994, 2.0834662914276123, 2.0312652587890625, 2.021585464477539, 1.999727725982666, 1.9861332178115845, 1.9734102487564087, 1.972856044769287, 1.946208119392395, 1.933516263961792, 1.9010188579559326, 1.8972245454788208, 1.8940538167953491, 1.8664636611938477, 1.8525328636169434, 1.8573715686798096, 1.837379813194275, 1.8504763841629028, 1.8427125215530396, 1.838722586631775, 1.85352623462677, 1.8447179794311523], "val_rmse": [2.3930745124816895, 2.33426570892334, 2.269866704940796, 2.210904359817505, 2.1630380153656006, 2.1085586547851562, 2.051908016204834, 1.980728268623352, 1.9012924432754517, 1.8154757022857666, 1.7403277158737183, 1.6585781574249268, 1.598956823348999, 1.5596550703048706, 1.5251314640045166, 1.5010173320770264, 1.4836329221725464, 1.4707452058792114, 1.458552598953247, 1.4496160745620728, 1.4391508102416992, 1.4341835975646973, 1.4246249198913574, 1.4272063970565796, 1.4088135957717896, 1.4057143926620483, 1.3981451988220215, 1.393583059310913, 1.3893005847930908, 1.3893773555755615, 1.3799967765808105, 1.3755234479904175, 1.3638650178909302, 1.362709879875183, 1.3617043495178223, 1.3516638278961182, 1.3465056419372559, 1.3485403060913086, 1.3411469459533691, 1.346303939819336, 1.3435500860214233, 1.3420978784561157, 1.3478145599365234, 1.344658374786377]}