{"n_parameters": 389025, "training_time": 14869.880554914474, "loss": [5.978261947631836, 5.8192138671875, 5.755593776702881, 5.707770347595215, 5.668510913848877, 5.64424991607666, 5.616966724395752, 5.599116802215576, 5.573899269104004, 5.563176155090332, 5.544755935668945, 5.5327229499816895, 5.514488220214844, 5.501099109649658, 5.48771858215332, 5.469910621643066, 5.463253498077393, 5.449734210968018, 5.440977573394775, 5.427889823913574, 5.422271728515625, 5.404564380645752, 5.383570671081543, 5.3661603927612305, 5.353106498718262, 5.352698802947998, 5.3343634605407715, 5.317185878753662, 5.296269416809082, 5.29142427444458, 5.2706804275512695, 5.2531914710998535, 5.240173816680908, 5.215487480163574, 5.18526554107666, 5.171426296234131, 5.150590419769287, 5.120251178741455, 5.097884178161621, 5.081637382507324, 5.048833847045898, 5.014704704284668, 4.971140384674072, 4.94347620010376, 4.904967784881592, 4.867374897003174, 4.831782341003418, 4.771751403808594, 4.72896146774292, 4.689279556274414, 4.627514839172363, 4.592968463897705, 4.536316871643066, 4.502495288848877, 4.443561553955078, 4.382277488708496, 4.336638927459717, 4.3115386962890625, 4.265808582305908, 4.215884685516357, 4.163822650909424, 4.136192798614502, 4.089712619781494, 4.040142059326172, 4.001270771026611, 3.9399712085723877, 3.895336389541626, 3.8544154167175293, 3.8185012340545654, 3.7688956260681152, 3.724341869354248, 3.6609649658203125, 3.6075572967529297, 3.565640926361084, 3.5247154235839844, 3.4615933895111084, 3.4032022953033447, 3.3536391258239746, 3.295811176300049, 3.243302822113037, 3.194221019744873, 3.13607120513916, 3.0854828357696533, 3.037132501602173, 2.99509859085083, 2.9346864223480225, 2.904057264328003, 2.8653290271759033, 2.818834066390991, 2.7854669094085693, 2.7488515377044678, 2.71671462059021, 2.685183525085449, 2.663897752761841, 2.6420414447784424, 2.609184741973877, 2.5631937980651855, 2.5661919116973877, 2.5455482006073, 2.519705057144165, 2.484452247619629, 2.480243444442749, 2.4527335166931152, 2.436046838760376, 2.434880256652832, 2.41271710395813, 2.3927369117736816, 2.3714277744293213, 2.3626201152801514, 2.3417444229125977, 2.3316433429718018, 2.3076775074005127, 2.30849289894104, 2.2958436012268066, 2.2901523113250732, 2.2687056064605713, 2.2587623596191406, 2.251187801361084, 2.252908706665039, 2.2175521850585938, 2.217318058013916, 2.203547716140747, 2.1966655254364014, 2.1888465881347656, 2.182111978530884, 2.171254873275757, 2.1655924320220947, 2.1612682342529297, 2.1500253677368164, 2.1402342319488525, 2.1445472240448, 2.134742021560669, 2.129352569580078, 2.1218321323394775, 2.109273672103882, 2.1015701293945312, 2.1103320121765137, 2.0912246704101562, 2.0925259590148926, 2.082814931869507], "rmse": [2.4258158206939697, 2.3956284523010254, 2.3823890686035156, 2.3735404014587402, 2.364600896835327, 2.3600032329559326, 2.3543808460235596, 2.351161479949951, 2.3454253673553467, 2.343153238296509, 2.339048385620117, 2.3370347023010254, 2.333432197570801, 2.330087184906006, 2.3273003101348877, 2.3242082595825195, 2.3227434158325195, 2.319850444793701, 2.3183376789093018, 2.3146889209747314, 2.3146865367889404, 2.310457944869995, 2.3062472343444824, 2.3022468090057373, 2.299238920211792, 2.298959732055664, 2.2956910133361816, 2.2915711402893066, 2.287700891494751, 2.286043643951416, 2.281874895095825, 2.2776525020599365, 2.275545597076416, 2.2703397274017334, 2.2635819911956787, 2.2600996494293213, 2.255836248397827, 2.2493412494659424, 2.243358612060547, 2.240499258041382, 2.232689380645752, 2.2253684997558594, 2.2149462699890137, 2.208911418914795, 2.2006540298461914, 2.191399574279785, 2.183992385864258, 2.16978120803833, 2.159978151321411, 2.150341033935547, 2.1366019248962402, 2.1271913051605225, 2.1144163608551025, 2.1063308715820312, 2.0921475887298584, 2.0774831771850586, 2.0650367736816406, 2.059567928314209, 2.0494723320007324, 2.0360782146453857, 2.023759603500366, 2.016134262084961, 2.0041708946228027, 1.993070125579834, 1.9831454753875732, 1.967873215675354, 1.9569021463394165, 1.9457298517227173, 1.9358391761779785, 1.923490047454834, 1.9116154909133911, 1.8948719501495361, 1.8819680213928223, 1.8705711364746094, 1.8599238395690918, 1.8428537845611572, 1.8273077011108398, 1.8142259120941162, 1.7979542016983032, 1.7835017442703247, 1.7705048322677612, 1.7533234357833862, 1.7400071620941162, 1.7251249551773071, 1.7136988639831543, 1.6970897912979126, 1.6880109310150146, 1.6763484477996826, 1.6628687381744385, 1.652777075767517, 1.6420574188232422, 1.6324329376220703, 1.6228030920028687, 1.6161818504333496, 1.6094330549240112, 1.5988222360610962, 1.5852190256118774, 1.586133360862732, 1.5802358388900757, 1.5715528726577759, 1.5610460042953491, 1.5587891340255737, 1.550128698348999, 1.5455745458602905, 1.5454540252685547, 1.5373713970184326, 1.531969666481018, 1.5246435403823853, 1.522108554840088, 1.5145572423934937, 1.5124070644378662, 1.504590392112732, 1.504124402999878, 1.4996402263641357, 1.4977762699127197, 1.4909052848815918, 1.4872037172317505, 1.4854482412338257, 1.485300064086914, 1.4744927883148193, 1.4741506576538086, 1.470001220703125, 1.4672420024871826, 1.464675784111023, 1.4620811939239502, 1.4582042694091797, 1.4560996294021606, 1.4549492597579956, 1.450551986694336, 1.4482591152191162, 1.4485574960708618, 1.4461982250213623, 1.4444758892059326, 1.4415093660354614, 1.4371519088745117, 1.434982419013977, 1.4371616840362549, 1.4305092096328735, 1.4305367469787598, 1.4273771047592163],