{"n_parameters": 333713, "training_time": 12206.630892276764, "loss": [6.109054088592529, 5.948023319244385, 5.868350982666016, 5.8249430656433105, 5.789791107177734, 5.748131275177002, 5.711082935333252, 5.691406726837158, 5.651440143585205, 5.62437629699707, 5.587161540985107, 5.562469959259033, 5.540900707244873, 5.484911918640137, 5.459460258483887, 5.398602485656738, 5.355665683746338, 5.29793119430542, 5.262067794799805, 5.195102214813232, 5.126754283905029, 5.033923149108887, 4.961404323577881, 4.87153434753418, 4.806084156036377, 4.715963840484619, 4.641594409942627, 4.555652618408203, 4.490213394165039, 4.414669990539551, 4.331554412841797, 4.284541606903076, 4.234098434448242, 4.182267665863037, 4.141911506652832, 4.067526340484619, 4.003983497619629, 3.962003707885742, 3.9123263359069824, 3.8567402362823486, 3.831296682357788, 3.778200149536133, 3.757709503173828, 3.7320075035095215, 3.689352035522461, 3.6322169303894043, 3.617384433746338, 3.5828857421875, 3.559011936187744, 3.52290940284729, 3.4763240814208984, 3.4743006229400635, 3.4574332237243652, 3.458415985107422, 3.377396583557129, 3.365732192993164, 3.3449482917785645, 3.3118371963500977, 3.2950706481933594, 3.280545473098755, 3.258991241455078, 3.2270712852478027, 3.2326531410217285, 3.1646671295166016, 3.177177667617798, 3.1762213706970215, 3.138171434402466, 3.1241517066955566, 3.100102424621582, 3.0914597511291504, 3.0517935752868652, 3.039438247680664, 3.045731782913208, 3.0116958618164062, 2.994213581085205, 2.9892191886901855, 2.956986427307129, 2.963014602661133, 2.949617862701416, 2.9186503887176514, 2.896686553955078, 2.896160125732422, 2.887242555618286, 2.8662843704223633, 2.8416597843170166, 2.845135450363159, 2.837756872177124, 2.8230478763580322, 2.804081678390503, 2.7736072540283203, 2.766935110092163, 2.7767865657806396, 2.758671998977661, 2.7473831176757812, 2.726112127304077], "rmse": [2.4521920680999756, 2.421212673187256, 2.405600070953369, 2.3963072299957275, 2.3899426460266113, 2.381526231765747, 2.37335467338562, 2.369018077850342, 2.361570358276367, 2.354966402053833, 2.348487615585327, 2.3430607318878174, 2.3382036685943604, 2.3257365226745605, 2.3210904598236084, 2.307497024536133, 2.298759698867798, 2.2860782146453857, 2.278510093688965, 2.2636005878448486, 2.249004602432251, 2.227933406829834, 2.210994243621826, 2.1917548179626465, 2.176210403442383, 2.1555545330047607, 2.1370365619659424, 2.1182641983032227, 2.102242946624756, 2.0835299491882324, 2.0640790462493896, 2.053832530975342, 2.040187120437622, 2.0275638103485107, 2.01834774017334, 2.000135660171509, 1.9840130805969238, 1.9734615087509155, 1.961880087852478, 1.9464154243469238, 1.939439296722412, 1.9268332719802856, 1.9217580556869507, 1.9151620864868164, 1.9043593406677246, 1.8886598348617554, 1.8845956325531006, 1.876326560974121, 1.8704160451889038, 1.8605759143829346, 1.8478820323944092, 1.8471252918243408, 1.8429028987884521, 1.8430956602096558, 1.8214188814163208, 1.8186838626861572, 1.8128222227096558, 1.8040046691894531, 1.7990268468856812, 1.7940058708190918, 1.7890557050704956, 1.7803987264633179, 1.7803397178649902, 1.7631609439849854, 1.7658976316452026, 1.7649978399276733, 1.7547296285629272, 1.7518845796585083, 1.7459295988082886, 1.7422691583633423, 1.7301479578018188, 1.7265955209732056, 1.7271806001663208, 1.7184511423110962, 1.7142210006713867, 1.7129395008087158, 1.7027736902236938, 1.7049658298492432, 1.7015101909637451, 1.6924536228179932, 1.6859585046768188, 1.6859413385391235, 1.6830424070358276, 1.6763015985488892, 1.6692101955413818, 1.6703201532363892, 1.6682562828063965, 1.6640236377716064, 1.6584854125976562, 1.6501258611679077, 1.6471426486968994, 1.6501843929290771, 1.645011067390442, 1.642037034034729, 1.6350784301757812], "val_loss": [5.911822319030762, 5.85267448425293, 5.8082780838012695, 5.725281238555908, 5.619933128356934, 5.603549957275391, 5.5268635749816895, 5.500203609466553, 5.4741530418396, 5.443413734436035, 5.3521833419799805, 5.329622745513916, 5.228448390960693, 5.207377910614014, 5.049276828765869, 4.989480972290039, 5.002068519592285, 4.8949689865112305, 4.705143928527832, 4.54321813583374, 4.428114414215088, 4.179727554321289, 4.0536041259765625, 3.8346502780914307, 3.6320419311523438, 3.520371198654175, 3.421260356903076, 3.281830072402954, 3.094017267227173, 3.0666794776916504, 2.8587703704833984, 2.857992172241211, 2.7579545974731445, 2.762472629547119, 2.6700756549835205, 2.682030439376831, 2.585235834121704, 2.510620594024658, 2.623793840408325, 2.494229555130005, 2.463243007659912, 2.454258680343628, 2.4281866550445557, 2.4814810752868652, 2.416922092437744, 2.412344217300415, 2.326223850250244, 2.446298122406006, 2.362384796142578, 2.3140010833740234, 2.3638174533843994, 2.361642599105835, 2.365288734436035, 2.282994508743286, 2.3032288551330566, 2.2719247341156006, 2.232707977294922, 2.2405338287353516, 2.2609732151031494, 2.199338436126709, 2.2205827236175537, 2.1958773136138916, 2.1998894214630127, 2.186476945877075, 2.144693613052368, 2.15704607963562, 2.176590919494629, 2.151618003845215, 2.101710081100464, 2.1613407135009766, 2.1778056621551514, 2.125319242477417, 2.1113150119781494, 2.100090503692627, 2.0850932598114014, 2.068502902984619, 2.070326805114746, 2.0459048748016357, 2.0996217727661133, 2.0953333377838135, 2.02725887298584, 2.0122268199920654, 2.0583300590515137, 2.0094075202941895, 2.0095558166503906, 1.9989129304885864, 2.0509743690490723, 2.034599542617798, 1.9816566705703735, 1.9580779075622559, 1.9903203248977661, 2.007845401763916, 1.9716160297393799, 1.9916020631790161, 2.032343864440918], "val_rmse": [2.4141626358032227, 2.4020180702209473, 2.3929805755615234, 2.3763086795806885, 2.355276346206665, 2.3514816761016846, 2.335848331451416, 2.33014178276062, 2.324366569519043, 2.3175628185272217, 2.29823899269104, 2.2926554679870605, 2.2708590030670166, 2.265946626663208, 2.2316060066223145, 2.2179863452911377, 2.220456600189209, 2.196514844894409, 2.1536004543304443, 2.1160054206848145, 2.0884182453155518, 2.028623342514038, 1.9969183206558228, 1.9418423175811768, 1.8895055055618286, 1.859419345855713, 1.832776665687561, 1.7945466041564941, 1.7424795627593994, 1.7343515157699585, 1.6750949621200562, 1.6746965646743774, 1.6450642347335815, 1.6465582847595215, 1.61885404586792, 1.6226030588150024, 1.593363881111145, 1.570042371749878, 1.6055455207824707, 1.5651806592941284, 1.5552325248718262, 1.5523416996002197, 1.5441522598266602, 1.5615930557250977, 1.5406320095062256, 1.5395108461380005, 1.5113462209701538, 1.5506548881530762, 1.5237802267074585, 1.5077083110809326, 1.5243504047393799, 1.52369225025177, 1.5253573656082153, 1.497380018234253, 1.5047607421875, 1.4938364028930664, 1.4809471368789673, 1.4834848642349243, 1.4907269477844238, 1.4694314002990723, 1.4771530628204346, 1.4686131477355957, 1.4698364734649658, 1.4655681848526, 1.4511229991912842, 1.4556540250778198, 1.4621374607086182, 1.4537432193756104, 1.4364163875579834, 1.457155704498291, 1.4628816843032837, 1.444969892501831, 1.4399826526641846, 1.4358463287353516, 1.4310332536697388, 1.4252556562423706, 1.4256576299667358, 1.4168707132339478, 1.4360167980194092, 1.434394121170044, 1.4105596542358398, 1.4053994417190552, 1.4216398000717163, 1.4041799306869507, 1.4046521186828613, 1.4007285833358765, 1.4192790985107422, 1.4134577512741089, 1.3947229385375977, 1.3860787153244019, 1.3976857662200928, 1.403745174407959, 1.391158938407898, 1.3980979919433594, 1.4123660326004028]}