{"n_parameters": 156865, "training_time": 527.4702308177948, "loss": [6.897507667541504, 6.201071262359619, 6.00108528137207, 5.939465045928955, 5.880023956298828, 5.868442535400391, 5.843534469604492, 5.827502727508545], "rmse": [2.604954481124878, 2.472119092941284, 2.432000160217285, 2.41945743560791, 2.406816244125366, 2.4040939807891846, 2.4000706672668457, 2.397084951400757], "val_loss": [6.0941948890686035, 5.975231170654297, 5.94862699508667, 6.045009613037109, 6.024510860443115, 6.014537811279297, 6.00624942779541, 5.999456405639648], "val_rmse": [2.4491450786590576, 2.426546335220337, 2.4218876361846924, 2.4414963722229004, 2.437072992324829, 2.434849977493286, 2.4330520629882812, 2.4315764904022217]}