{"n_parameters": 409825, "training_time": 4057.603749513626, "loss": [6.30253267288208, 5.992213726043701, 5.838581085205078, 5.712433338165283, 5.6347432136535645, 5.551401138305664, 5.485844612121582, 5.417712688446045, 5.3646416664123535, 5.301634311676025, 5.257510185241699, 5.213216781616211, 5.163561820983887, 5.126983165740967, 5.06431245803833, 5.029461860656738, 4.967448711395264, 4.892699241638184, 4.823093891143799, 4.714698791503906, 4.620426654815674, 4.468044281005859, 4.303889751434326, 4.134668827056885, 3.9596996307373047, 3.785304307937622, 3.636931896209717, 3.492076873779297, 3.3525946140289307, 3.2301690578460693, 3.106017827987671, 2.992013692855835, 2.9019522666931152, 2.801762104034424, 2.720217227935791, 2.6471877098083496, 2.5839457511901855, 2.525974988937378, 2.485445976257324], "rmse": [2.4924614429473877, 2.4297025203704834, 2.3989415168762207, 2.373013496398926, 2.3574678897857666, 2.3410134315490723, 2.327180862426758, 2.3126280307769775, 2.3010990619659424, 2.2877724170684814, 2.2788352966308594, 2.2689647674560547, 2.258382558822632, 2.25036358833313, 2.2366485595703125, 2.227931022644043, 2.2139053344726562, 2.1982693672180176, 2.1812856197357178, 2.1566224098205566, 2.1339128017425537, 2.0974903106689453, 2.0578372478485107, 2.0158066749572754, 1.9714149236679077, 1.9252272844314575, 1.8877028226852417, 1.8466438055038452, 1.8097461462020874, 1.7765382528305054, 1.7408760786056519, 1.7085806131362915, 1.6831620931625366, 1.6527886390686035, 1.627627968788147, 1.6049481630325317, 1.5864099264144897, 1.5693705081939697, 1.5553719997406006], "val_loss": [6.018155574798584, 5.886154651641846, 5.83444356918335, 5.690422058105469, 5.663305282592773, 5.572082042694092, 5.536990642547607, 5.4866509437561035, 5.438266277313232, 5.426499366760254, 5.389346122741699, 5.336144924163818, 5.273133277893066, 5.205453395843506, 5.152105808258057, 5.094371795654297, 5.049992084503174, 4.991525650024414, 4.916947841644287, 4.8033928871154785, 4.671499729156494, 4.525495529174805, 4.332392692565918, 4.14337158203125, 3.9511401653289795, 3.8608367443084717, 3.717566728591919, 3.6359310150146484, 3.6033756732940674, 3.501336097717285, 3.4694910049438477, 3.424570322036743, 3.3820250034332275, 3.3626532554626465, 3.375549793243408, 3.445207357406616, 3.3674545288085938, 3.3914589881896973, 3.414707899093628], "val_rmse": [2.4339771270751953, 2.4077465534210205, 2.39713978767395, 2.368154764175415, 2.362583637237549, 2.343984365463257, 2.336657762527466, 2.3262126445770264, 2.3161821365356445, 2.3137614727020264, 2.305866241455078, 2.2944226264953613, 2.280771493911743, 2.2659289836883545, 2.2539870738983154, 2.241089105606079, 2.2310678958892822, 2.217836618423462, 2.20100474357605, 2.1750824451446533, 2.1445367336273193, 2.110119104385376, 2.063913583755493, 2.0179193019866943, 1.969918131828308, 1.947420597076416, 1.9110045433044434, 1.890035629272461, 1.882188320159912, 1.8554388284683228, 1.8475183248519897, 1.835911750793457, 1.8248789310455322, 1.8200438022613525, 1.824181079864502, 1.843630313873291, 1.8227914571762085, 1.8296780586242676, 1.836305856704712]}