{"n_parameters": 555137, "training_time": 1563.1109037399292, "loss": [6.919494152069092, 6.373324871063232, 6.130271911621094, 5.998935222625732, 5.910577297210693, 5.856206893920898, 5.794309616088867, 5.7574992179870605, 5.709387302398682, 5.673060417175293, 5.653621196746826, 5.634511947631836], "rmse": [2.6098263263702393, 2.5061604976654053, 2.458116292953491, 2.432403087615967, 2.4145424365997314, 2.402888536453247, 2.391202449798584, 2.384204387664795, 2.3743438720703125, 2.366816759109497, 2.362879753112793, 2.358597755432129], "val_loss": [5.879911422729492, 5.740016460418701, 5.7288432121276855, 5.685086250305176, 5.692996978759766, 5.654106616973877, 5.620547771453857, 5.72042989730835, 5.681940078735352, 5.730583190917969, 5.728720188140869, 5.729981422424316], "val_rmse": [2.4075303077697754, 2.3795249462127686, 2.3773748874664307, 2.368504285812378, 2.3703413009643555, 2.362525463104248, 2.355736255645752, 2.3760902881622314, 2.368185520172119, 2.3780503273010254, 2.3774492740631104, 2.377584934234619]}