{"n_parameters": 287153, "training_time": 6822.656207084656, "loss": [6.5945329666137695, 5.384758949279785, 5.092137336730957, 4.873873233795166, 4.657628059387207, 4.500424385070801, 4.310916900634766, 4.186820030212402, 4.051322937011719, 3.9184038639068604, 3.790653705596924, 3.6557857990264893, 3.5140979290008545, 3.366708278656006, 3.2053000926971436, 3.0762500762939453, 2.925565242767334, 2.8216140270233154, 2.7194299697875977, 2.632228136062622, 2.5460548400878906, 2.4571194648742676, 2.4017181396484375, 2.332907199859619, 2.2864935398101807, 2.2366228103637695, 2.1873233318328857, 2.1591219902038574, 2.1416075229644775, 2.118513822555542, 2.104367733001709, 2.090803861618042, 2.065162181854248, 2.0461013317108154, 2.0450565814971924, 2.031066656112671, 2.0130982398986816, 2.0133819580078125, 2.001504898071289, 1.9999715089797974, 1.9799236059188843, 1.9722480773925781, 1.977055549621582, 1.9682466983795166, 1.9507919549942017, 1.9484858512878418, 1.925013542175293, 1.9297075271606445, 1.9239394664764404, 1.915022611618042, 1.9142663478851318, 1.9025522470474243, 1.8922975063323975, 1.8940893411636353, 1.8786463737487793, 1.885729193687439, 1.8585480451583862, 1.8654581308364868, 1.870418906211853, 1.8468470573425293, 1.853318452835083, 1.8466893434524536, 1.8445103168487549, 1.8396252393722534, 1.8401312828063965, 1.8317674398422241, 1.823360562324524, 1.8182904720306396, 1.8075743913650513, 1.8123037815093994, 1.8110805749893188, 1.800328016281128, 1.8023375272750854, 1.7910900115966797, 1.791184663772583, 1.7782779932022095, 1.7729806900024414, 1.7807265520095825, 1.765785813331604, 1.775534987449646, 1.7662407159805298, 1.7563831806182861, 1.7564343214035034, 1.7508214712142944, 1.7496105432510376, 1.7488747835159302], "rmse": [2.5368878841400146, 2.30479097366333, 2.2412333488464355, 2.1923327445983887, 2.1430206298828125, 2.1050710678100586, 2.059778928756714, 2.0294063091278076, 1.9957258701324463, 1.9627166986465454, 1.9304238557815552, 1.8948891162872314, 1.8568841218948364, 1.8172190189361572, 1.7734977006912231, 1.73727548122406, 1.6936724185943604, 1.664015293121338, 1.633737564086914, 1.60675847530365, 1.5807546377182007, 1.5525562763214111, 1.53558349609375, 1.5123683214187622, 1.4976613521575928, 1.480539083480835, 1.4649311304092407, 1.4544178247451782, 1.4491186141967773, 1.4407479763031006, 1.436748743057251, 1.4318664073944092, 1.4222838878631592, 1.4164843559265137, 1.4158847332000732, 1.4104743003845215, 1.4043874740600586, 1.4038535356521606, 1.4009649753570557, 1.398910403251648, 1.3922377824783325, 1.3888641595840454, 1.390573263168335, 1.3876399993896484, 1.3820035457611084, 1.3803764581680298, 1.3725790977478027, 1.3746521472930908, 1.3715641498565674, 1.3686769008636475, 1.367700219154358, 1.3646591901779175, 1.3598380088806152, 1.3608921766281128, 1.3559025526046753, 1.358776330947876, 1.3480596542358398, 1.3509925603866577, 1.3522982597351074, 1.3438279628753662, 1.346611499786377, 1.3432804346084595, 1.3423949480056763, 1.3410261869430542, 1.3414376974105835, 1.338724970817566, 1.3350144624710083, 1.3340476751327515, 1.3288047313690186, 1.3312885761260986, 1.330549955368042, 1.327169418334961, 1.3272185325622559, 1.3225961923599243, 1.3233451843261719, 1.3186471462249756, 1.3170517683029175, 1.3189337253570557, 1.3136074542999268, 1.3174458742141724, 1.313739538192749, 1.310106873512268, 1.3096234798431396, 1.3080710172653198, 1.3082162141799927, 1.3079102039337158], "val_loss": [5.208456993103027, 4.80348014831543, 4.58472204208374, 4.408626556396484, 4.250536918640137, 4.092554569244385, 3.9347126483917236, 3.792956829071045, 3.6541099548339844, 3.5265285968780518, 3.4071273803710938, 3.272599935531616, 3.090186357498169, 2.9156792163848877, 2.768003463745117, 2.6247265338897705, 2.517911195755005, 2.414325475692749, 2.3113226890563965, 2.2457618713378906, 2.1703999042510986, 2.1053977012634277, 2.0526392459869385, 2.0004160404205322, 1.9595199823379517, 1.9271525144577026, 1.912549614906311, 1.8993602991104126, 1.856920838356018, 1.8666234016418457, 1.837669849395752, 1.8352972269058228, 1.823748230934143, 1.8188260793685913, 1.8083513975143433, 1.797493815422058, 1.7869936227798462, 1.7909932136535645, 1.7768805027008057, 1.7695633172988892, 1.7603983879089355, 1.7440224885940552, 1.7336369752883911, 1.7439929246902466, 1.7197905778884888, 1.7304295301437378, 1.7241531610488892, 1.7159496545791626, 1.7161484956741333, 1.7082141637802124, 1.6996657848358154, 1.6995350122451782, 1.6888761520385742, 1.6892027854919434, 1.7103385925292969, 1.688888669013977, 1.686792254447937, 1.6882069110870361, 1.6712480783462524, 1.6767820119857788, 1.663375973701477, 1.66999351978302, 1.6647621393203735, 1.6684921979904175, 1.658559799194336, 1.6705902814865112, 1.6547186374664307, 1.6520344018936157, 1.6605576276779175, 1.655643343925476, 1.6464614868164062, 1.6521261930465698, 1.6338443756103516, 1.6548912525177002, 1.640988826751709, 1.635167121887207, 1.6387927532196045, 1.630767822265625, 1.6402525901794434, 1.627827525138855, 1.6171331405639648, 1.6267269849777222, 1.6264914274215698, 1.6227235794067383, 1.6207356452941895, 1.6181179285049438], "val_rmse": [2.266510248184204, 2.1769821643829346, 2.1266534328460693, 2.0848071575164795, 2.046497106552124, 2.0076262950897217, 1.967956781387329, 1.9316238164901733, 1.8954495191574097, 1.8617420196533203, 1.829429030418396, 1.7925130128860474, 1.741707444190979, 1.6918364763259888, 1.6482393741607666, 1.6052931547164917, 1.5721540451049805, 1.5398145914077759, 1.5066996812820435, 1.4850647449493408, 1.4598637819290161, 1.437976360321045, 1.4197864532470703, 1.4018425941467285, 1.3870503902435303, 1.3757554292678833, 1.3705328702926636, 1.3656302690505981, 1.3502095937728882, 1.3539104461669922, 1.3431998491287231, 1.3424566984176636, 1.3381420373916626, 1.336242437362671, 1.3320015668869019, 1.3283275365829468, 1.324262261390686, 1.3258285522460938, 1.3206026554107666, 1.3176867961883545, 1.3144149780273438, 1.308018684387207, 1.3038347959518433, 1.307915210723877, 1.2989107370376587, 1.3030558824539185, 1.30070161819458, 1.2973613739013672, 1.297546148300171, 1.2944841384887695, 1.291266918182373, 1.2913717031478882, 1.2873690128326416, 1.2873133420944214, 1.2953420877456665, 1.2871627807617188, 1.2863860130310059, 1.2870416641235352, 1.2803764343261719, 1.282517910003662, 1.2773414850234985, 1.2800222635269165, 1.2780327796936035, 1.2795934677124023, 1.2756154537200928, 1.2802053689956665, 1.2742581367492676, 1.2731996774673462, 1.276543140411377, 1.2744656801223755, 1.2707974910736084, 1.273237705230713, 1.2659974098205566, 1.274481177330017, 1.268609642982483, 1.2666243314743042, 1.2680433988571167, 1.2647655010223389, 1.268724799156189, 1.2636781930923462, 1.2594752311706543, 1.263361930847168, 1.2632122039794922, 1.2618062496185303, 1.2610080242156982, 1.260021686553955]}