{"n_parameters": 449489, "training_time": 16828.924718141556, "loss": [5.9279255867004395, 5.519015312194824, 5.226593971252441, 4.898332595825195, 4.519138813018799, 4.1483354568481445, 3.771243095397949, 3.4474332332611084, 3.185394048690796, 2.951685905456543, 2.788655996322632, 2.653069496154785, 2.527083158493042, 2.423387050628662, 2.3439297676086426, 2.2613799571990967, 2.190951347351074, 2.146930694580078, 2.0972251892089844, 2.055164098739624, 2.0287153720855713, 2.0000879764556885, 1.9853534698486328, 1.9586411714553833, 1.938159704208374, 1.9154009819030762, 1.9089713096618652, 1.8934295177459717, 1.8798333406448364, 1.864673137664795, 1.860827088356018, 1.8479191064834595, 1.8368325233459473, 1.8159418106079102, 1.8195207118988037, 1.806839108467102, 1.8002018928527832, 1.7851009368896484, 1.7734086513519287, 1.7664564847946167, 1.761695146560669, 1.7445956468582153, 1.7466057538986206, 1.7253221273422241, 1.7189157009124756, 1.7104206085205078, 1.6991384029388428, 1.6921892166137695, 1.6814366579055786, 1.6788437366485596, 1.6673634052276611, 1.6532866954803467, 1.637937068939209, 1.6259444952011108, 1.612460732460022, 1.5983182191848755, 1.5909028053283691, 1.574826955795288, 1.5662537813186646, 1.547905683517456, 1.537831425666809, 1.5290803909301758, 1.5151329040527344, 1.5059236288070679, 1.4814459085464478, 1.4772733449935913, 1.4515477418899536, 1.4399305582046509, 1.4235858917236328, 1.4117668867111206, 1.401971697807312, 1.3832358121871948, 1.3651679754257202, 1.3493351936340332, 1.3440231084823608, 1.3327159881591797, 1.32025146484375, 1.3054853677749634, 1.3000153303146362, 1.280026912689209, 1.2733707427978516, 1.255667805671692, 1.245506763458252, 1.240581750869751, 1.2306653261184692, 1.2248376607894897, 1.2065107822418213, 1.2062746286392212, 1.2006583213806152, 1.1847056150436401, 1.1803134679794312, 1.178737998008728, 1.1630778312683105, 1.1557425260543823, 1.1477631330490112, 1.146738886833191, 1.1346601247787476, 1.1270606517791748, 1.124352216720581, 1.1124123334884644, 1.110149621963501, 1.1034612655639648, 1.0953730344772339, 1.09807550907135, 1.090187907218933, 1.082770824432373, 1.0784099102020264, 1.07161283493042, 1.0726468563079834, 1.0737183094024658, 1.0624382495880127, 1.0553362369537354, 1.0504579544067383, 1.0464128255844116, 1.0407679080963135, 1.0365670919418335, 1.0334213972091675, 1.0281413793563843, 1.0331766605377197, 1.022871971130371, 1.024802803993225, 1.0177806615829468, 1.0219385623931885, 1.017876148223877, 1.0117782354354858, 1.0072051286697388, 1.0065957307815552, 1.0047184228897095, 0.9995923638343811, 1.0021579265594482, 0.997909665107727, 0.9912054538726807, 0.9932827353477478, 0.9890379905700684, 0.9869163036346436, 0.9860292077064514, 0.9815880656242371, 0.9785832762718201, 0.9742403626441956, 0.9726775884628296, 0.974996030330658, 0.9773022532463074, 0.9745582342147827, 0.9668549299240112, 0.9594964981079102, 0.9623315930366516, 0.9645225405693054, 0.9583298563957214, 0.9578166604042053, 0.9588645696640015, 0.9533168077468872, 0.9477440118789673, 0.9505824446678162, 0.9468011260032654, 0.9420502185821533, 0.9419674873352051, 0.9440516233444214, 0.9422000646591187, 0.9358857870101929, 0.9364534020423889, 0.9359372854232788, 0.9303755164146423, 0.9295423030853271, 0.9265432357788086, 0.9232008457183838], "rmse": [2.4178617000579834, 2.334012031555176, 2.2710814476013184, 2.1990878582000732, 2.1104676723480225, 2.020674228668213, 1.9243173599243164, 1.838427186012268, 1.7665070295333862, 1.6990313529968262, 1.6512675285339355, 1.6107417345046997, 1.5717219114303589, 1.53889000415802, 1.5136041641235352, 1.4857580661773682, 1.46261465549469, 1.4477084875106812, 1.43211829662323, 1.4172167778015137, 1.408191442489624, 1.3981568813323975, 1.3925594091415405, 1.3831995725631714, 1.3759392499923706, 1.36786949634552, 1.3661614656448364, 1.3601067066192627, 1.3552125692367554, 1.3495615720748901, 1.3484115600585938, 1.343467116355896, 1.3397598266601562, 1.3320292234420776, 1.3335590362548828, 1.3289135694503784, 1.3256583213806152, 1.3206747770309448, 1.316064715385437, 1.3132038116455078, 1.311731219291687, 1.3055634498596191, 1.3061457872390747, 1.2981269359588623, 1.2950609922409058, 1.2918274402618408, 1.287775993347168, 1.2846417427062988, 1.2809743881225586, 1.2801810503005981, 1.275984525680542, 1.2708290815353394, 1.264876127243042, 1.2596487998962402, 1.2544575929641724, 1.2491040229797363, 1.245561122894287, 1.2397277355194092, 1.23648202419281, 1.2286447286605835, 1.224233627319336, 1.220847725868225, 1.2154899835586548, 1.211938738822937, 1.20278799533844, 1.2001579999923706, 1.189658284187317, 1.1845488548278809, 1.1779621839523315, 1.1728171110153198, 1.1684454679489136, 1.1602699756622314, 1.1527851819992065, 1.1462825536727905, 1.1434922218322754, 1.1395118236541748, 1.133723258972168, 1.12700355052948, 1.1250098943710327, 1.116941213607788, 1.1127277612686157, 1.1048831939697266, 1.0998247861862183, 1.098190188407898, 1.0935653448104858, 1.0912214517593384, 1.0830885171890259, 1.0811823606491089, 1.08006751537323, 1.0728353261947632, 1.0705333948135376, 1.0691070556640625, 1.061015009880066, 1.0591063499450684, 1.0542021989822388, 1.054625153541565, 1.0491527318954468, 1.0459507703781128, 1.0441936254501343, 1.0384962558746338, 1.0375028848648071, 1.0343788862228394, 1.0304898023605347, 1.031314730644226, 1.0276464223861694, 1.024719476699829, 1.0219721794128418, 1.0179551839828491, 1.0197392702102661, 1.0196155309677124, 1.0131381750106812, 1.0111994743347168, 1.0082119703292847, 1.0069857835769653, 1.0042381286621094, 1.0015562772750854, 1.0006382465362549, 0.9979667067527771, 1.0006531476974487, 0.9948455691337585, 0.9958730340003967, 0.9926945567131042, 0.9938221573829651, 0.9923633337020874, 0.9897959232330322, 0.9874916672706604, 0.9871886372566223, 0.9857732653617859, 0.9831421971321106, 0.984168291091919, 0.9824013113975525, 0.9791910648345947, 0.9797484278678894, 0.9777901768684387, 0.9766957759857178, 0.9761112928390503, 0.9743300676345825, 0.9731271862983704, 0.9708606600761414, 0.9694646596908569, 0.970360517501831, 0.9714918732643127, 0.9703484177589417, 0.9659287929534912, 0.9636558890342712, 0.9655941128730774, 0.9647589325904846, 0.962460994720459, 0.9621954560279846, 0.9627361297607422, 0.959432065486908, 0.9570611715316772, 0.9590740203857422, 0.9562607407569885, 0.9549919962882996, 0.9534594416618347, 0.9548761248588562, 0.9541381001472473, 0.9514099955558777, 0.9518510103225708, 0.9516799449920654, 0.9479114413261414, 0.9474571943283081, 0.9465921521186829, 0.9444904327392578],