{"n_parameters": 232369, "training_time": 5465.348234415054, "loss": [5.794010639190674, 5.626580715179443, 5.5058369636535645, 5.388863563537598, 5.2913641929626465, 5.196414947509766, 5.0865254402160645, 4.953958034515381, 4.803372383117676, 4.654725551605225, 4.492934226989746, 4.2999677658081055, 4.0627217292785645, 3.7849276065826416, 3.4793856143951416, 3.160177230834961, 2.897306203842163, 2.6997692584991455, 2.5538647174835205, 2.443112850189209, 2.3552420139312744, 2.302304983139038, 2.253972291946411, 2.2133829593658447, 2.182084560394287, 2.145756244659424, 2.124812602996826, 2.099853515625, 2.080504894256592, 2.0663530826568604, 2.0536177158355713, 2.0419979095458984, 2.016071081161499, 2.00435733795166, 1.9989736080169678, 1.9833297729492188, 1.977284550666809, 1.967285394668579, 1.9510806798934937, 1.9409308433532715, 1.9254759550094604, 1.918043613433838, 1.909919023513794, 1.9036585092544556, 1.8985508680343628, 1.8810714483261108, 1.874693751335144, 1.8720868825912476, 1.864637851715088, 1.8569157123565674, 1.850088357925415, 1.8442906141281128, 1.8322771787643433, 1.828784704208374, 1.8215315341949463, 1.8181146383285522, 1.806980848312378, 1.805272102355957, 1.7939294576644897, 1.7867109775543213, 1.7790064811706543, 1.7762596607208252, 1.7699733972549438, 1.7664672136306763, 1.7570582628250122, 1.7479689121246338, 1.7406495809555054, 1.7367732524871826, 1.7316476106643677, 1.7239001989364624], "rmse": [2.3892464637756348, 2.3559744358062744, 2.331317663192749, 2.3060803413391113, 2.2862401008605957, 2.265589714050293, 2.241185426712036, 2.212179183959961, 2.1784045696258545, 2.1440701484680176, 2.1061816215515137, 2.0587730407714844, 2.0015456676483154, 1.9300763607025146, 1.8490216732025146, 1.7599282264709473, 1.6847833395004272, 1.6254571676254272, 1.5796737670898438, 1.5461070537567139, 1.5180476903915405, 1.500976324081421, 1.4845412969589233, 1.4703195095062256, 1.4603701829910278, 1.4475301504135132, 1.4406810998916626, 1.4322365522384644, 1.4261369705200195, 1.420022964477539, 1.4164080619812012, 1.4118013381958008, 1.4035669565200806, 1.3986819982528687, 1.3969016075134277, 1.3914153575897217, 1.3897846937179565, 1.3863688707351685, 1.3808391094207764, 1.3769334554672241, 1.3713816404342651, 1.3687455654144287, 1.3659740686416626, 1.363839864730835, 1.3621463775634766, 1.3561732769012451, 1.3531804084777832, 1.3521580696105957, 1.3495484590530396, 1.3467872142791748, 1.3437788486480713, 1.3416035175323486, 1.3378162384033203, 1.3352969884872437, 1.33346688747406, 1.332589864730835, 1.3274919986724854, 1.3283289670944214, 1.3239710330963135, 1.321151614189148, 1.3178741931915283, 1.3171054124832153, 1.314504623413086, 1.3131382465362549, 1.3093730211257935, 1.3058415651321411, 1.3036432266235352, 1.302969217300415, 1.2995363473892212, 1.2970695495605469], "val_loss": [5.784528732299805, 5.635581016540527, 5.493295669555664, 5.33687162399292, 5.200398921966553, 5.066129684448242, 4.910678386688232, 4.729824542999268, 4.566963195800781, 4.402247905731201, 4.1901397705078125, 3.9751224517822266, 3.6756324768066406, 3.362934112548828, 3.0449726581573486, 2.734034776687622, 2.5521700382232666, 2.4086973667144775, 2.3065319061279297, 2.2171661853790283, 2.180558919906616, 2.1403629779815674, 2.1328039169311523, 2.104285478591919, 2.078075647354126, 2.0444581508636475, 2.0689408779144287, 2.0274817943573, 2.0338594913482666, 2.00327205657959, 1.9994031190872192, 2.0130672454833984, 1.9758293628692627, 1.9677960872650146, 1.9730396270751953, 1.9727017879486084, 1.9320281744003296, 1.9527965784072876, 1.9204946756362915, 1.9501724243164062, 1.9195713996887207, 1.9106196165084839, 1.9018042087554932, 1.9043136835098267, 1.8830130100250244, 1.8980697393417358, 1.8844276666641235, 1.8737406730651855, 1.8993453979492188, 1.8718616962432861, 1.872069239616394, 1.848609447479248, 1.8388469219207764, 1.8310909271240234, 1.8266006708145142, 1.8487645387649536, 1.8437670469284058, 1.856704592704773, 1.8177566528320312, 1.8119579553604126, 1.8185102939605713, 1.8182276487350464, 1.7941073179244995, 1.8209259510040283, 1.777361512184143, 1.779026746749878, 1.7984453439712524, 1.7814738750457764, 1.784532904624939, 1.7805235385894775], "val_rmse": [2.3885481357574463, 2.3581137657165527, 2.328770875930786, 2.2963039875030518, 2.26698637008667, 2.2375450134277344, 2.20271897315979, 2.161398410797119, 2.1236839294433594, 2.0845210552215576, 2.0329532623291016, 1.9790045022964478, 1.9016488790512085, 1.8173781633377075, 1.7277276515960693, 1.63613760471344, 1.5801500082015991, 1.5349950790405273, 1.5021286010742188, 1.4727180004119873, 1.4609026908874512, 1.4474873542785645, 1.445273995399475, 1.4356168508529663, 1.4266400337219238, 1.4148000478744507, 1.423829436302185, 1.4091657400131226, 1.4114017486572266, 1.4007463455200195, 1.3994144201278687, 1.4046096801757812, 1.391263723373413, 1.3884727954864502, 1.3904272317886353, 1.3905317783355713, 1.3756897449493408, 1.3833658695220947, 1.3715614080429077, 1.382476568222046, 1.371504306793213, 1.3682843446731567, 1.3652315139770508, 1.366254210472107, 1.3585270643234253, 1.3642072677612305, 1.3592338562011719, 1.3553338050842285, 1.364762544631958, 1.3546494245529175, 1.3547340631484985, 1.3462430238723755, 1.3422813415527344, 1.3396763801574707, 1.3381041288375854, 1.3463804721832275, 1.3444323539733887, 1.3496819734573364, 1.3350002765655518, 1.3329980373382568, 1.3353865146636963, 1.3352720737457275, 1.3264100551605225, 1.3365907669067383, 1.3199671506881714, 1.3206584453582764, 1.3281376361846924, 1.321742057800293, 1.322761058807373, 1.3214551210403442]}