{"n_parameters": 230449, "training_time": 6443.14469742775, "loss": [5.802561283111572, 5.711004734039307, 5.639718055725098, 5.589348793029785, 5.514324188232422, 5.4604172706604, 5.397609233856201, 5.337459087371826, 5.278187274932861, 5.218451499938965, 5.156181335449219, 5.089165687561035, 5.021226406097412, 4.953307151794434, 4.865722179412842, 4.779916763305664, 4.6936540603637695, 4.588078022003174, 4.4724321365356445, 4.349785804748535, 4.209807872772217, 4.075757026672363, 3.9327659606933594, 3.790827751159668, 3.6424551010131836, 3.500361204147339, 3.3646202087402344, 3.2320384979248047, 3.1093854904174805, 3.008735179901123, 2.9169206619262695, 2.8292295932769775, 2.76328706741333, 2.6996853351593018, 2.645754337310791, 2.5961732864379883, 2.558673143386841, 2.5173168182373047, 2.479447364807129, 2.437629461288452, 2.398341655731201, 2.3649885654449463, 2.329145669937134, 2.2940008640289307, 2.2612740993499756, 2.2283222675323486, 2.18662691116333, 2.1630053520202637, 2.128344774246216, 2.1000800132751465, 2.0828912258148193, 2.0506503582000732, 2.022634506225586, 2.0002214908599854, 1.9837733507156372, 1.9595187902450562, 1.9396682977676392, 1.9229029417037964, 1.908687710762024, 1.8947901725769043, 1.8821752071380615, 1.8639334440231323, 1.8539998531341553, 1.8431938886642456, 1.8299529552459717, 1.8226871490478516, 1.813083291053772, 1.8029195070266724, 1.7963894605636597, 1.7886112928390503, 1.785779595375061, 1.7805854082107544, 1.7766990661621094, 1.7654123306274414, 1.767822265625, 1.7632286548614502, 1.7528977394104004, 1.7560451030731201, 1.7507654428482056, 1.7436177730560303, 1.7471929788589478, 1.7356706857681274, 1.7400479316711426, 1.7410998344421387, 1.7313785552978516, 1.7355027198791504, 1.7287230491638184, 1.7306464910507202, 1.7222238779067993, 1.723353385925293, 1.721454381942749], "rmse": [2.3905704021453857, 2.372285842895508, 2.3578343391418457, 2.3480396270751953, 2.3307347297668457, 2.321300745010376, 2.308295488357544, 2.2948718070983887, 2.2829630374908447, 2.269364356994629, 2.256072759628296, 2.240814685821533, 2.2262864112854004, 2.211514472961426, 2.192659854888916, 2.172074317932129, 2.1527411937713623, 2.128404140472412, 2.1003615856170654, 2.071455955505371, 2.0372636318206787, 2.0042195320129395, 1.968034029006958, 1.931814193725586, 1.8931041955947876, 1.8550394773483276, 1.817456603050232, 1.780457615852356, 1.7456079721450806, 1.7159461975097656, 1.6886268854141235, 1.6633812189102173, 1.6431856155395508, 1.6234347820281982, 1.606451153755188, 1.5914465188980103, 1.5800666809082031, 1.567122459411621, 1.55434250831604, 1.5418624877929688, 1.5289896726608276, 1.518454909324646, 1.5073950290679932, 1.495619535446167, 1.4835506677627563, 1.4736579656600952, 1.4595452547073364, 1.4527689218521118, 1.4409235715866089, 1.4309135675430298, 1.4243844747543335, 1.4142957925796509, 1.4032394886016846, 1.3969385623931885, 1.391318917274475, 1.3833390474319458, 1.374768614768982, 1.3694019317626953, 1.3650965690612793, 1.3605048656463623, 1.354971170425415, 1.3490132093429565, 1.345262050628662, 1.3419091701507568, 1.3363666534423828, 1.3333841562271118, 1.330196738243103, 1.3263773918151855, 1.3237472772598267, 1.3214645385742188, 1.3203332424163818, 1.3184516429901123, 1.3169440031051636, 1.3131250143051147, 1.313002586364746, 1.3110215663909912, 1.3084241151809692, 1.3088352680206299, 1.30849289894104, 1.3054070472717285, 1.306429147720337, 1.3013113737106323, 1.3034356832504272, 1.3037954568862915, 1.3004891872406006, 1.3021626472473145, 1.2984246015548706, 1.2997466325759888, 1.2971166372299194, 1.2974408864974976, 1.295860767364502], "val_loss": [5.857555389404297, 5.7857465744018555, 5.733918190002441, 5.6877007484436035, 5.6006622314453125, 5.549996852874756, 5.492638111114502, 5.439262866973877, 5.367060661315918, 5.285006046295166, 5.214296340942383, 5.138034343719482, 5.071525573730469, 4.995288848876953, 4.913904666900635, 4.811928749084473, 4.721671104431152, 4.590139865875244, 4.4703264236450195, 4.387455940246582, 4.243914604187012, 4.122015953063965, 3.9834189414978027, 3.8466100692749023, 3.682711124420166, 3.549609899520874, 3.4330482482910156, 3.297558307647705, 3.1809418201446533, 3.076887845993042, 3.007601499557495, 2.9097938537597656, 2.8303263187408447, 2.7799887657165527, 2.7361652851104736, 2.683070421218872, 2.6315250396728516, 2.592226266860962, 2.551332712173462, 2.5088014602661133, 2.4602267742156982, 2.418651580810547, 2.3819174766540527, 2.338062286376953, 2.3011088371276855, 2.2650229930877686, 2.2333240509033203, 2.197758674621582, 2.1600966453552246, 2.132009983062744, 2.102248430252075, 2.076308488845825, 2.0482349395751953, 2.0216612815856934, 2.0079731941223145, 1.9903876781463623, 1.966383457183838, 1.944036602973938, 1.9137396812438965, 1.9097779989242554, 1.9074753522872925, 1.8921629190444946, 1.8721978664398193, 1.8635668754577637, 1.843868374824524, 1.8463821411132812, 1.8491727113723755, 1.8296846151351929, 1.8150286674499512, 1.819364070892334, 1.8078378438949585, 1.79452645778656, 1.7925492525100708, 1.8044564723968506, 1.7933242321014404, 1.7810858488082886, 1.77994966506958, 1.7694594860076904, 1.7792308330535889, 1.7733440399169922, 1.7734657526016235, 1.7604684829711914, 1.757677674293518, 1.7680933475494385, 1.7565375566482544, 1.737570881843567, 1.7631409168243408, 1.7437081336975098, 1.7545380592346191, 1.7439228296279907, 1.741082787513733], "val_rmse": [2.40315318107605, 2.388744592666626, 2.3783199787139893, 2.3689255714416504, 2.3514280319213867, 2.340960741043091, 2.329127788543701, 2.317984104156494, 2.3028626441955566, 2.2852706909179688, 2.2699625492095947, 2.2534358501434326, 2.238629102706909, 2.221741199493408, 2.203371286392212, 2.180511474609375, 2.1596760749816895, 2.1293649673461914, 2.1011300086975098, 2.0808827877044678, 2.046367645263672, 2.0162837505340576, 1.981656551361084, 1.9468002319335938, 1.9043546915054321, 1.868881106376648, 1.8372056484222412, 1.8000839948654175, 1.7672083377838135, 1.737618327140808, 1.71743643283844, 1.6890321969985962, 1.6653416156768799, 1.6501901149749756, 1.6370420455932617, 1.6207897663116455, 1.6050571203231812, 1.592897891998291, 1.5803698301315308, 1.566815733909607, 1.5515350103378296, 1.5380464792251587, 1.5264757871627808, 1.5123180150985718, 1.5002456903457642, 1.4884885549545288, 1.4781889915466309, 1.4663180112838745, 1.4537708759307861, 1.444090723991394, 1.4342248439788818, 1.4253464937210083, 1.4157600402832031, 1.4063589572906494, 1.4020403623580933, 1.3960577249526978, 1.3874212503433228, 1.3795350790023804, 1.3682897090911865, 1.3671820163726807, 1.3667254447937012, 1.3613556623458862, 1.3540353775024414, 1.3509094715118408, 1.3435274362564087, 1.3448452949523926, 1.3459219932556152, 1.3385980129241943, 1.3331868648529053, 1.3349803686141968, 1.3307068347930908, 1.3254508972167969, 1.324720025062561, 1.3296146392822266, 1.3253878355026245, 1.3206663131713867, 1.320381999015808, 1.3161845207214355, 1.3201484680175781, 1.317847490310669, 1.317989468574524, 1.3129372596740723, 1.3118505477905273, 1.3160382509231567, 1.311395287513733, 1.3039963245391846, 1.3142080307006836, 1.3064522743225098, 1.310884952545166, 1.3067666292190552, 1.305616021156311]}