{"n_parameters": 174513, "training_time": 6827.782519817352, "loss": [5.81715726852417, 5.3928070068359375, 5.129730701446533, 4.826858997344971, 4.490656852722168, 4.13551664352417, 3.757878065109253, 3.4164583683013916, 3.132533550262451, 2.9004154205322266, 2.7372934818267822, 2.6319000720977783, 2.516716718673706, 2.4393792152404785, 2.375988721847534, 2.3157942295074463, 2.2623209953308105, 2.220453977584839, 2.1590611934661865, 2.1249265670776367, 2.088864803314209, 2.0460400581359863, 2.018794059753418, 2.0001258850097656, 1.9791063070297241, 1.953497290611267, 1.9400027990341187, 1.9217740297317505, 1.906280517578125, 1.8897814750671387, 1.8792710304260254, 1.8657914400100708, 1.850078821182251, 1.8399754762649536, 1.8337584733963013, 1.8149303197860718, 1.8050141334533691, 1.794645071029663, 1.7914091348648071, 1.7792781591415405, 1.7639951705932617, 1.755631923675537, 1.7484298944473267, 1.745292067527771, 1.7260956764221191, 1.7158983945846558, 1.7100909948349, 1.697408676147461, 1.6886435747146606, 1.688276767730713, 1.6780757904052734, 1.6734542846679688, 1.6560447216033936, 1.6464883089065552, 1.634663701057434, 1.6178700923919678, 1.6091558933258057, 1.6054030656814575, 1.5871962308883667, 1.581935167312622, 1.5613844394683838, 1.5472787618637085, 1.5422508716583252, 1.529483437538147, 1.5177379846572876, 1.503253698348999, 1.494509220123291, 1.4836620092391968, 1.4687678813934326, 1.451385259628296, 1.443859338760376, 1.4278792142868042, 1.4214448928833008, 1.4021704196929932, 1.3994334936141968, 1.3769875764846802, 1.3701081275939941, 1.3616387844085693, 1.3472518920898438, 1.3370393514633179, 1.3220431804656982, 1.3199892044067383, 1.30459725856781, 1.2942326068878174, 1.2884119749069214, 1.273503303527832, 1.2625257968902588, 1.2624247074127197, 1.2478792667388916, 1.2402939796447754, 1.232334852218628, 1.2201275825500488, 1.2198981046676636, 1.2067186832427979, 1.1979010105133057, 1.196732997894287, 1.1879674196243286, 1.1792038679122925], "rmse": [2.3947067260742188, 2.3067195415496826, 2.249427080154419, 2.182084083557129, 2.104193687438965, 2.0176260471343994, 1.921020746231079, 1.8307886123657227, 1.7527649402618408, 1.6851842403411865, 1.6356521844863892, 1.6045372486114502, 1.5686213970184326, 1.543392539024353, 1.5240241289138794, 1.5032188892364502, 1.4866268634796143, 1.4724940061569214, 1.4529900550842285, 1.4412474632263184, 1.4286763668060303, 1.4145209789276123, 1.4045360088348389, 1.398552656173706, 1.3909690380096436, 1.3813222646713257, 1.3773516416549683, 1.3707166910171509, 1.3642133474349976, 1.3589913845062256, 1.354858160018921, 1.3508375883102417, 1.3442339897155762, 1.3403359651565552, 1.3385233879089355, 1.3316763639450073, 1.3280689716339111, 1.3236355781555176, 1.3229082822799683, 1.3176182508468628, 1.3127846717834473, 1.310043454170227, 1.3066612482070923, 1.3059897422790527, 1.298038363456726, 1.29440438747406, 1.291900873184204, 1.2870736122131348, 1.2837740182876587, 1.2835782766342163, 1.279473900794983, 1.278724193572998, 1.271696925163269, 1.2678067684173584, 1.2633246183395386, 1.2574623823165894, 1.2533308267593384, 1.2518023252487183, 1.2444368600845337, 1.2421753406524658, 1.234624981880188, 1.2290457487106323, 1.2269433736801147, 1.221826195716858, 1.2167091369628906, 1.2108581066131592, 1.207438349723816, 1.2025439739227295, 1.1965694427490234, 1.1899325847625732, 1.186198115348816, 1.179718255996704, 1.177024483680725, 1.1692469120025635, 1.1673096418380737, 1.159010410308838, 1.1551551818847656, 1.151930570602417, 1.1460261344909668, 1.1410421133041382, 1.1347087621688843, 1.1343553066253662, 1.127407193183899, 1.1219419240951538, 1.1197280883789062, 1.1134017705917358, 1.1083523035049438, 1.1075365543365479, 1.1013920307159424, 1.098525881767273, 1.0944808721542358, 1.0889167785644531, 1.0895426273345947, 1.082719326019287, 1.0789674520492554, 1.0780668258666992, 1.0733120441436768, 1.0702815055847168], "val_loss": [5.523977756500244, 5.100016117095947, 4.708507537841797, 4.274174213409424, 3.8572287559509277, 3.377384662628174, 2.9794373512268066, 2.7253313064575195, 2.4882314205169678, 2.391119956970215, 2.3068530559539795, 2.259450674057007, 2.2175188064575195, 2.165562152862549, 2.131382942199707, 2.0610790252685547, 2.0015628337860107, 1.9666811227798462, 1.9635746479034424, 1.9088695049285889, 1.8649944067001343, 1.854407548904419, 1.8420599699020386, 1.8100615739822388, 1.8084559440612793, 1.7815124988555908, 1.774588704109192, 1.7783366441726685, 1.7632111310958862, 1.7531871795654297, 1.7276047468185425, 1.7584960460662842, 1.7447843551635742, 1.7023791074752808, 1.7072076797485352, 1.731832504272461, 1.7063946723937988, 1.693780541419983, 1.658891201019287, 1.6915385723114014, 1.6482064723968506, 1.6593363285064697, 1.6582367420196533, 1.628151535987854, 1.6215386390686035, 1.6212427616119385, 1.6029415130615234, 1.6039636135101318, 1.593493938446045, 1.583148717880249, 1.5921719074249268, 1.5584747791290283, 1.563151478767395, 1.5387108325958252, 1.5212442874908447, 1.496471643447876, 1.5041662454605103, 1.5201002359390259, 1.4513541460037231, 1.4844063520431519, 1.480751395225525, 1.449600338935852, 1.4463499784469604, 1.440213918685913, 1.4274052381515503, 1.4160974025726318, 1.4217033386230469, 1.3998217582702637, 1.3814491033554077, 1.3492285013198853, 1.3475770950317383, 1.3461434841156006, 1.324691653251648, 1.3234792947769165, 1.3046106100082397, 1.2994364500045776, 1.2696878910064697, 1.2847261428833008, 1.265855312347412, 1.2513872385025024, 1.2558759450912476, 1.2401371002197266, 1.213688850402832, 1.2028406858444214, 1.2002153396606445, 1.2015421390533447, 1.1967381238937378, 1.2041513919830322, 1.1615734100341797, 1.170004963874817, 1.1429736614227295, 1.1784355640411377, 1.1304508447647095, 1.1570909023284912, 1.1553173065185547, 1.1318540573120117, 1.1387109756469727, 1.1355324983596802], "val_rmse": [2.3341305255889893, 2.2435805797576904, 2.1550984382629395, 2.0520527362823486, 1.947227954864502, 1.8196650743484497, 1.7065967321395874, 1.6310672760009766, 1.5582141876220703, 1.527709722518921, 1.5004106760025024, 1.4852195978164673, 1.4716815948486328, 1.4546313285827637, 1.4433296918869019, 1.4193027019500732, 1.3986330032348633, 1.3867758512496948, 1.386411428451538, 1.3669195175170898, 1.3510189056396484, 1.3474853038787842, 1.3431695699691772, 1.3313865661621094, 1.3309597969055176, 1.3209553956985474, 1.318444848060608, 1.3200138807296753, 1.314162015914917, 1.3105072975158691, 1.300756812095642, 1.3128867149353027, 1.30747652053833, 1.2912886142730713, 1.2932828664779663, 1.3027613162994385, 1.2932748794555664, 1.288436770439148, 1.2745189666748047, 1.2875187397003174, 1.2706695795059204, 1.275087833404541, 1.2748970985412598, 1.262764811515808, 1.2603938579559326, 1.2604516744613647, 1.2530535459518433, 1.2536839246749878, 1.2494077682495117, 1.2454665899276733, 1.2489088773727417, 1.2349506616592407, 1.2375261783599854, 1.2277097702026367, 1.2204091548919678, 1.2103570699691772, 1.2138677835464478, 1.2199792861938477, 1.1919089555740356, 1.2060322761535645, 1.204524278640747, 1.1911602020263672, 1.1900416612625122, 1.187789797782898, 1.1823376417160034, 1.1776111125946045, 1.1801040172576904, 1.1707639694213867, 1.1628788709640503, 1.1491203308105469, 1.1481865644454956, 1.1475588083267212, 1.1381856203079224, 1.1380733251571655, 1.1296695470809937, 1.1272203922271729, 1.1138787269592285, 1.1209652423858643, 1.1125173568725586, 1.1056653261184692, 1.1080254316329956, 1.1002695560455322, 1.0887727737426758, 1.0836189985275269, 1.0822809934616089, 1.0831823348999023, 1.0805902481079102, 1.0845286846160889, 1.0644168853759766, 1.0683399438858032, 1.0554332733154297, 1.072353482246399, 1.0498751401901245, 1.0623610019683838, 1.0617364645004272, 1.0502556562423706, 1.054072380065918, 1.0524975061416626]}