{"n_parameters": 45489, "training_time": 3688.613843679428, "loss": [6.319305419921875, 5.729468822479248, 5.6235222816467285, 5.569485664367676, 5.526594161987305, 5.489516258239746, 5.451416969299316, 5.403674602508545, 5.369498252868652, 5.329700946807861, 5.28137731552124, 5.243175983428955, 5.198981761932373, 5.152884006500244, 5.105298042297363, 5.0556769371032715, 5.008342742919922, 4.957196235656738, 4.914809226989746, 4.858575344085693, 4.8207244873046875, 4.779355525970459, 4.725065231323242, 4.691239833831787, 4.659494876861572, 4.621973037719727, 4.574743270874023, 4.535311698913574, 4.51855993270874, 4.464219093322754, 4.431440830230713, 4.385061264038086, 4.345846176147461, 4.293949127197266, 4.273162841796875, 4.235073566436768, 4.175506591796875, 4.149445056915283, 4.1072797775268555, 4.073149681091309, 4.049108982086182, 3.9952430725097656, 3.964470386505127, 3.9049644470214844, 3.8814282417297363, 3.8654186725616455, 3.8074536323547363, 3.7532601356506348, 3.706421375274658, 3.678196430206299, 3.646634101867676, 3.6071481704711914, 3.5550527572631836, 3.5412442684173584, 3.5101876258850098, 3.4849724769592285, 3.4492557048797607, 3.4038844108581543, 3.3953936100006104, 3.3754258155822754, 3.336228847503662, 3.3162219524383545, 3.282388210296631, 3.2651023864746094, 3.2500271797180176, 3.244622230529785, 3.2372817993164062, 3.1965134143829346, 3.1594698429107666, 3.1376683712005615, 3.119169235229492, 3.1236519813537598, 3.1126580238342285, 3.0836918354034424, 3.0924196243286133, 3.0684752464294434, 3.068795680999756, 3.0422425270080566, 3.031545639038086, 3.021949052810669, 3.02188777923584, 2.983482837677002, 2.9865880012512207, 2.9838016033172607, 2.962445020675659, 2.9540984630584717, 2.9212112426757812, 2.952122688293457, 2.9331154823303223, 2.900529384613037, 2.9056999683380127, 2.9220802783966064, 2.9039008617401123, 2.8853893280029297, 2.8717153072357178, 2.884361982345581], "rmse": [2.4963791370391846, 2.376131534576416, 2.3531837463378906, 2.340764284133911, 2.33198881149292, 2.3250179290771484, 2.3157105445861816, 2.3059403896331787, 2.2995262145996094, 2.2910854816436768, 2.2807722091674805, 2.272986888885498, 2.262587070465088, 2.2534866333007812, 2.2426669597625732, 2.2316536903381348, 2.2203047275543213, 2.210599422454834, 2.2003166675567627, 2.187903881072998, 2.180124044418335, 2.1706631183624268, 2.157277822494507, 2.1502790451049805, 2.143030881881714, 2.1340084075927734, 2.1230547428131104, 2.1143603324890137, 2.109811305999756, 2.097799777984619, 2.0894887447357178, 2.0778019428253174, 2.069304943084717, 2.057082414627075, 2.0517404079437256, 2.0426886081695557, 2.0281894207000732, 2.0215563774108887, 2.011573553085327, 2.003021478652954, 1.9975696802139282, 1.9838216304779053, 1.9764556884765625, 1.9608018398284912, 1.9542970657348633, 1.950879454612732, 1.9355698823928833, 1.9211138486862183, 1.9094280004501343, 1.902145504951477, 1.8928284645080566, 1.8832557201385498, 1.8696811199188232, 1.865228295326233, 1.8572337627410889, 1.8498858213424683, 1.8402565717697144, 1.8280404806137085, 1.8251417875289917, 1.8203856945037842, 1.8090897798538208, 1.8033266067504883, 1.7950607538223267, 1.789815068244934, 1.785881519317627, 1.7840259075164795, 1.7808161973953247, 1.7702733278274536, 1.7601829767227173, 1.752988338470459, 1.7491883039474487, 1.749511480331421, 1.7473478317260742, 1.7387312650680542, 1.741146445274353, 1.7339389324188232, 1.7341493368148804, 1.7259044647216797, 1.7239445447921753, 1.72124183177948, 1.7201225757598877, 1.709608554840088, 1.7112133502960205, 1.7085996866226196, 1.7032489776611328, 1.7004871368408203, 1.6905330419540405, 1.700180172920227, 1.6948291063308716, 1.683864712715149, 1.685620665550232, 1.690574049949646, 1.6858056783676147, 1.6799708604812622, 1.6746671199798584, 1.6795605421066284], "val_loss": [6.020994663238525, 5.795567512512207, 5.728095054626465, 5.672791481018066, 5.6249589920043945, 5.578890323638916, 5.528938293457031, 5.478212356567383, 5.430009841918945, 5.377300262451172, 5.324084281921387, 5.269830703735352, 5.213380336761475, 5.158601760864258, 5.1006760597229, 5.037771224975586, 4.975016117095947, 4.904280185699463, 4.845890998840332, 4.788750171661377, 4.737425327301025, 4.679835796356201, 4.626912593841553, 4.573997974395752, 4.525999546051025, 4.473720550537109, 4.429965496063232, 4.379951000213623, 4.326030254364014, 4.282318592071533, 4.23022985458374, 4.178218841552734, 4.128551006317139, 4.077529430389404, 4.0338897705078125, 3.9776127338409424, 3.9367029666900635, 3.8853025436401367, 3.8360610008239746, 3.7882821559906006, 3.750624179840088, 3.6996102333068848, 3.653470516204834, 3.6121668815612793, 3.5611186027526855, 3.527402639389038, 3.4867053031921387, 3.435335636138916, 3.3914575576782227, 3.348017930984497, 3.3070952892303467, 3.273650646209717, 3.2274389266967773, 3.2154839038848877, 3.1774444580078125, 3.1411051750183105, 3.130713939666748, 3.102524757385254, 3.068181037902832, 3.051060199737549, 3.0434024333953857, 3.0095040798187256, 2.9956881999969482, 2.976459264755249, 2.9783082008361816, 2.9444899559020996, 2.9363677501678467, 2.931328058242798, 2.9149091243743896, 2.8868916034698486, 2.8939547538757324, 2.8609907627105713, 2.8791005611419678, 2.8682994842529297, 2.856731414794922, 2.8509998321533203, 2.8701415061950684, 2.8367440700531006, 2.8298277854919434, 2.8392183780670166, 2.8400490283966064, 2.8385963439941406, 2.845460891723633, 2.812591075897217, 2.813105821609497, 2.8231005668640137, 2.82016658782959, 2.8062736988067627, 2.8198654651641846, 2.799750804901123, 2.786731481552124, 2.7977406978607178, 2.7945961952209473, 2.7916946411132812, 2.8030521869659424, 2.793041944503784], "val_rmse": [2.4370434284210205, 2.3896756172180176, 2.375291347503662, 2.363569974899292, 2.3535242080688477, 2.343881368637085, 2.3334386348724365, 2.3227896690368652, 2.3126792907714844, 2.301546335220337, 2.290255308151245, 2.2786922454833984, 2.266566753387451, 2.254789113998413, 2.2422192096710205, 2.228499174118042, 2.2147328853607178, 2.1990814208984375, 2.1860129833221436, 2.173175811767578, 2.161616325378418, 2.1484997272491455, 2.136395215988159, 2.1242330074310303, 2.1131372451782227, 2.1009533405303955, 2.090808153152466, 2.0790457725524902, 2.0662238597869873, 2.0558583736419678, 2.0433666706085205, 2.03078556060791, 2.018725872039795, 2.006260395050049, 1.9955357313156128, 1.981528878211975, 1.971405267715454, 1.9585187435150146, 1.946069359779358, 1.9339202642440796, 1.9243652820587158, 1.911170482635498, 1.8992066383361816, 1.8885046243667603, 1.8750452995300293, 1.8661823272705078, 1.8554158210754395, 1.8416928052902222, 1.8298922777175903, 1.818167805671692, 1.8069968223571777, 1.7978798151016235, 1.7851008176803589, 1.7818875312805176, 1.7713054418563843, 1.7610739469528198, 1.7583069801330566, 1.7503801584243774, 1.7406032085418701, 1.735752820968628, 1.7336928844451904, 1.7239261865615845, 1.7200191020965576, 1.7145240306854248, 1.7151561975479126, 1.7052754163742065, 1.7029403448104858, 1.701553463935852, 1.6968592405319214, 1.6886119842529297, 1.6908204555511475, 1.6810256242752075, 1.686496615409851, 1.6833525896072388, 1.6799254417419434, 1.6782737970352173, 1.6840425729751587, 1.6740469932556152, 1.6720590591430664, 1.6748994588851929, 1.6751291751861572, 1.6747961044311523, 1.6769238710403442, 1.6669642925262451, 1.6671770811080933, 1.670174241065979, 1.6694245338439941, 1.66517972946167, 1.6693195104599, 1.6632763147354126, 1.659355878829956, 1.662645936012268, 1.6617352962493896, 1.660888433456421, 1.6643463373184204, 1.6613062620162964]}