{"n_parameters": 347617, "training_time": 5003.150909423828, "loss": [5.946170330047607, 5.664865493774414, 5.633090972900391, 5.6061224937438965, 5.580997467041016, 5.548985481262207, 5.515471935272217, 5.47649621963501, 5.442485809326172, 5.3959221839904785, 5.353671073913574, 5.309488773345947, 5.2558112144470215, 5.202752590179443, 5.1410603523254395, 5.080955505371094, 5.020172119140625, 4.951272487640381, 4.874155521392822, 4.788283348083496, 4.703470706939697, 4.61160135269165, 4.5120344161987305, 4.402435302734375, 4.296302795410156, 4.190207481384277, 4.082773685455322, 3.9434828758239746, 3.8390939235687256, 3.727789878845215, 3.6083762645721436, 3.495671033859253, 3.3749172687530518, 3.273408889770508, 3.180945873260498, 3.073870897293091, 2.986933946609497, 2.9139564037323, 2.8358917236328125, 2.7643818855285645, 2.711040496826172, 2.6528966426849365, 2.601757526397705, 2.558424472808838, 2.518127202987671, 2.4910855293273926, 2.446566581726074, 2.417362928390503, 2.388869285583496, 2.3605387210845947, 2.3484456539154053, 2.3131847381591797, 2.301231622695923, 2.2823691368103027, 2.250779628753662, 2.239049196243286], "rmse": [2.4212193489074707, 2.3630311489105225, 2.356631278991699, 2.35007643699646, 2.3450725078582764, 2.3386006355285645, 2.331150770187378, 2.3235199451446533, 2.315964937210083, 2.306734323501587, 2.296668291091919, 2.2889463901519775, 2.277005434036255, 2.266063928604126, 2.251983404159546, 2.239663600921631, 2.2257473468780518, 2.210815191268921, 2.1936087608337402, 2.1745848655700684, 2.1548118591308594, 2.133314847946167, 2.1103899478912354, 2.086054563522339, 2.05930757522583, 2.0338504314422607, 2.0082342624664307, 1.9733203649520874, 1.9469252824783325, 1.917494297027588, 1.886366844177246, 1.8571949005126953, 1.8239421844482422, 1.796318769454956, 1.7709343433380127, 1.7406835556030273, 1.7156329154968262, 1.695037841796875, 1.6714009046554565, 1.6500091552734375, 1.6348228454589844, 1.6169456243515015, 1.6011219024658203, 1.5872136354446411, 1.5752031803131104, 1.566424012184143, 1.5524907112121582, 1.5431994199752808, 1.5336912870407104, 1.5252183675765991, 1.5206305980682373, 1.5091632604599, 1.5047647953033447, 1.4991495609283447, 1.4886674880981445, 1.4839630126953125], "val_loss": [5.82889986038208, 5.7877912521362305, 5.753468990325928, 5.717222690582275, 5.678029537200928, 5.636805534362793, 5.593719482421875, 5.54684591293335, 5.497400760650635, 5.443348407745361, 5.3865647315979, 5.318391799926758, 5.243896007537842, 5.162850379943848, 5.083768367767334, 4.995821952819824, 4.903232097625732, 4.804825782775879, 4.696013927459717, 4.585944652557373, 4.4757304191589355, 4.361636161804199, 4.241053104400635, 4.121324062347412, 3.9935693740844727, 3.867272138595581, 3.7393171787261963, 3.605588436126709, 3.4815468788146973, 3.3612465858459473, 3.244563102722168, 3.1202714443206787, 3.0077762603759766, 2.904717445373535, 2.813002347946167, 2.716839075088501, 2.640190601348877, 2.5656187534332275, 2.494431495666504, 2.450509786605835, 2.4000513553619385, 2.3636221885681152, 2.3310890197753906, 2.2810218334198, 2.311894416809082, 2.2858810424804688, 2.2717299461364746, 2.261810541152954, 2.2717268466949463, 2.2944560050964355, 2.2553913593292236, 2.2947070598602295, 2.2770352363586426, 2.277101993560791, 2.310755968093872, 2.2842354774475098], "val_rmse": [2.3970978260040283, 2.3884923458099365, 2.381443977355957, 2.3739686012268066, 2.3658599853515625, 2.357282876968384, 2.348285675048828, 2.338510751724243, 2.3281400203704834, 2.316715955734253, 2.3047146797180176, 2.290189504623413, 2.2742056846618652, 2.256667375564575, 2.2394707202911377, 2.220111608505249, 2.1995046138763428, 2.177417755126953, 2.1527092456817627, 2.127426862716675, 2.1018309593200684, 2.074845552444458, 2.046103000640869, 2.0169081687927246, 1.985337734222412, 1.9536097049713135, 1.9209800958633423, 1.8860828876495361, 1.8532243967056274, 1.8208636045455933, 1.7889370918273926, 1.7543820142745972, 1.7223169803619385, 1.6925780773162842, 1.665864109992981, 1.6371701955795288, 1.614114761352539, 1.5911884307861328, 1.5688499212265015, 1.5551449060440063, 1.5390796661376953, 1.5273830890655518, 1.5167237520217896, 1.5002110004425049, 1.510702133178711, 1.5021281242370605, 1.497405767440796, 1.4941643476486206, 1.4975578784942627, 1.5052103996276855, 1.4922322034835815, 1.5053895711898804, 1.4995641708374023, 1.499640941619873, 1.510890007019043, 1.5020679235458374]}