{"n_parameters": 95489, "training_time": 4085.020067691803, "loss": [17.265743255615234, 7.976391792297363, 7.203073024749756, 6.797854900360107, 6.583053112030029, 6.425167560577393, 6.29881477355957, 6.219799995422363, 6.157547473907471, 6.118663787841797, 6.063926696777344, 6.045257568359375, 6.010085582733154, 6.007360458374023, 5.972487449645996, 5.947634696960449, 5.969760894775391, 5.9409589767456055, 5.917363166809082, 5.910187244415283, 5.897921562194824, 5.884427547454834, 5.881787300109863, 5.883062362670898, 5.855058670043945, 5.846518516540527, 5.840046405792236, 5.837754726409912, 5.819775581359863, 5.825099468231201, 5.821967601776123, 5.807635307312012, 5.797178745269775, 5.780757427215576, 5.7749409675598145, 5.774859428405762, 5.76571798324585, 5.7686638832092285, 5.768866539001465, 5.756044387817383, 5.744592189788818, 5.7347412109375, 5.720702171325684, 5.728438377380371, 5.731112480163574, 5.722747325897217, 5.723877429962158, 5.70554780960083, 5.719125270843506, 5.696918487548828, 5.69556999206543, 5.698584079742432, 5.677012920379639, 5.69074821472168, 5.685584545135498, 5.675841808319092, 5.674188137054443, 5.654900550842285, 5.662160873413086, 5.665133476257324, 5.659764289855957, 5.647174835205078, 5.635630130767822, 5.643451690673828, 5.643181800842285, 5.634965896606445, 5.614234924316406, 5.622595310211182, 5.623165607452393, 5.615777015686035, 5.619839191436768, 5.605185508728027, 5.61533784866333, 5.603529453277588, 5.605546951293945, 5.593029022216797, 5.591826915740967, 5.573277950286865, 5.588204860687256, 5.578459739685059, 5.5615763664245605, 5.580479145050049, 5.563470363616943, 5.569579601287842, 5.5670294761657715, 5.561607360839844, 5.556609153747559, 5.556693077087402, 5.558178424835205, 5.539714813232422, 5.541130065917969, 5.54107666015625], "rmse": [3.929269790649414, 2.8026483058929443, 2.6631391048431396, 2.5879030227661133, 2.546485662460327, 2.5162575244903564, 2.4911234378814697, 2.475877046585083, 2.4634897708892822, 2.455662965774536, 2.444709062576294, 2.441187858581543, 2.4335081577301025, 2.432443141937256, 2.4263172149658203, 2.421801805496216, 2.4253897666931152, 2.42032527923584, 2.4155771732330322, 2.4132580757141113, 2.4106295108795166, 2.409923553466797, 2.4084975719451904, 2.4078569412231445, 2.4026498794555664, 2.401153802871704, 2.398768901824951, 2.3982110023498535, 2.3952462673187256, 2.396594524383545, 2.3959693908691406, 2.393113613128662, 2.3912320137023926, 2.3872509002685547, 2.387117862701416, 2.3856801986694336, 2.384331226348877, 2.3846702575683594, 2.3854262828826904, 2.382423162460327, 2.380141258239746, 2.3783247470855713, 2.3754398822784424, 2.3764216899871826, 2.3784618377685547, 2.3764262199401855, 2.375490665435791, 2.3728585243225098, 2.3747048377990723, 2.3702542781829834, 2.3700084686279297, 2.371351480484009, 2.366013288497925, 2.368528127670288, 2.3679285049438477, 2.366267681121826, 2.366352081298828, 2.3615105152130127, 2.3637070655822754, 2.364220380783081, 2.362924575805664, 2.3607375621795654, 2.357272148132324, 2.3591928482055664, 2.359548568725586, 2.358163595199585, 2.353022813796997, 2.3556900024414062, 2.3548126220703125, 2.353926658630371, 2.354660749435425, 2.3518667221069336, 2.35329532623291, 2.351773738861084, 2.351689100265503, 2.349344253540039, 2.3486921787261963, 2.3452446460723877, 2.348334789276123, 2.3472397327423096, 2.343480110168457, 2.3469669818878174, 2.3433713912963867, 2.345017433166504, 2.3439271450042725, 2.3430063724517822, 2.3416240215301514, 2.3412840366363525, 2.3431806564331055, 2.339024066925049, 2.3393311500549316, 2.339071035385132], "val_loss": [6.589146614074707, 6.548617839813232, 6.484813690185547, 6.4107232093811035, 6.27815580368042, 6.173654556274414, 6.104043960571289, 6.02183198928833, 6.0639777183532715, 6.029521942138672, 5.976638317108154, 5.928698539733887, 5.917731285095215, 5.8958420753479, 5.883394718170166, 5.8739166259765625, 5.857484340667725, 5.848872184753418, 5.8597869873046875, 5.841370582580566, 5.8407368659973145, 5.830265522003174, 5.817122459411621, 5.830535888671875, 5.807124614715576, 5.790393352508545, 5.787178993225098, 5.780742645263672, 5.759808540344238, 5.754232406616211, 5.758770942687988, 5.751438140869141, 5.748361587524414, 5.740927219390869, 5.735438823699951, 5.7319793701171875, 5.728689193725586, 5.717893123626709, 5.710351467132568, 5.700440883636475, 5.689103603363037, 5.684604167938232, 5.6811723709106445, 5.676952362060547, 5.673616409301758, 5.676201343536377, 5.67453670501709, 5.668670177459717, 5.671741485595703, 5.667276382446289, 5.665829658508301, 5.663992404937744, 5.658011436462402, 5.651811599731445, 5.646746635437012, 5.6439642906188965, 5.643863201141357, 5.6386518478393555, 5.632336616516113, 5.629550933837891, 5.624677658081055, 5.623291969299316, 5.615096092224121, 5.608894348144531, 5.604365348815918, 5.601083278656006, 5.596158504486084, 5.601283073425293, 5.595485687255859, 5.598026275634766, 5.585929870605469, 5.59011173248291, 5.579317092895508, 5.578393936157227, 5.576098442077637, 5.580582141876221, 5.562795639038086, 5.573425769805908, 5.563083648681641, 5.575437068939209, 5.567180633544922, 5.560638904571533, 5.54091739654541, 5.545143127441406, 5.540508270263672, 5.5409440994262695, 5.532546043395996, 5.562355041503906, 5.556384086608887, 5.542148590087891, 5.552615165710449, 5.547327518463135], "val_rmse": [2.550849676132202, 2.5433599948883057, 2.53127384185791, 2.5167789459228516, 2.4904706478118896, 2.4696414470672607, 2.45552921295166, 2.438624858856201, 2.447422504425049, 2.4402527809143066, 2.429244041442871, 2.419208526611328, 2.416994094848633, 2.412412166595459, 2.4098563194274902, 2.4079160690307617, 2.4043571949005127, 2.4025704860687256, 2.4050278663635254, 2.4011638164520264, 2.401174306869507, 2.398961305618286, 2.396178960800171, 2.3991477489471436, 2.3942277431488037, 2.3907103538513184, 2.390214204788208, 2.3889224529266357, 2.384385108947754, 2.383185863494873, 2.3842883110046387, 2.382723331451416, 2.382106065750122, 2.380481243133545, 2.3793787956237793, 2.3787267208099365, 2.378108024597168, 2.3758444786071777, 2.374347686767578, 2.37218976020813, 2.369645833969116, 2.368666648864746, 2.368088483810425, 2.3672008514404297, 2.366438150405884, 2.3670530319213867, 2.3665847778320312, 2.3654820919036865, 2.366084575653076, 2.365079164505005, 2.364708662033081, 2.3643970489501953, 2.3630905151367188, 2.361879348754883, 2.360832691192627, 2.3601388931274414, 2.3600800037384033, 2.3591105937957764, 2.357825994491577, 2.357259750366211, 2.3563456535339355, 2.3559303283691406, 2.354249954223633, 2.3530092239379883, 2.352099657058716, 2.351419448852539, 2.3504691123962402, 2.3513834476470947, 2.350242853164673, 2.350703477859497, 2.348336696624756, 2.3491058349609375, 2.346996545791626, 2.346801519393921, 2.3463196754455566, 2.347144365310669, 2.343672513961792, 2.3457090854644775, 2.343632459640503, 2.3460559844970703, 2.344388484954834, 2.343079090118408, 2.339167594909668, 2.339951992034912, 2.339010238647461, 2.3390727043151855, 2.3373851776123047, 2.343360185623169, 2.3421518802642822, 2.339266538619995, 2.3413848876953125, 2.3403162956237793]}