{"n_parameters": 257329, "training_time": 3570.866141319275, "loss": [5.90538215637207, 5.802928447723389, 5.74683141708374, 5.687768459320068, 5.622337818145752, 5.552604675292969, 5.471632480621338, 5.376461505889893, 5.273914337158203, 5.1761956214904785, 5.0672287940979, 4.966821193695068, 4.8674726486206055, 4.782702922821045, 4.6794047355651855, 4.5945587158203125, 4.505563259124756, 4.410167694091797, 4.310833930969238, 4.206221580505371, 4.077768802642822, 3.9526641368865967, 3.826040267944336, 3.6863255500793457, 3.546978712081909, 3.395426034927368, 3.26224684715271, 3.117124319076538, 2.9793405532836914, 2.866546154022217, 2.768284559249878, 2.6785941123962402, 2.608463764190674, 2.5486435890197754, 2.499891996383667, 2.456345796585083, 2.416306734085083, 2.378359794616699, 2.3496205806732178, 2.329190731048584, 2.2991995811462402, 2.2836103439331055, 2.2549519538879395, 2.2406394481658936, 2.214163064956665], "rmse": [2.410832405090332, 2.3919742107391357, 2.3798675537109375, 2.367851972579956, 2.3542141914367676, 2.341099977493286, 2.3230063915252686, 2.303149700164795, 2.2815911769866943, 2.2606561183929443, 2.237090826034546, 2.215047597885132, 2.1927390098571777, 2.1735706329345703, 2.149582624435425, 2.1306979656219482, 2.1093177795410156, 2.0873875617980957, 2.063829183578491, 2.0380241870880127, 2.005970001220703, 1.9747810363769531, 1.9419686794281006, 1.90603506565094, 1.8691691160202026, 1.8274816274642944, 1.7911889553070068, 1.7487919330596924, 1.7088425159454346, 1.6750550270080566, 1.64556086063385, 1.6178269386291504, 1.5958588123321533, 1.577147364616394, 1.561557650566101, 1.5469809770584106, 1.5350643396377563, 1.5216068029403687, 1.5136345624923706, 1.5061023235321045, 1.4960370063781738, 1.4911493062973022, 1.4826525449752808, 1.4784631729125977, 1.468553066253662], "val_loss": [5.955617904663086, 5.893621444702148, 5.825263977050781, 5.747683048248291, 5.6683149337768555, 5.570903778076172, 5.456066608428955, 5.304676055908203, 5.199822425842285, 5.073581695556641, 4.961820602416992, 4.874204158782959, 4.7958245277404785, 4.6911540031433105, 4.624997138977051, 4.540772438049316, 4.451196670532227, 4.388236045837402, 4.2840118408203125, 4.177839756011963, 4.075771331787109, 3.980039119720459, 3.8744094371795654, 3.7721078395843506, 3.675321102142334, 3.5636909008026123, 3.4368388652801514, 3.3857452869415283, 3.2957777976989746, 3.263018846511841, 3.2369792461395264, 3.1914734840393066, 3.1805691719055176, 3.196657419204712, 3.168456554412842, 3.1660802364349365, 3.175848960876465, 3.206254243850708, 3.1733925342559814, 3.155134439468384, 3.1971747875213623, 3.175554037094116, 3.1779370307922363, 3.165353775024414, 3.175940990447998], "val_rmse": [2.4227094650268555, 2.410219430923462, 2.396559000015259, 2.380763530731201, 2.3645551204681396, 2.3444645404815674, 2.3203532695770264, 2.288036346435547, 2.265519142150879, 2.238281011581421, 2.2138404846191406, 2.1943883895874023, 2.1768133640289307, 2.153103828430176, 2.1377604007720947, 2.11816143989563, 2.0970635414123535, 2.081982135772705, 2.0569517612457275, 2.0308470726013184, 2.005509376525879, 1.9815356731414795, 1.954607367515564, 1.9281728267669678, 1.9027609825134277, 1.8731119632720947, 1.8388803005218506, 1.8247374296188354, 1.7998279333114624, 1.7909016609191895, 1.78376305103302, 1.7712465524673462, 1.768557071685791, 1.7732365131378174, 1.7656769752502441, 1.7651171684265137, 1.7681655883789062, 1.7768704891204834, 1.7678292989730835, 1.762872338294983, 1.774902582168579, 1.768797755241394, 1.7695651054382324, 1.7661771774291992, 1.7694981098175049]}