{"n_parameters": 500465, "training_time": 28312.254982233047, "loss": [5.5857062339782715, 5.188932418823242, 4.794829368591309, 4.406533718109131, 4.051746845245361, 3.717857837677002, 3.410720109939575, 3.1389997005462646, 2.890380382537842, 2.67441725730896, 2.4827451705932617, 2.326230525970459, 2.1928555965423584, 2.0707099437713623, 1.973905324935913, 1.8928947448730469, 1.8324118852615356, 1.7818763256072998, 1.7480442523956299, 1.7099884748458862, 1.688283085823059, 1.6714447736740112, 1.6603209972381592, 1.6485278606414795, 1.6384737491607666, 1.6231200695037842, 1.6121299266815186, 1.6046350002288818, 1.5957708358764648, 1.587294101715088, 1.5823843479156494, 1.5740180015563965, 1.5663366317749023, 1.5573840141296387, 1.5501270294189453, 1.5456962585449219, 1.5423507690429688, 1.5309640169143677, 1.5285159349441528, 1.5190608501434326, 1.5133945941925049, 1.509514570236206, 1.5023640394210815, 1.4976228475570679, 1.4934067726135254, 1.4840977191925049, 1.481237769126892, 1.4710277318954468, 1.4685519933700562, 1.4632776975631714, 1.4580055475234985, 1.4530763626098633, 1.4487501382827759, 1.4404197931289673, 1.4359973669052124, 1.4309768676757812, 1.424439549446106, 1.4190505743026733, 1.411901593208313, 1.4055708646774292, 1.400758981704712, 1.3943748474121094, 1.3895742893218994, 1.3786250352859497, 1.3777590990066528, 1.3725659847259521, 1.3605207204818726, 1.3589537143707275, 1.352400302886963, 1.343730092048645, 1.3413246870040894, 1.331199288368225, 1.3264836072921753, 1.3155587911605835, 1.3117870092391968, 1.3011256456375122, 1.295817494392395, 1.2867437601089478, 1.284572720527649, 1.2727811336517334, 1.2668089866638184, 1.2617835998535156, 1.2547545433044434, 1.2460333108901978, 1.2327430248260498, 1.2282615900039673, 1.2190700769424438, 1.2064603567123413, 1.2017138004302979, 1.1941754817962646, 1.1877464056015015, 1.1764308214187622, 1.1680766344070435, 1.1591826677322388, 1.148471713066101, 1.137941837310791, 1.1290504932403564, 1.1245489120483398, 1.110734224319458, 1.1009151935577393, 1.0931233167648315, 1.0797362327575684, 1.0708694458007812, 1.0620582103729248, 1.052841305732727, 1.0451695919036865, 1.0355503559112549, 1.0239558219909668, 1.0152209997177124, 1.0055495500564575, 0.9965146780014038, 0.9845231175422668, 0.9756991863250732, 0.9655745029449463, 0.9610617756843567, 0.9469820261001587, 0.9355242252349854, 0.931850016117096, 0.9181320667266846, 0.9118952751159668, 0.8973565697669983, 0.891228973865509, 0.8816466927528381, 0.8742080926895142, 0.8662028312683105, 0.8516108989715576, 0.8435758948326111, 0.8374786972999573, 0.8282614350318909, 0.819521427154541, 0.8076814413070679, 0.8026685118675232, 0.797283947467804, 0.7872381806373596, 0.7829616069793701, 0.7735024094581604, 0.7640579342842102, 0.7615315914154053, 0.7522048950195312, 0.7433564066886902, 0.7391155362129211, 0.7305569052696228, 0.7207086682319641, 0.7173545360565186, 0.7127007842063904, 0.7055287957191467, 0.6991947889328003, 0.6946222186088562, 0.6887356638908386, 0.6812257766723633, 0.6777410507202148, 0.6689691543579102, 0.6646603345870972, 0.6591111421585083, 0.654079794883728, 0.6492826342582703, 0.6436440944671631, 0.6400123834609985, 0.633722186088562, 0.6287859678268433, 0.62013179063797, 0.6211981773376465, 0.6140334606170654, 0.6098897457122803, 0.6051580309867859, 0.6030287742614746, 0.594124436378479, 0.5925484299659729, 0.5904234051704407, 0.5822306275367737, 0.5784197449684143, 0.5769336223602295, 0.5714445114135742, 0.5683472752571106, 0.5632324814796448, 0.5563451051712036, 0.5552483797073364, 0.5495495200157166, 0.5465331673622131, 0.5413346886634827, 0.5380427241325378, 0.534953236579895, 0.5317649245262146, 0.5278832912445068, 0.5232418179512024, 0.5210138559341431, 0.5157038569450378, 0.5135462880134583, 0.5099380612373352, 0.5070767402648926, 0.5011020302772522, 0.4975695013999939, 0.4966636002063751, 0.4914749264717102, 0.48657798767089844, 0.48446378111839294, 0.47900545597076416, 0.47560933232307434, 0.47432592511177063, 0.46825411915779114, 0.4626227021217346, 0.46250107884407043, 0.45947808027267456, 0.45493894815444946, 0.4498794674873352, 0.44847372174263, 0.44332265853881836, 0.4407712519168854, 0.44029688835144043, 0.4374992549419403, 0.43201887607574463, 0.4288727641105652, 0.4264530837535858, 0.4230106472969055, 0.4183574318885803, 0.41732922196388245, 0.4152921140193939, 0.41035598516464233, 0.4065748155117035, 0.40509429574012756, 0.40092161297798157, 0.3988460600376129, 0.3958336114883423, 0.3941617012023926, 0.39036789536476135, 0.387904554605484, 0.3825380206108093, 0.3790510892868042, 0.3772561550140381, 0.37485817074775696, 0.3747386634349823, 0.36836445331573486, 0.3664952218532562, 0.3650156259536743, 0.3608076572418213, 0.3594958484172821, 0.35779428482055664, 0.3547213077545166, 0.3531390428543091, 0.3494971692562103],