{"n_parameters": 290241, "training_time": 1892.8475856781006, "loss": [5.722194671630859, 5.464878559112549, 5.271912574768066, 5.067469120025635, 4.8362627029418945, 4.615956783294678, 4.360290050506592, 4.096276760101318, 3.829314947128296, 3.566256046295166, 3.31410813331604, 3.0922672748565674, 2.910508155822754, 2.7588796615600586, 2.6354873180389404, 2.5307810306549072, 2.444021224975586, 2.3789079189300537, 2.311108350753784, 2.2671432495117188, 2.2235426902770996, 2.1912832260131836], "rmse": [2.37562894821167, 2.3217525482177734, 2.2812156677246094, 2.236583709716797, 2.1850850582122803, 2.1349542140960693, 2.0743038654327393, 2.0093510150909424, 1.940922498703003, 1.872089147567749, 1.8030894994735718, 1.7396049499511719, 1.6869864463806152, 1.6422643661499023, 1.6049189567565918, 1.5706820487976074, 1.5440540313720703, 1.5232127904891968, 1.5004247426986694, 1.4853042364120483, 1.4697431325912476, 1.4607622623443604], "val_loss": [5.653024673461914, 5.403741836547852, 5.136056900024414, 4.88581657409668, 4.630300521850586, 4.388501167297363, 4.197106838226318, 3.976848840713501, 3.7535738945007324, 3.5470011234283447, 3.335538625717163, 3.290447950363159, 3.184189558029175, 3.2049620151519775, 3.179403305053711, 3.1821229457855225, 3.1647591590881348, 3.218514919281006, 3.20235538482666, 3.2403202056884766, 3.254502534866333, 3.2310900688171387], "val_rmse": [2.360851526260376, 2.3089990615844727, 2.251389503479004, 2.1954073905944824, 2.136690378189087, 2.079366683959961, 2.0323452949523926, 1.9770727157592773, 1.9195313453674316, 1.8650907278060913, 1.8082406520843506, 1.7964420318603516, 1.7676790952682495, 1.7744792699813843, 1.7677425146102905, 1.7691820859909058, 1.7647449970245361, 1.7803689241409302, 1.7761921882629395, 1.7872731685638428, 1.7914550304412842, 1.7852137088775635]}