{"n_parameters": 648465, "training_time": 5985.867692947388, "loss": [5.767297267913818, 5.535046577453613, 5.34636116027832, 5.1943840980529785, 5.030285358428955, 4.849292278289795, 4.629864692687988, 4.330949306488037, 3.948033332824707, 3.5233306884765625, 3.135629653930664, 2.839132070541382, 2.6187243461608887, 2.455514430999756, 2.354625701904297, 2.2811644077301025, 2.217085599899292, 2.1711015701293945, 2.1285719871520996, 2.092323064804077, 2.04728102684021, 2.015712261199951, 1.9878202676773071, 1.9619685411453247, 1.9362742900848389, 1.9085553884506226, 1.8875432014465332, 1.8748087882995605, 1.8609884977340698, 1.8490668535232544, 1.8317631483078003, 1.8225436210632324, 1.8091462850570679, 1.7986608743667603, 1.7981020212173462, 1.779050588607788], "rmse": [2.3851687908172607, 2.336881160736084, 2.297076940536499, 2.264575481414795, 2.229539632797241, 2.188359498977661, 2.1374611854553223, 2.0664494037628174, 1.9709280729293823, 1.8598408699035645, 1.7515056133270264, 1.665633201599121, 1.599098801612854, 1.5468753576278687, 1.5151547193527222, 1.4913934469223022, 1.4701648950576782, 1.4560390710830688, 1.4410325288772583, 1.4294521808624268, 1.4131711721420288, 1.403061866760254, 1.3931480646133423, 1.3828108310699463, 1.3736430406570435, 1.3650890588760376, 1.3578071594238281, 1.353135585784912, 1.3476545810699463, 1.3435277938842773, 1.3366996049880981, 1.333968162536621, 1.329043984413147, 1.324765682220459, 1.3247736692428589, 1.3167455196380615], "val_loss": [5.684213161468506, 5.390133857727051, 5.168658256530762, 4.946296691894531, 4.738151550292969, 4.5025954246521, 4.21059513092041, 3.8067140579223633, 3.3789100646972656, 2.958138942718506, 2.691490411758423, 2.5317366123199463, 2.4331276416778564, 2.439460277557373, 2.433187961578369, 2.397836685180664, 2.349562644958496, 2.402965545654297, 2.3265857696533203, 2.2925586700439453, 2.235767364501953, 2.2481601238250732, 2.18156361579895, 2.182856798171997, 2.1669116020202637, 2.1848132610321045, 2.1362056732177734, 2.117870569229126, 2.117891311645508, 2.125680685043335, 2.0627572536468506, 2.094679117202759, 2.137295961380005, 2.129817485809326, 2.102735757827759, 2.08998703956604], "val_rmse": [2.367872476577759, 2.3070926666259766, 2.2597835063934326, 2.2105743885040283, 2.163200616836548, 2.1078217029571533, 2.0369017124176025, 1.9348466396331787, 1.8203775882720947, 1.7007898092269897, 1.621484398841858, 1.5731549263000488, 1.5432649850845337, 1.5465383529663086, 1.5452560186386108, 1.5342400074005127, 1.5188826322555542, 1.537218451499939, 1.5125497579574585, 1.501787781715393, 1.4831058979034424, 1.487729787826538, 1.4653533697128296, 1.4660404920578003, 1.4605695009231567, 1.4670214653015137, 1.4503544569015503, 1.4440828561782837, 1.4441113471984863, 1.446972131729126, 1.424869418144226, 1.4362146854400635, 1.4510855674743652, 1.4484899044036865, 1.4391546249389648, 1.4347463846206665]}