{"n_parameters": 189473, "training_time": 15714.144285678864, "loss": [6.041528224945068, 5.8109822273254395, 5.654701232910156, 5.5414042472839355, 5.444927215576172, 5.361150741577148, 5.2811126708984375, 5.194713115692139, 5.095973014831543, 5.006079196929932, 4.909383773803711, 4.791891098022461, 4.675407409667969, 4.529759407043457, 4.373984336853027, 4.196996212005615, 4.011680603027344, 3.802880048751831, 3.61395525932312, 3.436464309692383, 3.263363838195801, 3.1186342239379883, 2.9973652362823486, 2.8973608016967773, 2.817357063293457, 2.727470874786377, 2.660459041595459, 2.5922141075134277, 2.540903091430664, 2.4899351596832275, 2.4529240131378174, 2.4270830154418945, 2.388847827911377, 2.3602840900421143, 2.344796657562256, 2.320742607116699, 2.3030877113342285, 2.285973072052002, 2.2631165981292725, 2.2506909370422363, 2.2280101776123047, 2.2209255695343018, 2.194242238998413, 2.1960110664367676, 2.170548677444458, 2.154799461364746, 2.1375746726989746, 2.1227684020996094, 2.117982864379883, 2.1076791286468506, 2.0981194972991943, 2.075218439102173, 2.077039957046509, 2.056128978729248, 2.054476499557495, 2.0409865379333496, 2.0296735763549805, 2.0182085037231445, 2.009335517883301, 1.9979840517044067, 1.988619089126587, 1.9922230243682861, 1.972558856010437, 1.976653814315796, 1.9616323709487915, 1.95750093460083, 1.947543978691101, 1.9464664459228516, 1.9406203031539917, 1.9308489561080933, 1.9217005968093872, 1.9158635139465332, 1.9081902503967285, 1.9077160358428955, 1.8991903066635132, 1.892179012298584, 1.886962890625, 1.879097580909729, 1.8752459287643433, 1.8785991668701172, 1.8672288656234741, 1.8603097200393677, 1.854470133781433, 1.8425192832946777, 1.8401683568954468, 1.8358248472213745, 1.8339143991470337, 1.8212064504623413, 1.8201557397842407, 1.8056546449661255, 1.8057448863983154, 1.7984360456466675, 1.7999253273010254, 1.7846765518188477, 1.7704523801803589, 1.777325987815857, 1.7558296918869019, 1.7581937313079834, 1.7480064630508423, 1.7446084022521973, 1.7397128343582153, 1.7339898347854614, 1.7237507104873657, 1.713416576385498, 1.698938012123108, 1.6974523067474365, 1.6882425546646118, 1.681138277053833, 1.6725572347640991, 1.6631901264190674, 1.657629132270813, 1.646210789680481, 1.6462619304656982, 1.6333367824554443, 1.6160459518432617, 1.613671064376831, 1.5972627401351929, 1.589128017425537, 1.5936561822891235, 1.5782731771469116, 1.570885419845581, 1.559790015220642, 1.5498374700546265, 1.5424015522003174, 1.5346283912658691, 1.5258705615997314, 1.5157983303070068, 1.5006039142608643, 1.5044673681259155, 1.4818342924118042, 1.4750802516937256, 1.4742954969406128, 1.4592740535736084, 1.4568452835083008, 1.4480407238006592, 1.4436477422714233, 1.4278498888015747, 1.4197171926498413, 1.4186419248580933, 1.4120358228683472, 1.404491662979126, 1.3938456773757935, 1.391382098197937, 1.3834882974624634, 1.3765887022018433, 1.3676303625106812, 1.364461898803711, 1.3619405031204224, 1.353775143623352, 1.3474491834640503, 1.3449933528900146, 1.3324962854385376, 1.3345246315002441, 1.328827977180481, 1.3248584270477295, 1.3173871040344238, 1.3128663301467896, 1.304598093032837, 1.3106167316436768, 1.3099290132522583, 1.2976566553115845, 1.293519377708435, 1.2890535593032837, 1.28607177734375, 1.2787905931472778, 1.2706689834594727, 1.2799376249313354, 1.271902322769165, 1.2762763500213623, 1.2678918838500977, 1.2649905681610107, 1.2581933736801147, 1.2598927021026611, 1.2636942863464355, 1.2500219345092773, 1.2461482286453247, 1.2451385259628296, 1.243149757385254, 1.2411061525344849, 1.2426258325576782, 1.2374258041381836, 1.2336829900741577, 1.2217386960983276, 1.230508804321289, 1.2334259748458862, 1.2272250652313232, 1.2197506427764893, 1.2210830450057983, 1.2163828611373901, 1.2134262323379517, 1.2157412767410278, 1.2134343385696411, 1.2135900259017944, 1.20533287525177, 1.2051180601119995, 1.2006819248199463, 1.2048015594482422, 1.201545000076294, 1.194537878036499, 1.201689600944519, 1.203307867050171, 1.192673683166504, 1.1865458488464355, 1.1837005615234375, 1.1867854595184326, 1.1900973320007324, 1.1873854398727417, 1.1822818517684937, 1.1845048666000366, 1.180811882019043, 1.177262783050537, 1.1748430728912354, 1.1729297637939453, 1.1690679788589478, 1.1746896505355835, 1.174198865890503, 1.1711419820785522, 1.1707096099853516, 1.1707046031951904, 1.164933204650879, 1.158934235572815, 1.1615619659423828, 1.1621819734573364, 1.1556017398834229, 1.1617430448532104, 1.1522785425186157, 1.1539583206176758, 1.1489636898040771, 1.1493195295333862, 1.1447608470916748, 1.1455457210540771, 1.1484806537628174, 1.1498438119888306, 1.1520370244979858, 1.142828106880188, 1.1400859355926514, 1.1397465467453003, 1.1400812864303589],