{"n_parameters": 182641, "training_time": 4064.7150650024414, "loss": [5.904882907867432, 5.743256092071533, 5.677992343902588, 5.64335298538208, 5.614446640014648, 5.580578327178955, 5.546784400939941, 5.506303787231445, 5.464775562286377, 5.417184352874756, 5.366462707519531, 5.310213565826416, 5.253125190734863, 5.192230701446533, 5.1221842765808105, 5.056065559387207, 4.9816083908081055, 4.90910530090332, 4.834331035614014, 4.760161399841309, 4.677958011627197, 4.598536968231201, 4.513392925262451, 4.439046382904053, 4.352571964263916, 4.27768087387085, 4.196906089782715, 4.121572971343994, 4.047018051147461, 3.977546453475952, 3.9148285388946533, 3.838960647583008, 3.7720508575439453, 3.702578544616699, 3.636995792388916, 3.5698115825653076, 3.5105624198913574, 3.453179359436035, 3.395556688308716, 3.3356754779815674, 3.2734622955322266, 3.2153189182281494, 3.1560847759246826, 3.108872890472412, 3.0549962520599365, 2.9973068237304688, 2.9569268226623535, 2.9052131175994873, 2.860008478164673, 2.8132081031799316, 2.7694060802459717, 2.7254838943481445, 2.692167282104492, 2.656222343444824, 2.6250076293945312, 2.597693681716919, 2.5636558532714844, 2.5377261638641357, 2.50041127204895, 2.4793574810028076, 2.46042799949646, 2.4246914386749268, 2.4039649963378906, 2.3832995891571045, 2.3667192459106445, 2.345078945159912, 2.3232991695404053, 2.2989869117736816, 2.287801504135132, 2.2633917331695557, 2.2557153701782227, 2.2397100925445557, 2.220536947250366, 2.2119407653808594, 2.1981968879699707, 2.185635566711426, 2.177924394607544, 2.159729242324829, 2.155489444732666, 2.146785020828247, 2.1284475326538086, 2.1258127689361572, 2.109633445739746, 2.095435619354248, 2.09080171585083, 2.084425687789917, 2.0759119987487793, 2.064955949783325, 2.0660359859466553, 2.0523266792297363, 2.0430171489715576, 2.038519859313965, 2.0215141773223877, 2.022027015686035, 2.0212783813476562, 2.008312225341797, 1.9985758066177368, 1.9991856813430786, 1.9898877143859863, 1.9826202392578125, 1.9817627668380737, 1.971411943435669, 1.9626845121383667, 1.9578126668930054, 1.9566600322723389, 1.9521597623825073, 1.940342664718628, 1.941720962524414, 1.936495304107666, 1.9344786405563354, 1.9219474792480469, 1.9193215370178223, 1.9103206396102905, 1.9107389450073242, 1.9116636514663696, 1.900639295578003, 1.9077703952789307, 1.890212893486023, 1.8878798484802246, 1.8842698335647583, 1.8754559755325317, 1.8755338191986084, 1.8703346252441406, 1.8658549785614014, 1.858818531036377, 1.8543163537979126, 1.8582258224487305, 1.8467748165130615, 1.853879690170288, 1.8412169218063354, 1.8398784399032593, 1.8369821310043335, 1.8304626941680908, 1.8284732103347778], "rmse": [2.413799285888672, 2.379188060760498, 2.365541458129883, 2.3578665256500244, 2.351813554763794, 2.344905138015747, 2.3377084732055664, 2.328993797302246, 2.3210010528564453, 2.3108999729156494, 2.3003666400909424, 2.2884521484375, 2.2760140895843506, 2.2626922130584717, 2.247068166732788, 2.2331900596618652, 2.217193365097046, 2.201188087463379, 2.1837425231933594, 2.167219877243042, 2.149047613143921, 2.1308400630950928, 2.1113481521606445, 2.093518018722534, 2.0739521980285645, 2.0552585124969482, 2.036384344100952, 2.0174508094787598, 1.9996281862258911, 1.98231041431427, 1.9665566682815552, 1.9468022584915161, 1.9292384386062622, 1.9118523597717285, 1.8949146270751953, 1.8770283460617065, 1.8611879348754883, 1.8456189632415771, 1.8304835557937622, 1.81354820728302, 1.7964255809783936, 1.7793138027191162, 1.763527750968933, 1.7500476837158203, 1.7350863218307495, 1.7186634540557861, 1.7066032886505127, 1.69171941280365, 1.678415060043335, 1.6647557020187378, 1.6516841650009155, 1.6380524635314941, 1.6281003952026367, 1.6173555850982666, 1.6074804067611694, 1.5991175174713135, 1.5881577730178833, 1.5808533430099487, 1.5681499242782593, 1.562070608139038, 1.5561795234680176, 1.5449086427688599, 1.5382651090621948, 1.5315536260604858, 1.5254030227661133, 1.5187782049179077, 1.5123744010925293, 1.5046666860580444, 1.5001171827316284, 1.492354154586792, 1.4895166158676147, 1.4845768213272095, 1.4775042533874512, 1.4752577543258667, 1.4706588983535767, 1.466292381286621, 1.4633926153182983, 1.4573538303375244, 1.4557243585586548, 1.452759861946106, 1.4458500146865845, 1.4457061290740967, 1.4402967691421509, 1.4358347654342651, 1.4333491325378418, 1.4314848184585571, 1.4278674125671387, 1.4248322248458862, 1.4251071214675903, 1.4201946258544922, 1.416784405708313, 1.4154785871505737, 1.4096016883850098, 1.4087636470794678, 1.4092748165130615, 1.4049879312515259, 1.4012222290039062, 1.4017982482910156, 1.398141860961914, 1.3952454328536987, 1.3950426578521729, 1.3908567428588867, 1.3885202407836914, 1.386330485343933, 1.3861783742904663, 1.3842500448226929, 1.380971908569336, 1.3811571598052979, 1.3782174587249756, 1.3779710531234741, 1.3738216161727905, 1.3727964162826538, 1.370021939277649, 1.3697227239608765, 1.3697941303253174, 1.366004467010498, 1.3682669401168823, 1.3619046211242676, 1.361351490020752, 1.3589829206466675, 1.3566688299179077, 1.356693148612976, 1.3549083471298218, 1.3531488180160522, 1.3504173755645752, 1.3489114046096802, 1.350572109222412, 1.3455604314804077, 1.348571538925171, 1.3438959121704102, 1.3435620069503784, 1.3423800468444824, 1.3399680852890015, 1.33902108669281], "val_loss": [5.962208271026611, 5.863584995269775, 5.816987991333008, 5.782837390899658, 5.748234272003174, 5.708160877227783, 5.664722919464111, 5.616221904754639, 5.56500768661499, 5.507252216339111, 5.443662166595459, 5.373565196990967, 5.299158573150635, 5.220640659332275, 5.138507843017578, 5.055136203765869, 4.9669952392578125, 4.876529216766357, 4.784125804901123, 4.691382884979248, 4.594705581665039, 4.499148845672607, 4.401376724243164, 4.306918144226074, 4.215254783630371, 4.122195720672607, 4.035597801208496, 3.9496865272521973, 3.8651068210601807, 3.7848517894744873, 3.709507703781128, 3.631181001663208, 3.5612335205078125, 3.489447593688965, 3.4186739921569824, 3.354004383087158, 3.2849578857421875, 3.2150027751922607, 3.155543804168701, 3.0899298191070557, 3.0297374725341797, 2.9712884426116943, 2.908663749694824, 2.855964422225952, 2.799221992492676, 2.7491023540496826, 2.696157217025757, 2.6525752544403076, 2.598233222961426, 2.549315929412842, 2.5097529888153076, 2.467416524887085, 2.429212808609009, 2.3920350074768066, 2.360400438308716, 2.3267898559570312, 2.29363751411438, 2.261491298675537, 2.2446391582489014, 2.208120346069336, 2.1861419677734375, 2.1717710494995117, 2.1492295265197754, 2.120518207550049, 2.1031224727630615, 2.08905291557312, 2.0636796951293945, 2.0565223693847656, 2.034838914871216, 2.0250043869018555, 1.9994781017303467, 2.002457618713379, 1.9907338619232178, 1.9773952960968018, 1.965345025062561, 1.9486942291259766, 1.9394638538360596, 1.9332780838012695, 1.9340311288833618, 1.9173533916473389, 1.9240443706512451, 1.9010318517684937, 1.9046541452407837, 1.8904576301574707, 1.8881502151489258, 1.8773170709609985, 1.8875857591629028, 1.8713895082473755, 1.880447268486023, 1.8691035509109497, 1.8694864511489868, 1.869335412979126, 1.8718106746673584, 1.8585304021835327, 1.8699061870574951, 1.8654816150665283, 1.8398503065109253, 1.8485314846038818, 1.8383923768997192, 1.8465290069580078, 1.8453470468521118, 1.8320393562316895, 1.8354721069335938, 1.8367830514907837, 1.8270206451416016, 1.8312740325927734, 1.831160068511963, 1.8347214460372925, 1.8260446786880493, 1.8254092931747437, 1.828547477722168, 1.8252406120300293, 1.8150014877319336, 1.8256068229675293, 1.8230139017105103, 1.8148422241210938, 1.8121459484100342, 1.8203635215759277, 1.8120677471160889, 1.8101685047149658, 1.8134621381759644, 1.8043967485427856, 1.8165950775146484, 1.813995122909546, 1.7876189947128296, 1.8044179677963257, 1.8102587461471558, 1.797353744506836, 1.7875826358795166, 1.790217399597168, 1.8001827001571655, 1.8096669912338257, 1.7894562482833862, 1.7992210388183594],