{"n_parameters": 174497, "training_time": 4105.396853685379, "loss": [5.778032302856445, 5.644626617431641, 5.617021560668945, 5.58961296081543, 5.567217826843262, 5.5382866859436035, 5.516026973724365, 5.484089374542236, 5.463085174560547, 5.430500030517578, 5.404789924621582, 5.380904197692871, 5.346827030181885, 5.319462299346924, 5.28585958480835, 5.257129192352295, 5.233056545257568, 5.201882362365723, 5.178427219390869, 5.151830673217773, 5.120213031768799, 5.092310428619385, 5.068857669830322, 5.035848140716553, 5.001240253448486, 4.965522289276123, 4.934662342071533, 4.904195785522461, 4.860445499420166, 4.810490608215332, 4.767519474029541, 4.725344657897949, 4.679067611694336, 4.6275506019592285, 4.567577362060547, 4.496657848358154, 4.436689853668213, 4.367371559143066, 4.29506254196167, 4.215473651885986, 4.145864486694336, 4.060182094573975, 3.9837658405303955, 3.9043281078338623, 3.815053939819336, 3.7453200817108154, 3.6770334243774414, 3.6085915565490723, 3.531141996383667, 3.4682047367095947, 3.4047060012817383, 3.3456552028656006, 3.2960846424102783, 3.242370843887329, 3.1999521255493164, 3.139512538909912, 3.1105761528015137, 3.0746617317199707, 3.0420289039611816, 2.9947617053985596, 2.9599931240081787, 2.936703681945801, 2.913156270980835, 2.8801164627075195, 2.8593192100524902, 2.8333513736724854, 2.816685914993286], "rmse": [2.3865017890930176, 2.3590950965881348, 2.353325128555298, 2.3472495079040527, 2.3430356979370117, 2.335850238800049, 2.331857204437256, 2.3253982067108154, 2.3199329376220703, 2.313659906387329, 2.308332920074463, 2.3031113147735596, 2.2967288494110107, 2.2904043197631836, 2.283329486846924, 2.2769997119903564, 2.272491216659546, 2.265132188796997, 2.2608742713928223, 2.2548375129699707, 2.248565912246704, 2.2424538135528564, 2.236372947692871, 2.2298402786254883, 2.2219314575195312, 2.214176893234253, 2.2078123092651367, 2.200319290161133, 2.190516710281372, 2.1798641681671143, 2.1698789596557617, 2.159970760345459, 2.150226354598999, 2.138343334197998, 2.124140501022339, 2.1081411838531494, 2.0933117866516113, 2.0769174098968506, 2.0600428581237793, 2.040459632873535, 2.0231380462646484, 2.003113031387329, 1.9833394289016724, 1.9633351564407349, 1.9411864280700684, 1.9229658842086792, 1.9055635929107666, 1.8882979154586792, 1.8667101860046387, 1.8507426977157593, 1.833627462387085, 1.8180783987045288, 1.8034191131591797, 1.7899037599563599, 1.776921272277832, 1.7610303163528442, 1.752590298652649, 1.7426167726516724, 1.7330451011657715, 1.7192765474319458, 1.7099764347076416, 1.7024980783462524, 1.6960854530334473, 1.6866111755371094, 1.6800850629806519, 1.6727463006973267, 1.6668455600738525], "val_loss": [5.844940662384033, 5.798563003540039, 5.764340877532959, 5.735406875610352, 5.707251071929932, 5.6792473793029785, 5.645377159118652, 5.609778881072998, 5.58818244934082, 5.551640033721924, 5.534872055053711, 5.5007781982421875, 5.469227313995361, 5.4470624923706055, 5.415517807006836, 5.380979061126709, 5.357717514038086, 5.313743591308594, 5.297194004058838, 5.263552188873291, 5.225692272186279, 5.177806854248047, 5.138538837432861, 5.1226487159729, 5.06326150894165, 5.022424221038818, 4.964625835418701, 4.9274115562438965, 4.893190860748291, 4.833485126495361, 4.783342361450195, 4.714089393615723, 4.653141975402832, 4.580666542053223, 4.498263835906982, 4.408236980438232, 4.338616371154785, 4.221574306488037, 4.137901306152344, 4.0564751625061035, 3.9605817794799805, 3.8747966289520264, 3.8290579319000244, 3.7212626934051514, 3.665571928024292, 3.575371265411377, 3.5047097206115723, 3.437237024307251, 3.3968212604522705, 3.373502016067505, 3.324753761291504, 3.2393605709075928, 3.2132515907287598, 3.1867191791534424, 3.1420681476593018, 3.125422477722168, 3.0954291820526123, 3.0454375743865967, 3.0831735134124756, 3.0620062351226807, 3.0354561805725098, 3.0309879779815674, 3.057969331741333, 3.0515499114990234, 3.1307015419006348, 3.092404842376709, 3.133634090423584], "val_rmse": [2.400707244873047, 2.3911197185516357, 2.3840818405151367, 2.3781301975250244, 2.372339963912964, 2.3665616512298584, 2.359518051147461, 2.3521015644073486, 2.3476667404174805, 2.340014934539795, 2.3365910053253174, 2.329437494277954, 2.322824716567993, 2.3182260990142822, 2.31158447265625, 2.304267406463623, 2.2993838787078857, 2.289985418319702, 2.286534070968628, 2.279336452484131, 2.271214008331299, 2.260836362838745, 2.252312421798706, 2.248969078063965, 2.235945463180542, 2.226998805999756, 2.2142140865325928, 2.206017017364502, 2.1984541416168213, 2.185133457183838, 2.1738672256469727, 2.158208131790161, 2.1443355083465576, 2.1276652812957764, 2.1085054874420166, 2.0873942375183105, 2.070908308029175, 2.042797565460205, 2.0225608348846436, 2.0026321411132812, 1.9788533449172974, 1.9574236869812012, 1.946138620376587, 1.9185560941696167, 1.9043184518814087, 1.8808459043502808, 1.862308382987976, 1.8443611860275269, 1.8336633443832397, 1.8275707960128784, 1.8143924474716187, 1.7908827066421509, 1.7837631702423096, 1.7764477729797363, 1.7639455795288086, 1.7593411207199097, 1.7507882118225098, 1.7365469932556152, 1.74738609790802, 1.741321325302124, 1.7337504625320435, 1.7324252128601074, 1.7401500940322876, 1.7382489442825317, 1.7607675790786743, 1.7498353719711304, 1.7615678310394287]}