{"n_parameters": 535281, "training_time": 3533.563857793808, "loss": [5.430834770202637, 5.118462562561035, 4.9279327392578125, 4.731209754943848, 4.493630886077881, 4.221584320068359, 3.975552558898926, 3.773146867752075, 3.636070728302002, 3.531536340713501, 3.435290575027466, 3.34594988822937, 3.282475471496582, 3.22623348236084, 3.1704928874969482, 3.1009507179260254, 3.059835910797119, 3.0004076957702637, 2.9576923847198486, 2.927812099456787, 2.8904924392700195, 2.852668523788452, 2.8253931999206543, 2.806222677230835, 2.761383533477783, 2.7449285984039307, 2.7209270000457764], "rmse": [2.3143179416656494, 2.2482926845550537, 2.205601692199707, 2.1613337993621826, 2.1059658527374268, 2.0395607948303223, 1.978705644607544, 1.9268536567687988, 1.8918946981430054, 1.86428964138031, 1.8387765884399414, 1.8143126964569092, 1.7968449592590332, 1.7814202308654785, 1.7662534713745117, 1.7464995384216309, 1.7353379726409912, 1.7186609506607056, 1.7058773040771484, 1.6977050304412842, 1.686686396598816, 1.6752071380615234, 1.6674590110778809, 1.6620299816131592, 1.6484743356704712, 1.6442190408706665, 1.6362528800964355], "val_loss": [5.30559778213501, 5.055890083312988, 4.81464147567749, 4.4876861572265625, 4.120725154876709, 3.7822535037994385, 3.4685256481170654, 3.3069663047790527, 3.1021077632904053, 3.0172312259674072, 2.920586109161377, 2.7980659008026123, 2.70992112159729, 2.6988489627838135, 2.604308843612671, 2.580885410308838, 2.5125532150268555, 2.5385286808013916, 2.468780994415283, 2.3970987796783447, 2.390225887298584, 2.304659605026245, 2.4193549156188965, 2.3886380195617676, 2.4045822620391846, 2.4100496768951416, 2.44038987159729], "val_rmse": [2.2908928394317627, 2.236485004425049, 2.18230938911438, 2.106431007385254, 2.017752170562744, 1.9322718381881714, 1.8493751287460327, 1.8054254055023193, 1.7478139400482178, 1.7236666679382324, 1.6956738233566284, 1.659375548362732, 1.6328524351119995, 1.6299824714660645, 1.6009843349456787, 1.594096302986145, 1.5729548931121826, 1.5816667079925537, 1.5597609281539917, 1.536867618560791, 1.534952163696289, 1.5069763660430908, 1.5449557304382324, 1.5353100299835205, 1.540670394897461, 1.542655110359192, 1.55262291431427]}