{"n_parameters": 93009, "training_time": 7611.645358324051, "loss": [6.477458477020264, 5.919069290161133, 5.80804967880249, 5.711670875549316, 5.627504825592041, 5.558920383453369, 5.501763820648193, 5.446609020233154, 5.406184196472168, 5.372827053070068, 5.324416637420654, 5.2797627449035645, 5.244350433349609, 5.20612096786499, 5.165666103363037, 5.117583751678467, 5.080578804016113, 5.03043270111084, 4.987115859985352, 4.938963890075684, 4.898381233215332, 4.854290962219238, 4.801784515380859, 4.741158962249756, 4.693628787994385, 4.634286880493164, 4.572763442993164, 4.506250381469727, 4.445887088775635, 4.3855462074279785, 4.2984938621521, 4.223594665527344, 4.14532995223999, 4.065613269805908, 3.9830150604248047, 3.911309242248535, 3.818157911300659, 3.74298357963562, 3.660480499267578, 3.573875665664673, 3.5003390312194824, 3.4289779663085938, 3.353663921356201, 3.281723976135254, 3.2217459678649902, 3.154486894607544, 3.0959534645080566, 3.0371713638305664, 2.994180917739868, 2.92698073387146, 2.8798046112060547, 2.8372411727905273, 2.794717788696289, 2.756544589996338, 2.7118728160858154, 2.6799142360687256, 2.6428492069244385, 2.6086232662200928, 2.591050148010254, 2.5517148971557617, 2.5202298164367676, 2.4984538555145264, 2.470533847808838, 2.456463575363159, 2.4416232109069824, 2.408987522125244, 2.39168643951416, 2.369647979736328, 2.3644182682037354, 2.344568967819214, 2.326263666152954, 2.3083279132843018, 2.294069290161133, 2.289717674255371, 2.2748050689697266, 2.2693395614624023, 2.2543890476226807, 2.2459888458251953, 2.236048460006714, 2.221003293991089, 2.2084197998046875, 2.2060470581054688, 2.1870648860931396, 2.184573173522949, 2.1720590591430664, 2.1621766090393066, 2.154855251312256, 2.1475937366485596, 2.1427392959594727, 2.132859945297241, 2.1236062049865723, 2.1056206226348877, 2.1005492210388184, 2.098810911178589, 2.0899364948272705, 2.0735087394714355, 2.06811785697937, 2.0543041229248047, 2.0556182861328125, 2.051262855529785, 2.032034158706665, 2.028165102005005, 2.023104190826416, 2.0210859775543213, 2.0008251667022705, 1.9938796758651733, 1.996432900428772, 1.982965111732483, 1.9802573919296265, 1.9751871824264526, 1.9658684730529785, 1.9624522924423218, 1.9496303796768188, 1.9493932723999023, 1.947133183479309, 1.933363676071167, 1.9336659908294678, 1.9250335693359375, 1.9127311706542969, 1.9154117107391357, 1.9141151905059814, 1.9032142162322998, 1.897113561630249, 1.891223430633545, 1.8944646120071411, 1.8943341970443726, 1.8770142793655396, 1.882613182067871, 1.8793901205062866, 1.8675105571746826, 1.8641761541366577, 1.8540894985198975, 1.8558361530303955, 1.847582459449768, 1.8519238233566284, 1.8373876810073853], "rmse": [2.5276691913604736, 2.415074348449707, 2.392219066619873, 2.3729450702667236, 2.355003595352173, 2.34131121635437, 2.3296761512756348, 2.318828582763672, 2.309990882873535, 2.3029673099517822, 2.2932302951812744, 2.2832422256469727, 2.2749433517456055, 2.2673323154449463, 2.2590713500976562, 2.2484986782073975, 2.239694356918335, 2.2290356159210205, 2.219191312789917, 2.2081358432769775, 2.199012279510498, 2.1894774436950684, 2.1772468090057373, 2.16253924369812, 2.1520254611968994, 2.1386959552764893, 2.124114751815796, 2.1081199645996094, 2.092944860458374, 2.0798044204711914, 2.058720111846924, 2.04009747505188, 2.020489454269409, 2.000901937484741, 1.9797723293304443, 1.962252140045166, 1.9383654594421387, 1.9182384014129639, 1.8966666460037231, 1.8732891082763672, 1.8534358739852905, 1.8340338468551636, 1.813186764717102, 1.7935806512832642, 1.7761622667312622, 1.7574766874313354, 1.740708351135254, 1.7238818407058716, 1.7112292051315308, 1.6918790340423584, 1.677962064743042, 1.6647043228149414, 1.6518081426620483, 1.6407806873321533, 1.6271988153457642, 1.6176508665084839, 1.606683373451233, 1.5951497554779053, 1.589511513710022, 1.578381061553955, 1.567309856414795, 1.560694932937622, 1.5528115034103394, 1.5466744899749756, 1.5423575639724731, 1.5328316688537598, 1.5266259908676147, 1.5191744565963745, 1.5172988176345825, 1.5117567777633667, 1.505776047706604, 1.4998831748962402, 1.4944044351577759, 1.4928621053695679, 1.4894154071807861, 1.4871420860290527, 1.4813318252563477, 1.4785836935043335, 1.4761191606521606, 1.4704735279083252, 1.4666236639022827, 1.4648797512054443, 1.459489107131958, 1.4580894708633423, 1.454190731048584, 1.45135498046875, 1.4481964111328125, 1.4459917545318604, 1.4446783065795898, 1.4410556554794312, 1.4380216598510742, 1.4311960935592651, 1.4300347566604614, 1.4295450448989868, 1.425694465637207, 1.4206541776657104, 1.4189659357070923, 1.4147886037826538, 1.4145530462265015, 1.413610816001892, 1.406874656677246, 1.4052505493164062, 1.4044908285140991, 1.4040895700454712, 1.395749568939209, 1.392856240272522, 1.3946943283081055, 1.3908556699752808, 1.389361023902893, 1.387483835220337, 1.3844375610351562, 1.3817394971847534, 1.3785276412963867, 1.3774805068969727, 1.3771662712097168, 1.3733340501785278, 1.3727492094039917, 1.3699445724487305, 1.3649699687957764, 1.3669489622116089, 1.3652734756469727, 1.3627022504806519, 1.3595447540283203, 1.356995701789856, 1.3593953847885132, 1.35818350315094, 1.3526644706726074, 1.3540136814117432, 1.353502631187439, 1.3487977981567383, 1.3487679958343506, 1.34434974193573, 1.3448050022125244, 1.342036485671997, 1.343182921409607, 1.338611125946045],