{"n_parameters": 306017, "training_time": 3688.090916156769, "loss": [6.031330108642578, 5.5401716232299805, 5.43516731262207, 5.342807769775391, 5.268723011016846, 5.2064924240112305, 5.134969234466553, 5.079780578613281, 5.018552780151367, 4.970571041107178, 4.917625427246094, 4.8626933097839355, 4.801334381103516, 4.763208389282227, 4.711737632751465, 4.660744667053223, 4.617312908172607, 4.562378406524658, 4.509256362915039, 4.451505661010742, 4.396849155426025, 4.34055233001709, 4.277761936187744, 4.2210211753845215, 4.159981727600098, 4.08982515335083, 4.027187824249268, 3.962127447128296, 3.885887622833252, 3.8240814208984375, 3.7531113624572754, 3.6860451698303223, 3.6036288738250732, 3.5383806228637695, 3.4879019260406494, 3.435842275619507, 3.3641371726989746, 3.3172717094421387, 3.2358744144439697, 3.2036519050598145, 3.1629443168640137, 3.1045994758605957, 3.0517263412475586, 3.0205798149108887], "rmse": [2.4388365745544434, 2.3369483947753906, 2.3157992362976074, 2.2965617179870605, 2.2807178497314453, 2.2679648399353027, 2.2523574829101562, 2.2402656078338623, 2.226865291595459, 2.215820550918579, 2.2045414447784424, 2.1919784545898438, 2.1784133911132812, 2.169565200805664, 2.157864570617676, 2.1463735103607178, 2.1355626583099365, 2.12335205078125, 2.110344886779785, 2.096020221710205, 2.0831398963928223, 2.069608449935913, 2.0547409057617188, 2.0408082008361816, 2.0256741046905518, 2.00846791267395, 1.9930459260940552, 1.9766961336135864, 1.9575730562210083, 1.9417235851287842, 1.923341155052185, 1.9055473804473877, 1.8834034204483032, 1.866337537765503, 1.8529020547866821, 1.838369607925415, 1.8193271160125732, 1.8067930936813354, 1.7846566438674927, 1.7762421369552612, 1.7644450664520264, 1.747459888458252, 1.7319681644439697, 1.7231749296188354], "val_loss": [5.715702533721924, 5.6028618812561035, 5.5259809494018555, 5.4425177574157715, 5.367230415344238, 5.284305572509766, 5.242269515991211, 5.151027202606201, 5.058762550354004, 5.006202220916748, 4.937670707702637, 4.877076625823975, 4.826674461364746, 4.789045810699463, 4.737915992736816, 4.646836280822754, 4.585633277893066, 4.557220935821533, 4.47120475769043, 4.42148494720459, 4.350279331207275, 4.278348445892334, 4.195199966430664, 4.150522708892822, 4.071671962738037, 4.015007495880127, 3.931295394897461, 3.8862993717193604, 3.8044731616973877, 3.75903058052063, 3.6632795333862305, 3.614652395248413, 3.5899603366851807, 3.525113582611084, 3.5155601501464844, 3.4638161659240723, 3.480665683746338, 3.4728338718414307, 3.454723596572876, 3.497952938079834, 3.4764931201934814, 3.5767757892608643, 3.59732723236084, 3.616126298904419], "val_rmse": [2.374847173690796, 2.351968288421631, 2.3364670276641846, 2.319216251373291, 2.3034703731536865, 2.2858219146728516, 2.2770094871520996, 2.2571861743927, 2.2368900775909424, 2.225285053253174, 2.209998607635498, 2.1963863372802734, 2.1850199699401855, 2.1764838695526123, 2.1648004055023193, 2.1437644958496094, 2.1295149326324463, 2.1228601932525635, 2.1026101112365723, 2.0907809734344482, 2.073742151260376, 2.0563583374023438, 2.0361287593841553, 2.025167942047119, 2.0057785511016846, 1.9916906356811523, 1.970686674118042, 1.9593591690063477, 1.9384970664978027, 1.9268860816955566, 1.902044415473938, 1.8893541097640991, 1.8829493522644043, 1.8657786846160889, 1.8633681535720825, 1.8495317697525024, 1.8542202711105347, 1.85219144821167, 1.8474133014678955, 1.8591551780700684, 1.853559136390686, 1.880455732345581, 1.8860034942626953, 1.891033411026001]}