{"n_parameters": 373409, "training_time": 9133.722779273987, "loss": [5.995899200439453, 5.975119590759277, 5.943347930908203, 5.924409866333008, 5.882768154144287, 5.865412712097168, 5.854339599609375, 5.825342655181885, 5.793898582458496, 5.774865627288818, 5.737614154815674, 5.722423553466797, 5.701408863067627, 5.67397928237915, 5.647895812988281, 5.619935512542725, 5.600417613983154, 5.571461200714111, 5.551080226898193, 5.536777019500732, 5.498780727386475, 5.486263275146484, 5.458159923553467, 5.445948600769043, 5.4266510009765625, 5.403651714324951, 5.36738920211792, 5.353822231292725, 5.3112945556640625, 5.2831315994262695, 5.2432050704956055, 5.21359395980835, 5.16759729385376, 5.124597549438477, 5.07484245300293, 5.0220255851745605, 4.95375394821167, 4.877347469329834, 4.802700996398926, 4.719663619995117, 4.601508140563965, 4.496686935424805, 4.380363464355469, 4.248163223266602, 4.124396324157715, 3.976871967315674, 3.8590714931488037, 3.743640661239624, 3.6394286155700684, 3.5452611446380615, 3.4570565223693848, 3.388056755065918, 3.286778688430786, 3.2354722023010254, 3.1472396850585938, 3.066484212875366, 3.005688428878784, 2.9128451347351074, 2.8559885025024414, 2.790888547897339, 2.7201168537139893, 2.669499635696411, 2.608281135559082, 2.5667240619659424, 2.51652455329895, 2.487308979034424, 2.43715500831604, 2.4147579669952393, 2.3815672397613525, 2.359910011291504, 2.3331727981567383, 2.309274911880493, 2.290327310562134, 2.2677359580993652, 2.2493433952331543, 2.2315826416015625, 2.213029623031616, 2.206608533859253, 2.1858832836151123, 2.161468029022217, 2.1661157608032227, 2.161318778991699, 2.1309869289398193, 2.1272051334381104, 2.1122190952301025, 2.1045570373535156, 2.0959787368774414, 2.0945351123809814, 2.078235626220703, 2.0706188678741455, 2.0631320476531982], "rmse": [2.429610013961792, 2.425879716873169, 2.4195637702941895, 2.415761709213257, 2.4078428745269775, 2.404994010925293, 2.4020323753356934, 2.3966569900512695, 2.3894388675689697, 2.3859541416168213, 2.3786327838897705, 2.376019239425659, 2.3716132640838623, 2.365776538848877, 2.360811233520508, 2.3551337718963623, 2.3510520458221436, 2.344559669494629, 2.340287208557129, 2.338407278060913, 2.3296210765838623, 2.3278377056121826, 2.3214194774627686, 2.3187906742095947, 2.3143913745880127, 2.309875965118408, 2.302330255508423, 2.2998738288879395, 2.2908506393432617, 2.2845566272735596, 2.276578426361084, 2.2688608169555664, 2.2594807147979736, 2.24967098236084, 2.239609956741333, 2.227093458175659, 2.2114343643188477, 2.1937522888183594, 2.177480459213257, 2.1573731899261475, 2.129490852355957, 2.1060478687286377, 2.0781712532043457, 2.0449249744415283, 2.0144002437591553, 1.9764147996902466, 1.9465930461883545, 1.9169927835464478, 1.8890118598937988, 1.8629659414291382, 1.8399120569229126, 1.821402668952942, 1.7928298711776733, 1.77945077419281, 1.7543343305587769, 1.73170006275177, 1.7149525880813599, 1.6877892017364502, 1.6716434955596924, 1.6509462594985962, 1.6310203075408936, 1.6155714988708496, 1.5972968339920044, 1.5843881368637085, 1.568806767463684, 1.5596617460250854, 1.5441943407058716, 1.5362433195114136, 1.526244044303894, 1.5190621614456177, 1.5103580951690674, 1.5032850503921509, 1.4963531494140625, 1.4892101287841797, 1.4829353094100952, 1.4777237176895142, 1.4712178707122803, 1.4694103002548218, 1.4618446826934814, 1.4541646242141724, 1.4555000066757202, 1.4532947540283203, 1.443897008895874, 1.4429931640625, 1.4376847743988037, 1.4349206686019897, 1.4317537546157837, 1.4318528175354004, 1.4260417222976685, 1.4236611127853394, 1.4196006059646606], "val_loss": [5.999853134155273, 5.9724507331848145, 5.961878299713135, 5.93818998336792, 5.9185404777526855, 5.891699314117432, 5.851020336151123, 5.825891017913818, 5.795338153839111, 5.757291793823242, 5.708740234375, 5.680228233337402, 5.6588358879089355, 5.624299049377441, 5.60421895980835, 5.5650410652160645, 5.532412528991699, 5.49404239654541, 5.463325500488281, 5.4364213943481445, 5.38789701461792, 5.348015308380127, 5.310853958129883, 5.281634330749512, 5.241036891937256, 5.198941707611084, 5.1620330810546875, 5.121169567108154, 5.0463995933532715, 5.033657550811768, 4.998195171356201, 4.935052394866943, 4.866706848144531, 4.813846588134766, 4.7353196144104, 4.651660919189453, 4.5471296310424805, 4.439565181732178, 4.340365886688232, 4.176295757293701, 4.033548831939697, 3.889087200164795, 3.733293294906616, 3.579547882080078, 3.437135696411133, 3.3163089752197266, 3.1952953338623047, 3.0857157707214355, 3.0163843631744385, 2.928037166595459, 2.8635928630828857, 2.786627769470215, 2.721733570098877, 2.656872034072876, 2.601362943649292, 2.5538737773895264, 2.481614112854004, 2.442063570022583, 2.3681564331054688, 2.3585598468780518, 2.317620277404785, 2.2781245708465576, 2.2818591594696045, 2.236492395401001, 2.1923165321350098, 2.186406135559082, 2.1397616863250732, 2.0995261669158936, 2.074554204940796, 2.0351486206054688, 2.008894681930542, 1.9689480066299438, 1.9449551105499268, 1.9236626625061035, 1.9442565441131592, 1.8828884363174438, 1.8678793907165527, 1.8826192617416382, 1.883583664894104, 1.840088129043579, 1.8515758514404297, 1.811359167098999, 1.8062694072723389, 1.8224847316741943, 1.811334490776062, 1.7973151206970215, 1.8101035356521606, 1.827904224395752, 1.805110216140747, 1.7980518341064453, 1.818650722503662], "val_rmse": [2.4313597679138184, 2.4262778759002686, 2.423797369003296, 2.4192848205566406, 2.4153902530670166, 2.4098572731018066, 2.401931047439575, 2.39700984954834, 2.3907692432403564, 2.383098602294922, 2.3734333515167236, 2.367631673812866, 2.3636460304260254, 2.356198787689209, 2.3524980545043945, 2.344416618347168, 2.337743043899536, 2.3298892974853516, 2.323591470718384, 2.3181066513061523, 2.30732798576355, 2.2990734577178955, 2.290968179702759, 2.2846806049346924, 2.2762041091918945, 2.2668511867523193, 2.2586591243743896, 2.2496771812438965, 2.2333121299743652, 2.2301549911499023, 2.222241163253784, 2.2081875801086426, 2.1929166316986084, 2.180708646774292, 2.1628737449645996, 2.1433284282684326, 2.1186954975128174, 2.093019723892212, 2.0687670707702637, 2.0289535522460938, 1.9933698177337646, 1.9565889835357666, 1.9157872200012207, 1.8749157190322876, 1.8361554145812988, 1.8025827407836914, 1.7684556245803833, 1.73686945438385, 1.7168341875076294, 1.6908737421035767, 1.6721051931381226, 1.64922034740448, 1.629799246788025, 1.6100739240646362, 1.593201756477356, 1.578801155090332, 1.5561656951904297, 1.543879508972168, 1.5201348066329956, 1.5174992084503174, 1.5044056177139282, 1.4915411472320557, 1.493300199508667, 1.4782806634902954, 1.4635556936264038, 1.46184241771698, 1.4459878206253052, 1.4325854778289795, 1.4242485761642456, 1.4107768535614014, 1.4015583992004395, 1.3876930475234985, 1.3792173862457275, 1.3717204332351685, 1.3795855045318604, 1.3572556972503662, 1.3519200086593628, 1.3578252792358398, 1.358214259147644, 1.342097520828247, 1.3467156887054443, 1.331678867340088, 1.3297430276870728, 1.3360624313354492, 1.332024097442627, 1.3268051147460938, 1.3314927816390991, 1.3384685516357422, 1.3298202753067017, 1.327262043952942, 1.335189938545227]}