{"n_parameters": 488497, "training_time": 16843.919238090515, "loss": [5.52549409866333, 5.264034271240234, 5.063774108886719, 4.875225067138672, 4.672076225280762, 4.428440570831299, 4.130121231079102, 3.8123667240142822, 3.498117446899414, 3.2493326663970947, 3.0401694774627686, 2.869584798812866, 2.7301862239837646, 2.628293991088867, 2.5404863357543945, 2.462573289871216, 2.396040439605713, 2.32901930809021, 2.289715528488159, 2.220418691635132, 2.1864962577819824, 2.1458899974823, 2.1051504611968994, 2.076992988586426, 2.057708501815796, 2.0235719680786133, 2.0085651874542236, 1.9749096632003784, 1.973106861114502, 1.958247423171997, 1.9432131052017212, 1.9375277757644653, 1.9256887435913086, 1.9218248128890991, 1.9068796634674072, 1.906084656715393, 1.8880189657211304, 1.8884673118591309, 1.8785048723220825, 1.8641403913497925, 1.8609678745269775, 1.8480747938156128, 1.8461958169937134, 1.842502236366272, 1.8361743688583374, 1.8232123851776123, 1.8250783681869507, 1.8128138780593872, 1.8090860843658447, 1.8015109300613403, 1.7975152730941772, 1.7913058996200562, 1.791668176651001, 1.7869112491607666, 1.7700473070144653, 1.7694787979125977, 1.7629772424697876, 1.757888913154602, 1.75110924243927, 1.743625283241272, 1.7355509996414185, 1.7295401096343994, 1.7251030206680298, 1.7235320806503296, 1.7107675075531006, 1.7080003023147583, 1.6956299543380737, 1.6845405101776123, 1.6845886707305908, 1.672527551651001, 1.6703115701675415, 1.6623278856277466, 1.6603058576583862, 1.6456434726715088, 1.641005039215088, 1.6315168142318726, 1.6290985345840454, 1.6205464601516724, 1.6017000675201416, 1.6025311946868896, 1.5938135385513306, 1.5890552997589111, 1.5788148641586304, 1.5651336908340454, 1.553747534751892, 1.5560534000396729, 1.538594365119934, 1.5309604406356812, 1.5302180051803589, 1.5099575519561768, 1.503496527671814, 1.4920815229415894, 1.4871634244918823, 1.4770907163619995, 1.4668595790863037, 1.4555076360702515, 1.4479821920394897, 1.4397501945495605, 1.429233431816101, 1.4181441068649292, 1.409002661705017, 1.3994334936141968, 1.3875164985656738, 1.3800984621047974, 1.3698002099990845, 1.3645946979522705, 1.3508403301239014, 1.3465628623962402, 1.3358879089355469, 1.324794888496399, 1.3119120597839355, 1.310991883277893, 1.298872709274292, 1.2875181436538696, 1.2819987535476685, 1.2700417041778564, 1.2703707218170166, 1.2600849866867065, 1.2518577575683594, 1.243065595626831, 1.234429121017456, 1.2305907011032104, 1.219159722328186, 1.220973014831543, 1.205343246459961, 1.2042689323425293, 1.1995457410812378, 1.1885912418365479, 1.1880912780761719, 1.1828579902648926, 1.1724295616149902, 1.1718339920043945, 1.1647095680236816, 1.1640828847885132, 1.1596717834472656, 1.1508206129074097, 1.1470355987548828, 1.142248511314392, 1.1381440162658691, 1.1330491304397583, 1.1238675117492676, 1.12541925907135, 1.1216696500778198, 1.116317629814148, 1.117250680923462, 1.1170755624771118, 1.1032435894012451], "rmse": [2.334831476211548, 2.279954195022583, 2.2359137535095215, 2.1945700645446777, 2.1473424434661865, 2.0897293090820312, 2.0161643028259277, 1.9366226196289062, 1.852569818496704, 1.7835310697555542, 1.7247278690338135, 1.6750472784042358, 1.6334383487701416, 1.6028145551681519, 1.5747432708740234, 1.5510789155960083, 1.5297842025756836, 1.5087789297103882, 1.4965124130249023, 1.4732015132904053, 1.4626762866973877, 1.4488496780395508, 1.4341918230056763, 1.4254248142242432, 1.4197932481765747, 1.40805983543396, 1.4020684957504272, 1.3900479078292847, 1.3905175924301147, 1.3842799663543701, 1.3788120746612549, 1.3772861957550049, 1.37273371219635, 1.3713864088058472, 1.3667120933532715, 1.3663116693496704, 1.3601624965667725, 1.3602806329727173, 1.3558239936828613, 1.3506451845169067, 1.3492865562438965, 1.3450915813446045, 1.343501329421997, 1.342537760734558, 1.340922236442566, 1.3353911638259888, 1.3365284204483032, 1.332377314567566, 1.3306225538253784, 1.3278191089630127, 1.325782299041748, 1.3229498863220215, 1.3235464096069336, 1.322231650352478, 1.3156757354736328, 1.3155529499053955, 1.3124749660491943, 1.3111295700073242, 1.3080899715423584, 1.3061436414718628, 1.3028196096420288, 1.3003458976745605, 1.2989232540130615, 1.2988063097000122, 1.2941864728927612, 1.292056918144226, 1.2870643138885498, 1.283203363418579, 1.282387137413025, 1.278360366821289, 1.2779791355133057, 1.2748469114303589, 1.274451732635498, 1.2687487602233887, 1.2661396265029907, 1.2631525993347168, 1.262089729309082, 1.2586153745651245, 1.2508713006973267, 1.251023769378662, 1.2485538721084595, 1.2455017566680908, 1.2425129413604736, 1.2368171215057373, 1.2324494123458862, 1.2330689430236816, 1.2259535789489746, 1.2231823205947876, 1.2230063676834106, 1.2144479751586914, 1.2120295763015747, 1.2076290845870972, 1.2044116258621216, 1.2012810707092285, 1.196818470954895, 1.1916922330856323, 1.1890521049499512, 1.1850742101669312, 1.1812326908111572, 1.176697015762329, 1.1726126670837402, 1.169008731842041, 1.1641082763671875, 1.161216378211975, 1.156544804573059, 1.153964638710022, 1.1482036113739014, 1.1460646390914917, 1.1416224241256714, 1.1366344690322876, 1.1317609548568726, 1.1315503120422363, 1.125152587890625, 1.1206220388412476, 1.1176261901855469, 1.1123675107955933, 1.1127402782440186, 1.1074001789093018, 1.1050314903259277, 1.1007492542266846, 1.096716046333313, 1.0949468612670898, 1.0898412466049194, 1.0905754566192627, 1.083653450012207, 1.0829768180847168, 1.0808649063110352, 1.0761029720306396, 1.0751562118530273, 1.073351502418518, 1.067871332168579, 1.0680115222930908, 1.0643023252487183, 1.0642592906951904, 1.0618356466293335, 1.057801604270935, 1.0559464693069458, 1.0534666776657104, 1.0510215759277344, 1.0492054224014282, 1.0453840494155884, 1.0457338094711304, 1.0442917346954346, 1.041788935661316, 1.04220712184906, 1.042281985282898, 1.0354152917861938],