{"n_parameters": 388193, "training_time": 16536.08784365654, "loss": [5.849401950836182, 5.521572589874268, 5.344842910766602, 5.220959186553955, 5.117859363555908, 5.021622657775879, 4.910609722137451, 4.783011436462402, 4.643680572509766, 4.468900203704834, 4.274197578430176, 4.0695624351501465, 3.8628482818603516, 3.6840240955352783, 3.5144765377044678, 3.3556759357452393, 3.218357801437378, 3.0797762870788574, 2.959550380706787, 2.846942663192749, 2.752981662750244, 2.659621000289917, 2.5688376426696777, 2.5025744438171387, 2.4312987327575684, 2.3678553104400635, 2.308943510055542, 2.262225389480591, 2.2252588272094727, 2.180243730545044, 2.1382622718811035, 2.1059420108795166, 2.0716135501861572, 2.0421719551086426, 2.0141818523406982, 1.9893455505371094, 1.961180329322815, 1.9400943517684937, 1.9223939180374146, 1.9092787504196167, 1.8937324285507202, 1.8823285102844238, 1.870046615600586, 1.8544014692306519, 1.8408507108688354, 1.8356883525848389, 1.8205370903015137, 1.8088675737380981, 1.8081858158111572, 1.7994223833084106, 1.7878062725067139, 1.7772071361541748, 1.7686643600463867, 1.761718988418579, 1.7489373683929443, 1.7450811862945557, 1.7414600849151611, 1.7256876230239868, 1.7287722826004028, 1.7182061672210693, 1.7118829488754272, 1.705306887626648, 1.692023754119873, 1.6932389736175537, 1.6841779947280884, 1.6800826787948608, 1.6672847270965576, 1.669969081878662, 1.6645091772079468, 1.651707649230957, 1.6477075815200806, 1.6422359943389893, 1.6325836181640625, 1.6237010955810547, 1.6226145029067993, 1.6155599355697632, 1.6056768894195557, 1.5984845161437988, 1.5893642902374268, 1.5888924598693848, 1.5791939496994019, 1.5740348100662231, 1.5589931011199951, 1.5575345754623413, 1.5489022731781006, 1.5464184284210205, 1.5341147184371948, 1.530311107635498, 1.5148792266845703, 1.5046318769454956, 1.4979342222213745, 1.4955495595932007, 1.4859308004379272, 1.4742562770843506, 1.470474123954773, 1.4584529399871826, 1.4493688344955444, 1.4425327777862549, 1.4326205253601074, 1.415582299232483, 1.405730962753296, 1.4008420705795288, 1.3897480964660645, 1.3754056692123413, 1.3672459125518799, 1.358537197113037, 1.3530977964401245, 1.3330857753753662, 1.3263777494430542, 1.3174561262130737, 1.3030112981796265, 1.2980014085769653, 1.2854201793670654, 1.271929144859314, 1.2591127157211304, 1.2471017837524414, 1.2423676252365112, 1.234071135520935, 1.2236850261688232, 1.2133452892303467, 1.2063339948654175, 1.1937302350997925, 1.180356502532959, 1.176702857017517, 1.1614323854446411, 1.1539465188980103, 1.1492259502410889, 1.1413921117782593, 1.1307710409164429, 1.1148622035980225, 1.1107672452926636, 1.1054019927978516, 1.0956709384918213, 1.0917341709136963, 1.0871347188949585, 1.0823912620544434, 1.076058268547058, 1.0583522319793701, 1.054404377937317, 1.0501255989074707, 1.0420962572097778, 1.0387790203094482, 1.0342341661453247, 1.0235271453857422, 1.0175009965896606, 1.0165659189224243, 1.0089186429977417, 1.0053889751434326, 1.0039865970611572, 0.9956032037734985, 0.9904337525367737, 0.983473539352417, 0.9773566722869873, 0.9719313979148865, 0.970857560634613, 0.9683336019515991, 0.962852954864502], "rmse": [2.400784492492676, 2.3334386348724365, 2.2967870235443115, 2.270254373550415, 2.2484846115112305, 2.226362705230713, 2.2018990516662598, 2.172361135482788, 2.1405413150787354, 2.098607063293457, 2.0519981384277344, 2.0012824535369873, 1.948781967163086, 1.9024745225906372, 1.857535481452942, 1.8144090175628662, 1.7758619785308838, 1.7364624738693237, 1.7013267278671265, 1.668562889099121, 1.6412162780761719, 1.6121333837509155, 1.5848324298858643, 1.5641374588012695, 1.5419477224349976, 1.5214086771011353, 1.5021471977233887, 1.4871755838394165, 1.4741770029067993, 1.4602787494659424, 1.445500373840332, 1.4343278408050537, 1.4234380722045898, 1.412963628768921, 1.402941107749939, 1.3939650058746338, 1.3855010271072388, 1.3771870136260986, 1.3712958097457886, 1.3656128644943237, 1.3615542650222778, 1.3565585613250732, 1.3527449369430542, 1.346716046333313, 1.341070532798767, 1.3399100303649902, 1.3343162536621094, 1.3294423818588257, 1.329404354095459, 1.3265451192855835, 1.3221325874328613, 1.3181570768356323, 1.314528226852417, 1.3124631643295288, 1.3073736429214478, 1.305946707725525, 1.3050464391708374, 1.298791766166687, 1.3000738620758057, 1.2959388494491577, 1.2936625480651855, 1.291197419166565, 1.2867602109909058, 1.2861943244934082, 1.283599853515625, 1.2816182374954224, 1.2756943702697754, 1.2777398824691772, 1.2745072841644287, 1.2713978290557861, 1.2691774368286133, 1.2665966749191284, 1.2630714178085327, 1.25938880443573, 1.2591315507888794, 1.2567965984344482, 1.2535185813903809, 1.2496466636657715, 1.2457196712493896, 1.24679434299469, 1.2429313659667969, 1.2401154041290283, 1.2340904474258423, 1.233479619026184, 1.2306287288665771, 1.2290705442428589, 1.2245155572891235, 1.2224878072738647, 1.216638445854187, 1.2121591567993164, 1.2097645998001099, 1.2085994482040405, 1.2051012516021729, 1.2000160217285156, 1.1991000175476074, 1.1931958198547363, 1.18984055519104, 1.1865941286087036, 1.1830185651779175, 1.175047516822815, 1.172325849533081, 1.170244812965393, 1.1650601625442505, 1.1587638854980469, 1.1556580066680908, 1.1525280475616455, 1.1495060920715332, 1.1411166191101074, 1.1376075744628906, 1.133823037147522, 1.1271215677261353, 1.125866413116455, 1.1203733682632446, 1.1142923831939697, 1.1081318855285645, 1.1033228635787964, 1.1012340784072876, 1.0968128442764282, 1.0920883417129517, 1.0879451036453247, 1.084900140762329, 1.0788172483444214, 1.0729596614837646, 1.07158362865448, 1.0641590356826782, 1.060238242149353, 1.0579628944396973, 1.0541492700576782, 1.049192190170288, 1.0414650440216064, 1.0398645401000977, 1.0375434160232544, 1.0332340002059937, 1.0308058261871338, 1.0284628868103027, 1.0259497165679932, 1.023611068725586, 1.0147207975387573, 1.0130852460861206, 1.0105249881744385, 1.0066472291946411, 1.0050525665283203, 1.0027319192886353, 0.997002124786377, 0.9947206974029541, 0.9942382574081421, 0.9905957579612732, 0.9894498586654663, 0.9879846572875977, 0.9833608865737915, 0.9812765717506409, 0.977470874786377, 0.9746302962303162, 0.9714064002037048, 0.9711768627166748, 0.9704037308692932, 0.9667673707008362],