{"n_parameters": 222017, "training_time": 8887.542921543121, "loss": [5.73051643371582, 5.620985984802246, 5.578911304473877, 5.536986827850342, 5.49074125289917, 5.440669059753418, 5.382233619689941, 5.319863319396973, 5.250336647033691, 5.170078277587891, 5.079951763153076, 4.982827663421631, 4.881573677062988, 4.762526512145996, 4.636434078216553, 4.50819206237793, 4.368284702301025, 4.224048137664795, 4.079249382019043, 3.9470505714416504, 3.8205480575561523, 3.6971094608306885, 3.5837340354919434, 3.4777283668518066, 3.370525360107422, 3.276548147201538, 3.183284282684326, 3.085752010345459, 3.0002520084381104, 2.909360885620117, 2.8315036296844482, 2.7428648471832275, 2.6552233695983887, 2.589078426361084, 2.5163943767547607, 2.454050302505493, 2.394261121749878, 2.3358826637268066, 2.293675184249878, 2.243389368057251, 2.2047629356384277, 2.167583703994751, 2.131986141204834, 2.097259998321533, 2.0762312412261963, 2.0481340885162354, 2.0293662548065186, 2.0069265365600586, 1.9874658584594727, 1.9750382900238037, 1.9558786153793335, 1.9410656690597534, 1.931705355644226, 1.9161220788955688, 1.9062031507492065, 1.8906162977218628, 1.8865773677825928, 1.8743085861206055, 1.8586859703063965, 1.8545197248458862, 1.8493633270263672, 1.8370763063430786, 1.826288104057312, 1.818408489227295, 1.8125303983688354, 1.803702473640442, 1.7976975440979004, 1.7954562902450562, 1.774498462677002, 1.7634779214859009, 1.758734941482544, 1.7570936679840088, 1.7482290267944336, 1.743320345878601, 1.7324060201644897, 1.7280168533325195, 1.7207876443862915, 1.7068551778793335, 1.7081027030944824, 1.6958611011505127, 1.6904869079589844, 1.6810914278030396, 1.67169189453125, 1.6690070629119873, 1.662352442741394, 1.6517479419708252, 1.6468595266342163, 1.6390513181686401, 1.6290092468261719, 1.6237651109695435, 1.617024302482605, 1.6102228164672852, 1.596191644668579, 1.5908808708190918, 1.5799893140792847, 1.578352451324463, 1.5660653114318848, 1.5587772130966187, 1.5520014762878418, 1.5474036931991577, 1.537904977798462, 1.5346155166625977, 1.5192599296569824, 1.5142792463302612, 1.5076149702072144, 1.498205542564392, 1.4908825159072876, 1.4795173406600952, 1.4726053476333618, 1.4638217687606812, 1.4585368633270264, 1.454305648803711, 1.4405403137207031, 1.4301120042800903, 1.4209738969802856, 1.4175148010253906, 1.408537745475769, 1.4035696983337402, 1.392503023147583, 1.3819621801376343, 1.3786309957504272, 1.366974115371704, 1.3573172092437744, 1.3485287427902222, 1.3404643535614014, 1.3301975727081299, 1.322982668876648, 1.317408561706543, 1.304793119430542, 1.2961171865463257, 1.283551812171936, 1.276943325996399, 1.2696305513381958, 1.2599879503250122, 1.253778338432312, 1.2460120916366577, 1.2364596128463745, 1.2309441566467285, 1.21855890750885, 1.2153503894805908, 1.2055864334106445, 1.1938650608062744, 1.1869508028030396, 1.1774975061416626, 1.1677953004837036, 1.1613163948059082, 1.158237099647522, 1.1484750509262085, 1.1410729885101318, 1.128981351852417, 1.1219229698181152, 1.11882746219635, 1.1102899312973022, 1.1053072214126587, 1.0916659832000732, 1.0881468057632446, 1.0831499099731445, 1.0805600881576538, 1.0723026990890503, 1.0628818273544312, 1.0556095838546753, 1.0514395236968994, 1.043942928314209, 1.0398353338241577, 1.0342615842819214, 1.024343490600586, 1.0257266759872437, 1.016337275505066, 1.0096935033798218, 1.0055590867996216, 0.9994187951087952, 0.9924259185791016, 0.9908947348594666, 0.9867228865623474, 0.9840741157531738, 0.9790393710136414, 0.9724200963973999, 0.967909574508667, 0.9627266526222229, 0.9599465131759644, 0.9535284638404846, 0.9547865986824036, 0.9460809230804443, 0.9466733932495117, 0.9431740641593933, 0.939188539981842, 0.9327144622802734, 0.9275419116020203, 0.9292280077934265, 0.9251081347465515, 0.9240725040435791, 0.9213578701019287, 0.9170421957969666, 0.9109720587730408, 0.9138715267181396, 0.9066697955131531, 0.9065817594528198, 0.9048792123794556, 0.8996527791023254, 0.9019509553909302, 0.8998544812202454, 0.8943961262702942, 0.8941141366958618, 0.8849010467529297, 0.8880751132965088, 0.8863760828971863, 0.8870859742164612, 0.8804291486740112, 0.8810645937919617, 0.8804588317871094, 0.8740963935852051, 0.8752751350402832, 0.8704366683959961, 0.8681281805038452, 0.8693552613258362, 0.8627728819847107, 0.8642257452011108, 0.8639244437217712, 0.8685297966003418, 0.8616053462028503, 0.8586976528167725, 0.8580302000045776, 0.8532372117042542, 0.8548550009727478, 0.8528982400894165, 0.849023163318634, 0.8489972352981567, 0.8475293517112732, 0.8460368514060974],