{"n_parameters": 331473, "training_time": 7464.164881229401, "loss": [5.556241035461426, 5.196137428283691, 4.976529121398926, 4.79428243637085, 4.6242876052856445, 4.468653202056885, 4.30027961730957, 4.144148349761963, 3.963149070739746, 3.802044153213501, 3.6346678733825684, 3.4924652576446533, 3.358592987060547, 3.2330849170684814, 3.1287119388580322, 3.026449680328369, 2.9330122470855713, 2.8528027534484863, 2.767681121826172, 2.6919171810150146, 2.620185375213623, 2.5521657466888428, 2.4950413703918457, 2.445352792739868, 2.4005520343780518, 2.353320837020874, 2.307668685913086, 2.2712767124176025, 2.243675470352173, 2.2098212242126465, 2.177067756652832, 2.1545634269714355, 2.136197328567505, 2.114542007446289, 2.0972158908843994, 2.073033571243286, 2.053619384765625, 2.0497195720672607, 2.034648895263672, 2.021958112716675, 2.017038345336914, 2.0083980560302734, 1.9924063682556152, 1.9892470836639404, 1.9745711088180542, 1.9746860265731812, 1.9657078981399536, 1.956723690032959, 1.9525439739227295, 1.9421323537826538, 1.9381372928619385, 1.9351868629455566, 1.9263890981674194, 1.914729356765747, 1.9127862453460693, 1.9063724279403687, 1.8990998268127441, 1.89347505569458, 1.8921061754226685, 1.8842368125915527, 1.8828870058059692, 1.8721001148223877, 1.8674205541610718, 1.8686357736587524, 1.8566651344299316, 1.858405590057373, 1.8495229482650757, 1.8501055240631104, 1.8389135599136353, 1.8357563018798828, 1.8313777446746826, 1.8184089660644531, 1.821098804473877, 1.819167971611023, 1.8077068328857422, 1.8053462505340576, 1.8027253150939941, 1.798536777496338, 1.7916371822357178, 1.7857859134674072, 1.7892647981643677, 1.782456636428833], "rmse": [2.3401074409484863, 2.264925003051758, 2.2165441513061523, 2.1752378940582275, 2.1362757682800293, 2.099564552307129, 2.0585696697235107, 2.0205018520355225, 1.9753952026367188, 1.9337869882583618, 1.8903125524520874, 1.8529515266418457, 1.8161063194274902, 1.781123399734497, 1.7521001100540161, 1.7237058877944946, 1.6956826448440552, 1.6727583408355713, 1.6474443674087524, 1.6247879266738892, 1.6025973558425903, 1.582546353340149, 1.564831256866455, 1.548864483833313, 1.5349762439727783, 1.519826054573059, 1.5050584077835083, 1.4931926727294922, 1.4847161769866943, 1.4730868339538574, 1.4620554447174072, 1.4538387060165405, 1.448722243309021, 1.4413421154022217, 1.4345438480377197, 1.4266409873962402, 1.4193047285079956, 1.4185465574264526, 1.4129518270492554, 1.408980369567871, 1.406725287437439, 1.403844952583313, 1.3983319997787476, 1.3972163200378418, 1.391891598701477, 1.392305612564087, 1.3894596099853516, 1.3852596282958984, 1.3837766647338867, 1.380186915397644, 1.378859281539917, 1.3772293329238892, 1.3750033378601074, 1.3698920011520386, 1.3697580099105835, 1.367714285850525, 1.3647167682647705, 1.3621140718460083, 1.3620036840438843, 1.3596065044403076, 1.3589353561401367, 1.3542410135269165, 1.3525317907333374, 1.3532336950302124, 1.3486055135726929, 1.3496153354644775, 1.3463789224624634, 1.3469641208648682, 1.342418909072876, 1.341539978981018, 1.3402169942855835, 1.3352075815200806, 1.3358988761901855, 1.3347320556640625, 1.3309522867202759, 1.329835057258606, 1.32906174659729, 1.327141284942627, 1.3247838020324707, 1.32301664352417, 1.3241454362869263, 1.3211617469787598], "val_loss": [5.514237880706787, 5.226847171783447, 5.02224588394165, 4.841331958770752, 4.666741371154785, 4.520301818847656, 4.362946033477783, 4.176007270812988, 4.049749851226807, 3.927039384841919, 3.793931007385254, 3.774967908859253, 3.685645341873169, 3.623488187789917, 3.651129722595215, 3.5816190242767334, 3.5149807929992676, 3.5147600173950195, 3.4866528511047363, 3.515397787094116, 3.5130794048309326, 3.466902017593384, 3.395846366882324, 3.413780450820923, 3.47237229347229, 3.4309678077697754, 3.381854772567749, 3.362945318222046, 3.34448504447937, 3.353287935256958, 3.3247952461242676, 3.278592348098755, 3.2486202716827393, 3.29083514213562, 3.23223614692688, 3.178029775619507, 3.1977546215057373, 3.1935617923736572, 3.1361265182495117, 3.1100244522094727, 3.0245368480682373, 3.0456442832946777, 3.0194125175476074, 3.0679008960723877, 2.9972891807556152, 3.0225272178649902, 2.959085464477539, 2.881255626678467, 2.8939156532287598, 2.896935224533081, 2.9347503185272217, 2.8515281677246094, 2.8457863330841064, 2.761817693710327, 2.739856004714966, 2.805565357208252, 2.7701570987701416, 2.7112491130828857, 2.7054319381713867, 2.7171802520751953, 2.7179129123687744, 2.7316501140594482, 2.697709083557129, 2.7173683643341064, 2.708163261413574, 2.6918745040893555, 2.652141809463501, 2.5553698539733887, 2.6145215034484863, 2.5868866443634033, 2.6140823364257812, 2.58359432220459, 2.549107789993286, 2.5140421390533447, 2.4557313919067383, 2.502488374710083, 2.4450130462646484, 2.5052101612091064, 2.505505084991455, 2.4864840507507324, 2.5311646461486816, 2.4512298107147217], "val_rmse": [2.3343117237091064, 2.273489236831665, 2.2287182807922363, 2.1882100105285645, 2.1483137607574463, 2.1142539978027344, 2.076775550842285, 2.0315120220184326, 2.00045108795166, 1.9697474241256714, 1.9358068704605103, 1.9312634468078613, 1.9081971645355225, 1.8921624422073364, 1.8996827602386475, 1.8816007375717163, 1.8641725778579712, 1.8644036054611206, 1.8572602272033691, 1.865334153175354, 1.8649505376815796, 1.8528552055358887, 1.833757758140564, 1.8389261960983276, 1.854881763458252, 1.8438700437545776, 1.8306598663330078, 1.8255903720855713, 1.8205615282058716, 1.823074221611023, 1.8152639865875244, 1.8026487827301025, 1.7943047285079956, 1.805930256843567, 1.7897175550460815, 1.774596095085144, 1.7800328731536865, 1.7789068222045898, 1.7627257108688354, 1.7552233934402466, 1.730780005455017, 1.7368746995925903, 1.7292301654815674, 1.7431831359863281, 1.7228896617889404, 1.7300994396209717, 1.7117220163345337, 1.6888982057571411, 1.6926369667053223, 1.6934467554092407, 1.7044703960418701, 1.6799713373184204, 1.6782524585723877, 1.6532018184661865, 1.6465235948562622, 1.666308045387268, 1.6556103229522705, 1.6377928256988525, 1.6360000371932983, 1.6395833492279053, 1.6397833824157715, 1.6439141035079956, 1.633564829826355, 1.6395728588104248, 1.6367380619049072, 1.6317914724349976, 1.6195566654205322, 1.589538335800171, 1.6079378128051758, 1.5993378162384033, 1.607778549194336, 1.598271369934082, 1.587421178817749, 1.576325535774231, 1.5578172206878662, 1.5726685523986816, 1.554328441619873, 1.573587417602539, 1.5736645460128784, 1.5675865411758423, 1.5817756652832031, 1.5563501119613647]}