{"n_parameters": 176305, "training_time": 9118.972678661346, "loss": [5.918658256530762, 5.868371963500977, 5.859674453735352, 5.84440803527832, 5.836403846740723, 5.829005241394043, 5.8256402015686035, 5.817673206329346, 5.80916690826416, 5.8038482666015625, 5.792754650115967, 5.793622970581055, 5.78073787689209, 5.771075248718262, 5.766130447387695, 5.758098602294922, 5.754297256469727, 5.746072292327881, 5.746194362640381, 5.731296062469482, 5.72573709487915, 5.71532678604126, 5.711122035980225, 5.700465202331543, 5.68871545791626, 5.6821699142456055, 5.666713714599609, 5.666583061218262, 5.659115791320801, 5.657066822052002, 5.645279884338379, 5.637751579284668, 5.631424427032471, 5.617342472076416, 5.617835998535156, 5.602101802825928, 5.593254566192627, 5.59184455871582, 5.578141212463379, 5.5664873123168945, 5.563377857208252, 5.552763938903809, 5.545559883117676, 5.536384105682373, 5.528143882751465, 5.511234760284424, 5.504740238189697, 5.4958577156066895, 5.498961925506592, 5.485908508300781, 5.47564172744751, 5.45774507522583, 5.451620578765869, 5.449484348297119, 5.440617561340332, 5.41984748840332, 5.399839401245117, 5.398539066314697, 5.3933281898498535, 5.385146617889404, 5.3603057861328125, 5.34909725189209, 5.342735290527344, 5.328696250915527, 5.310939311981201, 5.302079677581787, 5.298495292663574, 5.280651092529297, 5.2665019035339355, 5.252786636352539, 5.240586280822754, 5.228343963623047, 5.21356725692749, 5.195497989654541, 5.183184623718262, 5.173674583435059, 5.160215377807617, 5.143438339233398, 5.125450611114502, 5.098153114318848, 5.08521842956543, 5.067104339599609, 5.067685604095459, 5.028723239898682, 5.022192478179932, 4.997182369232178, 4.970358371734619, 4.952340126037598, 4.945310115814209, 4.9144606590271, 4.9022932052612305, 4.869059085845947, 4.851337909698486, 4.834625244140625, 4.796988010406494, 4.785627365112305, 4.769868850708008, 4.744988441467285, 4.728553295135498, 4.696256637573242, 4.674214839935303, 4.643703460693359, 4.62674617767334, 4.60854434967041, 4.570306301116943, 4.558759689331055, 4.527390003204346, 4.507002353668213, 4.49207067489624, 4.43527364730835, 4.427764415740967, 4.383352756500244, 4.3636040687561035, 4.344916820526123, 4.304259300231934, 4.283871650695801, 4.265768051147461, 4.252504825592041, 4.218437194824219, 4.170903205871582, 4.156827926635742, 4.1271443367004395, 4.098160743713379, 4.065254211425781, 4.044466495513916, 3.9968550205230713, 3.988337516784668, 3.95200514793396, 3.930051326751709, 3.893462896347046, 3.868096351623535, 3.8464467525482178, 3.8012239933013916, 3.762343406677246, 3.7483415603637695, 3.726733922958374, 3.669567108154297, 3.65317964553833, 3.617368698120117, 3.593571186065674, 3.554299831390381, 3.531308174133301, 3.502967357635498, 3.4812934398651123, 3.440166711807251, 3.4202609062194824, 3.3762855529785156, 3.3488047122955322, 3.3400535583496094, 3.3057684898376465, 3.2756314277648926, 3.2527966499328613, 3.2245395183563232, 3.203862428665161, 3.178368091583252, 3.1547439098358154, 3.1359686851501465, 3.1046223640441895, 3.066601037979126, 3.0568130016326904, 3.0322964191436768, 3.0154638290405273, 2.9899752140045166], "rmse": [2.4133517742156982, 2.405181646347046, 2.4034368991851807, 2.399837017059326, 2.398132801055908, 2.396801471710205, 2.3958945274353027, 2.394068479537964, 2.3931119441986084, 2.3918344974517822, 2.389362096786499, 2.389155149459839, 2.3858702182769775, 2.385319471359253, 2.3848931789398193, 2.381333112716675, 2.381632089614868, 2.3795926570892334, 2.3794267177581787, 2.377061367034912, 2.3757553100585938, 2.3740944862365723, 2.372943162918091, 2.370483160018921, 2.3674802780151367, 2.366870641708374, 2.363602638244629, 2.364410400390625, 2.362246036529541, 2.362661361694336, 2.359307050704956, 2.358372688293457, 2.3572375774383545, 2.3540568351745605, 2.3536934852600098, 2.3506126403808594, 2.3488683700561523, 2.348412275314331, 2.3460118770599365, 2.343977451324463, 2.3431408405303955, 2.3411428928375244, 2.33971905708313, 2.3375303745269775, 2.3350634574890137, 2.332045555114746, 2.3302106857299805, 2.32838773727417, 2.329420566558838, 2.326874256134033, 2.324559450149536, 2.32059907913208, 2.3190832138061523, 2.319584608078003, 2.3170840740203857, 2.3128063678741455, 2.3089866638183594, 2.308570146560669, 2.306748628616333, 2.3053524494171143, 2.30031681060791, 2.296912431716919, 2.2968294620513916, 2.2940402030944824, 2.289959669113159, 2.2879910469055176, 2.2869229316711426, 2.2838964462280273, 2.279834032058716, 2.276763677597046, 2.2745602130889893, 2.272611618041992, 2.268284320831299, 2.2648823261260986, 2.2621896266937256, 2.2601428031921387, 2.2567238807678223, 2.253387689590454, 2.2494137287139893, 2.243603229522705, 2.2403650283813477, 2.236668586730957, 2.2368810176849365, 2.2282588481903076, 2.2269864082336426, 2.2219181060791016, 2.2149648666381836, 2.2115588188171387, 2.2100038528442383, 2.202758550643921, 2.2003087997436523, 2.191615104675293, 2.188307046890259, 2.1843607425689697, 2.1755971908569336, 2.1730477809906006, 2.1699140071868896, 2.163745641708374, 2.1601438522338867, 2.1523854732513428, 2.14794921875, 2.1408495903015137, 2.136748790740967, 2.1322543621063232, 2.123613119125366, 2.1208627223968506, 2.11277174949646, 2.1078009605407715, 2.1048426628112793, 2.0912437438964844, 2.089881658554077, 2.0791404247283936, 2.074425220489502, 2.069969892501831, 2.0608294010162354, 2.0550596714019775, 2.0507969856262207, 2.0479323863983154, 2.03902006149292, 2.027604341506958, 2.0235660076141357, 2.016841173171997, 2.009523630142212, 2.0014708042144775, 1.995712399482727, 1.9851654767990112, 1.9811577796936035, 1.972442626953125, 1.9673449993133545, 1.9582525491714478, 1.9515756368637085, 1.9450621604919434, 1.934501051902771, 1.9238446950912476, 1.9198358058929443, 1.9155248403549194, 1.900636076927185, 1.8961204290390015, 1.886134386062622, 1.8801220655441284, 1.8696259260177612, 1.8638958930969238, 1.8561313152313232, 1.8497716188430786, 1.839049220085144, 1.833112120628357, 1.8210854530334473, 1.8145689964294434, 1.811301589012146, 1.8024547100067139, 1.7935813665390015, 1.786866307258606, 1.7798175811767578, 1.7736204862594604, 1.7666047811508179, 1.7603412866592407, 1.753835916519165, 1.7456341981887817, 1.7343106269836426, 1.7317551374435425, 1.7239805459976196, 1.718933343887329, 1.7111926078796387],