{"n_parameters": 70273, "training_time": 6255.112780094147, "loss": [5.993801116943359, 5.818325042724609, 5.713918209075928, 5.619239330291748, 5.543323040008545, 5.490856647491455, 5.4401116371154785, 5.3896002769470215, 5.351532459259033, 5.3122878074646, 5.2616400718688965, 5.221026420593262, 5.172234058380127, 5.111550807952881, 5.054521083831787, 4.999523639678955, 4.9403815269470215, 4.894308567047119, 4.836320400238037, 4.790304660797119, 4.726779937744141, 4.677083969116211, 4.615868091583252, 4.55415153503418, 4.489876747131348, 4.433730602264404, 4.384135723114014, 4.322231292724609, 4.263998031616211, 4.216007232666016, 4.157237529754639, 4.107077598571777, 4.051460266113281, 4.008569717407227, 3.9548540115356445, 3.9065356254577637, 3.859912395477295, 3.8069138526916504, 3.761005163192749, 3.712019205093384, 3.667468786239624, 3.6220338344573975, 3.5781211853027344, 3.536015272140503, 3.5022146701812744, 3.4548215866088867, 3.432748794555664, 3.390069007873535, 3.3693184852600098, 3.32737398147583, 3.313235282897949, 3.268740653991699, 3.2527735233306885, 3.214184522628784, 3.2080237865448, 3.1825506687164307, 3.1532227993011475, 3.125945806503296, 3.1118550300598145, 3.0834290981292725, 3.0661351680755615, 3.026339292526245, 3.014946222305298, 2.989245653152466, 2.9679341316223145, 2.9432990550994873, 2.9135942459106445, 2.9069151878356934, 2.8809328079223633, 2.8693063259124756, 2.8527865409851074, 2.838306427001953, 2.8167710304260254, 2.795175790786743, 2.7827746868133545, 2.766097068786621, 2.7444090843200684, 2.7346980571746826, 2.7230682373046875, 2.7008965015411377, 2.692812442779541, 2.676504373550415, 2.672654151916504, 2.65211820602417, 2.6380867958068848, 2.6349141597747803, 2.616121768951416, 2.6169800758361816, 2.5873563289642334, 2.5893123149871826, 2.5752997398376465, 2.557800531387329, 2.552314043045044, 2.5313267707824707, 2.52470064163208, 2.5219409465789795, 2.508491277694702, 2.500549077987671, 2.4946062564849854, 2.481682062149048, 2.4773061275482178, 2.4687447547912598, 2.465660810470581, 2.453547239303589, 2.44455885887146, 2.4332456588745117, 2.427079200744629, 2.4333722591400146, 2.4262847900390625, 2.414668083190918, 2.3965728282928467, 2.3898606300354004, 2.387619972229004, 2.3813562393188477, 2.376774787902832, 2.371445417404175, 2.3663198947906494, 2.352207899093628, 2.3444385528564453, 2.346914052963257, 2.336587905883789, 2.333902359008789, 2.3231775760650635, 2.316819429397583, 2.3297488689422607, 2.3123815059661865, 2.3088619709014893, 2.2971081733703613, 2.290396213531494, 2.294520378112793, 2.2881128787994385, 2.284529209136963, 2.278175115585327, 2.2629408836364746, 2.2583537101745605, 2.256500720977783, 2.247373580932617, 2.2423958778381348, 2.2319295406341553, 2.2287685871124268, 2.2278249263763428, 2.2339835166931152, 2.2243564128875732, 2.2093992233276367, 2.217756748199463], "rmse": [2.429828643798828, 2.395254135131836, 2.3742427825927734, 2.35447359085083, 2.3386974334716797, 2.327730178833008, 2.3171958923339844, 2.306307077407837, 2.298154830932617, 2.2903473377227783, 2.279106855392456, 2.271123170852661, 2.2595674991607666, 2.246382713317871, 2.2337467670440674, 2.222167491912842, 2.2089900970458984, 2.197556972503662, 2.185086727142334, 2.1745641231536865, 2.15962815284729, 2.1480331420898438, 2.1334707736968994, 2.1200625896453857, 2.105282783508301, 2.091259241104126, 2.078768491744995, 2.0646002292633057, 2.0507166385650635, 2.039029598236084, 2.023958921432495, 2.011476516723633, 1.997671365737915, 1.9867260456085205, 1.9729100465774536, 1.9605010747909546, 1.9489434957504272, 1.9345813989639282, 1.9223923683166504, 1.9105172157287598, 1.8987921476364136, 1.885319709777832, 1.8740580081939697, 1.8644790649414062, 1.854062795639038, 1.8418910503387451, 1.83527410030365, 1.823571801185608, 1.8172988891601562, 1.8060529232025146, 1.80252206325531, 1.7906054258346558, 1.7865620851516724, 1.7752656936645508, 1.7730236053466797, 1.7668408155441284, 1.7580763101577759, 1.7505888938903809, 1.7462348937988281, 1.7377139329910278, 1.7333722114562988, 1.721440076828003, 1.7182183265686035, 1.7106903791427612, 1.7054003477096558, 1.6974313259124756, 1.6891844272613525, 1.6871720552444458, 1.6796249151229858, 1.6763741970062256, 1.6715580224990845, 1.667205572128296, 1.6606305837631226, 1.6549832820892334, 1.6510305404663086, 1.6452072858810425, 1.6394150257110596, 1.6361303329467773, 1.6332567930221558, 1.626343846321106, 1.624240756034851, 1.6183398962020874, 1.6181621551513672, 1.6115437746047974, 1.6064151525497437, 1.605799913406372, 1.5998644828796387, 1.6005898714065552, 1.5906808376312256, 1.590811014175415, 1.5881648063659668, 1.582049012184143, 1.579995036125183, 1.5740611553192139, 1.5720818042755127, 1.5712052583694458, 1.5663671493530273, 1.5642399787902832, 1.5630221366882324, 1.55866539478302, 1.5571788549423218, 1.5537748336791992, 1.5538110733032227, 1.549639105796814, 1.5468281507492065, 1.5427873134613037, 1.5404906272888184, 1.5435599088668823, 1.540398359298706, 1.5373597145080566, 1.5307034254074097, 1.5295122861862183, 1.5282773971557617, 1.5266246795654297, 1.5241745710372925, 1.5230960845947266, 1.5218849182128906, 1.5171452760696411, 1.5144637823104858, 1.5146619081497192, 1.5118834972381592, 1.5115553140640259, 1.5068321228027344, 1.5057501792907715, 1.5099656581878662, 1.5038599967956543, 1.5026055574417114, 1.4987316131591797, 1.4964244365692139, 1.4980031251907349, 1.4954222440719604, 1.4952114820480347, 1.4926141500473022, 1.4871001243591309, 1.4857163429260254, 1.48603355884552, 1.482553482055664, 1.4810336828231812, 1.4776145219802856, 1.4765161275863647, 1.475218653678894, 1.4786747694015503, 1.4738343954086304, 1.4694855213165283, 1.4726368188858032],