{"n_parameters": 250929, "training_time": 7955.982011318207, "loss": [5.625419616699219, 5.545261859893799, 5.47724723815918, 5.403835773468018, 5.318634033203125, 5.223872661590576, 5.1254496574401855, 5.012688159942627, 4.8856120109558105, 4.747923374176025, 4.602375507354736, 4.450447082519531, 4.301013946533203, 4.143047332763672, 3.9933035373687744, 3.8543901443481445, 3.7120795249938965, 3.580918312072754, 3.450723886489868, 3.329284906387329, 3.208542823791504, 3.0961928367614746, 2.9849681854248047, 2.878483295440674, 2.7806222438812256, 2.687372922897339, 2.5974087715148926, 2.5137360095977783, 2.4514825344085693, 2.3772034645080566, 2.3217124938964844, 2.269904375076294, 2.220792055130005, 2.177018642425537, 2.1397392749786377, 2.1065547466278076, 2.0754780769348145, 2.054805040359497, 2.0259101390838623, 2.0089688301086426, 1.9874244928359985, 1.9693588018417358, 1.9531474113464355, 1.9375404119491577, 1.9204468727111816, 1.9074949026107788, 1.8959295749664307, 1.884766697883606, 1.8703151941299438, 1.8595905303955078, 1.8452670574188232, 1.832937240600586, 1.8237017393112183, 1.8148062229156494, 1.8071869611740112, 1.7975527048110962, 1.7873467206954956, 1.7785918712615967, 1.772733211517334, 1.7621619701385498, 1.754113793373108, 1.7439104318618774, 1.7362922430038452, 1.7254105806350708, 1.7203855514526367, 1.711840033531189, 1.702316164970398, 1.70002019405365, 1.6882210969924927, 1.676956295967102, 1.6634982824325562, 1.654599905014038, 1.6490777730941772, 1.63991117477417, 1.6282285451889038, 1.6215436458587646, 1.6117935180664062, 1.603627324104309, 1.5964583158493042, 1.5861550569534302, 1.5776395797729492, 1.5684112310409546, 1.5593526363372803, 1.551235556602478, 1.5394604206085205, 1.5332345962524414, 1.5275782346725464, 1.5158542394638062, 1.5042225122451782, 1.4947574138641357, 1.4868943691253662, 1.4792667627334595, 1.4657288789749146, 1.459733009338379, 1.4502395391464233, 1.436739206314087, 1.428615689277649, 1.4212123155593872, 1.4100556373596191, 1.3995752334594727, 1.3887666463851929, 1.3783727884292603, 1.3678765296936035, 1.3568259477615356, 1.3478379249572754, 1.3384110927581787, 1.3291724920272827, 1.316763997077942, 1.3052611351013184, 1.294074296951294, 1.2827738523483276, 1.272035837173462, 1.2595094442367554, 1.2482876777648926, 1.239576816558838, 1.2258869409561157, 1.2165930271148682, 1.2094494104385376, 1.1987987756729126, 1.1854348182678223, 1.1755486726760864, 1.1659352779388428, 1.1550484895706177, 1.1436671018600464, 1.1362013816833496, 1.1256784200668335, 1.1135191917419434, 1.1068280935287476, 1.0964562892913818, 1.0866554975509644, 1.0755728483200073, 1.0675345659255981, 1.0596684217453003, 1.049755573272705, 1.0407434701919556, 1.0299112796783447, 1.0233837366104126, 1.0169957876205444, 1.0066194534301758, 0.9997747540473938, 0.9884066581726074, 0.9850153923034668, 0.977843165397644, 0.9714652299880981, 0.9642331004142761, 0.9550936222076416, 0.947120726108551, 0.9417908191680908, 0.9376636147499084, 0.9272491931915283, 0.9262446165084839, 0.9193434715270996, 0.9113472700119019, 0.9078145623207092, 0.9006214141845703, 0.8985584378242493, 0.8915227055549622, 0.888094425201416, 0.8826088905334473, 0.8778359293937683, 0.871659517288208, 0.8704198002815247, 0.8674600720405579, 0.863094687461853, 0.8572831749916077, 0.8585292100906372, 0.8524932265281677, 0.8536200523376465, 0.8428221344947815, 0.8408756852149963, 0.8386150598526001, 0.8374652862548828, 0.8329216837882996, 0.8296234607696533, 0.826221764087677, 0.8246031403541565, 0.8209205269813538, 0.8161380290985107, 0.8162124752998352, 0.8125396966934204, 0.8117708563804626, 0.8101816177368164, 0.8066681623458862, 0.8037508726119995, 0.8006483912467957, 0.7971715331077576, 0.7960659861564636, 0.792911946773529, 0.7927849292755127, 0.7887254357337952, 0.7895514965057373, 0.7863084673881531, 0.7830489277839661, 0.7800676226615906, 0.7776982188224792, 0.7762078046798706, 0.7760537266731262, 0.7726781964302063], "rmse": [2.3552966117858887, 2.336548328399658, 2.322915554046631, 2.3072640895843506, 2.2892067432403564, 2.268305540084839, 2.246987819671631, 2.223062753677368, 2.1943740844726562, 2.1646311283111572, 2.1311745643615723, 2.0953991413116455, 2.060276985168457, 2.021751642227173, 1.9851634502410889, 1.9502902030944824, 1.91434645652771, 1.880070686340332, 1.8449503183364868, 1.8119317293167114, 1.7791070938110352, 1.7476872205734253, 1.715842366218567, 1.6844274997711182, 1.6560200452804565, 1.6279090642929077, 1.599539041519165, 1.5736123323440552, 1.5539977550506592, 1.5304195880889893, 1.5121766328811646, 1.495391845703125, 1.4785420894622803, 1.4639434814453125, 1.4515451192855835, 1.4408953189849854, 1.429512858390808, 1.421210765838623, 1.4111673831939697, 1.4057700634002686, 1.398054838180542, 1.3910057544708252, 1.385491132736206, 1.379500150680542, 1.373672366142273, 1.3686434030532837, 1.364089012145996, 1.3606853485107422, 1.3548039197921753, 1.3512258529663086, 1.3457728624343872, 1.3414231538772583, 1.3381463289260864, 1.3344191312789917, 1.331765055656433, 1.3283978700637817, 1.324563980102539, 1.32081937789917, 1.3179779052734375, 1.3135781288146973, 1.3114323616027832, 1.3079197406768799, 1.3041434288024902, 1.3001587390899658, 1.2986458539962769, 1.2955193519592285, 1.2912564277648926, 1.2906602621078491, 1.2861696481704712, 1.2825088500976562, 1.2767739295959473, 1.273669958114624, 1.271544337272644, 1.2672958374023438, 1.2629859447479248, 1.2601393461227417, 1.2556630373001099, 1.2529515027999878, 1.2498044967651367, 1.2463061809539795, 1.2425814867019653, 1.2388888597488403, 1.2348507642745972, 1.2328580617904663, 1.2272858619689941, 1.2244617938995361, 1.2224924564361572, 1.2178759574890137, 1.2131221294403076, 1.2096035480499268, 1.2059608697891235, 1.202590823173523, 1.1972724199295044, 1.194584846496582, 1.191532850265503, 1.1847952604293823, 1.1820834875106812, 1.1781890392303467, 1.174027681350708, 1.1697815656661987, 1.164745807647705, 1.1603481769561768, 1.156420350074768, 1.151172399520874, 1.1476306915283203, 1.1431776285171509, 1.139337182044983, 1.134313941001892, 1.129403829574585, 1.124118685722351, 1.1192692518234253, 1.114859938621521, 1.1084996461868286, 1.103515863418579, 1.099915623664856, 1.0939576625823975, 1.0891492366790771, 1.0864897966384888, 1.0811010599136353, 1.0748863220214844, 1.070369005203247, 1.0661755800247192, 1.0614296197891235, 1.0564104318618774, 1.0529574155807495, 1.0472205877304077, 1.0416512489318848, 1.0378628969192505, 1.03363835811615, 1.0286461114883423, 1.0228396654129028, 1.019712209701538, 1.0150600671768188, 1.010319471359253, 1.0063289403915405, 1.0004686117172241, 0.9977757334709167, 0.9946532249450684, 0.9888695478439331, 0.9857910871505737, 0.9794531464576721, 0.9782235622406006, 0.9751591682434082, 0.9724365472793579, 0.9685246348381042, 0.963019847869873, 0.9584205150604248, 0.9567318558692932, 0.9538912177085876, 0.9485481381416321, 0.9477227926254272, 0.9442116022109985, 0.9398180842399597, 0.9379431009292603, 0.9341437220573425, 0.9329150915145874, 0.929835319519043, 0.9275611639022827, 0.924727737903595, 0.9217905402183533, 0.9188036322593689, 0.9181118607521057, 0.9166207909584045, 0.9144026637077332, 0.9108062386512756, 0.9120778441429138, 0.9084029197692871, 0.9088262915611267, 0.9029921293258667, 0.9019083976745605, 0.9006443023681641, 0.8997395038604736, 0.8977006673812866, 0.8950695991516113, 0.8931981921195984, 0.8929855823516846, 0.8906839489936829, 0.8878475427627563, 0.8879991769790649, 0.8851520419120789, 0.8849061727523804, 0.885208249092102, 0.8828479051589966, 0.8805181384086609, 0.8794406652450562, 0.8777968883514404, 0.8766881227493286, 0.8747064471244812, 0.8750713467597961, 0.8723989129066467, 0.8722705841064453, 0.8711729049682617, 0.8691427111625671, 0.8677651286125183, 0.8673011660575867, 0.865936815738678, 0.8658127188682556, 0.8633595705032349],