{"n_parameters": 142129, "training_time": 3397.4155583381653, "loss": [5.784146785736084, 5.624817371368408, 5.580048561096191, 5.533520221710205, 5.482394695281982, 5.425063610076904, 5.355607986450195, 5.282983303070068, 5.201566219329834, 5.121358871459961, 5.03059196472168, 4.924178123474121, 4.819928169250488, 4.708273887634277, 4.592162132263184, 4.481457710266113, 4.375332832336426, 4.275308132171631, 4.170711040496826, 4.078369617462158, 3.9811880588531494, 3.8889365196228027, 3.7961103916168213, 3.701780319213867, 3.6087863445281982, 3.5169124603271484, 3.4338176250457764, 3.3481967449188232, 3.26198410987854, 3.190852642059326, 3.117490291595459, 3.0351240634918213, 2.964254140853882, 2.8956987857818604, 2.8320841789245605, 2.764075756072998, 2.7014272212982178, 2.6421451568603516, 2.594939708709717, 2.5410611629486084, 2.500643730163574, 2.4524738788604736, 2.4115545749664307, 2.3727636337280273, 2.338402509689331, 2.30646014213562, 2.277087926864624, 2.2484023571014404, 2.220545768737793, 2.20404314994812, 2.180978298187256, 2.1620254516601562, 2.1422276496887207, 2.131105899810791, 2.1110243797302246, 2.1000783443450928, 2.082899332046509, 2.0631628036499023, 2.056955575942993, 2.044501543045044, 2.03088641166687, 2.0216314792633057, 2.0123753547668457, 1.9971357583999634, 1.9871156215667725, 1.9728193283081055, 1.963058352470398, 1.958608865737915, 1.9450101852416992, 1.9347162246704102, 1.9303433895111084, 1.9192179441452026, 1.9172650575637817, 1.9010069370269775, 1.8965786695480347, 1.8899749517440796, 1.8818718194961548, 1.876929759979248, 1.8601467609405518, 1.861269474029541, 1.854657530784607, 1.8386894464492798, 1.8435068130493164, 1.8310174942016602, 1.8277664184570312, 1.8191207647323608, 1.8179259300231934, 1.8117798566818237, 1.8005660772323608], "rmse": [2.387260913848877, 2.354814291000366, 2.3440799713134766, 2.335275650024414, 2.323183298110962, 2.3125574588775635, 2.2976107597351074, 2.2816660404205322, 2.2646868228912354, 2.2479512691497803, 2.227062940597534, 2.202806234359741, 2.1798226833343506, 2.1549746990203857, 2.128865957260132, 2.103682518005371, 2.0781853199005127, 2.0549473762512207, 2.0293033123016357, 2.007415771484375, 1.9828026294708252, 1.959956407546997, 1.9368473291397095, 1.91159188747406, 1.8880287408828735, 1.8634874820709229, 1.8406522274017334, 1.817267894744873, 1.7936279773712158, 1.773862600326538, 1.7537238597869873, 1.7304143905639648, 1.7095024585723877, 1.6897268295288086, 1.6709567308425903, 1.650033712387085, 1.631409764289856, 1.613497257232666, 1.598856806755066, 1.582411527633667, 1.5696920156478882, 1.5542221069335938, 1.5411306619644165, 1.5285592079162598, 1.5169603824615479, 1.506955623626709, 1.4971116781234741, 1.4873735904693604, 1.478573203086853, 1.4724678993225098, 1.464870572090149, 1.4585644006729126, 1.4519853591918945, 1.4479657411575317, 1.4410145282745361, 1.4373756647109985, 1.431373119354248, 1.4242424964904785, 1.4214621782302856, 1.4182636737823486, 1.413036584854126, 1.409544587135315, 1.4061174392700195, 1.4008393287658691, 1.3972740173339844, 1.3916831016540527, 1.38861083984375, 1.3862658739089966, 1.3822773694992065, 1.3782782554626465, 1.3770002126693726, 1.373055100440979, 1.3722968101501465, 1.366410493850708, 1.3646690845489502, 1.3622409105300903, 1.3589004278182983, 1.357346534729004, 1.3501425981521606, 1.352172613143921, 1.3491904735565186, 1.3432906866073608, 1.3452656269073486, 1.340031623840332, 1.3390592336654663, 1.335618257522583, 1.335080623626709, 1.3322416543960571, 1.3289730548858643], "val_loss": [5.809301376342773, 5.740401268005371, 5.687074661254883, 5.627403736114502, 5.5607171058654785, 5.485311031341553, 5.398162841796875, 5.308774471282959, 5.2159271240234375, 5.109169006347656, 4.99464750289917, 4.877750873565674, 4.747391700744629, 4.616955280303955, 4.491516590118408, 4.365749359130859, 4.2425150871276855, 4.127333164215088, 4.018581867218018, 3.914555311203003, 3.810997724533081, 3.7153029441833496, 3.620257616043091, 3.5232479572296143, 3.425135850906372, 3.3303263187408447, 3.246002674102783, 3.160715341567993, 3.0793628692626953, 2.996229410171509, 2.9243130683898926, 2.851231336593628, 2.7778379917144775, 2.7055420875549316, 2.6513259410858154, 2.5844292640686035, 2.518754005432129, 2.4607350826263428, 2.409816026687622, 2.3582756519317627, 2.3113088607788086, 2.273751974105835, 2.2290072441101074, 2.195622205734253, 2.160871982574463, 2.122162342071533, 2.103529930114746, 2.0712971687316895, 2.047804117202759, 2.0370349884033203, 2.012341022491455, 1.987585186958313, 1.9881815910339355, 1.964260220527649, 1.9376628398895264, 1.9443397521972656, 1.928485631942749, 1.909517526626587, 1.890588641166687, 1.8905168771743774, 1.8729610443115234, 1.8753035068511963, 1.8587383031845093, 1.8537348508834839, 1.8422667980194092, 1.8562792539596558, 1.8282862901687622, 1.8392999172210693, 1.8289560079574585, 1.8190782070159912, 1.823675513267517, 1.8257074356079102, 1.8213948011398315, 1.8120471239089966, 1.8008027076721191, 1.8114482164382935, 1.7998969554901123, 1.783434510231018, 1.7941482067108154, 1.7900768518447876, 1.7787801027297974, 1.7910895347595215, 1.786598563194275, 1.7680140733718872, 1.7692903280258179, 1.7744364738464355, 1.777191162109375, 1.7788985967636108, 1.780138611793518], "val_rmse": [2.392695426940918, 2.37814998626709, 2.3670339584350586, 2.3546509742736816, 2.340683698654175, 2.324862003326416, 2.3064260482788086, 2.287353277206421, 2.2674620151519775, 2.2443439960479736, 2.219306468963623, 2.1934988498687744, 2.1641957759857178, 2.1345930099487305, 2.10571551322937, 2.076249599456787, 2.0469422340393066, 2.019075870513916, 1.992340326309204, 1.9664102792739868, 1.9402238130569458, 1.9155776500701904, 1.8908827304840088, 1.865235447883606, 1.8390523195266724, 1.813230037689209, 1.7900820970535278, 1.766237497329712, 1.7433030605316162, 1.7194758653640747, 1.6986150741577148, 1.6773147583007812, 1.6554750204086304, 1.6335984468460083, 1.6174156665802002, 1.596766710281372, 1.576259732246399, 1.5580413341522217, 1.5418310165405273, 1.5251606702804565, 1.509838342666626, 1.4975459575653076, 1.4825984239578247, 1.4714142084121704, 1.459619402885437, 1.4463002681732178, 1.4400005340576172, 1.428715467453003, 1.4204800128936768, 1.4167697429656982, 1.4080092906951904, 1.3991529941558838, 1.3994430303573608, 1.3908464908599854, 1.3811875581741333, 1.3836829662322998, 1.377931833267212, 1.370986819267273, 1.3640207052230835, 1.3640292882919312, 1.3575435876846313, 1.358454942703247, 1.352292776107788, 1.3504801988601685, 1.3462187051773071, 1.3514751195907593, 1.340983510017395, 1.3451578617095947, 1.3412995338439941, 1.3376141786575317, 1.3393503427505493, 1.340170979499817, 1.3385655879974365, 1.3350542783737183, 1.3307979106903076, 1.3348495960235596, 1.3304781913757324, 1.3242669105529785, 1.328378677368164, 1.3268470764160156, 1.3225730657577515, 1.327248454093933, 1.3255650997161865, 1.3184911012649536, 1.318999171257019, 1.3209569454193115, 1.322031021118164, 1.322710394859314, 1.3231929540634155]}