{"n_parameters": 313553, "training_time": 18059.970312595367, "loss": [6.2320427894592285, 5.561137676239014, 5.393405437469482, 5.283506393432617, 5.1756205558776855, 5.061635494232178, 4.924887657165527, 4.776503562927246, 4.586166858673096, 4.375775337219238, 4.127556800842285, 3.852564811706543, 3.562912940979004, 3.2901036739349365, 3.0505318641662598, 2.865593194961548, 2.7140958309173584, 2.602221965789795, 2.512928009033203, 2.438582181930542, 2.3781819343566895, 2.3191263675689697, 2.26442813873291, 2.2302517890930176, 2.1951141357421875, 2.1542742252349854, 2.1279313564300537, 2.0961952209472656, 2.0691981315612793, 2.041388750076294, 2.0185959339141846, 1.9952651262283325, 1.9769521951675415, 1.9536714553833008, 1.9387556314468384, 1.9217497110366821, 1.9026494026184082, 1.886338472366333, 1.8752877712249756, 1.86803138256073, 1.852245569229126, 1.8418402671813965, 1.8267264366149902, 1.8218998908996582, 1.8083072900772095, 1.8010567426681519, 1.7886223793029785, 1.784216284751892, 1.7761441469192505, 1.7673418521881104, 1.758191466331482, 1.7566426992416382, 1.7483673095703125, 1.7445827722549438, 1.7343723773956299, 1.7342195510864258, 1.7240285873413086, 1.7187122106552124, 1.7131022214889526, 1.7129666805267334, 1.7109284400939941, 1.7026883363723755, 1.6957091093063354, 1.6954684257507324, 1.6894114017486572, 1.6924371719360352, 1.6801137924194336, 1.6832959651947021, 1.6780363321304321, 1.6720118522644043, 1.6769109964370728, 1.6684012413024902, 1.6619937419891357, 1.6616158485412598, 1.6601057052612305, 1.6552903652191162, 1.6505388021469116, 1.6453258991241455, 1.643827199935913, 1.6438511610031128, 1.636518120765686, 1.6332818269729614, 1.6347154378890991, 1.6315375566482544, 1.6236062049865723, 1.6226483583450317, 1.614683747291565, 1.6146180629730225, 1.61282479763031, 1.6077232360839844, 1.6040412187576294, 1.5951117277145386, 1.5927587747573853, 1.5909459590911865, 1.5909161567687988, 1.5808569192886353, 1.5836013555526733, 1.5769374370574951, 1.5757381916046143, 1.5693464279174805, 1.565466046333313, 1.5643361806869507, 1.5599089860916138, 1.5533357858657837, 1.5503466129302979, 1.5444334745407104, 1.5377423763275146, 1.5373772382736206, 1.5326571464538574, 1.5253403186798096, 1.5207552909851074, 1.5181809663772583, 1.5147757530212402, 1.5091463327407837, 1.5047649145126343, 1.4984259605407715, 1.4918620586395264, 1.4856094121932983, 1.4813098907470703, 1.4774106740951538, 1.4723752737045288, 1.4689350128173828, 1.4594357013702393, 1.4547853469848633, 1.4534389972686768, 1.4460233449935913, 1.4424468278884888, 1.4341604709625244, 1.4277784824371338, 1.4173941612243652, 1.416101336479187, 1.4183481931686401, 1.4009226560592651, 1.3943989276885986, 1.3892711400985718, 1.3871145248413086, 1.3824520111083984, 1.3748626708984375, 1.3666876554489136, 1.3633334636688232, 1.3543932437896729, 1.3456228971481323, 1.3410781621932983, 1.3352794647216797, 1.3250652551651, 1.3220692873001099, 1.3105950355529785, 1.307816505432129, 1.300718069076538, 1.2917356491088867, 1.286268711090088, 1.2786108255386353, 1.274199366569519, 1.2685654163360596, 1.2575600147247314, 1.2498680353164673, 1.2503961324691772, 1.2395808696746826, 1.2308820486068726, 1.2298188209533691, 1.223020315170288, 1.2123007774353027, 1.2113420963287354, 1.2068769931793213, 1.2013887166976929, 1.188621997833252, 1.188409686088562, 1.184546709060669, 1.1768444776535034, 1.1708636283874512, 1.1700904369354248, 1.1634154319763184, 1.1543794870376587, 1.1511400938034058, 1.1486402750015259, 1.1432311534881592, 1.1354272365570068, 1.1300532817840576, 1.1322968006134033, 1.121995210647583, 1.126011848449707, 1.1142408847808838, 1.111626386642456, 1.1079603433609009, 1.1074026823043823, 1.1010727882385254, 1.1080925464630127, 1.0970548391342163, 1.0938873291015625, 1.0911446809768677, 1.0854753255844116, 1.0865930318832397, 1.0829601287841797, 1.0760622024536133, 1.073846697807312, 1.0721895694732666, 1.0726842880249023, 1.0657206773757935, 1.0584568977355957, 1.0570399761199951, 1.056755781173706],