{"n_parameters": 296929, "training_time": 2002.7706394195557, "loss": [5.829024314880371, 5.61924934387207, 5.502357006072998, 5.426149845123291, 5.3713297843933105, 5.295592308044434, 5.243220806121826, 5.162766456604004, 5.081012725830078, 5.003188133239746, 4.906299114227295, 4.782097816467285, 4.669035911560059, 4.528222560882568, 4.414339065551758, 4.267387390136719, 4.144505500793457, 4.019407272338867, 3.9068682193756104, 3.815680742263794, 3.714174270629883, 3.633450984954834, 3.5574467182159424, 3.4924721717834473], "rmse": [2.3961353302001953, 2.3544905185699463, 2.330350637435913, 2.314271926879883, 2.303236722946167, 2.2873198986053467, 2.276285409927368, 2.2576894760131836, 2.239881753921509, 2.2229669094085693, 2.2005302906036377, 2.172356605529785, 2.1465418338775635, 2.1132590770721436, 2.0860698223114014, 2.0499014854431152, 2.0203230381011963, 1.988328218460083, 1.9608310461044312, 1.937563180923462, 1.9111592769622803, 1.8904398679733276, 1.8703900575637817, 1.852259874343872], "val_loss": [5.626802921295166, 5.484350204467773, 5.385312557220459, 5.268641471862793, 5.25098180770874, 5.171156883239746, 5.142188549041748, 5.128203868865967, 5.052383899688721, 4.935879230499268, 4.8044562339782715, 4.683906555175781, 4.583624362945557, 4.429279327392578, 4.260768890380859, 4.255420207977295, 4.185157299041748, 4.0974578857421875, 4.09244966506958, 4.1652140617370605, 4.159720420837402, 4.263279438018799, 4.169853687286377, 4.326584815979004], "val_rmse": [2.356168031692505, 2.3266496658325195, 2.3058295249938965, 2.280733346939087, 2.2764341831207275, 2.2590715885162354, 2.2525084018707275, 2.248969793319702, 2.2317118644714355, 2.2051379680633545, 2.1749017238616943, 2.146716356277466, 2.1228322982788086, 2.0860559940338135, 2.0455353260040283, 2.044468879699707, 2.0281848907470703, 2.007560968399048, 2.0076568126678467, 2.0264358520507812, 2.0257227420806885, 2.0522940158843994, 2.030006170272827, 2.0683531761169434]}