{"n_parameters": 95153, "training_time": 2913.413929462433, "loss": [5.929231643676758, 5.704954147338867, 5.6414666175842285, 5.6033148765563965, 5.572171688079834, 5.537672996520996, 5.501767635345459, 5.4596357345581055, 5.415444850921631, 5.362520217895508, 5.306744575500488, 5.247420787811279, 5.182897567749023, 5.12539529800415, 5.051211357116699, 4.980143070220947, 4.908540725708008, 4.831801414489746, 4.754206657409668, 4.671378135681152, 4.58913516998291, 4.497740268707275, 4.408278465270996, 4.3197340965271, 4.228673458099365, 4.142765998840332, 4.055655479431152, 3.983384609222412, 3.9018807411193848, 3.825625419616699, 3.7442190647125244, 3.671820640563965, 3.6062991619110107, 3.537684917449951, 3.4748196601867676, 3.4021663665771484, 3.34017014503479, 3.280653953552246, 3.214461088180542, 3.158504009246826, 3.099134922027588, 3.0433638095855713, 2.985078811645508, 2.932708263397217, 2.8785934448242188, 2.828035593032837, 2.7765285968780518, 2.7277681827545166, 2.68491792678833, 2.6318840980529785, 2.5892744064331055, 2.554009199142456, 2.5180158615112305, 2.4805593490600586, 2.43789005279541, 2.4092836380004883, 2.375739574432373, 2.3446640968322754, 2.320946455001831, 2.296391248703003, 2.2739980220794678, 2.2399661540985107, 2.2270970344543457, 2.2118546962738037, 2.185943126678467, 2.165886163711548, 2.1490046977996826, 2.1309432983398438, 2.117631435394287, 2.1060829162597656, 2.089259147644043, 2.083207607269287, 2.0646848678588867, 2.0541467666625977, 2.0397932529449463, 2.027599811553955, 2.0242137908935547, 2.014425039291382, 2.0014827251434326, 1.99587881565094, 1.9864981174468994, 1.977320671081543, 1.973773717880249, 1.9628362655639648, 1.9525717496871948, 1.953292727470398, 1.9486538171768188, 1.9328858852386475, 1.932132363319397, 1.9240145683288574, 1.9243162870407104, 1.9132856130599976, 1.9163254499435425, 1.9039809703826904], "rmse": [2.418698310852051, 2.371574878692627, 2.357407331466675, 2.3490774631500244, 2.342515468597412, 2.335777521133423, 2.327812671661377, 2.319464683532715, 2.3094797134399414, 2.298844575881958, 2.287057638168335, 2.274933099746704, 2.2600560188293457, 2.2482857704162598, 2.230792999267578, 2.2155919075012207, 2.199479818344116, 2.1826705932617188, 2.165330171585083, 2.1458139419555664, 2.1276371479034424, 2.1058456897735596, 2.0853419303894043, 2.0639514923095703, 2.0425519943237305, 2.0215089321136475, 1.9996711015701294, 1.9821304082870483, 1.9625638723373413, 1.9430025815963745, 1.9220459461212158, 1.903111457824707, 1.886276364326477, 1.867810845375061, 1.8509985208511353, 1.8318980932235718, 1.8142666816711426, 1.7986856698989868, 1.7804310321807861, 1.764062762260437, 1.7479536533355713, 1.731833815574646, 1.7145824432373047, 1.699446439743042, 1.683948040008545, 1.6686519384384155, 1.653389573097229, 1.6383318901062012, 1.6267250776290894, 1.6096789836883545, 1.5967445373535156, 1.5851409435272217, 1.5743621587753296, 1.562414288520813, 1.54828941822052, 1.5392102003097534, 1.5290744304656982, 1.5188674926757812, 1.5107451677322388, 1.5030696392059326, 1.4957144260406494, 1.4835834503173828, 1.4800360202789307, 1.4745224714279175, 1.4660381078720093, 1.4592281579971313, 1.453627109527588, 1.4470034837722778, 1.4430427551269531, 1.4393620491027832, 1.4326924085617065, 1.4306561946868896, 1.4241231679916382, 1.4207267761230469, 1.4152182340621948, 1.410879373550415, 1.4104976654052734, 1.4067046642303467, 1.4023308753967285, 1.4001253843307495, 1.3968753814697266, 1.3944112062454224, 1.3922805786132812, 1.3888477087020874, 1.3843954801559448, 1.3847466707229614, 1.3832566738128662, 1.3776741027832031, 1.3776755332946777, 1.3744333982467651, 1.3750931024551392, 1.3703536987304688, 1.372254490852356, 1.367094874382019], "val_loss": [5.924837589263916, 5.814826011657715, 5.767477035522461, 5.728898048400879, 5.691279888153076, 5.651453018188477, 5.605863571166992, 5.55696439743042, 5.503078937530518, 5.442697048187256, 5.377004623413086, 5.306779861450195, 5.236342430114746, 5.164482593536377, 5.083586692810059, 4.999937057495117, 4.9178900718688965, 4.833409786224365, 4.744340896606445, 4.652041435241699, 4.55515193939209, 4.44777250289917, 4.345257759094238, 4.2472147941589355, 4.151948928833008, 4.055871486663818, 3.9642140865325928, 3.872939109802246, 3.7871460914611816, 3.704829692840576, 3.6202282905578613, 3.542478084564209, 3.468787670135498, 3.3954243659973145, 3.325450897216797, 3.2579164505004883, 3.1897854804992676, 3.127079963684082, 3.065115451812744, 3.0049591064453125, 2.9449949264526367, 2.8959357738494873, 2.835719108581543, 2.779536247253418, 2.7298262119293213, 2.674217700958252, 2.625939130783081, 2.5813145637512207, 2.5336599349975586, 2.4912831783294678, 2.4564831256866455, 2.4189844131469727, 2.384124279022217, 2.34359073638916, 2.306751251220703, 2.2819087505340576, 2.2485010623931885, 2.223407506942749, 2.2073376178741455, 2.1845481395721436, 2.164785861968994, 2.1392409801483154, 2.1256887912750244, 2.1061058044433594, 2.0892415046691895, 2.0762481689453125, 2.067272186279297, 2.0461831092834473, 2.0364322662353516, 2.0343985557556152, 2.021118640899658, 2.022639513015747, 2.0127804279327393, 2.0016214847564697, 1.9896060228347778, 1.9928902387619019, 1.9692569971084595, 1.976501703262329, 1.9655625820159912, 1.968286395072937, 1.9756600856781006, 1.9535109996795654, 1.950547456741333, 1.9625548124313354, 1.9608274698257446, 1.961529016494751, 1.9431194067001343, 1.9522137641906738, 1.9296300411224365, 1.9442583322525024, 1.933760166168213, 1.9534204006195068, 1.9353077411651611, 1.9376041889190674], "val_rmse": [2.417133092880249, 2.393984317779541, 2.383964776992798, 2.3758599758148193, 2.3680307865142822, 2.359772205352783, 2.350299119949341, 2.3400707244873047, 2.3287672996520996, 2.3160030841827393, 2.302048444747925, 2.2870442867279053, 2.271852731704712, 2.2562994956970215, 2.238631010055542, 2.2202045917510986, 2.2020423412323, 2.183154344558716, 2.1631052494049072, 2.1420910358428955, 2.1198410987854004, 2.094877004623413, 2.07076358795166, 2.0473685264587402, 2.0244333744049072, 2.0009050369262695, 1.9782389402389526, 1.9553142786026, 1.9335393905639648, 1.9124423265457153, 1.8904260396957397, 1.8699421882629395, 1.8503398895263672, 1.8305854797363281, 1.8115235567092896, 1.7929471731185913, 1.773966908454895, 1.7563852071762085, 1.738815426826477, 1.7215332984924316, 1.7041934728622437, 1.690002202987671, 1.6722118854522705, 1.655479907989502, 1.640625, 1.623727798461914, 1.6089773178100586, 1.5952703952789307, 1.5804144144058228, 1.5671098232269287, 1.5561542510986328, 1.5442441701889038, 1.533056378364563, 1.5198668241500854, 1.5077825784683228, 1.499672532081604, 1.4885611534118652, 1.4802446365356445, 1.4749146699905396, 1.4672820568084717, 1.4606115818023682, 1.4519010782241821, 1.4473323822021484, 1.4405977725982666, 1.4348064661026, 1.4303284883499146, 1.4272586107254028, 1.4198896884918213, 1.4164912700653076, 1.415855050086975, 1.4111621379852295, 1.4117774963378906, 1.408313274383545, 1.404348373413086, 1.4000651836395264, 1.4012662172317505, 1.3927825689315796, 1.3954110145568848, 1.3914599418640137, 1.3924518823623657, 1.3951177597045898, 1.3871359825134277, 1.3860561847686768, 1.3903999328613281, 1.3897989988327026, 1.3900668621063232, 1.3834151029586792, 1.386703610420227, 1.378483533859253, 1.3838062286376953, 1.3800086975097656, 1.387175440788269, 1.3805983066558838, 1.3814432621002197]}