{"n_parameters": 196129, "training_time": 8930.867098331451, "loss": [5.771929740905762, 5.466206073760986, 5.331984519958496, 5.215114593505859, 5.100615978240967, 4.969883918762207, 4.866138935089111, 4.745659351348877, 4.643731594085693, 4.553704738616943, 4.44421911239624, 4.325300216674805, 4.193607330322266, 4.070165157318115, 3.92747163772583, 3.7936341762542725, 3.661026954650879, 3.51755952835083, 3.3862907886505127, 3.2483949661254883, 3.1321113109588623, 3.0104799270629883, 2.9134132862091064, 2.8434536457061768, 2.786841869354248, 2.745661497116089, 2.693687677383423, 2.6559269428253174, 2.620074510574341, 2.577003240585327, 2.556255578994751, 2.5191118717193604, 2.4965312480926514, 2.4635870456695557, 2.432330369949341, 2.4010753631591797, 2.376411199569702, 2.3463029861450195, 2.3327574729919434, 2.3022537231445312, 2.267425537109375, 2.2555365562438965, 2.2299883365631104, 2.212867021560669, 2.192166805267334, 2.175428867340088, 2.1579601764678955, 2.140500545501709, 2.1243462562561035, 2.1035852432250977, 2.0853993892669678, 2.0694515705108643, 2.056633949279785, 2.0420567989349365, 2.0251102447509766, 2.013942003250122, 1.9986991882324219, 1.9910985231399536, 1.9721431732177734, 1.9688175916671753, 1.9537856578826904, 1.947266936302185, 1.9376524686813354, 1.9252341985702515, 1.915391206741333, 1.910802960395813, 1.901432991027832, 1.894467830657959, 1.882095456123352, 1.8720194101333618, 1.8681384325027466, 1.8654745817184448, 1.863928198814392, 1.8528047800064087, 1.8472044467926025, 1.8421088457107544, 1.836791753768921, 1.828587293624878, 1.830444574356079, 1.815880537033081, 1.8174941539764404, 1.8161951303482056, 1.8084967136383057, 1.808670163154602, 1.7988371849060059, 1.8026349544525146, 1.7955501079559326, 1.7884831428527832, 1.7874422073364258, 1.780074954032898, 1.7827345132827759, 1.773073434829712, 1.7750496864318848, 1.772395133972168, 1.7727296352386475, 1.762423038482666, 1.7604423761367798, 1.761170506477356, 1.7576160430908203, 1.756118893623352, 1.7502093315124512, 1.7505121231079102, 1.7519166469573975, 1.741240382194519, 1.744921326637268, 1.7416759729385376, 1.7372221946716309, 1.7356408834457397, 1.740816593170166, 1.734947919845581, 1.7353379726409912, 1.728904128074646, 1.7254914045333862, 1.7228089570999146, 1.7244280576705933, 1.7261070013046265, 1.718190312385559, 1.721922755241394, 1.7185457944869995, 1.717734694480896, 1.7121365070343018, 1.7118024826049805, 1.7095624208450317, 1.7083146572113037, 1.705135703086853, 1.7102670669555664, 1.7024288177490234, 1.7008414268493652, 1.6998538970947266, 1.6990611553192139, 1.7021222114562988, 1.6990119218826294, 1.7034895420074463, 1.6962732076644897, 1.697549819946289, 1.6934469938278198], "rmse": [2.3854269981384277, 2.322660207748413, 2.293964147567749, 2.267838954925537, 2.2429802417755127, 2.2144320011138916, 2.1916816234588623, 2.164635181427002, 2.1413888931274414, 2.120781421661377, 2.0939512252807617, 2.0664918422698975, 2.0346176624298096, 2.0046591758728027, 1.9684576988220215, 1.933582067489624, 1.8997255563735962, 1.8607585430145264, 1.8243753910064697, 1.786810278892517, 1.7531923055648804, 1.7188011407852173, 1.6896055936813354, 1.6688116788864136, 1.6514960527420044, 1.6387839317321777, 1.6229063272476196, 1.6115179061889648, 1.6005820035934448, 1.5873491764068604, 1.5803956985473633, 1.5690373182296753, 1.5626535415649414, 1.5513859987258911, 1.5408400297164917, 1.5321153402328491, 1.5239874124526978, 1.5135574340820312, 1.508175253868103, 1.4992692470550537, 1.4890754222869873, 1.4840857982635498, 1.4764138460159302, 1.4699242115020752, 1.462990164756775, 1.4587759971618652, 1.4517024755477905, 1.4464433193206787, 1.4400311708450317, 1.4338598251342773, 1.4270761013031006, 1.4224023818969727, 1.4182664155960083, 1.412434458732605, 1.4075576066970825, 1.4037365913391113, 1.3981642723083496, 1.3948882818222046, 1.3889812231063843, 1.3872789144515991, 1.3821508884429932, 1.3792089223861694, 1.37547767162323, 1.3717530965805054, 1.3683234453201294, 1.3664734363555908, 1.3630290031433105, 1.3610413074493408, 1.3558902740478516, 1.3523344993591309, 1.3509515523910522, 1.349868893623352, 1.3502159118652344, 1.3451167345046997, 1.3431462049484253, 1.3418781757354736, 1.339877724647522, 1.3371466398239136, 1.337388515472412, 1.3324464559555054, 1.3330687284469604, 1.3324735164642334, 1.329561471939087, 1.3293830156326294, 1.325743317604065, 1.3276112079620361, 1.324158787727356, 1.320942759513855, 1.3211355209350586, 1.318500280380249, 1.3200407028198242, 1.3153752088546753, 1.3163273334503174, 1.3153539896011353, 1.315545678138733, 1.3120160102844238, 1.3109852075576782, 1.3111194372177124, 1.3108795881271362, 1.309187412261963, 1.3075531721115112, 1.3083218336105347, 1.3069591522216797, 1.3041207790374756, 1.3049548864364624, 1.3034164905548096, 1.3020519018173218, 1.3008110523223877, 1.302760362625122, 1.3011693954467773, 1.3016231060028076, 1.2988225221633911, 1.29828941822052, 1.2959738969802856, 1.2965866327285767, 1.2980135679244995, 1.2945536375045776, 1.2959890365600586, 1.295289158821106, 1.2944906949996948, 1.2919797897338867, 1.2928541898727417, 1.2921264171600342, 1.2910436391830444, 1.2903159856796265, 1.2919490337371826, 1.2888211011886597, 1.2877475023269653, 1.2876380681991577, 1.2868199348449707, 1.2881401777267456, 1.287713885307312, 1.2884758710861206, 1.2865211963653564, 1.2863678932189941, 1.2852734327316284],