{"n_parameters": 302785, "training_time": 15973.731711626053, "loss": [3.1411702632904053, 2.716926097869873, 2.609191656112671, 2.5616443157196045, 2.5151214599609375, 2.480166435241699, 2.4502551555633545, 2.4218766689300537, 2.3767354488372803, 2.3367435932159424, 2.269653558731079, 2.1957099437713623, 2.095327138900757, 2.004537343978882, 1.909637689590454, 1.8402745723724365, 1.784867763519287, 1.7466543912887573, 1.713312029838562, 1.6899263858795166, 1.6694283485412598, 1.648024559020996, 1.6309101581573486, 1.6169567108154297, 1.5995429754257202, 1.5799167156219482, 1.5671675205230713, 1.5500155687332153, 1.5290935039520264, 1.513119101524353, 1.5002776384353638, 1.479556918144226, 1.4617981910705566, 1.4387845993041992, 1.4255056381225586, 1.4120380878448486, 1.3986209630966187, 1.3792314529418945, 1.3605409860610962, 1.3464142084121704, 1.3375831842422485, 1.3103868961334229, 1.2990927696228027, 1.2877458333969116, 1.268898844718933, 1.254388689994812, 1.2442015409469604, 1.227757215499878, 1.2152159214019775, 1.2111846208572388, 1.1813244819641113, 1.1762045621871948, 1.1595360040664673, 1.1461944580078125, 1.1318655014038086, 1.121697187423706, 1.1045200824737549, 1.0895729064941406, 1.071582317352295, 1.0626088380813599, 1.049734115600586, 1.0307999849319458, 1.0135656595230103, 1.0078192949295044, 0.9841545820236206, 0.9720868468284607, 0.959121823310852, 0.9442425966262817, 0.9339133501052856, 0.9181992411613464, 0.9094359278678894, 0.8949339389801025, 0.8871866464614868, 0.8743551969528198, 0.8620907664299011, 0.8535491228103638, 0.8376952409744263, 0.8289652466773987, 0.820765495300293, 0.8113719820976257, 0.7991008758544922, 0.7943686842918396, 0.7864915728569031, 0.7771580815315247, 0.7644988894462585, 0.7598496079444885, 0.7464384436607361, 0.7442776560783386, 0.7318860292434692, 0.7241067886352539, 0.7151832580566406, 0.7069100737571716, 0.6983082890510559, 0.6907674670219421, 0.6843296885490417, 0.6775885224342346, 0.6674016118049622, 0.6571233868598938, 0.6534940004348755, 0.6418930292129517, 0.6389477252960205, 0.6266607046127319, 0.6198371052742004, 0.6130802035331726, 0.6057444214820862, 0.5996320843696594, 0.5961207747459412, 0.5913223028182983, 0.580315113067627, 0.5735660791397095, 0.5675131678581238, 0.5643831491470337, 0.5576435923576355, 0.5526324510574341, 0.5435596704483032, 0.5382376313209534, 0.5404458045959473, 0.53057861328125, 0.525701105594635, 0.5247775316238403, 0.5191654562950134, 0.5095027685165405, 0.5106879472732544, 0.5081531405448914, 0.5040076375007629, 0.5028620362281799, 0.4993837773799896, 0.4932689368724823, 0.49514997005462646, 0.489081472158432, 0.48404112458229065, 0.486599862575531, 0.47924789786338806, 0.4777591824531555, 0.47394922375679016, 0.472680926322937, 0.46923065185546875, 0.4636029899120331, 0.46477967500686646, 0.4609130620956421, 0.4567497968673706, 0.4578069746494293, 0.45169347524642944, 0.4486539959907532, 0.45230016112327576, 0.4517078399658203, 0.4470721185207367, 0.44521668553352356, 0.440285325050354, 0.4434654414653778, 0.4384900629520416, 0.4380052089691162, 0.4387272596359253, 0.43473294377326965, 0.42907097935676575, 0.4310404062271118, 0.4299159348011017, 0.4292086064815521, 0.4262033998966217, 0.4252878725528717, 0.425150066614151, 0.4212659001350403, 0.4200248122215271, 0.41755110025405884, 0.4193209707736969, 0.41375312209129333, 0.4143935739994049, 0.41097816824913025, 0.40736591815948486, 0.41007915139198303, 0.4081163704395294, 0.40712815523147583, 0.4092763662338257], "rmse": [1.7441991567611694, 1.6286271810531616, 1.5948882102966309, 1.5805027484893799, 1.565845012664795, 1.5545661449432373, 1.5460292100906372, 1.5368950366973877, 1.5221744775772095, 1.508683443069458, 1.4859259128570557, 1.4619125127792358, 1.4283766746520996, 1.3955912590026855, 1.36264967918396, 1.337663173675537, 1.3178075551986694, 1.3028556108474731, 1.2912462949752808, 1.283149242401123, 1.2750799655914307, 1.2659791707992554, 1.2599222660064697, 1.254637598991394, 1.2478785514831543, 1.239684820175171, 1.23509681224823, 1.2276625633239746, 1.2201182842254639, 1.2143328189849854, 1.20876944065094, 1.200262188911438, 1.1919984817504883, 1.1835569143295288, 1.1783448457717896, 1.1730402708053589, 1.1670808792114258, 1.1580681800842285, 1.1506983041763306, 1.1451233625411987, 1.14084792137146, 1.1296886205673218, 1.124912977218628, 1.1189886331558228, 1.111057996749878, 1.1041744947433472, 1.099722146987915, 1.092889428138733, 1.0870078802108765, 1.0855756998062134, 1.0710450410842896, 1.0694125890731812, 1.061647891998291, 1.0558030605316162, 1.0496454238891602, 1.0445358753204346, 1.0360883474349976, 1.029080867767334, 1.0200612545013428, 1.0164971351623535, 1.0099408626556396, 1.0002275705337524, 0.9915146827697754, 0.9890285730361938, 0.9772619009017944, 0.9714083075523376, 0.9646022319793701, 0.9575309753417969, 0.9513847827911377, 0.9436007142066956, 0.9391383528709412, 0.931148111820221, 0.9268232583999634, 0.9204826354980469, 0.9143268465995789, 0.9082635045051575, 0.900952935218811, 0.896630048751831, 0.89139324426651, 0.8870047926902771, 0.8797597885131836, 0.876858115196228, 0.8723950386047363, 0.8674355149269104, 0.8600684404373169, 0.8572603464126587, 0.8502082228660583, 0.8478146195411682, 0.8412871956825256, 0.8382207751274109, 0.8321414589881897, 0.8277627229690552, 0.8227325081825256, 0.8179575800895691, 0.8141607642173767, 0.8102049231529236, 0.8039583563804626, 0.7976309061050415, 0.7960650324821472, 0.7879095077514648, 0.7870369553565979, 0.7799506187438965, 0.7754090428352356, 0.7717660069465637, 0.7669739127159119, 0.7628315687179565, 0.7599073052406311, 0.7575989961624146, 0.7505539655685425, 0.7461256384849548, 0.7427448630332947, 0.7406114339828491, 0.7361355423927307, 0.7324527502059937, 0.7266656756401062, 0.7235188484191895, 0.7240705490112305, 0.7181124091148376, 0.7149186730384827, 0.7143208980560303, 0.7108038067817688, 0.7038676142692566, 0.7042962908744812, 0.7026666402816772, 0.6999335885047913, 0.6994895339012146, 0.6970050930976868, 0.6925515532493591, 0.6938703656196594, 0.6897238492965698, 0.6862509250640869, 0.6879827976226807, 0.6831245422363281, 0.681661069393158, 0.6793068051338196, 0.6782460808753967, 0.6754904389381409, 0.6711538434028625, 0.6717116832733154, 0.6693986654281616, 0.6666900515556335, 0.6671552062034607, 0.6633269786834717, 0.6607484817504883, 0.6631959676742554, 0.6630405187606812, 0.6598416566848755, 0.6582545042037964, 0.6541735529899597, 0.6566459536552429, 0.653335452079773, 0.6528114676475525, 0.6532484292984009, 0.6501483917236328, 0.6464415192604065, 0.6475105285644531, 0.6467424035072327, 0.6461465954780579, 0.6440314054489136, 0.6433800458908081, 0.6431229114532471, 0.640203058719635, 0.6394392251968384, 0.6367442607879639, 0.63837730884552, 0.6344257593154907, 0.6350570917129517, 0.6325383186340332, 0.629429280757904, 0.6313052773475647, 0.6299291849136353, 0.6292737126350403, 0.6313827633857727],