{"n_parameters": 144977, "training_time": 10818.54915690422, "loss": [2.5916476249694824, 2.3561296463012695, 2.254605770111084, 2.1613073348999023, 2.0714657306671143, 1.9868628978729248, 1.9024535417556763, 1.8164458274841309, 1.7343798875808716, 1.6523373126983643, 1.5692501068115234, 1.493394374847412, 1.428000807762146, 1.366739273071289, 1.3181532621383667, 1.2699220180511475, 1.2323808670043945, 1.1989326477050781, 1.168886661529541, 1.1461474895477295, 1.1226211786270142, 1.1036884784698486, 1.08583664894104, 1.0742350816726685, 1.0547674894332886, 1.0451158285140991, 1.0319465398788452, 1.0189331769943237, 1.009609341621399, 0.9983476996421814, 0.9895157814025879, 0.9782373905181885, 0.9702876806259155, 0.961373507976532, 0.951032817363739, 0.945356547832489, 0.933861255645752, 0.9258900284767151, 0.9176154136657715, 0.9090322256088257, 0.9000033736228943, 0.8916840553283691, 0.8833666443824768, 0.8751228451728821, 0.8656558394432068, 0.859234631061554, 0.8506178259849548, 0.8415527939796448, 0.8333447575569153, 0.8238798379898071, 0.8140901327133179, 0.8049136400222778, 0.7972219586372375, 0.7868764996528625, 0.7794194221496582, 0.7702212333679199, 0.76051926612854, 0.7514228224754333, 0.744385302066803, 0.7350126504898071, 0.7255187630653381, 0.7154303789138794, 0.7064465880393982, 0.6979130506515503, 0.6902478933334351, 0.6820484399795532, 0.6712262034416199, 0.6628608107566833, 0.6548410654067993, 0.646015465259552, 0.6385480761528015, 0.63041090965271, 0.6228291392326355, 0.6151731610298157, 0.605939507484436, 0.5973983407020569, 0.5903308987617493, 0.5808389782905579, 0.5729374289512634, 0.5662530660629272, 0.5585352778434753, 0.5509400367736816, 0.544243574142456, 0.5370953679084778, 0.5289198160171509, 0.523461639881134, 0.5159500241279602, 0.509023129940033, 0.5011017918586731, 0.4961668848991394, 0.49071037769317627, 0.4829607307910919, 0.4784938395023346, 0.47371962666511536, 0.47025200724601746, 0.4613395929336548, 0.4576876759529114, 0.45084479451179504, 0.4489280581474304, 0.4450875520706177, 0.4387747645378113, 0.435122013092041, 0.4319624602794647, 0.42641961574554443, 0.42232295870780945, 0.4203301966190338, 0.41389602422714233, 0.4129074811935425, 0.40796923637390137, 0.40371406078338623, 0.40128350257873535, 0.3970149755477905, 0.3961932957172394, 0.3900565505027771, 0.38868510723114014, 0.3840883672237396, 0.38189876079559326, 0.3798741102218628, 0.3764715790748596, 0.37360110878944397, 0.3715052604675293, 0.36906158924102783, 0.365564227104187, 0.3641759753227234, 0.3613969385623932, 0.35816892981529236, 0.35784950852394104, 0.3555697500705719, 0.3530379831790924, 0.3504111170768738, 0.3478848934173584, 0.3453233242034912, 0.3455679416656494, 0.3419778347015381, 0.3418021500110626, 0.33701092004776, 0.336887925863266, 0.3344213366508484, 0.33259016275405884, 0.3306715488433838, 0.32873374223709106, 0.32850223779678345, 0.32565584778785706, 0.3250120282173157, 0.321885883808136, 0.32324376702308655, 0.3208950459957123, 0.3187703490257263, 0.3189660608768463, 0.315750390291214, 0.31454765796661377, 0.3133165240287781, 0.31047123670578003, 0.31050214171409607, 0.31048300862312317, 0.30900245904922485, 0.3063523471355438, 0.3058052659034729, 0.3045427203178406, 0.3027034401893616, 0.30311307311058044, 0.3010985255241394, 0.2989208400249481, 0.29910537600517273, 0.29607725143432617, 0.29734131693840027, 0.2962314784526825, 0.29530948400497437, 0.29364287853240967, 0.29220685362815857, 0.2910520136356354, 0.28971824049949646, 0.28851965069770813, 0.29009953141212463, 0.28700244426727295, 0.287372350692749, 0.28517693281173706, 0.2846587598323822, 0.28231585025787354, 0.2825358510017395, 0.2806542217731476, 0.28103041648864746, 0.27953240275382996, 0.28022244572639465, 0.2774055600166321, 0.27779996395111084, 0.27665120363235474, 0.2771272659301758, 0.2745492458343506, 0.2752988934516907, 0.27313855290412903, 0.27291879057884216, 0.2713763415813446, 0.27131393551826477, 0.27023816108703613, 0.27022290229797363, 0.2679840922355652, 0.26889583468437195, 0.26758959889411926, 0.2669525146484375, 0.26645129919052124, 0.2654017210006714, 0.26496559381484985, 0.2651648223400116],