{"n_parameters": 325857, "training_time": 15170.250300645828, "loss": [2.9782907962799072, 2.686599016189575, 2.5811455249786377, 2.506962537765503, 2.4612057209014893, 2.4100770950317383, 2.354515314102173, 2.289667844772339, 2.2027974128723145, 2.107914924621582, 2.0235724449157715, 1.9455335140228271, 1.8822590112686157, 1.829026699066162, 1.791557788848877, 1.7578656673431396, 1.7224973440170288, 1.7124332189559937, 1.6855307817459106, 1.6663758754730225, 1.648323893547058, 1.6348060369491577, 1.6155027151107788, 1.597996473312378, 1.5861016511917114, 1.5738791227340698, 1.5513269901275635, 1.5440102815628052, 1.5255759954452515, 1.51600182056427, 1.5007740259170532, 1.483707308769226, 1.4665223360061646, 1.4529383182525635, 1.4445064067840576, 1.4308538436889648, 1.4086897373199463, 1.3973634243011475, 1.3861054182052612, 1.3749760389328003, 1.3642065525054932, 1.3544120788574219, 1.3339627981185913, 1.325319528579712, 1.3132597208023071, 1.2949618101119995, 1.2863224744796753, 1.276393175125122, 1.2621746063232422, 1.2434418201446533, 1.2378466129302979, 1.2212164402008057, 1.2123668193817139, 1.2006076574325562, 1.1910372972488403, 1.1735152006149292, 1.1639653444290161, 1.1533945798873901, 1.1408275365829468, 1.129174828529358, 1.1185781955718994, 1.1051366329193115, 1.0957586765289307, 1.0783941745758057, 1.0721025466918945, 1.0561202764511108, 1.0450481176376343, 1.0369808673858643, 1.0284924507141113, 1.0148416757583618, 1.004081130027771, 0.99466872215271, 0.9797490239143372, 0.969960629940033, 0.961628258228302, 0.9473984837532043, 0.9433051347732544, 0.9252856373786926, 0.9272156357765198, 0.9073461890220642, 0.9023153781890869, 0.8924717903137207, 0.8871585130691528, 0.8787664175033569, 0.8769147396087646, 0.8617673516273499, 0.8511936664581299, 0.8437293171882629, 0.8359546661376953, 0.8310224413871765, 0.8207126259803772, 0.8155813217163086, 0.8113514184951782, 0.802131712436676, 0.7974188327789307, 0.7912447452545166, 0.7845311164855957, 0.7780622839927673, 0.7699666619300842, 0.7633434534072876, 0.7596850395202637, 0.7534289956092834, 0.7424699664115906, 0.7366415858268738, 0.7275534272193909, 0.7253561019897461, 0.7179712653160095, 0.7120611667633057, 0.7033713459968567, 0.7007559537887573, 0.6953263282775879, 0.688653826713562, 0.6773985028266907, 0.6729444861412048, 0.6704731583595276, 0.6592291593551636, 0.6556763052940369, 0.6460165977478027, 0.6404929161071777, 0.6353274583816528, 0.6326091885566711, 0.6260138750076294], "rmse": [1.7057729959487915, 1.6192481517791748, 1.585747480392456, 1.5627294778823853, 1.5486129522323608, 1.5305296182632446, 1.5133670568466187, 1.4922904968261719, 1.4639641046524048, 1.4319491386413574, 1.4027674198150635, 1.374182105064392, 1.3523579835891724, 1.3338834047317505, 1.3199373483657837, 1.3078774213790894, 1.2940751314163208, 1.2902292013168335, 1.2804796695709229, 1.2738491296768188, 1.2665023803710938, 1.2610994577407837, 1.2539870738983154, 1.2475312948226929, 1.2422492504119873, 1.2370613813400269, 1.2289695739746094, 1.2259246110916138, 1.2190775871276855, 1.214421272277832, 1.20958411693573, 1.2021336555480957, 1.1952176094055176, 1.1895817518234253, 1.1862224340438843, 1.179961085319519, 1.1709991693496704, 1.1665291786193848, 1.1613423824310303, 1.1571670770645142, 1.1526035070419312, 1.1480145454406738, 1.1395076513290405, 1.1353893280029297, 1.1298900842666626, 1.1225217580795288, 1.1180564165115356, 1.1138323545455933, 1.108864188194275, 1.1004812717437744, 1.0982613563537598, 1.089561939239502, 1.08627450466156, 1.0797560214996338, 1.076422095298767, 1.0681833028793335, 1.0637080669403076, 1.0590074062347412, 1.0528475046157837, 1.0478219985961914, 1.0427709817886353, 1.0363938808441162, 1.0320767164230347, 1.0242111682891846, 1.0206515789031982, 1.012643814086914, 1.0079381465911865, 1.002949833869934, 1.0003470182418823, 0.9928520917892456, 0.9864988923072815, 0.9831027984619141, 0.9749792814254761, 0.9700246453285217, 0.9660032391548157, 0.9579717516899109, 0.9556915163993835, 0.9467410445213318, 0.9481844305992126, 0.9378354549407959, 0.9351005554199219, 0.9301643371582031, 0.9271037578582764, 0.9224540591239929, 0.9220231175422668, 0.9139715433120728, 0.9084964990615845, 0.9033958911895752, 0.9002212882041931, 0.8967848420143127, 0.8921962380409241, 0.8886528015136719, 0.8866289258003235, 0.8817585110664368, 0.8795328140258789, 0.8747374415397644, 0.8713372349739075, 0.8682780861854553, 0.8632609844207764, 0.859801709651947, 0.8564422130584717, 0.8540945649147034, 0.8478534817695618, 0.8444744944572449, 0.8397636413574219, 0.8373696804046631, 0.8341482281684875, 0.8303962349891663, 0.8257086873054504, 0.823852002620697, 0.8213104009628296, 0.8162542581558228, 0.8096531629562378, 0.807454526424408, 0.8057254552841187, 0.7990384697914124, 0.7960922718048096, 0.7899842858314514, 0.7874292135238647, 0.7841977477073669, 0.7825811505317688, 0.7785426378250122], "val_loss": [2.455652952194214, 2.432394027709961, 2.405677080154419, 2.4072396755218506, 2.3819522857666016, 2.326714038848877, 2.273582935333252, 2.169174909591675, 2.064842462539673, 1.9749237298965454, 1.9094792604446411, 1.8115143775939941, 1.7763268947601318, 1.6990193128585815, 1.7081280946731567, 1.7017498016357422, 1.6779497861862183, 1.6760122776031494, 1.6538331508636475, 1.6581093072891235, 1.6576913595199585, 1.620882272720337, 1.61337149143219, 1.5893679857254028, 1.5976617336273193, 1.5912103652954102, 1.5851157903671265, 1.5474833250045776, 1.541702389717102, 1.520986557006836, 1.485893964767456, 1.5030144453048706, 1.4585024118423462, 1.4645622968673706, 1.4173630475997925, 1.4182881116867065, 1.4015644788742065, 1.3973835706710815, 1.3585511445999146, 1.3713245391845703, 1.3284788131713867, 1.3242164850234985, 1.3026803731918335, 1.2991149425506592, 1.2726653814315796, 1.2631961107254028, 1.2438594102859497, 1.2304972410202026, 1.2271150350570679, 1.2048053741455078, 1.1862127780914307, 1.1860591173171997, 1.1626741886138916, 1.1449832916259766, 1.1502437591552734, 1.14779531955719, 1.1277300119400024, 1.131516456604004, 1.100109338760376, 1.1034456491470337, 1.080979824066162, 1.067466378211975, 1.0869371891021729, 1.0617749691009521, 1.0466111898422241, 1.0417282581329346, 1.0294666290283203, 1.0285707712173462, 1.0270555019378662, 1.009323239326477, 0.9975624680519104, 0.986366331577301, 0.9854481220245361, 0.9826409816741943, 0.9734153747558594, 0.9606619477272034, 0.9639672636985779, 0.9580507874488831, 0.9449719786643982, 0.948138415813446, 0.9403827786445618, 0.9340569972991943, 0.9415456056594849, 0.9391371607780457, 0.9265263080596924, 0.9237262606620789, 0.9258423447608948, 0.9172515273094177, 0.9094942808151245, 0.9188292026519775, 0.8940936326980591, 0.8960299491882324, 0.9004980325698853, 0.8849643468856812, 0.9005655646324158, 0.8869624733924866, 0.8833250999450684, 0.8880094289779663, 0.8811419010162354, 0.8789618015289307, 0.882825493812561, 0.879738986492157, 0.8867431879043579, 0.8731256127357483, 0.8632076978683472, 0.8516749143600464, 0.8580069541931152, 0.8498576283454895, 0.8448046445846558, 0.8508875370025635, 0.83933025598526, 0.8232904076576233, 0.8252912759780884, 0.8323531746864319, 0.8149837851524353, 0.8146988153457642, 0.7902365922927856, 0.808788001537323, 0.8096135854721069, 0.8014490604400635, 0.8036563396453857, 0.7906759977340698],