{"n_parameters": 203041, "training_time": 15714.031497478485, "loss": [2.511120319366455, 2.3243768215179443, 2.243762731552124, 2.1718909740448, 2.0950374603271484, 2.0176281929016113, 1.9383881092071533, 1.864357829093933, 1.7963124513626099, 1.7360597848892212, 1.6721643209457397, 1.6314243078231812, 1.5865051746368408, 1.5572174787521362, 1.5241221189498901, 1.4913095235824585, 1.468116283416748, 1.4482333660125732, 1.4191854000091553, 1.4016413688659668, 1.3825247287750244, 1.3634361028671265, 1.3498677015304565, 1.3345259428024292, 1.322257161140442, 1.3066720962524414, 1.2892625331878662, 1.2788870334625244, 1.2662237882614136, 1.2522094249725342, 1.2404592037200928, 1.2303345203399658, 1.2212309837341309, 1.2062129974365234, 1.1986192464828491, 1.1908204555511475, 1.179763913154602, 1.1649352312088013, 1.1609407663345337, 1.1476045846939087, 1.1407976150512695, 1.127331256866455, 1.1192549467086792, 1.1125614643096924, 1.1015170812606812, 1.095323085784912, 1.083802342414856, 1.076865792274475, 1.0669459104537964, 1.0553520917892456, 1.05077064037323, 1.0384939908981323, 1.0331993103027344, 1.0225871801376343, 1.017714023590088, 1.0099087953567505, 0.9985586404800415, 0.9918704628944397, 0.9857558012008667, 0.9770770072937012, 0.9678059816360474, 0.963613748550415, 0.9541559219360352, 0.9455994367599487, 0.9391400814056396, 0.9317640662193298, 0.9244351983070374, 0.9133808016777039, 0.9080522656440735, 0.898936927318573, 0.8918344378471375, 0.8844165205955505, 0.8800209760665894, 0.8731949925422668, 0.8638054132461548, 0.8575412034988403, 0.8493678569793701, 0.8461969494819641, 0.8371387124061584, 0.8325976729393005, 0.8256019949913025, 0.8154803514480591, 0.8105370402336121, 0.80080646276474, 0.7944502234458923, 0.7902644872665405, 0.7823576927185059, 0.7754306197166443, 0.7678172588348389, 0.7629401087760925, 0.7549395561218262, 0.7474091649055481, 0.7412490248680115, 0.736021876335144, 0.7300999164581299, 0.7208541631698608, 0.7171691656112671, 0.7107678055763245, 0.7032784819602966, 0.6946824193000793, 0.687298595905304, 0.684265673160553, 0.6759600043296814, 0.670589029788971, 0.6629930734634399, 0.6568040251731873, 0.6514683365821838, 0.6459698677062988, 0.6385208368301392, 0.6319605708122253, 0.6281470656394958, 0.6263620257377625, 0.6172069311141968, 0.6114343404769897, 0.6054476499557495, 0.598355770111084, 0.5943640470504761, 0.5881960988044739, 0.5837015509605408, 0.5786858201026917, 0.57476806640625, 0.5716434121131897, 0.565070390701294, 0.5594313144683838, 0.5546274781227112, 0.5498432517051697, 0.5430046319961548, 0.5406941771507263, 0.5374034643173218, 0.5315589904785156, 0.5269262790679932, 0.5238558053970337, 0.5192416310310364, 0.5116866827011108, 0.5101656317710876, 0.5062395930290222, 0.5033197999000549, 0.5009033679962158, 0.4954513907432556, 0.49373868107795715, 0.4886530041694641, 0.48497331142425537, 0.4826117157936096, 0.479177862405777, 0.47604072093963623, 0.471206933259964, 0.4675644338130951, 0.46575766801834106, 0.4596119225025177, 0.4593941867351532, 0.4549624025821686, 0.4512444734573364, 0.4485073685646057, 0.4451870620250702, 0.4417016804218292, 0.44218358397483826, 0.4372229278087616, 0.4323855936527252, 0.4322872459888458, 0.4275056719779968, 0.42601728439331055, 0.42546242475509644, 0.4220260977745056, 0.4189195930957794, 0.4156765639781952, 0.41281840205192566, 0.4128400981426239, 0.40977728366851807, 0.4072737991809845, 0.40649890899658203, 0.40381547808647156, 0.4005787670612335, 0.3988690674304962, 0.39773932099342346, 0.39397692680358887, 0.39329904317855835, 0.3925219178199768, 0.3887300193309784, 0.38780465722084045, 0.3870020806789398, 0.3844356834888458, 0.3841474950313568, 0.3800472617149353, 0.37917274236679077, 0.3774580955505371, 0.3755805492401123, 0.3731490671634674, 0.37205231189727783, 0.3720349669456482, 0.36921364068984985, 0.36967381834983826, 0.36611783504486084, 0.36603638529777527, 0.36400774121284485, 0.36207708716392517, 0.36046940088272095, 0.3600880205631256, 0.35824424028396606, 0.35764384269714355, 0.3557066321372986, 0.356721431016922, 0.35238760709762573, 0.3528505265712738, 0.3515999913215637, 0.3506563603878021, 0.34800985455513, 0.3483268618583679, 0.3473978042602539, 0.34615594148635864, 0.3437519669532776, 0.34367430210113525, 0.34186872839927673, 0.3415224850177765, 0.3396557867527008, 0.3381488621234894, 0.33919408917427063, 0.3355620503425598, 0.3362289071083069, 0.33540990948677063, 0.33114945888519287, 0.33277615904808044, 0.332036554813385, 0.33082643151283264, 0.32819864153862, 0.32805076241493225, 0.3267208933830261, 0.32741254568099976, 0.32545846700668335, 0.32435840368270874, 0.3232625722885132, 0.32194188237190247, 0.3223590552806854, 0.3195464611053467, 0.3187095820903778, 0.3169342875480652, 0.31692585349082947, 0.31730973720550537, 0.3164185583591461, 0.3149411678314209, 0.314643919467926, 0.313852459192276, 0.3137507140636444],