{"n_parameters": 264817, "training_time": 13421.902127981186, "loss": [2.3949079513549805, 2.13930344581604, 1.9484260082244873, 1.791877031326294, 1.6600704193115234, 1.5530939102172852, 1.4723865985870361, 1.4110773801803589, 1.362066388130188, 1.3175641298294067, 1.2821528911590576, 1.2434911727905273, 1.2156509160995483, 1.187351107597351, 1.156535267829895, 1.1303454637527466, 1.10639226436615, 1.0795750617980957, 1.0563236474990845, 1.0299739837646484, 1.007996678352356, 0.983108401298523, 0.961990475654602, 0.9384218454360962, 0.9156919121742249, 0.8948866724967957, 0.8688622713088989, 0.8476998209953308, 0.8290241956710815, 0.8088217973709106, 0.7871106863021851, 0.7659592032432556, 0.7486073970794678, 0.7292404770851135, 0.7089990973472595, 0.6923162341117859, 0.674124002456665, 0.6580581665039062, 0.6440434455871582, 0.6288523077964783, 0.6129274368286133, 0.5992901921272278, 0.586689293384552, 0.5752733945846558, 0.5614595413208008, 0.5491737127304077, 0.5405843257904053, 0.5298104286193848, 0.5181226134300232, 0.5093778967857361, 0.5022460222244263, 0.492545485496521, 0.4869479835033417, 0.4773840010166168, 0.47189727425575256, 0.46482524275779724, 0.4576987028121948, 0.4523213505744934, 0.444447785615921, 0.44027504324913025, 0.4359443485736847, 0.43219470977783203, 0.42693132162094116, 0.42283207178115845, 0.4192735254764557, 0.4140343964099884, 0.4120030403137207, 0.4070388078689575, 0.4050418436527252, 0.39926469326019287, 0.3972373306751251, 0.3931213319301605, 0.3908414840698242, 0.38773494958877563, 0.3850001096725464, 0.3819293677806854, 0.3798038959503174, 0.3741667568683624, 0.3723442852497101, 0.3712109327316284, 0.3662363290786743, 0.36434298753738403, 0.36227431893348694, 0.35789987444877625, 0.3579966127872467, 0.3547186255455017, 0.35245802998542786, 0.34900200366973877, 0.34791243076324463, 0.3453511893749237, 0.3436902165412903, 0.3420889675617218, 0.3384513556957245, 0.3374859690666199, 0.33551549911499023, 0.3343803882598877, 0.3316118121147156, 0.3310849070549011, 0.3281075656414032, 0.32776492834091187, 0.3253425657749176, 0.3245435059070587, 0.3216598927974701, 0.31975385546684265, 0.31705138087272644, 0.31676968932151794, 0.3165489137172699, 0.3130713403224945, 0.3136977255344391, 0.31170621514320374, 0.3087645173072815, 0.3075077533721924, 0.30638420581817627, 0.304879754781723, 0.3021378517150879, 0.30045953392982483, 0.3003428876399994, 0.29921576380729675, 0.29631608724594116, 0.29519009590148926, 0.2944561541080475, 0.29350563883781433, 0.2921791672706604, 0.29106420278549194, 0.2895813286304474, 0.2885810434818268, 0.288880318403244, 0.2858034372329712, 0.2853446900844574, 0.2853429615497589, 0.28294795751571655, 0.2830524444580078, 0.28194117546081543, 0.2805251181125641, 0.2814038395881653, 0.27830055356025696, 0.27632948756217957, 0.27676090598106384, 0.27701064944267273, 0.2744256556034088, 0.27402690052986145, 0.272269070148468, 0.2733492851257324, 0.27044394612312317, 0.27155300974845886, 0.26842352747917175, 0.26842039823532104, 0.26712271571159363, 0.26605042815208435, 0.2652357518672943, 0.2656303346157074, 0.2639048397541046, 0.2637651264667511, 0.261823445558548, 0.2625749409198761, 0.2609090805053711, 0.2581234574317932, 0.25995734333992004, 0.25865891575813293, 0.2561325430870056, 0.25885066390037537, 0.25607165694236755, 0.25773993134498596, 0.25604504346847534, 0.25404176115989685, 0.25406762957572937, 0.2527880370616913, 0.25135743618011475, 0.25018537044525146, 0.2507983446121216], "rmse": [1.5255688428878784, 1.4407082796096802, 1.374170184135437, 1.3186886310577393, 1.2688347101211548, 1.2274504899978638, 1.1959221363067627, 1.1710561513900757, 1.1505131721496582, 1.1320377588272095, 1.1164240837097168, 1.0994235277175903, 1.087990641593933, 1.075074553489685, 1.0602397918701172, 1.048254370689392, 1.0373202562332153, 1.0247225761413574, 1.0134097337722778, 1.0007331371307373, 0.9898892045021057, 0.9781649112701416, 0.9671891927719116, 0.9552971720695496, 0.9439038634300232, 0.9326073527336121, 0.9191570281982422, 0.907852292060852, 0.8972079157829285, 0.8863779902458191, 0.8739399313926697, 0.8624762892723083, 0.8523322939872742, 0.842193067073822, 0.8295047283172607, 0.8198450803756714, 0.808670699596405, 0.7990965843200684, 0.7904670834541321, 0.7815895080566406, 0.7715187668800354, 0.7628240585327148, 0.7549598813056946, 0.7477275729179382, 0.7384708523750305, 0.7302287220954895, 0.7248844504356384, 0.7177292704582214, 0.7095252275466919, 0.7038412094116211, 0.6984065175056458, 0.6922803521156311, 0.6883758902549744, 0.681096613407135, 0.6776512861251831, 0.67291659116745, 0.6674808859825134, 0.6633297801017761, 0.6578078866004944, 0.6547261476516724, 0.6514323949813843, 0.6490491628646851, 0.644422173500061, 0.6415783762931824, 0.6389240622520447, 0.6350934505462646, 0.6334688067436218, 0.6295652985572815, 0.6280450820922852, 0.6238179206848145, 0.6221010684967041, 0.6191286444664001, 0.617283284664154, 0.6147018671035767, 0.6123210787773132, 0.6097772121429443, 0.60784512758255, 0.6035930514335632, 0.601950466632843, 0.601386308670044, 0.5970686674118042, 0.5958680510520935, 0.593748927116394, 0.5901098847389221, 0.5904666185379028, 0.5880263447761536, 0.585993230342865, 0.5829916596412659, 0.5821142196655273, 0.5796733498573303, 0.578356921672821, 0.5775960087776184, 0.574350893497467, 0.5734492540359497, 0.5718069672584534, 0.5707324147224426, 0.5684484839439392, 0.5679908394813538, 0.5657737255096436, 0.5649281144142151, 0.5633995532989502, 0.5621607899665833, 0.559834897518158, 0.5582726001739502, 0.5559254288673401, 0.5554739236831665, 0.5551822781562805, 0.5520268678665161, 0.5529741644859314, 0.5507757067680359, 0.5486329793930054, 0.5473484992980957, 0.5464906096458435, 0.5451493263244629, 0.5425583720207214, 0.5408434867858887, 0.5410833954811096, 0.5398739576339722, 0.537598192691803, 0.5363495945930481, 0.535498321056366, 0.5349330902099609, 0.5335809588432312, 0.5327287912368774, 0.5312439799308777, 0.5303748250007629, 0.5302413105964661, 0.5279994010925293, 0.527601957321167, 0.5270771384239197, 0.525205671787262, 0.5250392556190491, 0.5244296789169312, 0.5225961208343506, 0.5237455368041992, 0.5202861428260803, 0.5187748074531555, 0.5191503763198853, 0.519499659538269, 0.5169500708580017, 0.5167946815490723, 0.5150592923164368, 0.5160102844238281, 0.5134626030921936, 0.5143051743507385, 0.5114775896072388, 0.5114519596099854, 0.5104226469993591, 0.5093331933021545, 0.5086826682090759, 0.5085200667381287, 0.507235586643219, 0.506860613822937, 0.5054095387458801, 0.5055875778198242, 0.5044620037078857, 0.5014346837997437, 0.5030715465545654, 0.5021913051605225, 0.49921220541000366, 0.5023447275161743, 0.4994374215602875, 0.5012311935424805, 0.4990786612033844, 0.49722450971603394, 0.49752119183540344, 0.4959876835346222, 0.49503979086875916, 0.49387335777282715, 0.49407958984375],