{"n_parameters": 433057, "training_time": 1949.6456770896912, "loss": [2.533536195755005, 2.4919183254241943, 2.4719276428222656, 2.4639902114868164, 2.4487407207489014, 2.4472854137420654, 2.4435644149780273, 2.4322218894958496, 2.435853958129883, 2.4287033081054688, 2.433265209197998, 2.423708200454712, 2.422740936279297, 2.4220855236053467, 2.417311429977417, 2.418750286102295, 2.4125704765319824], "rmse": [1.5718883275985718, 1.5575147867202759, 1.5522754192352295, 1.5487849712371826, 1.5445915460586548, 1.542863368988037, 1.5427849292755127, 1.5390174388885498, 1.5392887592315674, 1.5371990203857422, 1.5384472608566284, 1.5360218286514282, 1.5370513200759888, 1.5359796285629272, 1.5347473621368408, 1.535037636756897, 1.533408522605896], "val_loss": [2.512042999267578, 2.498058557510376, 2.4934237003326416, 2.4874508380889893, 2.4897398948669434, 2.4901232719421387, 2.486821174621582, 2.487830400466919, 2.4912033081054688, 2.4947166442871094, 2.4863340854644775, 2.4851279258728027, 2.4871785640716553, 2.491159200668335, 2.5049052238464355, 2.497722864151001, 2.4946839809417725], "val_rmse": [1.5606417655944824, 1.556320071220398, 1.5548144578933716, 1.5529323816299438, 1.5536606311798096, 1.553773045539856, 1.5527725219726562, 1.553133487701416, 1.5541787147521973, 1.55526864528656, 1.5526834726333618, 1.5523346662521362, 1.5530132055282593, 1.5542771816253662, 1.5586580038070679, 1.5563760995864868, 1.5554271936416626]}