{"n_parameters": 451009, "training_time": 19127.705989837646, "loss": [2.453407049179077, 2.225961208343506, 2.0541648864746094, 1.8930268287658691, 1.7560620307922363, 1.6405563354492188, 1.5518666505813599, 1.4826871156692505, 1.4278481006622314, 1.3809305429458618, 1.3390214443206787, 1.3066679239273071, 1.282958745956421, 1.2566711902618408, 1.2386125326156616, 1.2157347202301025, 1.199263334274292, 1.1824605464935303, 1.1691772937774658, 1.151391863822937, 1.1370301246643066, 1.1207666397094727, 1.1096373796463013, 1.0959372520446777, 1.081017255783081, 1.0697851181030273, 1.0567169189453125, 1.044984221458435, 1.033370852470398, 1.017159342765808, 1.009894609451294, 0.9934914708137512, 0.9816561937332153, 0.9655882716178894, 0.9582708477973938, 0.9455515146255493, 0.932656466960907, 0.9254483580589294, 0.9104554653167725, 0.8991913795471191, 0.8868595361709595, 0.8762266039848328, 0.8647326231002808, 0.8532640933990479, 0.8420658707618713, 0.8310849666595459, 0.8213638663291931, 0.8079886436462402, 0.7966431975364685, 0.7911535501480103, 0.7797255516052246, 0.768440842628479, 0.7566076517105103, 0.7440074682235718, 0.7350960373878479, 0.725262463092804, 0.7123541235923767, 0.7030413150787354, 0.6906582713127136, 0.682261049747467, 0.6693786978721619, 0.6646506786346436, 0.6567651629447937, 0.6458613276481628, 0.6392955780029297, 0.624826967716217, 0.6166082620620728, 0.6098375916481018, 0.599391758441925, 0.5922526717185974, 0.5832952857017517, 0.5750960111618042, 0.5716912150382996, 0.5583564043045044, 0.5574134588241577, 0.5471915006637573, 0.5388067364692688, 0.5339969396591187, 0.5267124772071838, 0.5212273597717285, 0.5118483901023865, 0.5104525089263916, 0.5028267502784729, 0.5009492635726929, 0.4927237033843994, 0.48846447467803955, 0.4823135435581207, 0.47980234026908875, 0.47190552949905396, 0.47024476528167725, 0.4639494717121124, 0.45866626501083374, 0.457582950592041, 0.4518207013607025, 0.4491845965385437, 0.44644150137901306, 0.4420735538005829, 0.4390625059604645, 0.43360304832458496, 0.431051105260849, 0.42814207077026367, 0.4233502149581909, 0.4233839511871338, 0.41921040415763855, 0.41605818271636963, 0.41168317198753357, 0.4101250171661377, 0.40972769260406494, 0.40690264105796814, 0.40406084060668945, 0.40012359619140625, 0.398337721824646, 0.39421382546424866, 0.3922525644302368, 0.38942772150039673, 0.38784459233283997, 0.3869883418083191, 0.3837462067604065, 0.3828870356082916, 0.38010865449905396, 0.37723881006240845, 0.37579697370529175, 0.37169912457466125, 0.3738698661327362, 0.36862120032310486, 0.36868834495544434, 0.36607229709625244, 0.36566707491874695, 0.36299222707748413, 0.36149144172668457, 0.36091846227645874, 0.3575206696987152, 0.3571719527244568, 0.35490721464157104, 0.354843407869339, 0.35055217146873474, 0.3497149646282196, 0.3486618995666504, 0.34864214062690735, 0.3459203541278839, 0.34570351243019104, 0.34167158603668213, 0.3425433039665222, 0.33984649181365967, 0.3388199210166931, 0.3358680307865143, 0.33825185894966125, 0.3348606824874878, 0.33146700263023376, 0.3327238857746124, 0.33005136251449585, 0.33016788959503174, 0.3299905061721802, 0.3284788727760315, 0.3268999457359314, 0.32434722781181335, 0.32383349537849426, 0.3209097981452942, 0.3221933841705322, 0.32069823145866394, 0.3189077377319336, 0.31758764386177063, 0.3193727135658264, 0.3169860243797302, 0.3163619637489319, 0.31345415115356445, 0.3120103180408478, 0.3127914071083069, 0.31181424856185913, 0.3096400201320648, 0.30949535965919495, 0.30837246775627136, 0.3079995810985565, 0.3064139187335968, 0.3062170147895813, 0.3052287697792053, 0.30582195520401, 0.3019675314426422, 0.3018997311592102, 0.30053025484085083, 0.2980705201625824], "rmse": [1.5454212427139282, 1.4713042974472046, 1.4122753143310547, 1.354496955871582, 1.3046398162841797, 1.2613986730575562, 1.2258840799331665, 1.2006152868270874, 1.1777795553207397, 1.157836675643921, 1.1407908201217651, 1.1273572444915771, 1.1170783042907715, 1.1057368516921997, 1.0974599123001099, 1.0883007049560547, 1.079974889755249, 1.0726603269577026, 1.066552996635437, 1.0588197708129883, 1.051906704902649, 1.044799566268921, 1.0397881269454956, 1.03302001953125, 1.0260846614837646, 1.0210158824920654, 1.0150319337844849, 1.0087352991104126, 1.003943920135498, 0.9952555894851685, 0.9925514459609985, 0.9841839671134949, 0.9785465598106384, 0.970689058303833, 0.9674320220947266, 0.9602646231651306, 0.9542039036750793, 0.9499286413192749, 0.9427853226661682, 0.9365644454956055, 0.9307547211647034, 0.925603985786438, 0.9182769656181335, 0.9130384922027588, 0.9068539142608643, 0.9003399014472961, 0.8952298164367676, 0.8883252143859863, 0.8820067644119263, 0.8789305686950684, 0.8728898167610168, 0.8665905594825745, 0.8597649931907654, 0.8526455760002136, 0.8474164605140686, 0.8419635891914368, 0.8347177505493164, 0.8285969495773315, 0.8214303851127625, 0.8171901106834412, 0.8089187145233154, 0.8054239749908447, 0.8013221621513367, 0.7941122651100159, 0.7899999022483826, 0.7814615964889526, 0.7762506008148193, 0.7721083760261536, 0.7654643654823303, 0.7603611350059509, 0.7544801831245422, 0.7498031258583069, 0.747684895992279, 0.7388204336166382, 0.7379621863365173, 0.7307881116867065, 0.7256445288658142, 0.7222521901130676, 0.7177985310554504, 0.7136467099189758, 0.7072027325630188, 0.7061900496482849, 0.700812041759491, 0.6993382573127747, 0.6939944624900818, 0.6908082365989685, 0.6867422461509705, 0.6846919059753418, 0.6790056824684143, 0.6774946451187134, 0.6734021306037903, 0.669448971748352, 0.6686994433403015, 0.6645926237106323, 0.6628879308700562, 0.6602916717529297, 0.6569979190826416, 0.6552058458328247, 0.6508720517158508, 0.648464560508728, 0.6467567682266235, 0.6434623599052429, 0.6431006789207458, 0.6403213739395142, 0.637965738773346, 0.633872389793396, 0.6332868933677673, 0.6328993439674377, 0.6305540800094604, 0.6287858486175537, 0.6252262592315674, 0.6239513754844666, 0.62090003490448, 0.6192288398742676, 0.6170310974121094, 0.6156764030456543, 0.6149376630783081, 0.6121224164962769, 0.612022876739502, 0.6093533635139465, 0.6074925661087036, 0.6061588525772095, 0.602521538734436, 0.6046137809753418, 0.6003580689430237, 0.600222110748291, 0.5982744693756104, 0.597519040107727, 0.5952650308609009, 0.5945632457733154, 0.5938685536384583, 0.5911030173301697, 0.5903914570808411, 0.5884596705436707, 0.5892240405082703, 0.5856802463531494, 0.5845304727554321, 0.5835872292518616, 0.5839931964874268, 0.581156313419342, 0.5810059905052185, 0.577778160572052, 0.5785916447639465, 0.5762979388237, 0.575230598449707, 0.572989821434021, 0.574552059173584, 0.5718505382537842, 0.5689883828163147, 0.5702861547470093, 0.5679448246955872, 0.5675655603408813, 0.5680192708969116, 0.5665943026542664, 0.5650649666786194, 0.5630455613136292, 0.5621306896209717, 0.5601458549499512, 0.5608275532722473, 0.559811532497406, 0.5580633282661438, 0.556672215461731, 0.5585363507270813, 0.5560710430145264, 0.5558298230171204, 0.55349200963974, 0.5520948171615601, 0.5529701709747314, 0.5520357489585876, 0.5498105883598328, 0.5496969819068909, 0.5489984154701233, 0.548361599445343, 0.5472975969314575, 0.5468536615371704, 0.5459238886833191, 0.5466580986976624, 0.5430201292037964, 0.5424690246582031, 0.5417708158493042, 0.5393874645233154],