{"n_parameters": 318833, "training_time": 13986.921625852585, "loss": [2.4558467864990234, 2.367297887802124, 2.289494752883911, 2.1909327507019043, 2.0595107078552246, 1.9050028324127197, 1.7717647552490234, 1.6754711866378784, 1.5995248556137085, 1.5555821657180786, 1.5073823928833008, 1.470932126045227, 1.4339085817337036, 1.4099427461624146, 1.3829344511032104, 1.3582701683044434, 1.3300697803497314, 1.311806559562683, 1.2841395139694214, 1.263017177581787, 1.2472172975540161, 1.224595546722412, 1.2075780630111694, 1.191654086112976, 1.1728739738464355, 1.1502958536148071, 1.1378275156021118, 1.124594807624817, 1.106453776359558, 1.092452049255371, 1.0754804611206055, 1.0579583644866943, 1.0453944206237793, 1.0298659801483154, 1.0192919969558716, 1.0006353855133057, 0.9911895394325256, 0.9708226919174194, 0.9590727090835571, 0.9408338069915771, 0.9250274300575256, 0.9087716341018677, 0.8970560431480408, 0.8826765418052673, 0.8609843254089355, 0.8527912497520447, 0.8365448713302612, 0.8235620260238647, 0.8127890825271606, 0.7963783144950867, 0.7889270782470703, 0.7766324877738953, 0.7608041763305664, 0.7559342384338379, 0.7443296909332275, 0.7332350015640259, 0.7228883504867554, 0.7151713967323303, 0.7031294107437134, 0.6934787034988403, 0.6822370886802673, 0.6775215268135071, 0.6677704453468323, 0.6601089835166931, 0.6555256247520447, 0.6411620378494263, 0.6366491317749023, 0.6262461543083191, 0.6219353675842285, 0.6153157949447632, 0.6076799035072327, 0.5953395366668701, 0.5940284729003906, 0.5876461267471313, 0.5806862115859985, 0.5732941627502441, 0.5716033577919006, 0.5629135966300964, 0.5575599670410156, 0.5501497983932495, 0.5465618968009949, 0.5415221452713013, 0.5343454480171204, 0.5274779796600342, 0.5199558138847351, 0.5184115767478943, 0.5138319134712219, 0.5091829895973206, 0.5055233240127563, 0.4988602101802826, 0.4946182072162628, 0.4891974627971649, 0.4847355782985687, 0.4775463342666626, 0.47756412625312805, 0.46868467330932617, 0.4675670266151428, 0.465122789144516, 0.46304404735565186, 0.4574843943119049, 0.4534951448440552, 0.45036381483078003, 0.4472891092300415, 0.44425904750823975, 0.440939337015152, 0.4380068778991699, 0.43414774537086487, 0.43234139680862427, 0.4288689196109772, 0.4234856069087982, 0.42085352540016174, 0.4190574586391449, 0.4121847152709961, 0.4113839268684387, 0.412244975566864, 0.40522757172584534, 0.4044930338859558, 0.4040567874908447, 0.3975847661495209, 0.3964613378047943, 0.39477771520614624, 0.38804900646209717, 0.389106810092926, 0.38751664757728577, 0.38617634773254395, 0.3819628953933716, 0.38155025243759155, 0.3793751299381256, 0.3759633004665375, 0.3759177625179291, 0.3737490475177765, 0.3707346022129059, 0.3708246648311615, 0.36664173007011414, 0.3652123212814331, 0.3659898340702057, 0.3613017201423645, 0.3615104854106903, 0.3595547378063202, 0.35801440477371216, 0.35548222064971924, 0.3547476828098297, 0.3518740236759186, 0.35027551651000977, 0.3488486409187317, 0.34638890624046326, 0.34699079394340515, 0.34526902437210083, 0.3446444571018219, 0.3417210876941681, 0.3399781286716461, 0.34098342061042786, 0.3380100131034851, 0.3403950035572052], "rmse": [1.5460264682769775, 1.5177655220031738, 1.4930895566940308, 1.4607046842575073, 1.4137765169143677, 1.3595489263534546, 1.310774564743042, 1.275345802307129, 1.2457704544067383, 1.2294797897338867, 1.2113211154937744, 1.1961627006530762, 1.1807340383529663, 1.1716891527175903, 1.160164713859558, 1.150089144706726, 1.1383963823318481, 1.1297091245651245, 1.117811918258667, 1.1087689399719238, 1.1020599603652954, 1.092230200767517, 1.0840106010437012, 1.0769821405410767, 1.068552851676941, 1.0580464601516724, 1.052964687347412, 1.0459516048431396, 1.0380020141601562, 1.0313222408294678, 1.0240864753723145, 1.0148125886917114, 1.008834958076477, 1.001663327217102, 0.99627685546875, 0.9868348836898804, 0.9823697209358215, 0.9716518521308899, 0.9659872055053711, 0.9562580585479736, 0.9488736987113953, 0.9401664137840271, 0.9335181713104248, 0.9262713193893433, 0.914625883102417, 0.9107416272163391, 0.9012881517410278, 0.8945934176445007, 0.8893041014671326, 0.8799504637718201, 0.8759340047836304, 0.8688856363296509, 0.8604080677032471, 0.8561233282089233, 0.8506853580474854, 0.8435084223747253, 0.8377673029899597, 0.8336994051933289, 0.8260120749473572, 0.8211174011230469, 0.8146234750747681, 0.8111798763275146, 0.8054850101470947, 0.801129162311554, 0.797701358795166, 0.7895970344543457, 0.7863474488258362, 0.780242919921875, 0.7773750424385071, 0.773345410823822, 0.768186092376709, 0.7605689167976379, 0.7593750953674316, 0.755773663520813, 0.7513870596885681, 0.7461045980453491, 0.7454259395599365, 0.739952564239502, 0.7361383438110352, 0.7315051555633545, 0.72883540391922, 0.7251485586166382, 0.7209229469299316, 0.71548992395401, 0.71108478307724, 0.7095530033111572, 0.7066131830215454, 0.7040058374404907, 0.700767457485199, 0.6961356401443481, 0.6932413578033447, 0.689696729183197, 0.6863855123519897, 0.6815922856330872, 0.681233286857605, 0.6749379634857178, 0.6739020347595215, 0.6721555590629578, 0.6708775162696838, 0.6671965718269348, 0.6640122532844543, 0.6620256900787354, 0.6600039005279541, 0.6579276919364929, 0.654704749584198, 0.6528235077857971, 0.6496850252151489, 0.6484534740447998, 0.6465276479721069, 0.6418731808662415, 0.640018105506897, 0.6381262540817261, 0.6333219408988953, 0.632556140422821, 0.632602334022522, 0.627882182598114, 0.6270890235900879, 0.6268949508666992, 0.6217356324195862, 0.6210673451423645, 0.6197369694709778, 0.6142036318778992, 0.6156558394432068, 0.6141345500946045, 0.6129364371299744, 0.6098731756210327, 0.6089791059494019, 0.6075084209442139, 0.6052273511886597, 0.604843020439148, 0.6031041145324707, 0.6011194586753845, 0.6001265645027161, 0.5971013307571411, 0.5959082841873169, 0.5966375470161438, 0.5928544402122498, 0.5933834910392761, 0.5916620492935181, 0.5903705954551697, 0.5881111025810242, 0.5873538255691528, 0.5852579474449158, 0.5836173892021179, 0.5827409625053406, 0.5804604887962341, 0.580913245677948, 0.5796330571174622, 0.5790675282478333, 0.5762880444526672, 0.5751165747642517, 0.5760537385940552, 0.5736035704612732, 0.5754556059837341],