{"n_parameters": 386881, "training_time": 8045.700675010681, "loss": [2.5121192932128906, 2.3035573959350586, 2.1738321781158447, 2.044320821762085, 1.9173669815063477, 1.7950409650802612, 1.667211890220642, 1.5567744970321655, 1.4576250314712524, 1.3838820457458496, 1.3270511627197266, 1.2770262956619263, 1.2380248308181763, 1.2081881761550903, 1.1766358613967896, 1.1551166772842407, 1.1320661306381226, 1.1098331212997437, 1.0902291536331177, 1.072203516960144, 1.0542206764221191, 1.0349712371826172, 1.0133570432662964, 0.9950817227363586, 0.9779210090637207, 0.9596714377403259, 0.9420011639595032, 0.9225078225135803, 0.9075196385383606, 0.886435329914093, 0.8746054768562317, 0.8584491014480591, 0.8432469964027405, 0.8265863656997681, 0.8148105144500732, 0.7955304384231567, 0.7861459255218506, 0.7735123038291931, 0.7623158097267151, 0.7507947683334351, 0.73391193151474, 0.7257664203643799, 0.7094548940658569, 0.6996835470199585, 0.6848808526992798, 0.6758747100830078, 0.663515031337738, 0.6519097089767456, 0.6430078148841858, 0.6328591704368591, 0.6190771460533142, 0.6097174882888794, 0.5956972241401672, 0.5890616774559021, 0.5754091143608093, 0.5668125152587891, 0.5549609661102295, 0.5470617413520813, 0.5363056659698486, 0.5230370163917542, 0.5148225426673889, 0.50650954246521, 0.4982638955116272, 0.4867080748081207, 0.48079031705856323, 0.4741033911705017, 0.4645874798297882, 0.4574355185031891, 0.45171430706977844, 0.4462682008743286, 0.4425407946109772, 0.43776750564575195, 0.4310991168022156, 0.4269487261772156, 0.41831251978874207, 0.4147088825702667, 0.4120074212551117, 0.4073052406311035, 0.40268683433532715, 0.40069547295570374], "rmse": [1.5624889135360718, 1.495854377746582, 1.4527268409729004, 1.4090749025344849, 1.3629835844039917, 1.318641185760498, 1.271053433418274, 1.2275004386901855, 1.1882485151290894, 1.1589587926864624, 1.1362950801849365, 1.114450454711914, 1.0978710651397705, 1.084911584854126, 1.071014404296875, 1.0614181756973267, 1.0510486364364624, 1.041254997253418, 1.0319154262542725, 1.0233726501464844, 1.0150949954986572, 1.0057294368743896, 0.9956710338592529, 0.986427366733551, 0.9779002070426941, 0.9688776135444641, 0.9605094194412231, 0.9506356716156006, 0.9430609941482544, 0.9319456815719604, 0.9264358282089233, 0.9173826575279236, 0.9095415472984314, 0.9003668427467346, 0.8939723372459412, 0.883422315120697, 0.878166675567627, 0.8713974356651306, 0.8651474714279175, 0.8583865761756897, 0.8486799597740173, 0.8442875146865845, 0.8347539901733398, 0.828990638256073, 0.8200979828834534, 0.8152006268501282, 0.8074461817741394, 0.800464928150177, 0.7951470613479614, 0.7885813117027283, 0.7801151871681213, 0.7743342518806458, 0.764611542224884, 0.7607709765434265, 0.7519669532775879, 0.7462916374206543, 0.7383506894111633, 0.7332078814506531, 0.7255665063858032, 0.7167277932167053, 0.7109877467155457, 0.7053131461143494, 0.6995556354522705, 0.6912440061569214, 0.6868800520896912, 0.6821266412734985, 0.6750951409339905, 0.6700162291526794, 0.6655303239822388, 0.6618152260780334, 0.6592854261398315, 0.6555085182189941, 0.6505540609359741, 0.6474632620811462, 0.6404569149017334, 0.6377500295639038, 0.6356068849563599, 0.6323049068450928, 0.6284555792808533, 0.6271325945854187], "val_loss": [2.4158124923706055, 2.2670891284942627, 2.128178596496582, 1.9957767724990845, 1.8718245029449463, 1.7405335903167725, 1.6099531650543213, 1.4933851957321167, 1.400987148284912, 1.3245288133621216, 1.2673213481903076, 1.2221721410751343, 1.1853221654891968, 1.1582285165786743, 1.1260576248168945, 1.1013997793197632, 1.073821783065796, 1.0535696744918823, 1.0344409942626953, 1.0093189477920532, 0.9889878630638123, 0.9701055884361267, 0.9467841386795044, 0.92833012342453, 0.9083011746406555, 0.8875362873077393, 0.866936981678009, 0.8465757369995117, 0.8274053931236267, 0.8129628300666809, 0.7928259372711182, 0.7758026719093323, 0.7555372714996338, 0.7485407590866089, 0.7244044542312622, 0.707973062992096, 0.7002780437469482, 0.67938631772995, 0.6680430173873901, 0.6596530079841614, 0.6378941535949707, 0.6313140392303467, 0.6147760152816772, 0.6054012179374695, 0.5965494513511658, 0.5830552577972412, 0.5708149075508118, 0.5585315823554993, 0.5483099818229675, 0.5384660363197327, 0.5315638184547424, 0.516878604888916, 0.5045055150985718, 0.5011348724365234, 0.4903239607810974, 0.47656798362731934, 0.46136152744293213, 0.4598100781440735, 0.4517095983028412, 0.44437047839164734, 0.43506768345832825, 0.4182409942150116, 0.4169674813747406, 0.40528059005737305, 0.40560242533683777, 0.39415615797042847, 0.38804271817207336, 0.38228753209114075, 0.38542985916137695, 0.37739789485931396, 0.3786638379096985, 0.36749908328056335, 0.3633608818054199, 0.3601391911506653, 0.34686198830604553, 0.3503674268722534, 0.34931474924087524, 0.3485647141933441, 0.3478706181049347, 0.3476465046405792], "val_rmse": [1.5284613370895386, 1.4798007011413574, 1.4329243898391724, 1.3871045112609863, 1.3436862230300903, 1.2963366508483887, 1.2476540803909302, 1.2023545503616333, 1.1654261350631714, 1.1338517665863037, 1.1097025871276855, 1.090298056602478, 1.0742464065551758, 1.0624552965164185, 1.0479599237442017, 1.0367511510849, 1.0239555835723877, 1.0145668983459473, 1.0056941509246826, 0.9935755729675293, 0.9837896823883057, 0.9746034145355225, 0.9630361199378967, 0.9538736343383789, 0.9437898993492126, 0.9330124855041504, 0.9223742485046387, 0.9116873741149902, 0.9014624953269958, 0.8937621116638184, 0.8827354311943054, 0.873350977897644, 0.8618847131729126, 0.8581575751304626, 0.8442034721374512, 0.8346517086029053, 0.830183744430542, 0.8177622556686401, 0.8109121918678284, 0.8059188723564148, 0.7924737930297852, 0.7884509563446045, 0.7780874371528625, 0.7721638083457947, 0.7664832472801208, 0.7578330636024475, 0.7499098181724548, 0.7417815327644348, 0.7350285053253174, 0.7284209728240967, 0.7237944602966309, 0.7137284278869629, 0.7051573991775513, 0.7028538584709167, 0.6952351331710815, 0.6854068040847778, 0.6744024753570557, 0.6732782125473022, 0.6673361659049988, 0.6619360446929932, 0.6549057364463806, 0.6420678496360779, 0.6411446928977966, 0.6319628953933716, 0.6323174834251404, 0.6233090162277222, 0.6184442043304443, 0.6138401031494141, 0.6163648962974548, 0.6098328828811646, 0.6108275055885315, 0.6017553806304932, 0.5982991456985474, 0.5956293940544128, 0.5844416618347168, 0.5874484181404114, 0.5865828990936279, 0.5858932733535767, 0.5853552222251892, 0.5850747227668762]}