{"n_parameters": 420449, "training_time": 15107.065601110458, "loss": [2.580198049545288, 2.2436611652374268, 2.143953561782837, 2.069186210632324, 2.008357286453247, 1.941672682762146, 1.8758609294891357, 1.809651494026184, 1.7355655431747437, 1.6610597372055054, 1.5803534984588623, 1.508925437927246, 1.4417341947555542, 1.3822554349899292, 1.3342167139053345, 1.289312481880188, 1.2541353702545166, 1.2214179039001465, 1.192043662071228, 1.1704514026641846, 1.146910309791565, 1.126689076423645, 1.1074975728988647, 1.0895471572875977, 1.0736483335494995, 1.0578209161758423, 1.0423102378845215, 1.0273336172103882, 1.014893651008606, 1.0044444799423218, 0.9869800209999084, 0.9794575572013855, 0.963152289390564, 0.9531546235084534, 0.9408080577850342, 0.9291868805885315, 0.9166503548622131, 0.906853973865509, 0.8977103233337402, 0.8837652802467346, 0.8727687001228333, 0.8638303875923157, 0.8524244427680969, 0.8412477374076843, 0.8315668106079102, 0.8227902054786682, 0.8079917430877686, 0.7989470958709717, 0.7880263328552246, 0.7774386405944824, 0.7683998346328735, 0.7604756951332092, 0.7483311891555786, 0.7407430410385132, 0.7335362434387207, 0.7189636826515198, 0.7109557390213013, 0.7017785310745239, 0.6905734539031982, 0.6815695762634277, 0.6757683753967285, 0.6638481616973877, 0.6612691283226013, 0.6486143469810486, 0.6388250589370728, 0.6304099559783936, 0.6251721978187561, 0.6171621084213257, 0.6112369298934937, 0.6026928424835205, 0.5974187850952148, 0.5876832008361816, 0.5829869508743286, 0.5741839408874512, 0.5692831873893738, 0.5607975125312805, 0.5555537939071655, 0.5501911044120789, 0.5444443225860596, 0.5388871431350708, 0.5302218198776245, 0.5312365293502808, 0.523934543132782, 0.5152879953384399, 0.5141195058822632, 0.5099107027053833, 0.5024327635765076, 0.497285395860672, 0.49534839391708374, 0.4920811057090759, 0.4883204400539398, 0.483360230922699, 0.48087936639785767, 0.47500428557395935, 0.47234323620796204, 0.4700791537761688, 0.46589145064353943, 0.4620601236820221, 0.46224161982536316, 0.45687589049339294, 0.4527806043624878, 0.4501848518848419, 0.4451572299003601, 0.4439008831977844, 0.44102931022644043, 0.43737098574638367, 0.4354207217693329, 0.43128475546836853, 0.4309298098087311, 0.4272220730781555, 0.425400048494339, 0.42521610856056213, 0.4193556606769562, 0.4196053743362427, 0.4179604947566986, 0.4133604168891907, 0.41281208395957947, 0.4074101746082306, 0.4071919918060303, 0.40069958567619324, 0.4019615352153778, 0.39820095896720886, 0.39725273847579956, 0.3962284028530121, 0.39562904834747314, 0.39251554012298584, 0.3897693157196045, 0.38582250475883484, 0.38800981640815735, 0.38409340381622314, 0.38336801528930664, 0.3814886808395386, 0.3795533776283264, 0.377109169960022, 0.375283420085907, 0.3765180706977844, 0.3735416531562805, 0.3748316168785095, 0.3676900267601013, 0.36741524934768677, 0.36451974511146545, 0.36635059118270874, 0.3619202971458435, 0.36242860555648804, 0.3616940379142761, 0.36261534690856934, 0.35831668972969055, 0.3576965928077698, 0.35651400685310364, 0.35235050320625305, 0.35224419832229614], "rmse": [1.5825861692428589, 1.4745924472808838, 1.4408907890319824, 1.416006326675415, 1.3943368196487427, 1.3716834783554077, 1.3482142686843872, 1.322840929031372, 1.2952216863632202, 1.26811683177948, 1.2359219789505005, 1.2084238529205322, 1.182053804397583, 1.1574368476867676, 1.1377216577529907, 1.118393063545227, 1.1040005683898926, 1.089560866355896, 1.076473593711853, 1.0666937828063965, 1.0559563636779785, 1.0478113889694214, 1.0382328033447266, 1.0310426950454712, 1.0235073566436768, 1.0158700942993164, 1.0078333616256714, 1.0010015964508057, 0.9953383207321167, 0.9905134439468384, 0.9821688532829285, 0.9778884053230286, 0.9695013165473938, 0.9652675986289978, 0.9586348533630371, 0.953319787979126, 0.9468859434127808, 0.9418148994445801, 0.9366981387138367, 0.9295991063117981, 0.9239615201950073, 0.9189872145652771, 0.912941575050354, 0.9077763557434082, 0.9019660949707031, 0.8972592353820801, 0.8891740441322327, 0.884279727935791, 0.8783920407295227, 0.872574508190155, 0.8670578002929688, 0.8628999590873718, 0.856373131275177, 0.85147625207901, 0.8477185368537903, 0.8393747806549072, 0.8346640467643738, 0.8290187120437622, 0.8223747611045837, 0.816800594329834, 0.8134031891822815, 0.8063138723373413, 0.8046709895133972, 0.7967867255210876, 0.7911590933799744, 0.7860094308853149, 0.7827911376953125, 0.7773962616920471, 0.7738540768623352, 0.7680525183677673, 0.764763593673706, 0.7585681080818176, 0.755592942237854, 0.7496512532234192, 0.7467828989028931, 0.7411330342292786, 0.7376130223274231, 0.7342068552970886, 0.7302122116088867, 0.7262639999389648, 0.7204128503799438, 0.721274733543396, 0.7161784172058105, 0.7103964686393738, 0.7092857360839844, 0.7062170505523682, 0.7012125253677368, 0.6975922584533691, 0.696567952632904, 0.6940566301345825, 0.6914038062095642, 0.6876718997955322, 0.6862620115280151, 0.6822155714035034, 0.680084228515625, 0.6786699295043945, 0.6748512983322144, 0.6722765564918518, 0.6726099252700806, 0.6687479019165039, 0.6657461524009705, 0.6635228991508484, 0.6600937247276306, 0.6590062379837036, 0.656766951084137, 0.6543794274330139, 0.6529026031494141, 0.6498166918754578, 0.6493470668792725, 0.6463967561721802, 0.645060122013092, 0.6451936960220337, 0.6405997276306152, 0.6403854489326477, 0.6394327878952026, 0.6358049511909485, 0.6355388760566711, 0.6310306191444397, 0.6311690807342529, 0.626152753829956, 0.6272817850112915, 0.6244465112686157, 0.6235576868057251, 0.6228426098823547, 0.6220424175262451, 0.6195887327194214, 0.617085337638855, 0.614319920539856, 0.6160035133361816, 0.6129958629608154, 0.6127024292945862, 0.6105211973190308, 0.6091819405555725, 0.6070758104324341, 0.605692446231842, 0.6064151525497437, 0.6043485403060913, 0.6052114367485046, 0.5997835993766785, 0.5993633270263672, 0.5967316031455994, 0.5987165570259094, 0.5949109196662903, 0.5951511859893799, 0.5947132706642151, 0.5953919887542725, 0.5921872854232788, 0.5911989808082581, 0.5904112458229065, 0.5870201587677002, 0.5865857005119324],