{"n_parameters": 228545, "training_time": 8743.698706150055, "loss": [2.569728136062622, 2.5323641300201416, 2.500622034072876, 2.487518310546875, 2.458451271057129, 2.4340121746063232, 2.414090156555176, 2.3893892765045166, 2.3667147159576416, 2.333855628967285, 2.312169313430786, 2.2875497341156006, 2.2634706497192383, 2.231238603591919, 2.1986019611358643, 2.1517395973205566, 2.121016263961792, 2.0801873207092285, 2.0407254695892334, 2.003704309463501, 1.9625886678695679, 1.9144980907440186, 1.8720684051513672, 1.8276634216308594, 1.7907629013061523, 1.7417572736740112, 1.7057980298995972, 1.6656025648117065, 1.6407450437545776, 1.6074141263961792, 1.5728839635849, 1.5462629795074463, 1.5278311967849731, 1.5028473138809204, 1.475251317024231, 1.4612997770309448, 1.4512779712677002, 1.4230120182037354, 1.4108691215515137, 1.3987855911254883, 1.3876383304595947, 1.3741085529327393, 1.3629887104034424, 1.3462514877319336, 1.3369369506835938, 1.3281077146530151, 1.3176188468933105, 1.3087674379348755, 1.2959941625595093, 1.2863832712173462, 1.2784651517868042, 1.2679654359817505, 1.2598936557769775, 1.2512950897216797, 1.248395562171936, 1.243646502494812, 1.233825445175171, 1.2179789543151855, 1.2172026634216309, 1.2107207775115967, 1.209012746810913, 1.2001045942306519, 1.1906158924102783, 1.18757963180542, 1.180311918258667, 1.1779354810714722, 1.1645125150680542, 1.1600160598754883, 1.1514079570770264, 1.1495047807693481, 1.1447477340698242, 1.1389752626419067, 1.1339354515075684, 1.1238588094711304, 1.119292974472046, 1.1077015399932861, 1.1082801818847656, 1.1041983366012573, 1.0983490943908691, 1.0879727602005005, 1.085673213005066, 1.0781481266021729, 1.0773226022720337, 1.0674933195114136, 1.0645606517791748, 1.0552619695663452, 1.053249716758728, 1.047959804534912, 1.0383859872817993, 1.0328164100646973, 1.02401602268219, 1.02120041847229, 1.015060305595398, 1.0110573768615723, 1.0029289722442627, 0.99947190284729, 0.9912700057029724, 0.9814357161521912, 0.9813458919525146, 0.9748377799987793, 0.9707835912704468, 0.9632201194763184, 0.9574059247970581, 0.9515065550804138, 0.9400203824043274, 0.9390504360198975, 0.9315717220306396, 0.9272088408470154, 0.9230455756187439, 0.914835512638092, 0.9106401801109314, 0.8971085548400879, 0.8928337097167969, 0.8911542296409607, 0.8842760324478149, 0.8769042491912842, 0.8773444890975952, 0.8672860264778137, 0.8612290620803833, 0.8556044101715088], "rmse": [1.5826451778411865, 1.5710268020629883, 1.5606956481933594, 1.5572521686553955, 1.5477782487869263, 1.539496898651123, 1.5337128639221191, 1.5250260829925537, 1.51777184009552, 1.5086244344711304, 1.5000865459442139, 1.4928354024887085, 1.4837416410446167, 1.4734113216400146, 1.4619892835617065, 1.446018934249878, 1.4371919631958008, 1.4216805696487427, 1.4076149463653564, 1.3952223062515259, 1.3811898231506348, 1.3625108003616333, 1.348595142364502, 1.331320881843567, 1.3182847499847412, 1.3001165390014648, 1.2867026329040527, 1.271483302116394, 1.262497067451477, 1.2498855590820312, 1.2359058856964111, 1.2254453897476196, 1.2177588939666748, 1.2092821598052979, 1.1976988315582275, 1.192342758178711, 1.1879749298095703, 1.177484154701233, 1.170966386795044, 1.1673201322555542, 1.1622912883758545, 1.15642511844635, 1.1520365476608276, 1.145142674446106, 1.1409684419631958, 1.1370741128921509, 1.13318932056427, 1.1290600299835205, 1.1238197088241577, 1.119531273841858, 1.1162165403366089, 1.1112886667251587, 1.1087368726730347, 1.1039704084396362, 1.1031794548034668, 1.100948691368103, 1.0961889028549194, 1.0896278619766235, 1.089239478111267, 1.0864094495773315, 1.085123896598816, 1.080862283706665, 1.0772074460983276, 1.076043725013733, 1.0722943544387817, 1.0714033842086792, 1.0654760599136353, 1.0631829500198364, 1.0590648651123047, 1.0579063892364502, 1.0559648275375366, 1.0536017417907715, 1.0514237880706787, 1.0473593473434448, 1.0450093746185303, 1.0393824577331543, 1.0396251678466797, 1.0379071235656738, 1.0350385904312134, 1.030082106590271, 1.0293686389923096, 1.0252140760421753, 1.0252701044082642, 1.0199130773544312, 1.0187511444091797, 1.0141024589538574, 1.013553500175476, 1.0114963054656982, 1.006562352180481, 1.0031983852386475, 0.9995145201683044, 0.9984886646270752, 0.9950575828552246, 0.9927460551261902, 0.988823652267456, 0.9874257445335388, 0.9833860993385315, 0.9789474010467529, 0.9785857200622559, 0.9748761653900146, 0.9738762974739075, 0.9691798090934753, 0.9661484956741333, 0.964142918586731, 0.9577950835227966, 0.9572647213935852, 0.953624427318573, 0.9513130187988281, 0.9497100710868835, 0.9447343945503235, 0.9432517290115356, 0.9359855651855469, 0.9337619543075562, 0.9326164126396179, 0.929432213306427, 0.9256687760353088, 0.9259110689163208, 0.9202826023101807, 0.9169360399246216, 0.9142196774482727], "val_loss": [2.45928955078125, 2.4361393451690674, 2.4147391319274902, 2.395313262939453, 2.3750178813934326, 2.3513376712799072, 2.3289918899536133, 2.302860736846924, 2.2775895595550537, 2.2528624534606934, 2.229255199432373, 2.2027909755706787, 2.1765248775482178, 2.1530380249023438, 2.1212124824523926, 2.096392869949341, 2.0685763359069824, 2.03995680809021, 2.005786895751953, 1.9706056118011475, 1.9394948482513428, 1.907222867012024, 1.8713716268539429, 1.8326045274734497, 1.7994887828826904, 1.7581346035003662, 1.7307723760604858, 1.6939979791641235, 1.6739543676376343, 1.6497379541397095, 1.6310925483703613, 1.5994173288345337, 1.5763410329818726, 1.5760273933410645, 1.5525259971618652, 1.5557408332824707, 1.52728271484375, 1.527093768119812, 1.5167818069458008, 1.4931830167770386, 1.5003904104232788, 1.4910502433776855, 1.4833906888961792, 1.4689128398895264, 1.466530680656433, 1.464524507522583, 1.4535788297653198, 1.4445738792419434, 1.4339672327041626, 1.4374797344207764, 1.4197317361831665, 1.417205572128296, 1.408576488494873, 1.4213597774505615, 1.3952034711837769, 1.398934245109558, 1.3955869674682617, 1.384897232055664, 1.3881256580352783, 1.3752704858779907, 1.3695886135101318, 1.3860175609588623, 1.3586984872817993, 1.3646643161773682, 1.3357908725738525, 1.3475220203399658, 1.3461977243423462, 1.3329190015792847, 1.3341143131256104, 1.3228373527526855, 1.306352972984314, 1.3124934434890747, 1.308855414390564, 1.3068629503250122, 1.2940984964370728, 1.2932195663452148, 1.2966995239257812, 1.2925925254821777, 1.2890111207962036, 1.265999674797058, 1.2746044397354126, 1.2671083211898804, 1.272308588027954, 1.2563953399658203, 1.259434700012207, 1.2460695505142212, 1.252031922340393, 1.2536224126815796, 1.2476134300231934, 1.2482918500900269, 1.2365844249725342, 1.233039379119873, 1.2148443460464478, 1.2235708236694336, 1.2151236534118652, 1.2131197452545166, 1.222658634185791, 1.2074748277664185, 1.2032710313796997, 1.201062560081482, 1.2012889385223389, 1.2008548974990845, 1.1935570240020752, 1.188080906867981, 1.1756088733673096, 1.179753065109253, 1.1804791688919067, 1.1708166599273682, 1.1628414392471313, 1.1663153171539307, 1.1664924621582031, 1.1600135564804077, 1.1635377407073975, 1.1516311168670654, 1.1479439735412598, 1.1732007265090942, 1.1587177515029907, 1.1639896631240845, 1.162316918373108, 1.1688919067382812],