{"n_parameters": 312481, "training_time": 17582.649172067642, "loss": [2.6530892848968506, 2.393944025039673, 2.317209243774414, 2.230503797531128, 2.142118215560913, 2.0591535568237305, 1.9755024909973145, 1.8880996704101562, 1.8076832294464111, 1.7237402200698853, 1.639122486114502, 1.555210828781128, 1.476424217224121, 1.4051927328109741, 1.3413485288619995, 1.287657618522644, 1.2402169704437256, 1.2020334005355835, 1.169146180152893, 1.141802430152893, 1.1165419816970825, 1.097301721572876, 1.077361822128296, 1.0627896785736084, 1.0448694229125977, 1.0294795036315918, 1.0176633596420288, 1.0069223642349243, 0.9925926327705383, 0.9815333485603333, 0.9738123416900635, 0.9612812995910645, 0.9529945850372314, 0.9419704079627991, 0.9321855306625366, 0.9263657927513123, 0.9154995083808899, 0.9080475568771362, 0.8975065350532532, 0.8882864117622375, 0.8806122541427612, 0.8726985454559326, 0.8648886680603027, 0.8555075526237488, 0.8472753167152405, 0.8376043438911438, 0.8295890688896179, 0.8227846622467041, 0.8166744709014893, 0.8064790964126587, 0.800762951374054, 0.792328953742981, 0.7834460139274597, 0.7742912173271179, 0.7696287631988525, 0.7568017840385437, 0.7510069608688354, 0.7436807155609131, 0.736565113067627, 0.7299416065216064, 0.7200210690498352, 0.711473286151886, 0.7064315676689148, 0.6978464126586914, 0.6917324066162109, 0.6820975542068481, 0.6754148006439209, 0.6676368713378906, 0.6643598079681396, 0.6538057327270508, 0.6485824584960938, 0.6433026790618896, 0.6351610422134399, 0.6309583783149719, 0.6240407228469849, 0.6192524433135986, 0.6124783754348755, 0.604546844959259, 0.6020667552947998, 0.592118501663208, 0.5851572155952454, 0.5799273252487183, 0.5728579163551331, 0.5695189833641052, 0.5634126663208008, 0.5577698349952698, 0.5525382161140442, 0.5445452332496643, 0.5374162793159485, 0.5311825275421143, 0.5254811644554138, 0.520642876625061, 0.5174245238304138, 0.5085864067077637, 0.503260612487793, 0.49759313464164734, 0.4914936125278473, 0.4862937927246094, 0.4825175404548645, 0.4746961295604706, 0.47021234035491943, 0.4675072729587555, 0.45902693271636963, 0.4550634026527405, 0.4508143663406372, 0.44528573751449585, 0.44157034158706665, 0.43543365597724915, 0.4313657283782959, 0.42917880415916443, 0.42400607466697693, 0.41923508048057556, 0.4140426516532898, 0.41232994198799133, 0.40572747588157654, 0.39980509877204895, 0.3984992206096649, 0.3958047330379486, 0.39087992906570435, 0.3882080018520355, 0.3852000832557678, 0.38202232122421265, 0.38023248314857483, 0.3745473027229309, 0.3744862377643585, 0.3694349229335785, 0.36645567417144775, 0.3679448366165161, 0.36290866136550903, 0.3606374263763428, 0.35875204205513, 0.35620081424713135, 0.3554668128490448, 0.35365623235702515, 0.35211846232414246, 0.3486880362033844, 0.3458591401576996, 0.347610741853714, 0.3430233299732208, 0.340106338262558, 0.3407514691352844, 0.33730778098106384, 0.33756566047668457, 0.3359413146972656, 0.33413177728652954, 0.332866370677948, 0.33095666766166687, 0.32835981249809265, 0.3265865743160248, 0.32718464732170105, 0.32407626509666443, 0.3241867125034332, 0.32168835401535034, 0.3200444281101227, 0.31975167989730835, 0.31685566902160645, 0.31709209084510803, 0.31565144658088684, 0.3133164942264557, 0.3132984936237335, 0.31261318922042847, 0.3119680881500244, 0.311333030462265, 0.3083834946155548, 0.30748671293258667, 0.3056779205799103, 0.3048110008239746, 0.3033415675163269, 0.30324018001556396, 0.3004920184612274, 0.30072274804115295, 0.2985509932041168, 0.29852408170700073, 0.29720088839530945, 0.2970791757106781, 0.2977204918861389, 0.29536208510398865, 0.29427242279052734, 0.29312238097190857, 0.29415446519851685, 0.29100301861763, 0.29069915413856506, 0.29114216566085815, 0.2884351313114166, 0.2872355580329895, 0.2879132330417633, 0.28852778673171997, 0.2856234312057495, 0.28422629833221436, 0.28409284353256226, 0.284182071685791, 0.28382664918899536, 0.2824884057044983, 0.28195181488990784, 0.2805480659008026, 0.27746549248695374, 0.27906501293182373, 0.27846264839172363, 0.2783847749233246, 0.27850016951560974, 0.27600058913230896, 0.2761719524860382, 0.27655231952667236, 0.27516183257102966, 0.27374833822250366, 0.27429330348968506, 0.27246415615081787, 0.27022427320480347, 0.27144354581832886, 0.269500195980072, 0.26906993985176086, 0.2691243588924408, 0.26860615611076355, 0.2706836462020874],