{"n_parameters": 326961, "training_time": 22432.769750595093, "loss": [2.6326467990875244, 2.378227710723877, 2.2857677936553955, 2.191838264465332, 2.0992629528045654, 2.0057194232940674, 1.916314721107483, 1.8161864280700684, 1.7170794010162354, 1.6200000047683716, 1.5247044563293457, 1.4435102939605713, 1.369329571723938, 1.3103801012039185, 1.2648767232894897, 1.226359248161316, 1.1942152976989746, 1.1674107313156128, 1.147405982017517, 1.1230266094207764, 1.1003667116165161, 1.0858232975006104, 1.0686354637145996, 1.0516870021820068, 1.0350863933563232, 1.0236986875534058, 1.0088601112365723, 0.9931959509849548, 0.9802212715148926, 0.9653193950653076, 0.9478181600570679, 0.9410178065299988, 0.9242900013923645, 0.9110326766967773, 0.8967244029045105, 0.8839450478553772, 0.8705587387084961, 0.85450679063797, 0.8434780836105347, 0.83082515001297, 0.81380295753479, 0.8080101609230042, 0.7905735969543457, 0.7771527767181396, 0.7679107189178467, 0.757831871509552, 0.7427319288253784, 0.7359484434127808, 0.7209038734436035, 0.7114011645317078, 0.6962274312973022, 0.6887205243110657, 0.679236888885498, 0.6685155034065247, 0.6592206358909607, 0.6523017287254333, 0.6386328935623169, 0.6302170157432556, 0.6211569309234619, 0.6124579906463623, 0.5978118181228638, 0.5914360284805298, 0.5833540558815002, 0.573432207107544, 0.5668023824691772, 0.5582840442657471, 0.550794243812561, 0.5434058904647827, 0.536690890789032, 0.5282421708106995, 0.5186269879341125, 0.513264536857605, 0.5076430439949036, 0.5019248723983765, 0.4952021539211273, 0.48881226778030396, 0.48078322410583496, 0.48008525371551514, 0.4730790853500366, 0.4648704528808594, 0.4587543308734894, 0.45602256059646606, 0.4486342668533325, 0.44440335035324097, 0.44181787967681885, 0.43435928225517273, 0.43261057138442993, 0.42775580286979675, 0.4223874807357788, 0.4209491014480591, 0.4150347113609314, 0.4116096794605255, 0.40777450799942017, 0.401461124420166, 0.3982110619544983, 0.39258816838264465, 0.38956695795059204, 0.3874529004096985, 0.3838619291782379, 0.38071373105049133, 0.3750283122062683, 0.37328028678894043, 0.3698967397212982, 0.36516669392585754, 0.3637615442276001, 0.3596133291721344, 0.3576950430870056, 0.35363274812698364, 0.3530518710613251, 0.34872937202453613, 0.349511057138443, 0.34575027227401733, 0.34176135063171387, 0.34251341223716736, 0.3388219475746155, 0.3362155258655548, 0.33163681626319885, 0.33001944422721863, 0.32964494824409485, 0.32716599106788635, 0.32619044184684753, 0.3243827819824219, 0.3237476050853729, 0.31939828395843506, 0.31839466094970703, 0.3178824782371521, 0.3137679994106293, 0.3143341541290283, 0.3123708963394165, 0.3093528151512146, 0.30748283863067627, 0.30654314160346985, 0.3052181899547577, 0.30594468116760254, 0.3041225075721741, 0.29991671442985535, 0.29919224977493286, 0.29803934693336487, 0.29801860451698303, 0.29577234387397766, 0.29259130358695984, 0.29089611768722534, 0.29047706723213196, 0.28963983058929443, 0.28834033012390137, 0.2859964370727539, 0.28520694375038147, 0.2857881784439087, 0.2835403084754944, 0.2832314670085907, 0.2809932827949524, 0.2799460291862488, 0.2803817689418793, 0.2775088846683502, 0.27687567472457886, 0.2754875719547272, 0.27365389466285706, 0.2718871831893921, 0.27220091223716736, 0.2719779312610626, 0.27070918679237366, 0.270865261554718, 0.26958948373794556, 0.2670905888080597, 0.26631030440330505, 0.26475101709365845, 0.2652057409286499, 0.2639864385128021, 0.26391151547431946, 0.2610544264316559, 0.2605963349342346, 0.2592065632343292, 0.25910046696662903, 0.25907328724861145, 0.25835660099983215, 0.25563883781433105, 0.2563212513923645, 0.25510042905807495, 0.25408846139907837, 0.25440511107444763, 0.2532147765159607, 0.25287318229675293, 0.2520397901535034, 0.25163838267326355, 0.2495459020137787, 0.24944499135017395, 0.24867817759513855, 0.24875296652317047, 0.24623948335647583, 0.24664373695850372, 0.24554453790187836, 0.24551713466644287, 0.24398352205753326, 0.24379779398441315, 0.24364468455314636, 0.2417893260717392, 0.2409237027168274, 0.2427493780851364, 0.24015919864177704, 0.23940107226371765, 0.2402300387620926, 0.23902063071727753, 0.23856037855148315, 0.23715583980083466, 0.2366226315498352, 0.23604801297187805, 0.23361288011074066, 0.23505526781082153, 0.2336038053035736, 0.2331337332725525, 0.23316246271133423, 0.23340271413326263, 0.23186476528644562, 0.23099230229854584, 0.2310769259929657, 0.2295830249786377, 0.22970592975616455, 0.22835730016231537, 0.2277536541223526, 0.22760950028896332, 0.22696015238761902, 0.22574995458126068, 0.2269466370344162, 0.22514624893665314, 0.22498811781406403, 0.22618070244789124, 0.22370515763759613, 0.22335803508758545, 0.2234918773174286, 0.22254236042499542, 0.2211102843284607, 0.22163736820220947, 0.22207093238830566, 0.21938887238502502, 0.220426544547081, 0.21975865960121155, 0.22006776928901672, 0.21924686431884766, 0.21866069734096527, 0.2168520987033844, 0.21762599050998688, 0.21701423823833466, 0.21665631234645844, 0.2156919240951538],