{"n_parameters": 226369, "training_time": 2745.9659039974213, "loss": [2.829998254776001, 2.5518312454223633, 2.4961304664611816, 2.465996742248535, 2.4317705631256104, 2.410748243331909, 2.383094072341919, 2.364002227783203, 2.3442625999450684, 2.3250303268432617, 2.302748441696167, 2.280877113342285, 2.2585718631744385, 2.2422432899475098, 2.2103869915008545, 2.188361167907715, 2.1601269245147705, 2.12628436088562, 2.0931966304779053, 2.0626463890075684, 2.0236244201660156, 1.9789302349090576, 1.9334626197814941, 1.8908029794692993, 1.848175048828125, 1.800022840499878, 1.7629613876342773, 1.7239594459533691, 1.685337781906128, 1.6566798686981201, 1.6323221921920776, 1.5993529558181763, 1.5736591815948486, 1.5629159212112427, 1.5480279922485352, 1.5265802145004272, 1.5112032890319824], "rmse": [1.6568959951400757, 1.576938271522522, 1.5601094961166382, 1.549972653388977, 1.5399904251098633, 1.5321478843688965, 1.523446798324585, 1.5179965496063232, 1.5099049806594849, 1.5049197673797607, 1.4975041151046753, 1.4906213283538818, 1.482213020324707, 1.4759236574172974, 1.4668097496032715, 1.459460735321045, 1.4496833086013794, 1.4384156465530396, 1.4261921644210815, 1.416374683380127, 1.4019709825515747, 1.386425495147705, 1.370607852935791, 1.354013204574585, 1.3398412466049194, 1.322500467300415, 1.3081271648406982, 1.2938100099563599, 1.2787061929702759, 1.2683742046356201, 1.2590981721878052, 1.2468141317367554, 1.2365366220474243, 1.232581377029419, 1.2275296449661255, 1.2177878618240356, 1.2119704484939575], "val_loss": [2.487056016921997, 2.462378740310669, 2.4283390045166016, 2.406705141067505, 2.391636371612549, 2.3660223484039307, 2.3447306156158447, 2.315917730331421, 2.293224811553955, 2.271216869354248, 2.248260498046875, 2.224301338195801, 2.202057361602783, 2.1787548065185547, 2.151837110519409, 2.126192569732666, 2.094402551651001, 2.054922103881836, 2.0147104263305664, 1.9649986028671265, 1.9323536157608032, 1.8757798671722412, 1.829729676246643, 1.8019605875015259, 1.7572089433670044, 1.723351001739502, 1.7112170457839966, 1.6970460414886475, 1.6823776960372925, 1.7008872032165527, 1.7052470445632935, 1.6734306812286377, 1.7060496807098389, 1.7420140504837036, 1.6857998371124268, 1.6881183385849, 1.7201182842254639], "val_rmse": [1.5523614883422852, 1.5448343753814697, 1.5342917442321777, 1.5275784730911255, 1.522704839706421, 1.5145339965820312, 1.507606029510498, 1.4984949827194214, 1.4910643100738525, 1.4836304187774658, 1.4762064218521118, 1.4680509567260742, 1.460610032081604, 1.4525902271270752, 1.4436415433883667, 1.4349318742752075, 1.4239940643310547, 1.4100759029388428, 1.3961139917373657, 1.378152847290039, 1.3670783042907715, 1.3466922044754028, 1.3296633958816528, 1.3201199769973755, 1.3036426305770874, 1.2914910316467285, 1.2880520820617676, 1.283050298690796, 1.2783058881759644, 1.285970687866211, 1.2882521152496338, 1.2763266563415527, 1.2892649173736572, 1.3035993576049805, 1.2820494174957275, 1.2830603122711182, 1.2957253456115723]}