{"n_parameters": 540785, "training_time": 23072.020239830017, "loss": [2.4499757289886475, 2.39146089553833, 2.3435754776000977, 2.2869160175323486, 2.2285499572753906, 2.165060520172119, 2.077449083328247, 1.9873946905136108, 1.8844902515411377, 1.7809042930603027, 1.6920804977416992, 1.62151300907135, 1.5610369443893433, 1.5132462978363037, 1.4837995767593384, 1.4551408290863037, 1.4316309690475464, 1.4084572792053223, 1.3832132816314697, 1.3619678020477295, 1.347622275352478, 1.3288387060165405, 1.317840576171875, 1.3054949045181274, 1.2908365726470947, 1.2789663076400757, 1.2639892101287842, 1.2566782236099243, 1.2483851909637451, 1.2382606267929077, 1.2314045429229736, 1.2244025468826294, 1.2151399850845337, 1.2099031209945679, 1.1992502212524414, 1.1939926147460938, 1.1861580610275269, 1.1768075227737427, 1.1727468967437744, 1.1661627292633057, 1.155347466468811, 1.1514132022857666, 1.141871452331543, 1.1347895860671997, 1.1278479099273682, 1.1171003580093384, 1.1132031679153442, 1.102369785308838, 1.0946556329727173, 1.0852028131484985, 1.0712909698486328, 1.061605453491211, 1.0524593591690063, 1.0394538640975952, 1.0284771919250488, 1.0220932960510254, 1.0087354183197021, 0.9971256256103516, 0.9899921417236328, 0.9813137650489807, 0.965702474117279, 0.9588488936424255, 0.94473797082901, 0.9333710074424744, 0.9278049468994141, 0.9136030077934265, 0.907703697681427, 0.8916052579879761, 0.882953941822052, 0.8723310828208923, 0.8637065291404724, 0.8556972742080688, 0.8408910036087036, 0.836908757686615, 0.8235555291175842, 0.8172124028205872, 0.8036055564880371, 0.8005667924880981, 0.789204478263855, 0.7833817005157471, 0.7764577865600586, 0.7661405205726624, 0.7596723437309265, 0.7492146492004395, 0.7453754544258118, 0.7371814846992493, 0.7275629043579102, 0.7279699444770813, 0.7167303562164307, 0.709415078163147, 0.7062239050865173, 0.7013950943946838, 0.694062352180481, 0.6852259635925293, 0.6822236180305481, 0.6739997267723083, 0.6698655486106873, 0.661794900894165, 0.661692202091217, 0.6542250514030457, 0.6479857563972473, 0.6452091336250305, 0.6396276354789734, 0.6350191831588745, 0.6287862658500671, 0.6242151260375977, 0.6205870509147644, 0.6137670278549194, 0.6090703010559082, 0.609088659286499, 0.6013184785842896, 0.5973122119903564, 0.591805100440979, 0.5916951894760132, 0.5876177549362183, 0.581602156162262, 0.579707145690918, 0.5770942568778992, 0.5738672614097595, 0.5687744617462158, 0.565536379814148, 0.5625542402267456, 0.5585134625434875, 0.5557441711425781, 0.5513508319854736, 0.5523425936698914, 0.5477304458618164, 0.5432193279266357, 0.538760781288147, 0.5372993350028992, 0.5373383164405823, 0.5319644808769226, 0.5256448984146118, 0.5270759463310242, 0.5234020948410034, 0.5232625007629395, 0.5194677710533142, 0.5166539549827576, 0.5148949027061462, 0.510013222694397, 0.506646454334259, 0.5042287707328796, 0.5054122805595398, 0.5010379552841187, 0.4960452914237976, 0.49553149938583374, 0.4960973858833313, 0.49142563343048096, 0.4915655553340912, 0.4870750904083252, 0.48426276445388794, 0.4851554334163666, 0.4807508587837219, 0.478829026222229, 0.4729565382003784, 0.47550341486930847, 0.4699130058288574, 0.46929532289505005, 0.46603161096572876, 0.46448713541030884, 0.46368131041526794, 0.4599857032299042, 0.4608486592769623, 0.46085473895072937, 0.4551370143890381, 0.4572317898273468, 0.45438340306282043, 0.4533194601535797, 0.4482635259628296, 0.446623831987381, 0.4455210566520691, 0.4430733323097229, 0.4409323036670685, 0.44092628359794617, 0.4406517446041107], "rmse": [1.5446510314941406, 1.5254268646240234, 1.5099315643310547, 1.4923101663589478, 1.4737236499786377, 1.4510979652404785, 1.4216797351837158, 1.3900476694107056, 1.3527112007141113, 1.3144192695617676, 1.281193733215332, 1.2542632818222046, 1.2317339181900024, 1.2132651805877686, 1.2009040117263794, 1.1903860569000244, 1.1805521249771118, 1.1700252294540405, 1.1607215404510498, 1.1518065929412842, 1.1456387042999268, 1.1378223896026611, 1.1331759691238403, 1.1283711194992065, 1.1216745376586914, 1.1167917251586914, 1.1100959777832031, 1.1064531803131104, 1.1032148599624634, 1.0985814332962036, 1.0957791805267334, 1.0917024612426758, 1.0885263681411743, 1.0853828191757202, 1.0813668966293335, 1.079168677330017, 1.0755300521850586, 1.0709948539733887, 1.069008231163025, 1.0661368370056152, 1.0609211921691895, 1.0592401027679443, 1.0545809268951416, 1.0510663986206055, 1.0483529567718506, 1.0423204898834229, 1.041430950164795, 1.036323070526123, 1.0324320793151855, 1.0279902219772339, 1.0208379030227661, 1.0157525539398193, 1.012085199356079, 1.0064575672149658, 1.0004234313964844, 0.9975736737251282, 0.9902691841125488, 0.98459792137146, 0.9812317490577698, 0.9764963984489441, 0.9694523215293884, 0.9653016328811646, 0.9583176970481873, 0.9521375894546509, 0.948959231376648, 0.9424844980239868, 0.9389621019363403, 0.9302718043327332, 0.9255908131599426, 0.920403242111206, 0.9153335690498352, 0.9111988544464111, 0.9033789038658142, 0.9011052846908569, 0.8932088613510132, 0.890644907951355, 0.8831164240837097, 0.8815457820892334, 0.8749954700469971, 0.872269332408905, 0.8679676651954651, 0.8623962998390198, 0.8584175705909729, 0.8525527119636536, 0.8504653573036194, 0.8456435203552246, 0.840745210647583, 0.8405339121818542, 0.8340543508529663, 0.8296425938606262, 0.8269435167312622, 0.8251201510429382, 0.820806622505188, 0.8158844709396362, 0.8136174082756042, 0.8090575933456421, 0.8070586919784546, 0.8019042015075684, 0.802079975605011, 0.7974447011947632, 0.7933230996131897, 0.7918416261672974, 0.788103461265564, 0.7857751846313477, 0.7814128994941711, 0.7787833213806152, 0.7763538956642151, 0.7724167108535767, 0.7693360447883606, 0.7693610787391663, 0.764479398727417, 0.7616714239120483, 0.7587229013442993, 0.7582852840423584, 0.7557905316352844, 0.7517521381378174, 0.7505033016204834, 0.7493464350700378, 0.7469383478164673, 0.7432647943496704, 0.7416388988494873, 0.7393640279769897, 0.7367193102836609, 0.7350937128067017, 0.7320880889892578, 0.73300701379776, 0.7297654747962952, 0.726798951625824, 0.7239560484886169, 0.7227941155433655, 0.7230587005615234, 0.7195062637329102, 0.7155386805534363, 0.7159028053283691, 0.7131260633468628, 0.713660478591919, 0.7109587788581848, 0.708886444568634, 0.7074612975120544, 0.7039547562599182, 0.7019006013870239, 0.7001340985298157, 0.7009583711624146, 0.6978093385696411, 0.6948184370994568, 0.694170355796814, 0.6949549913406372, 0.691543459892273, 0.6916477084159851, 0.6887404322624207, 0.68636155128479, 0.6876112222671509, 0.6838321089744568, 0.6827205419540405, 0.6785910129547119, 0.6800275444984436, 0.6760803461074829, 0.6755315065383911, 0.6732905507087708, 0.6721456050872803, 0.6713792085647583, 0.6689354777336121, 0.6693785786628723, 0.6695961356163025, 0.6651504039764404, 0.6672108769416809, 0.6648663878440857, 0.6643517017364502, 0.6606911420822144, 0.6591766476631165, 0.6582689881324768, 0.6568088531494141, 0.6548753976821899, 0.6544986963272095, 0.65451979637146],