{"n_parameters": 194257, "training_time": 1108.0197126865387, "loss": [2.6159398555755615, 2.5270581245422363, 2.5024688243865967, 2.4755043983459473, 2.465049982070923, 2.450026035308838, 2.44447922706604, 2.4421181678771973, 2.4366226196289062, 2.428152084350586, 2.4253134727478027, 2.4235446453094482, 2.419687271118164, 2.418030023574829, 2.4158523082733154, 2.412637233734131, 2.409304141998291], "rmse": [1.5972057580947876, 1.568772315979004, 1.5610719919204712, 1.5521899461746216, 1.5498188734054565, 1.5440887212753296, 1.543111801147461, 1.5421696901321411, 1.5415005683898926, 1.5371744632720947, 1.5370696783065796, 1.53572416305542, 1.5348258018493652, 1.5344698429107666, 1.5336915254592896, 1.5323790311813354, 1.5322272777557373], "val_loss": [2.5600805282592773, 2.5186257362365723, 2.5020618438720703, 2.486050844192505, 2.471294641494751, 2.4554660320281982, 2.4493000507354736, 2.448246955871582, 2.444535255432129, 2.4443888664245605, 2.4444923400878906, 2.4407026767730713, 2.4438228607177734, 2.4433393478393555, 2.4432976245880127, 2.440847158432007, 2.4424333572387695], "val_rmse": [1.575932502746582, 1.5629476308822632, 1.5577583312988281, 1.5526516437530518, 1.547859787940979, 1.5428093671798706, 1.540886640548706, 1.5405749082565308, 1.539415717124939, 1.5393664836883545, 1.539421558380127, 1.5382797718048096, 1.5392600297927856, 1.5391157865524292, 1.5391435623168945, 1.538385272026062, 1.5389249324798584]}