{"n_parameters": 422017, "training_time": 9878.914098978043, "loss": [2.431121587753296, 2.200082302093506, 2.067624807357788, 1.9540280103683472, 1.8357865810394287, 1.7140634059906006, 1.589445948600769, 1.4723726511001587, 1.373760461807251, 1.2913661003112793, 1.221115231513977, 1.1636346578598022, 1.1197646856307983, 1.0808030366897583, 1.0494369268417358, 1.0219552516937256, 1.0000728368759155, 0.9792769551277161, 0.9608204960823059, 0.9455243945121765, 0.9277500510215759, 0.9135466814041138, 0.8978253602981567, 0.8839641809463501, 0.8670706748962402, 0.8507238030433655, 0.8394342660903931, 0.8257164359092712, 0.8119955062866211, 0.7987701892852783, 0.7882604002952576, 0.7741537690162659, 0.762614369392395, 0.7512685656547546, 0.7401157021522522, 0.7270270586013794, 0.7159408926963806, 0.7039631605148315, 0.6935887932777405, 0.6826816201210022, 0.6720982193946838, 0.6601876020431519, 0.6490035057067871, 0.6401471495628357, 0.6302741169929504, 0.6222199201583862, 0.6100314259529114, 0.6014090180397034, 0.5903151631355286, 0.5817253589630127, 0.5714653134346008, 0.5632849335670471, 0.5536752939224243, 0.5464848279953003, 0.5365729928016663, 0.5285456776618958, 0.5194075107574463, 0.5131960511207581, 0.5045486688613892, 0.4971699118614197, 0.4883090853691101, 0.4806481599807739, 0.47572681307792664, 0.46629393100738525, 0.4603063762187958, 0.45557475090026855, 0.4474540948867798, 0.4413621723651886, 0.43407565355300903, 0.42845553159713745, 0.42105746269226074, 0.4155745208263397, 0.4099985957145691, 0.4027852416038513, 0.3967456519603729, 0.3922001123428345, 0.3892844319343567, 0.3839759826660156, 0.3769693076610565, 0.3734838366508484, 0.368826687335968, 0.36504361033439636, 0.36070191860198975, 0.35782548785209656, 0.3524715006351471, 0.34987950325012207, 0.3457639217376709, 0.3428098261356354, 0.3385915160179138, 0.3355887532234192, 0.3325710892677307, 0.32963839173316956, 0.3254983425140381, 0.3244115710258484, 0.31974804401397705, 0.3180047571659088, 0.3166674077510834, 0.31296661496162415, 0.3100680410861969, 0.3083166480064392, 0.3061870336532593, 0.30456990003585815, 0.3021765947341919, 0.29818594455718994, 0.29798024892807007, 0.2947753071784973, 0.29347434639930725, 0.29243311285972595, 0.2911514341831207, 0.28718888759613037, 0.2875403165817261, 0.284976601600647, 0.282706618309021, 0.2823711931705475, 0.27991825342178345, 0.2788325250148773, 0.2777059078216553, 0.27553561329841614, 0.2749291956424713, 0.2709617018699646, 0.27148592472076416, 0.2700907588005066, 0.26855984330177307, 0.26762232184410095, 0.2656332850456238, 0.2653590142726898, 0.26346296072006226, 0.262882262468338, 0.262126088142395, 0.26033714413642883, 0.257952481508255, 0.257773220539093, 0.2546692192554474, 0.2556195855140686, 0.254167765378952, 0.25092360377311707, 0.2502187490463257, 0.2490973174571991, 0.24845735728740692, 0.24803295731544495, 0.24626915156841278, 0.24576738476753235, 0.24610167741775513, 0.2437049001455307, 0.24243544042110443, 0.24119539558887482, 0.24023878574371338, 0.24037300050258636, 0.23938681185245514, 0.23754671216011047, 0.23780453205108643, 0.23557454347610474, 0.23600588738918304, 0.2340836375951767, 0.2336793690919876, 0.23113800585269928, 0.2328791320323944, 0.230156809091568, 0.23030860722064972, 0.2291313260793686, 0.2291860580444336, 0.2277485579252243, 0.2265947014093399, 0.22661444544792175, 0.22525690495967865, 0.2244826853275299, 0.22406688332557678, 0.22362439334392548, 0.22248029708862305, 0.22273766994476318, 0.22063514590263367, 0.2199060022830963, 0.21998032927513123, 0.21953612565994263, 0.21844038367271423, 0.2176421731710434, 0.21711067855358124, 0.21687693893909454, 0.2156698852777481, 0.2150299847126007, 0.21404825150966644, 0.21409699320793152, 0.21238979697227478, 0.2122468203306198, 0.2121809720993042, 0.21132314205169678, 0.21128728985786438, 0.20930930972099304, 0.20956936478614807, 0.20928867161273956, 0.20900589227676392, 0.2074655145406723, 0.207380473613739, 0.20679961144924164, 0.20492859184741974, 0.20607872307300568, 0.20544438064098358, 0.20435214042663574, 0.20374137163162231, 0.20338301360607147, 0.20240265130996704, 0.20204797387123108, 0.20302045345306396, 0.20107415318489075, 0.20002788305282593, 0.20098575949668884, 0.2005356252193451, 0.19865044951438904, 0.19874794781208038, 0.19762253761291504, 0.1975276619195938, 0.19809915125370026, 0.19716887176036835, 0.19652298092842102, 0.1961241215467453, 0.19523191452026367, 0.1950250118970871, 0.1941399723291397, 0.19409307837486267, 0.19359645247459412, 0.19408294558525085, 0.19306835532188416],