{"n_parameters": 388289, "training_time": 1204.036458492279, "loss": [2.7701282501220703, 2.619174003601074, 2.5619821548461914, 2.5256128311157227, 2.510197877883911, 2.501210927963257, 2.484687328338623, 2.4896819591522217, 2.480496883392334, 2.4690098762512207, 2.461002826690674], "rmse": [1.645012378692627, 1.5983400344848633, 1.5801968574523926, 1.5686806440353394, 1.5636835098266602, 1.5612496137619019, 1.5563151836395264, 1.5583394765853882, 1.5547751188278198, 1.5512728691101074, 1.5469872951507568], "val_loss": [2.468515396118164, 2.4639363288879395, 2.4586966037750244, 2.4639406204223633, 2.4588449001312256, 2.458561420440674, 2.459198474884033, 2.468008279800415, 2.47489070892334, 2.469682455062866, 2.4813926219940186], "val_rmse": [1.547482967376709, 1.5462822914123535, 1.5446425676345825, 1.546234130859375, 1.544834852218628, 1.5447161197662354, 1.5448216199874878, 1.5474824905395508, 1.5496200323104858, 1.5479892492294312, 1.5516142845153809]}