{"n_parameters": 306385, "training_time": 14955.919964551926, "loss": [3.903488874435425, 2.460524320602417, 2.421250581741333, 2.3839268684387207, 2.364410400390625, 2.322719097137451, 2.3021891117095947, 2.25940203666687, 2.2158360481262207, 2.1683623790740967, 2.1103434562683105, 2.0481553077697754, 1.979885220527649, 1.9047309160232544, 1.8229647874832153, 1.7476203441619873, 1.6872069835662842, 1.6281542778015137, 1.5808645486831665, 1.538101077079773, 1.5097894668579102, 1.4825146198272705, 1.456883430480957, 1.4340561628341675, 1.4141128063201904, 1.3993135690689087, 1.3817243576049805, 1.3679909706115723, 1.3536666631698608, 1.337951421737671, 1.325876235961914, 1.3150378465652466, 1.3017675876617432, 1.289790391921997, 1.284024715423584, 1.2652931213378906, 1.2558220624923706, 1.2456400394439697, 1.2368639707565308, 1.2257702350616455, 1.216380000114441, 1.203967809677124, 1.1955721378326416, 1.1859524250030518, 1.1800298690795898, 1.1673777103424072, 1.154482364654541, 1.1442039012908936, 1.1367896795272827, 1.1221784353256226, 1.1115435361862183, 1.1023609638214111, 1.0933116674423218, 1.08159601688385, 1.0741513967514038, 1.0568472146987915, 1.0464688539505005, 1.0407427549362183, 1.0232398509979248, 1.011189341545105, 1.0002082586288452, 0.9893492460250854, 0.9740563631057739, 0.9634677767753601, 0.9469038844108582, 0.9407742023468018, 0.9269328117370605, 0.9157544374465942, 0.9033473134040833, 0.8899239301681519, 0.8804382681846619, 0.8705260157585144, 0.8579980731010437, 0.8474512100219727, 0.839790940284729, 0.8257633447647095, 0.8169743418693542, 0.8087863326072693, 0.8035719394683838, 0.7919647097587585, 0.7891784310340881, 0.7795151472091675, 0.7664926648139954, 0.7617856860160828, 0.7583185434341431, 0.7531137466430664, 0.7440176606178284, 0.7394756078720093, 0.7327608466148376, 0.7237018346786499, 0.7219647169113159, 0.7154200673103333, 0.7075770497322083, 0.7017247676849365, 0.6953166723251343, 0.6975451707839966, 0.6894494295120239, 0.6861504316329956, 0.6761759519577026, 0.6691260933876038, 0.6660415530204773, 0.662388265132904, 0.6556001305580139, 0.6537410020828247, 0.6433006525039673, 0.6478751301765442, 0.6422972679138184, 0.6343030333518982, 0.6274619102478027, 0.6254230737686157, 0.6205886006355286, 0.6131126284599304, 0.6108603477478027, 0.6015167832374573, 0.598064124584198, 0.5974252223968506, 0.5882951021194458, 0.5844913125038147, 0.5813207030296326, 0.5758366584777832, 0.5748030543327332, 0.5684734582901001, 0.5640757083892822, 0.561007022857666, 0.5569900870323181, 0.5508970618247986, 0.5454965233802795, 0.5438907146453857, 0.5396677851676941, 0.5343163013458252, 0.5288123488426208, 0.5232250094413757, 0.5221936106681824, 0.5143494009971619, 0.5108106136322021, 0.5125361680984497, 0.5012277960777283, 0.5016528367996216, 0.49761056900024414, 0.4939141869544983, 0.4908445477485657, 0.48195594549179077, 0.481130987405777, 0.4776221811771393, 0.47600236535072327, 0.4694395363330841, 0.4698636531829834, 0.4614928066730499, 0.45958560705184937, 0.45680391788482666, 0.45448052883148193, 0.4489953815937042, 0.44872474670410156, 0.44481420516967773, 0.4418639540672302, 0.43939802050590515, 0.4351870119571686, 0.4341956377029419, 0.4331059753894806, 0.4291101098060608, 0.42344796657562256, 0.42594194412231445, 0.42089101672172546, 0.41488248109817505, 0.4145689904689789, 0.4148177206516266, 0.4099477231502533, 0.41197335720062256, 0.4067789912223816, 0.40618783235549927, 0.4026327431201935, 0.4025799632072449, 0.39751216769218445, 0.3959713280200958], "rmse": [1.8743423223495483, 1.5481934547424316, 1.5346187353134155, 1.5233047008514404, 1.5170714855194092, 1.5035520792007446, 1.4966107606887817, 1.4822747707366943, 1.468257188796997, 1.451533317565918, 1.4325838088989258, 1.410905122756958, 1.3865926265716553, 1.3597075939178467, 1.3306653499603271, 1.3014965057373047, 1.2796005010604858, 1.2575141191482544, 1.2397092580795288, 1.222093105316162, 1.2119181156158447, 1.2000083923339844, 1.1897228956222534, 1.180619716644287, 1.1735620498657227, 1.1676656007766724, 1.1593950986862183, 1.1533547639846802, 1.1477935314178467, 1.141421914100647, 1.1367965936660767, 1.1311187744140625, 1.1255203485488892, 1.1210541725158691, 1.1179590225219727, 1.1103408336639404, 1.105712652206421, 1.1022611856460571, 1.0978368520736694, 1.0927213430404663, 1.0883885622024536, 1.0828068256378174, 1.0787672996520996, 1.0741852521896362, 1.0719155073165894, 1.0659475326538086, 1.0601369142532349, 1.0552551746368408, 1.0522972345352173, 1.044999361038208, 1.0402790307998657, 1.0354102849960327, 1.031774878501892, 1.0259262323379517, 1.0220533609390259, 1.0140482187271118, 1.0089764595031738, 1.0054106712341309, 0.9968670010566711, 0.9914224147796631, 0.9867760539054871, 0.9799411296844482, 0.9724283218383789, 0.9670590162277222, 0.9589254856109619, 0.9555421471595764, 0.9485023617744446, 0.9431453943252563, 0.9366686344146729, 0.9291403293609619, 0.92372727394104, 0.9183490872383118, 0.9113723039627075, 0.9057132005691528, 0.9010698199272156, 0.8944940567016602, 0.8898583054542542, 0.8854878544807434, 0.8824665546417236, 0.8756231069564819, 0.8744508624076843, 0.8688668608665466, 0.8616765737533569, 0.8587918281555176, 0.855949878692627, 0.85361248254776, 0.84849613904953, 0.8459762930870056, 0.8425806164741516, 0.8366791009902954, 0.8362800478935242, 0.8319448232650757, 0.8277180194854736, 0.8240029811859131, 0.8203035593032837, 0.8218101859092712, 0.8170228004455566, 0.8149477243423462, 0.8090626001358032, 0.8048824667930603, 0.8033559322357178, 0.8007556796073914, 0.7971477508544922, 0.7949501872062683, 0.7895286083221436, 0.7918242812156677, 0.7884916067123413, 0.7841449975967407, 0.7793942093849182, 0.7782806158065796, 0.7751210927963257, 0.770785391330719, 0.7691003084182739, 0.7637583613395691, 0.7608540058135986, 0.7608321905136108, 0.7549436688423157, 0.7517120838165283, 0.7498729228973389, 0.7470811009407043, 0.7460343837738037, 0.7416341304779053, 0.7391924858093262, 0.7366482019424438, 0.7338829040527344, 0.730126142501831, 0.7268415093421936, 0.7260981202125549, 0.723288357257843, 0.7193257212638855, 0.7161216735839844, 0.7117990851402283, 0.7112927436828613, 0.7057530283927917, 0.7032279968261719, 0.7046676278114319, 0.6965700387954712, 0.6970900297164917, 0.694628119468689, 0.6915490031242371, 0.6898508071899414, 0.6830843091011047, 0.6831604838371277, 0.6804392337799072, 0.6793438196182251, 0.6746209263801575, 0.6746499538421631, 0.6686043739318848, 0.6672366857528687, 0.6658731698989868, 0.6635932922363281, 0.6599540114402771, 0.6594620943069458, 0.656145453453064, 0.6544962525367737, 0.6524226069450378, 0.6492494344711304, 0.6487669348716736, 0.6482430696487427, 0.6452800631523132, 0.6414185166358948, 0.642410933971405, 0.6388892531394958, 0.6339556574821472, 0.6343076229095459, 0.6340435147285461, 0.6303063035011292, 0.632111668586731, 0.6282017230987549, 0.6279239058494568, 0.6252089738845825, 0.6252332925796509, 0.621077835559845, 0.6197618246078491],