{"n_parameters": 163041, "training_time": 13866.290086984634, "loss": [4.244940757751465, 2.707322835922241, 2.6375718116760254, 2.5960021018981934, 2.5839450359344482, 2.5376293659210205, 2.516021251678467, 2.456111431121826, 2.4275946617126465, 2.375509262084961, 2.330831527709961, 2.274332046508789, 2.219717025756836, 2.148191452026367, 2.091432809829712, 2.045109748840332, 2.015970230102539, 1.9902781248092651, 1.9617984294891357, 1.9489837884902954, 1.9251655340194702, 1.9058212041854858, 1.9001377820968628, 1.8830034732818604, 1.8768876791000366, 1.8641804456710815, 1.852285623550415, 1.8369613885879517, 1.835501790046692, 1.8071916103363037, 1.8087044954299927, 1.7962849140167236, 1.8001949787139893, 1.7792593240737915, 1.7580865621566772, 1.7600717544555664, 1.7577648162841797, 1.7431342601776123, 1.728305459022522, 1.7303653955459595, 1.710320234298706, 1.7077374458312988, 1.7047722339630127, 1.6836992502212524, 1.6762694120407104, 1.67108154296875, 1.664790391921997, 1.650050401687622, 1.6425700187683105, 1.6415067911148071, 1.618944525718689, 1.6150391101837158, 1.611260175704956, 1.6028400659561157, 1.5870712995529175, 1.5843628644943237, 1.574586272239685, 1.561557650566101, 1.5539560317993164, 1.5459131002426147, 1.5372883081436157, 1.5272713899612427, 1.5236608982086182, 1.5294095277786255, 1.5124037265777588, 1.502511739730835, 1.4971975088119507, 1.4849896430969238, 1.4798921346664429, 1.4659065008163452, 1.4631843566894531, 1.4598203897476196, 1.4510390758514404, 1.4453233480453491, 1.4361553192138672, 1.429197072982788, 1.423782467842102, 1.410465121269226, 1.4023691415786743, 1.3937164545059204, 1.3898742198944092, 1.387290358543396, 1.3715391159057617, 1.3767274618148804, 1.3677210807800293, 1.357960820198059, 1.3458200693130493, 1.3398123979568481, 1.3301804065704346, 1.3328202962875366, 1.3218075037002563, 1.3108526468276978, 1.3011682033538818, 1.2944434881210327, 1.291634440422058, 1.285463571548462, 1.2746621370315552, 1.2727993726730347, 1.259682059288025, 1.2437342405319214, 1.2380465269088745, 1.2478009462356567, 1.2339991331100464, 1.223527193069458, 1.2207459211349487, 1.2091574668884277, 1.2081528902053833, 1.1968393325805664, 1.1821051836013794, 1.178858757019043, 1.1752828359603882, 1.1698036193847656, 1.1568470001220703, 1.1539148092269897, 1.144551396369934, 1.1357790231704712, 1.132339358329773, 1.1265565156936646, 1.1281044483184814, 1.1177033185958862, 1.1048301458358765, 1.0979124307632446, 1.0908644199371338, 1.0948424339294434, 1.0852001905441284, 1.0761858224868774, 1.0718010663986206, 1.0612645149230957, 1.0661464929580688, 1.0510122776031494, 1.0504688024520874, 1.0508562326431274, 1.0377196073532104, 1.0355260372161865, 1.028250813484192, 1.0181130170822144, 1.01445734500885, 1.0123069286346436, 1.006210207939148, 1.0033833980560303, 1.0017858743667603, 0.9986714720726013, 0.9942644834518433, 0.9837853908538818, 0.9806920886039734, 0.9788038730621338, 0.9640019536018372, 0.9546202421188354, 0.962977409362793, 0.9541978240013123, 0.9457985162734985, 0.9462031722068787, 0.9515912532806396, 0.9382157921791077, 0.9246520400047302, 0.9218965172767639, 0.9255876541137695, 0.9183817505836487, 0.9114059805870056, 0.9117475152015686, 0.9064605832099915, 0.9000303745269775, 0.899793267250061, 0.894696056842804, 0.8852318525314331, 0.8874460458755493, 0.885987401008606, 0.8772087097167969, 0.8699524402618408, 0.8753282427787781, 0.8710434436798096, 0.8649061918258667, 0.8578622341156006, 0.8490678071975708, 0.8602827787399292, 0.8476018905639648, 0.845046877861023, 0.8364958763122559, 0.8327100276947021, 0.8340780735015869, 0.8261163234710693, 0.8219175338745117, 0.8255311846733093, 0.81316077709198, 0.809704601764679, 0.8094081282615662, 0.8012810349464417, 0.8005552887916565, 0.8039721250534058, 0.7924806475639343, 0.7894372940063477, 0.7817566990852356, 0.7855625748634338, 0.7749723792076111, 0.775739312171936, 0.7731284499168396, 0.7707548141479492, 0.7720959782600403, 0.7662339806556702, 0.7639195919036865, 0.7576440572738647, 0.7538205981254578, 0.750949501991272, 0.746900200843811, 0.7452584505081177, 0.7438535690307617, 0.7329451441764832, 0.7395606637001038, 0.7347283363342285, 0.7301220893859863, 0.7315782308578491, 0.7297694683074951, 0.720123291015625, 0.720398485660553, 0.7213397026062012, 0.7243637442588806, 0.7158159017562866, 0.7120385766029358, 0.7084634900093079, 0.7062582969665527, 0.706771969795227, 0.6964985728263855, 0.7030705809593201, 0.698633074760437, 0.6921093463897705],