{"n_parameters": 275185, "training_time": 20353.258963108063, "loss": [2.814770460128784, 2.542633056640625, 2.4976353645324707, 2.4710402488708496, 2.4637186527252197, 2.4415197372436523, 2.429633140563965, 2.4226715564727783, 2.4113004207611084, 2.3971147537231445, 2.388648271560669, 2.380967140197754, 2.3663973808288574, 2.348677158355713, 2.3389415740966797, 2.3241190910339355, 2.296508550643921, 2.2787985801696777, 2.2561631202697754, 2.229922294616699, 2.195699453353882, 2.154496192932129, 2.121225357055664, 2.0789058208465576, 2.035322427749634, 1.9930474758148193, 1.9484490156173706, 1.9156550168991089, 1.8842393159866333, 1.8444738388061523, 1.8241339921951294, 1.8062077760696411, 1.7846664190292358, 1.7661741971969604, 1.7503310441970825, 1.7282379865646362, 1.7194018363952637, 1.7064334154129028, 1.6911104917526245, 1.6809580326080322, 1.6714004278182983, 1.6626107692718506, 1.6553899049758911, 1.642930269241333, 1.6348543167114258, 1.6207355260849, 1.6174852848052979, 1.6124483346939087, 1.6045138835906982, 1.5924410820007324, 1.5834782123565674, 1.5788874626159668, 1.5641807317733765, 1.5633636713027954, 1.5525871515274048, 1.5463095903396606, 1.5371512174606323, 1.532192587852478, 1.5154457092285156, 1.5136481523513794, 1.5010294914245605, 1.4986449480056763, 1.4906845092773438, 1.4822509288787842, 1.4820573329925537, 1.4643968343734741, 1.455768346786499, 1.4543434381484985, 1.4470911026000977, 1.4385408163070679, 1.4317150115966797, 1.4175004959106445, 1.4161136150360107, 1.40928053855896, 1.399400234222412, 1.393048882484436, 1.383971929550171, 1.3832051753997803, 1.3733439445495605, 1.3650622367858887, 1.3538618087768555, 1.3483519554138184, 1.3411921262741089, 1.3312045335769653, 1.3293546438217163, 1.3161016702651978, 1.3000715970993042, 1.2951865196228027, 1.2882623672485352, 1.2829623222351074, 1.2750288248062134, 1.2633754014968872, 1.2540761232376099, 1.2466895580291748, 1.2357887029647827, 1.2256125211715698, 1.2246907949447632, 1.214420199394226, 1.198690414428711, 1.1951496601104736, 1.1834667921066284, 1.1783478260040283, 1.1665271520614624, 1.1520024538040161, 1.147620677947998, 1.1346819400787354, 1.1284050941467285, 1.1218888759613037, 1.1073106527328491, 1.1023844480514526, 1.0889945030212402, 1.088990330696106, 1.0779346227645874, 1.0672409534454346, 1.0563390254974365, 1.0486589670181274, 1.038430094718933, 1.0312999486923218, 1.0248668193817139, 1.0125515460968018, 1.0100330114364624, 0.9987149834632874, 0.9935259819030762, 0.9803800582885742, 0.9714897274971008, 0.9693217873573303, 0.9608429670333862, 0.9550716876983643, 0.9484409093856812, 0.9498023986816406, 0.9360003471374512, 0.9308080673217773, 0.9170665144920349, 0.9141154289245605, 0.9103199243545532, 0.9028072357177734, 0.8995917439460754, 0.8894892334938049, 0.8873561024665833, 0.8801634907722473, 0.8711052536964417, 0.8749308586120605, 0.8649674654006958, 0.8633270263671875, 0.8522417545318604, 0.8478251695632935, 0.8489195704460144, 0.8358224034309387, 0.8337453007698059, 0.8276092410087585, 0.821976900100708, 0.8192875385284424, 0.8157843351364136, 0.812592089176178, 0.8036817908287048, 0.8074843287467957, 0.7949082851409912, 0.7958181500434875, 0.7901830077171326, 0.7811022400856018, 0.7776862382888794, 0.7801255583763123, 0.7744919657707214, 0.7721108198165894, 0.7686946988105774, 0.7650148868560791, 0.7539072036743164, 0.7530226707458496, 0.748492956161499, 0.7399016618728638, 0.7425023317337036, 0.7307582497596741, 0.7320536971092224, 0.7266499400138855, 0.7201950550079346, 0.7182037234306335, 0.7225883603096008, 0.7088978290557861, 0.7051168084144592, 0.7000511884689331, 0.7013412714004517, 0.7017257809638977, 0.6933074593544006, 0.6861744523048401, 0.688336968421936, 0.6836680173873901, 0.6778690218925476, 0.6750302314758301, 0.6685856580734253, 0.6641886830329895, 0.6661732196807861, 0.6636607050895691, 0.6583828330039978, 0.6584148406982422, 0.6511786580085754, 0.6506975293159485, 0.6406072974205017, 0.6415725946426392, 0.6417880654335022, 0.6373751759529114, 0.6302480101585388, 0.6288948059082031, 0.6248959302902222, 0.6246476173400879, 0.6182067394256592, 0.610889196395874, 0.6146034002304077, 0.6103931069374084, 0.6029033064842224, 0.6055269241333008, 0.6037257313728333, 0.5928409099578857, 0.5967192649841309, 0.5920936465263367, 0.5879175662994385, 0.5838717818260193, 0.5839583277702332, 0.5806074738502502, 0.5792604684829712, 0.5747175812721252, 0.5721687078475952, 0.5697447657585144, 0.5672426223754883, 0.5696466565132141, 0.5618563890457153, 0.5523585081100464, 0.5596582293510437, 0.5519418716430664],