{"n_parameters": 254273, "training_time": 1154.852473974228, "loss": [2.8229637145996094, 2.6214821338653564, 2.574111223220825, 2.529104709625244, 2.5134053230285645, 2.49739146232605, 2.4892160892486572, 2.4769082069396973, 2.4730639457702637, 2.470496892929077, 2.461660146713257, 2.4542343616485596, 2.453322649002075, 2.4503564834594727], "rmse": [1.656819462776184, 1.5988092422485352, 1.5843775272369385, 1.5703972578048706, 1.5634311437606812, 1.560021996498108, 1.5575737953186035, 1.5538856983184814, 1.552504062652588, 1.5517035722732544, 1.5488102436065674, 1.5468642711639404, 1.5460293292999268, 1.5452852249145508], "val_loss": [2.5045387744903564, 2.4784748554229736, 2.475217580795288, 2.47109055519104, 2.4663913249969482, 2.470357894897461, 2.4673712253570557, 2.4663197994232178, 2.4623351097106934, 2.4655539989471436, 2.469313859939575, 2.4650661945343018, 2.478576898574829, 2.4706621170043945], "val_rmse": [1.5587519407272339, 1.5504461526870728, 1.5493507385253906, 1.5480691194534302, 1.5466370582580566, 1.5477741956710815, 1.546891450881958, 1.5465480089187622, 1.5453325510025024, 1.546276330947876, 1.5474190711975098, 1.5461063385009766, 1.5502842664718628, 1.5478155612945557]}