{"n_parameters": 231297, "training_time": 11835.428869247437, "loss": [3.1055009365081787, 2.7539618015289307, 2.626756191253662, 2.5716702938079834, 2.522026538848877, 2.484264612197876, 2.4505932331085205, 2.4233505725860596, 2.4016659259796143, 2.372446298599243, 2.3449149131774902, 2.311668872833252, 2.273510456085205, 2.2381598949432373, 2.1942012310028076, 2.1358721256256104, 2.0743892192840576, 2.005570411682129, 1.9274919033050537, 1.8698128461837769, 1.7994831800460815, 1.741302490234375, 1.7034668922424316, 1.6570216417312622, 1.6327719688415527, 1.5910961627960205, 1.5593671798706055, 1.5415154695510864, 1.5124266147613525, 1.4840253591537476, 1.4699543714523315, 1.453856110572815, 1.427369475364685, 1.4129173755645752, 1.3913425207138062, 1.3756266832351685, 1.3570550680160522, 1.3483911752700806, 1.3191486597061157, 1.3130760192871094, 1.2926201820373535, 1.2781803607940674, 1.2666727304458618, 1.2599631547927856, 1.2376402616500854, 1.2321600914001465, 1.2195491790771484, 1.2056785821914673, 1.1892592906951904, 1.1784974336624146, 1.1635305881500244, 1.1515393257141113, 1.1408637762069702, 1.131431221961975, 1.116552472114563, 1.1044509410858154, 1.0903184413909912, 1.0813264846801758, 1.0695765018463135, 1.049681305885315, 1.0397841930389404, 1.0281540155410767, 1.0151599645614624, 1.001685619354248, 0.9856917858123779, 0.9819706082344055, 0.9689249992370605, 0.9476677775382996, 0.9453404545783997, 0.9228784441947937, 0.9162508249282837, 0.9115182757377625, 0.8985092043876648, 0.8845798373222351, 0.8745055794715881, 0.8662978410720825, 0.8577362895011902, 0.8452041745185852, 0.8432539701461792, 0.8305939435958862, 0.8170105814933777, 0.8167561888694763, 0.8082546591758728, 0.8006914258003235, 0.7877349257469177, 0.7861489653587341, 0.777290403842926, 0.7697747349739075, 0.7593123316764832, 0.7585651874542236, 0.7501313090324402, 0.7446712255477905, 0.7403208017349243, 0.7331888675689697, 0.7228752970695496, 0.7220777273178101, 0.7146394848823547, 0.7094431519508362, 0.7036514282226562, 0.6976692080497742, 0.6954905986785889, 0.6852599382400513, 0.6863189935684204, 0.6772489547729492, 0.6713740229606628, 0.6655843257904053, 0.6625219583511353], "rmse": [1.740337610244751, 1.6404333114624023, 1.5993599891662598, 1.5820966958999634, 1.5686476230621338, 1.5556954145431519, 1.5443086624145508, 1.5367368459701538, 1.5288692712783813, 1.5192114114761353, 1.5111610889434814, 1.5004425048828125, 1.4873491525650024, 1.4759819507598877, 1.4606620073318481, 1.4407142400741577, 1.4206435680389404, 1.3962472677230835, 1.3688417673110962, 1.348004937171936, 1.322386622428894, 1.3013412952423096, 1.2869336605072021, 1.269188642501831, 1.2605575323104858, 1.243762731552124, 1.2315492630004883, 1.2246918678283691, 1.213348388671875, 1.2019230127334595, 1.196524977684021, 1.189247965812683, 1.1795096397399902, 1.1728813648223877, 1.1638859510421753, 1.1574158668518066, 1.1497777700424194, 1.1460529565811157, 1.133306860923767, 1.130964994430542, 1.1220020055770874, 1.1154242753982544, 1.110822319984436, 1.1082017421722412, 1.098285436630249, 1.096233606338501, 1.0894269943237305, 1.0838488340377808, 1.0768024921417236, 1.072119116783142, 1.065199613571167, 1.0589163303375244, 1.0542856454849243, 1.0496625900268555, 1.0429414510726929, 1.0371952056884766, 1.0297926664352417, 1.0265536308288574, 1.0208842754364014, 1.0116816759109497, 1.0061789751052856, 1.0010454654693604, 0.9943059086799622, 0.9880286455154419, 0.9791319966316223, 0.9778027534484863, 0.971487820148468, 0.9602006673812866, 0.9592640995979309, 0.9474020600318909, 0.9441577196121216, 0.9419296979904175, 0.934441089630127, 0.9272844791412354, 0.9217231869697571, 0.9173407554626465, 0.9129230976104736, 0.9068880081176758, 0.9048311114311218, 0.8986957669258118, 0.8909205794334412, 0.890861988067627, 0.8860816955566406, 0.8821919560432434, 0.8751065135002136, 0.8737075328826904, 0.8690064549446106, 0.8648838400840759, 0.8589611649513245, 0.8587733507156372, 0.8530817031860352, 0.8496846556663513, 0.846534788608551, 0.8432536721229553, 0.8380882740020752, 0.8368666768074036, 0.8329006433486938, 0.829422116279602, 0.8262353539466858, 0.8227119445800781, 0.8212191462516785, 0.8145289421081543, 0.8154733777046204, 0.8101773858070374, 0.8060712814331055, 0.8036380410194397, 0.8015598058700562], "val_loss": [2.5156567096710205, 2.4627177715301514, 2.4472360610961914, 2.4361398220062256, 2.4130325317382812, 2.4019250869750977, 2.371399164199829, 2.346480369567871, 2.3203325271606445, 2.293766975402832, 2.253058671951294, 2.2040252685546875, 2.149412155151367, 2.083846092224121, 2.0035669803619385, 1.9133034944534302, 1.8298609256744385, 1.7461192607879639, 1.6716150045394897, 1.614531397819519, 1.5715447664260864, 1.5405707359313965, 1.5136362314224243, 1.4921252727508545, 1.4667385816574097, 1.43775475025177, 1.4182807207107544, 1.394562840461731, 1.379889726638794, 1.3522520065307617, 1.3393391370773315, 1.3264628648757935, 1.314658284187317, 1.2971445322036743, 1.274781584739685, 1.2637231349945068, 1.2406996488571167, 1.225301742553711, 1.214764952659607, 1.2153531312942505, 1.197751760482788, 1.1677124500274658, 1.1508947610855103, 1.143273949623108, 1.1375422477722168, 1.130488634109497, 1.1065115928649902, 1.1038172245025635, 1.0878151655197144, 1.0820236206054688, 1.0622042417526245, 1.0571868419647217, 1.051090955734253, 1.0313069820404053, 1.0264308452606201, 1.0128840208053589, 1.0076875686645508, 0.9961605668067932, 0.9825091361999512, 0.9725779294967651, 0.9650726914405823, 0.957422137260437, 0.9539211988449097, 0.948164701461792, 0.9341867566108704, 0.9329953789710999, 0.9283866286277771, 0.9147822856903076, 0.9142894744873047, 0.8984042406082153, 0.8950185775756836, 0.8979416489601135, 0.882698118686676, 0.8719226717948914, 0.8753191232681274, 0.8734273314476013, 0.8495258688926697, 0.8524411916732788, 0.8343676924705505, 0.8432273268699646, 0.8481813669204712, 0.8421346545219421, 0.8267247080802917, 0.8257938623428345, 0.810059130191803, 0.8146890997886658, 0.812275230884552, 0.811883270740509, 0.8098092079162598, 0.8042987585067749, 0.7964558005332947, 0.7941845059394836, 0.7873529195785522, 0.7920516729354858, 0.7778476476669312, 0.7772260308265686, 0.7798361778259277, 0.7642211318016052, 0.7786239385604858, 0.7654985189437866, 0.7683624029159546, 0.7419883608818054, 0.7622908353805542, 0.7509585618972778, 0.7457364201545715, 0.7527560591697693, 0.7428218722343445],