{"n_parameters": 218401, "training_time": 4753.225953102112, "loss": [4.170743465423584, 2.625311851501465, 2.5496463775634766, 2.497542142868042, 2.4529013633728027, 2.4202585220336914, 2.391842842102051, 2.374004602432251, 2.3431665897369385, 2.322340250015259, 2.2950856685638428, 2.278130531311035, 2.2398746013641357, 2.215815544128418, 2.1928281784057617, 2.1589622497558594, 2.1296839714050293, 2.104335069656372, 2.0703375339508057, 2.036484479904175, 2.009950637817383, 1.9711039066314697, 1.9301772117614746, 1.9003487825393677, 1.8638030290603638, 1.8287506103515625, 1.7992585897445679, 1.76689612865448, 1.737185001373291, 1.7067784070968628, 1.68228018283844, 1.6551724672317505, 1.631895899772644, 1.6203378438949585, 1.599228024482727, 1.5714775323867798, 1.5525511503219604, 1.5419838428497314, 1.5338166952133179, 1.524598479270935, 1.508805751800537, 1.5001319646835327, 1.4826395511627197, 1.4723334312438965, 1.4708539247512817, 1.4550349712371826, 1.4512672424316406, 1.4379422664642334, 1.4334601163864136, 1.4303383827209473, 1.4177801609039307, 1.4069262742996216, 1.3962221145629883, 1.3977437019348145, 1.3925780057907104, 1.3841694593429565, 1.3737969398498535, 1.3708419799804688, 1.3663464784622192, 1.3592462539672852, 1.3511523008346558, 1.3512542247772217, 1.3427767753601074, 1.3354766368865967, 1.331291675567627, 1.3303585052490234, 1.3197370767593384, 1.3151605129241943], "rmse": [1.934727668762207, 1.599568247795105, 1.5760631561279297, 1.5592776536941528, 1.5463083982467651, 1.5356228351593018, 1.5266075134277344, 1.520442247390747, 1.5109835863113403, 1.5038621425628662, 1.4944769144058228, 1.4898264408111572, 1.4773855209350586, 1.4691340923309326, 1.4609603881835938, 1.4501774311065674, 1.4398468732833862, 1.4308419227600098, 1.4188361167907715, 1.4071165323257446, 1.3982638120651245, 1.3845115900039673, 1.371169090270996, 1.3597956895828247, 1.3469339609146118, 1.3340880870819092, 1.3227970600128174, 1.3114904165267944, 1.3006651401519775, 1.2882702350616455, 1.2799959182739258, 1.2693049907684326, 1.2602498531341553, 1.2558212280273438, 1.24774169921875, 1.2370041608810425, 1.228714108467102, 1.2252511978149414, 1.222122311592102, 1.2183994054794312, 1.2119592428207397, 1.2087147235870361, 1.2015339136123657, 1.1977607011795044, 1.1971993446350098, 1.1907716989517212, 1.1883636713027954, 1.1834123134613037, 1.1812621355056763, 1.1796742677688599, 1.1746512651443481, 1.1705471277236938, 1.1656537055969238, 1.1668061017990112, 1.1646850109100342, 1.1612271070480347, 1.1561421155929565, 1.1554656028747559, 1.1538206338882446, 1.1507232189178467, 1.1467584371566772, 1.1471900939941406, 1.1434657573699951, 1.140325665473938, 1.1387883424758911, 1.137923240661621, 1.1334344148635864, 1.131723403930664], "val_loss": [2.569119453430176, 2.4867725372314453, 2.4355978965759277, 2.391573667526245, 2.3675246238708496, 2.3549954891204834, 2.3416359424591064, 2.3201637268066406, 2.2984132766723633, 2.277111768722534, 2.250170946121216, 2.227872371673584, 2.203329086303711, 2.178799867630005, 2.1537647247314453, 2.1226441860198975, 2.089928150177002, 2.0550286769866943, 2.021986484527588, 1.9884389638900757, 1.9551703929901123, 1.915343999862671, 1.8837815523147583, 1.8469058275222778, 1.8116333484649658, 1.7787104845046997, 1.7549657821655273, 1.72711181640625, 1.693192720413208, 1.6570817232131958, 1.6414462327957153, 1.6312402486801147, 1.6121941804885864, 1.5990047454833984, 1.5849794149398804, 1.5669376850128174, 1.5565980672836304, 1.5507293939590454, 1.5435091257095337, 1.5345702171325684, 1.5324122905731201, 1.5389741659164429, 1.5309271812438965, 1.520504117012024, 1.5067870616912842, 1.511676549911499, 1.51396644115448, 1.5030097961425781, 1.5036580562591553, 1.4934453964233398, 1.4983989000320435, 1.4860479831695557, 1.480042815208435, 1.4751259088516235, 1.4849275350570679, 1.4688928127288818, 1.4696950912475586, 1.4626537561416626, 1.4687049388885498, 1.4544932842254639, 1.4665467739105225, 1.4735655784606934, 1.4352084398269653, 1.4456571340560913, 1.4448726177215576, 1.4428998231887817, 1.4442682266235352, 1.444917917251587], "val_rmse": [1.578783631324768, 1.5531538724899292, 1.53693687915802, 1.5230051279067993, 1.5151753425598145, 1.511101484298706, 1.506729006767273, 1.4997628927230835, 1.4926867485046387, 1.4856246709823608, 1.4768540859222412, 1.469399333000183, 1.4612529277801514, 1.4530107975006104, 1.444589614868164, 1.4340912103652954, 1.422969937324524, 1.4109830856323242, 1.399507761001587, 1.3878644704818726, 1.376037359237671, 1.3619869947433472, 1.3505926132202148, 1.3373695611953735, 1.324552059173584, 1.312473177909851, 1.3037043809890747, 1.2933549880981445, 1.280808687210083, 1.2672988176345825, 1.2612508535385132, 1.2574338912963867, 1.2501083612442017, 1.2451046705245972, 1.2397735118865967, 1.2329026460647583, 1.228985071182251, 1.2266758680343628, 1.2239149808883667, 1.2204238176345825, 1.2195950746536255, 1.2220573425292969, 1.2189218997955322, 1.215024471282959, 1.2096842527389526, 1.2114675045013428, 1.2123137712478638, 1.2081483602523804, 1.2083747386932373, 1.20425546169281, 1.2063201665878296, 1.2015957832336426, 1.1990786790847778, 1.1971265077590942, 1.2009408473968506, 1.1947171688079834, 1.1949137449264526, 1.1921709775924683, 1.1945358514785767, 1.1888731718063354, 1.1934581995010376, 1.1963690519332886, 1.181198239326477, 1.1854801177978516, 1.1850192546844482, 1.1841247081756592, 1.1847796440124512, 1.1849240064620972]}