{"n_parameters": 111985, "training_time": 12357.518586397171, "loss": [2.4328598976135254, 2.129999876022339, 1.961075782775879, 1.8324882984161377, 1.7220159769058228, 1.643433690071106, 1.5821985006332397, 1.527329921722412, 1.4836171865463257, 1.439244270324707, 1.4139009714126587, 1.380291223526001, 1.349215030670166, 1.3233556747436523, 1.3000097274780273, 1.271533489227295, 1.2471007108688354, 1.2255947589874268, 1.1993534564971924, 1.1802978515625, 1.1636106967926025, 1.1409300565719604, 1.1262156963348389, 1.1071312427520752, 1.0911712646484375, 1.0767687559127808, 1.060166358947754, 1.0463701486587524, 1.0312302112579346, 1.0205860137939453, 1.001810073852539, 0.9856367111206055, 0.9791558384895325, 0.9595288634300232, 0.9492148160934448, 0.9425045251846313, 0.9226123690605164, 0.9136005640029907, 0.9056987166404724, 0.8948614001274109, 0.8820546269416809, 0.8667141199111938, 0.8651294708251953, 0.8538210391998291, 0.8421809673309326, 0.8318530917167664, 0.817065954208374, 0.8118315935134888, 0.7970296740531921, 0.7916187644004822, 0.7826418876647949, 0.7728920578956604, 0.7618439793586731, 0.7553154230117798, 0.745908796787262, 0.7391807436943054, 0.7354090809822083, 0.7221947312355042, 0.7154077291488647, 0.707929790019989, 0.6968086957931519, 0.689117431640625, 0.6812673807144165, 0.6766654849052429, 0.6688786149024963, 0.663830041885376, 0.6574695110321045, 0.6478663682937622, 0.6377836465835571, 0.6344894766807556, 0.6254926919937134, 0.6161268949508667, 0.6140965223312378, 0.6084779500961304, 0.6017252206802368, 0.5984054803848267, 0.5899434089660645, 0.5858964323997498, 0.5755274891853333, 0.572126567363739, 0.5686662197113037, 0.5639017820358276, 0.5575495958328247, 0.5503584146499634, 0.5468211770057678, 0.5437542796134949, 0.5346117615699768, 0.5363876223564148, 0.5288225412368774, 0.5256745219230652, 0.51680588722229, 0.5145829319953918, 0.5110471248626709, 0.5079928040504456, 0.5027474761009216, 0.49414199590682983, 0.4944946765899658, 0.49098968505859375, 0.48564112186431885, 0.48678159713745117, 0.473446786403656, 0.47620585560798645, 0.47233790159225464, 0.46808427572250366, 0.4663195312023163, 0.4600779414176941, 0.4603455662727356, 0.45596906542778015, 0.4512079060077667, 0.4459317922592163, 0.4427228271961212, 0.4455318748950958, 0.4389530420303345, 0.43866270780563354, 0.4331904947757721, 0.43066298961639404, 0.4299490451812744, 0.42266374826431274, 0.4209184944629669, 0.41934239864349365, 0.41266587376594543, 0.4129958152770996, 0.40795832872390747, 0.4068223536014557, 0.40555498003959656, 0.39941391348838806, 0.39916476607322693, 0.3998631536960602, 0.3952191472053528, 0.39074769616127014, 0.3896181285381317, 0.3906550407409668, 0.3886508345603943, 0.3840367794036865, 0.38301828503608704, 0.3794559836387634, 0.37820345163345337, 0.3761395514011383, 0.3786652684211731, 0.37083864212036133, 0.3685736358165741, 0.3694409132003784, 0.36777710914611816, 0.3670182228088379, 0.36284688115119934, 0.3642101287841797, 0.35698965191841125, 0.3576001524925232, 0.3547365069389343, 0.3525960445404053, 0.3513911962509155, 0.3503876328468323, 0.34978950023651123, 0.34969988465309143, 0.35008394718170166, 0.34325847029685974, 0.34426552057266235, 0.3446599245071411, 0.3428417444229126, 0.3409394919872284, 0.34098020195961, 0.3386843204498291, 0.3378177583217621, 0.3361400365829468, 0.33703476190567017, 0.3362949788570404, 0.33199742436408997, 0.3312830328941345, 0.3293933868408203, 0.3274763226509094, 0.32789260149002075, 0.3276282548904419, 0.3251492381095886, 0.32710689306259155, 0.32474973797798157, 0.3225570023059845, 0.32442042231559753, 0.318758487701416, 0.31935974955558777, 0.32163453102111816, 0.3184376358985901, 0.3190392255783081, 0.3143196702003479, 0.315899133682251, 0.315714031457901, 0.31261321902275085, 0.31280434131622314, 0.3113936483860016, 0.31174537539482117, 0.30810752511024475, 0.3116198778152466, 0.30843091011047363, 0.3067097067832947, 0.3085881173610687, 0.30980437994003296, 0.30526915192604065, 0.3044116199016571, 0.30580246448516846, 0.30370354652404785, 0.3005584478378296, 0.29977405071258545, 0.30141836404800415, 0.30202189087867737, 0.2991340458393097, 0.2994711101055145, 0.2950701117515564, 0.2953658401966095, 0.29590609669685364, 0.29553210735321045, 0.2956005930900574, 0.2971664369106293, 0.29695314168930054, 0.29429954290390015, 0.2944636344909668, 0.294133722782135, 0.29286032915115356, 0.29009443521499634, 0.2876889109611511, 0.2890290915966034, 0.2895931303501129, 0.2868797481060028, 0.2882680296897888, 0.2860323488712311, 0.2880357801914215, 0.28507575392723083, 0.2846054434776306, 0.2821231186389923, 0.28685685992240906, 0.28324154019355774, 0.2835548222064972, 0.2811223566532135, 0.2819804549217224, 0.28093159198760986, 0.2818411886692047],