{"n_parameters": 460625, "training_time": 12556.593966245651, "loss": [3.3376822471618652, 2.40800404548645, 2.2877578735351562, 2.158967971801758, 2.007779598236084, 1.841912031173706, 1.6982510089874268, 1.5853887796401978, 1.507399320602417, 1.4459998607635498, 1.3925938606262207, 1.3519731760025024, 1.320065975189209, 1.2827675342559814, 1.2583774328231812, 1.2324891090393066, 1.2031553983688354, 1.186160922050476, 1.1609445810317993, 1.145028829574585, 1.123418927192688, 1.1102463006973267, 1.0874539613723755, 1.0698285102844238, 1.0473222732543945, 1.0325078964233398, 1.0102591514587402, 0.9899061918258667, 0.9710355997085571, 0.9479060173034668, 0.9281200170516968, 0.9084897041320801, 0.8860020637512207, 0.8589242696762085, 0.8394404649734497, 0.814497172832489, 0.792920708656311, 0.7674021124839783, 0.7501202821731567, 0.7226046919822693, 0.7040292620658875, 0.6814877986907959, 0.6645708084106445, 0.6447393298149109, 0.6249033808708191, 0.6048709750175476, 0.5852502584457397, 0.5712606906890869, 0.560533344745636, 0.5453230738639832, 0.526163637638092, 0.518451988697052, 0.5117351412773132, 0.49977779388427734, 0.4937998056411743, 0.4844771921634674, 0.47333258390426636, 0.4698213040828705, 0.46258118748664856, 0.45554009079933167, 0.4484432637691498, 0.44406458735466003, 0.43737804889678955, 0.43370768427848816, 0.4265340566635132, 0.4185686409473419, 0.4171941876411438, 0.41281944513320923, 0.4086456298828125, 0.40375933051109314, 0.39967501163482666, 0.4004143178462982, 0.39582589268684387, 0.38963422179222107, 0.38416045904159546, 0.38458845019340515, 0.38041940331459045, 0.3753463625907898, 0.3737820088863373, 0.36858102679252625, 0.365772545337677, 0.3639967441558838, 0.3614977300167084, 0.35690179467201233, 0.35437673330307007, 0.3530946671962738, 0.35020673274993896, 0.34699779748916626, 0.3445570170879364, 0.3418678641319275, 0.3375052809715271, 0.33477452397346497, 0.3343560993671417, 0.33286893367767334, 0.3319113850593567, 0.32875320315361023, 0.3262789249420166, 0.3221403658390045, 0.3227623403072357, 0.321966290473938, 0.3199324309825897, 0.3180444836616516, 0.31685498356819153, 0.31493186950683594, 0.31062594056129456], "rmse": [1.760221242904663, 1.5307945013046265, 1.4923160076141357, 1.4494160413742065, 1.397396445274353, 1.3362184762954712, 1.283930778503418, 1.2397935390472412, 1.2095462083816528, 1.185455322265625, 1.1630457639694214, 1.1457839012145996, 1.1327940225601196, 1.1163573265075684, 1.1055960655212402, 1.0945557355880737, 1.0808542966842651, 1.0736504793167114, 1.0615164041519165, 1.0543047189712524, 1.0437393188476562, 1.0389455556869507, 1.0274380445480347, 1.0194118022918701, 1.007759690284729, 1.000195026397705, 0.989883542060852, 0.9791750311851501, 0.9713085889816284, 0.9584123492240906, 0.9487236738204956, 0.9383468627929688, 0.926565945148468, 0.9126894474029541, 0.9016386866569519, 0.8883821964263916, 0.8763706684112549, 0.8623755574226379, 0.8522628545761108, 0.8371902108192444, 0.826326310634613, 0.813386082649231, 0.8025192022323608, 0.7911385893821716, 0.7790445685386658, 0.7664863467216492, 0.754260778427124, 0.7450118064880371, 0.7380017042160034, 0.7277589440345764, 0.7153685688972473, 0.7100380063056946, 0.7059275507926941, 0.6968094110488892, 0.6931673288345337, 0.6866429448127747, 0.6787250638008118, 0.6755338311195374, 0.6710707545280457, 0.665644109249115, 0.6604016423225403, 0.6574845314025879, 0.6524606943130493, 0.6488894820213318, 0.6443548202514648, 0.6384221315383911, 0.6374605894088745, 0.633837103843689, 0.6306797862052917, 0.6268234252929688, 0.6236203908920288, 0.6242411732673645, 0.6202804446220398, 0.6156697869300842, 0.6115617752075195, 0.6115908026695251, 0.6083802580833435, 0.6044353246688843, 0.6030027270317078, 0.5990199446678162, 0.5965753793716431, 0.5947892665863037, 0.5932087302207947, 0.5894209742546082, 0.5874535441398621, 0.5864614248275757, 0.583897590637207, 0.5809351205825806, 0.5793261528015137, 0.5766098499298096, 0.5730461478233337, 0.5709317922592163, 0.5709437727928162, 0.5691216588020325, 0.5684656500816345, 0.5656303763389587, 0.5635216236114502, 0.5600200295448303, 0.5608313679695129, 0.5600355863571167, 0.5583040118217468, 0.5560821294784546, 0.5554105639457703, 0.5535218119621277, 0.5499183535575867], "val_loss": [2.4488556385040283, 2.32377028465271, 2.1963560581207275, 2.037487745285034, 1.8718526363372803, 1.714251160621643, 1.6079877614974976, 1.531807541847229, 1.478179931640625, 1.3975163698196411, 1.369978427886963, 1.3463507890701294, 1.315049409866333, 1.2737261056900024, 1.2582093477249146, 1.220690131187439, 1.2022026777267456, 1.1848033666610718, 1.1637067794799805, 1.1435835361480713, 1.1156504154205322, 1.1139657497406006, 1.0962764024734497, 1.0597137212753296, 1.0497761964797974, 1.0381908416748047, 1.0124043226242065, 0.9836597442626953, 0.9650720953941345, 0.9399840235710144, 0.9216428399085999, 0.899381697177887, 0.8733422160148621, 0.8419361710548401, 0.8200280070304871, 0.7996864318847656, 0.7698034644126892, 0.7559389472007751, 0.7190223932266235, 0.6887707710266113, 0.6750208139419556, 0.656170129776001, 0.6319407820701599, 0.6085674166679382, 0.5881060361862183, 0.5850496292114258, 0.5608206987380981, 0.5398324728012085, 0.5267930626869202, 0.5097529292106628, 0.4983278512954712, 0.49507665634155273, 0.4740695655345917, 0.4735381007194519, 0.47133681178092957, 0.4603884518146515, 0.4622218906879425, 0.4501880705356598, 0.43074604868888855, 0.42877626419067383, 0.42414411902427673, 0.4217369556427002, 0.41563767194747925, 0.40955331921577454, 0.4212277829647064, 0.4123123586177826, 0.39688175916671753, 0.3972920775413513, 0.393869012594223, 0.38975539803504944, 0.3904379904270172, 0.39559468626976013, 0.37273725867271423, 0.36985722184181213, 0.38051357865333557, 0.37326961755752563, 0.36688199639320374, 0.3636625409126282, 0.36826181411743164, 0.3725087344646454, 0.37000399827957153, 0.36024606227874756, 0.362575501203537, 0.35561403632164, 0.3538437783718109, 0.35531866550445557, 0.3493190407752991, 0.3554235100746155, 0.3379964232444763, 0.3424592614173889, 0.34437859058380127, 0.331734299659729, 0.33880409598350525, 0.3433395326137543, 0.3385799527168274, 0.3337899446487427, 0.3300616145133972, 0.32589325308799744, 0.3323083519935608, 0.31954237818717957, 0.32923623919487, 0.32513418793678284, 0.32267728447914124, 0.3272301256656647, 0.32868561148643494],