{"n_parameters": 124673, "training_time": 463.89621233940125, "loss": [2.8122551441192627, 2.7324883937835693, 2.6817467212677, 2.637981414794922, 2.613123655319214, 2.5746724605560303, 2.5353844165802, 2.5075676441192627, 2.487044095993042], "rmse": [1.657538652420044, 1.6329257488250732, 1.6183351278305054, 1.6040771007537842, 1.5972288846969604, 1.5843793153762817, 1.5723410844802856, 1.5629736185073853, 1.556273102760315], "val_loss": [2.4644482135772705, 2.446396589279175, 2.4275193214416504, 2.42020320892334, 2.4216017723083496, 2.4343013763427734, 2.4326798915863037, 2.437025785446167, 2.4340269565582275], "val_rmse": [1.5460489988327026, 1.540206789970398, 1.5340800285339355, 1.531532645225525, 1.5322335958480835, 1.5365012884140015, 1.535851240158081, 1.5370965003967285, 1.5361346006393433]}