{"n_parameters": 190369, "training_time": 5474.677502632141, "loss": [2.6750056743621826, 2.366365671157837, 2.2949750423431396, 2.233642339706421, 2.174474000930786, 2.1130127906799316, 2.046320915222168, 1.9780272245407104, 1.9087398052215576, 1.8410083055496216, 1.7728322744369507, 1.701518177986145, 1.627614974975586, 1.5597985982894897, 1.494763970375061, 1.4366308450698853, 1.3783282041549683, 1.3327432870864868, 1.2908992767333984, 1.25307035446167, 1.2196235656738281, 1.1865373849868774, 1.164431095123291, 1.140743613243103, 1.1219193935394287, 1.1055042743682861, 1.0917255878448486, 1.0766348838806152, 1.0634894371032715, 1.051795482635498, 1.0413254499435425, 1.0291858911514282, 1.022226095199585, 1.0133951902389526, 1.0024967193603516, 0.996436357498169, 0.9888226389884949, 0.9791330099105835, 0.9715450406074524, 0.9652078747749329, 0.9560410976409912, 0.9481169581413269, 0.9413506984710693, 0.9327162504196167, 0.9259597659111023, 0.9195143580436707, 0.914152979850769, 0.9054940342903137, 0.8982596397399902, 0.8893577456474304, 0.8836295008659363, 0.8767958283424377, 0.8709633350372314, 0.8616073131561279, 0.8559308052062988, 0.849269688129425, 0.8414055705070496, 0.8343274593353271, 0.8282870054244995, 0.8226218819618225, 0.8146516680717468, 0.8083683252334595, 0.8006818890571594, 0.7950905561447144, 0.7877898812294006, 0.7805862426757812, 0.7728219032287598, 0.7675133347511292, 0.7629726529121399, 0.7532365918159485, 0.7455461025238037, 0.7380732297897339, 0.7312968373298645, 0.7259007692337036, 0.7156014442443848, 0.7101247310638428, 0.7024698853492737, 0.6959208250045776, 0.6873922348022461, 0.6800611615180969, 0.6720273494720459, 0.6663975119590759, 0.6572997570037842, 0.6498864889144897, 0.6429551839828491, 0.6358479857444763, 0.6296841502189636, 0.6213635802268982, 0.6127191781997681, 0.6091756820678711, 0.6017941236495972, 0.5932667255401611, 0.5869112014770508, 0.5813082456588745, 0.5717076659202576, 0.5668808221817017, 0.5599976181983948, 0.5517069697380066, 0.5430507659912109, 0.5359293222427368, 0.5290576815605164, 0.522167980670929, 0.515229344367981, 0.5084950923919678, 0.5022176504135132, 0.4964350163936615, 0.48838385939598083, 0.48036646842956543, 0.47555315494537354, 0.46897146105766296, 0.46371811628341675, 0.4588194489479065, 0.4514114260673523, 0.4445663094520569, 0.4402156472206116, 0.4349380135536194, 0.4294833242893219, 0.42560839653015137, 0.42000094056129456, 0.41633445024490356, 0.40938448905944824, 0.4038226902484894, 0.4009087085723877, 0.3968545198440552, 0.3928173780441284, 0.3871951103210449, 0.3847452700138092, 0.3787347376346588, 0.3754782974720001, 0.3725050389766693, 0.3700466454029083, 0.36516350507736206, 0.36324992775917053, 0.3584584593772888, 0.354356586933136, 0.3510794937610626, 0.3479887843132019, 0.3462710976600647, 0.34212490916252136, 0.3390957713127136, 0.3378395438194275, 0.3344709575176239, 0.33183830976486206, 0.3299109637737274, 0.3283296525478363, 0.3239865303039551, 0.32314532995224, 0.32053613662719727, 0.31747275590896606, 0.31590452790260315, 0.31431958079338074, 0.3129713237285614, 0.311028391122818, 0.30907395482063293, 0.3075697124004364, 0.305931955575943, 0.3032210171222687, 0.3015923500061035, 0.29989635944366455, 0.299236536026001, 0.2980312407016754, 0.2956443727016449, 0.293599009513855, 0.29341912269592285, 0.29265135526657104, 0.2908872663974762, 0.2899535894393921, 0.28947126865386963, 0.28590667247772217, 0.28535395860671997, 0.28563931584358215, 0.28498512506484985, 0.2842114269733429, 0.2816116213798523, 0.28111621737480164, 0.2781127691268921, 0.27923455834388733, 0.27727314829826355, 0.27725252509117126, 0.2756795883178711, 0.2747592031955719, 0.2741715908050537, 0.27406424283981323, 0.27176788449287415, 0.271623820066452, 0.27057331800460815, 0.2701099216938019, 0.270388662815094, 0.2685054540634155, 0.26875370740890503, 0.26765885949134827, 0.26746848225593567, 0.2651391327381134, 0.2647823393344879, 0.2642275393009186, 0.2635636627674103, 0.2619476318359375, 0.2628493309020996, 0.2617641091346741, 0.26131290197372437, 0.26085785031318665, 0.2589263319969177, 0.25926223397254944, 0.2586003243923187, 0.25778284668922424, 0.25756558775901794],