{"n_parameters": 267393, "training_time": 3108.4856386184692, "loss": [3.262681484222412, 2.6975810527801514, 2.660658597946167, 2.6232550144195557, 2.6116507053375244, 2.603180408477783, 2.5941531658172607, 2.5762455463409424, 2.570432662963867, 2.5647404193878174, 2.546821117401123, 2.5325963497161865, 2.514451503753662, 2.499105453491211, 2.4844839572906494, 2.455817937850952, 2.4343345165252686, 2.3981964588165283, 2.3612589836120605, 2.3255321979522705, 2.284998893737793, 2.242762327194214, 2.194131851196289, 2.1457293033599854, 2.1059930324554443, 2.0617027282714844, 2.0278329849243164, 1.9921172857284546, 1.9653130769729614, 1.9250739812850952, 1.9107941389083862, 1.886216402053833, 1.8547025918960571, 1.8248100280761719, 1.8199007511138916, 1.7858986854553223, 1.7752487659454346], "rmse": [1.772384762763977, 1.621778964996338, 1.6111059188842773, 1.5993269681930542, 1.5960330963134766, 1.5932270288467407, 1.5889681577682495, 1.5850104093551636, 1.5826956033706665, 1.5815058946609497, 1.5759233236312866, 1.5705304145812988, 1.5656287670135498, 1.560164213180542, 1.555687665939331, 1.5477030277252197, 1.540073275566101, 1.5290610790252686, 1.5169880390167236, 1.5057616233825684, 1.491167664527893, 1.4772452116012573, 1.4616068601608276, 1.4447269439697266, 1.4316760301589966, 1.4162256717681885, 1.4035683870315552, 1.3915904760360718, 1.3821734189987183, 1.3673666715621948, 1.3631365299224854, 1.3556236028671265, 1.3437479734420776, 1.3319274187088013, 1.331424355506897, 1.3186694383621216, 1.3140869140625], "val_loss": [2.5340018272399902, 2.507272481918335, 2.484544038772583, 2.4761250019073486, 2.4732894897460938, 2.466946840286255, 2.4592745304107666, 2.452719211578369, 2.4432129859924316, 2.4331748485565186, 2.4208898544311523, 2.4070215225219727, 2.388385057449341, 2.3692057132720947, 2.338505744934082, 2.3035600185394287, 2.2758448123931885, 2.226013422012329, 2.1879501342773438, 2.1288180351257324, 2.0816073417663574, 2.0213735103607178, 1.982680082321167, 1.926155686378479, 1.8922594785690308, 1.8672535419464111, 1.8385974168777466, 1.8126177787780762, 1.832617163658142, 1.8094236850738525, 1.8269712924957275, 1.7966020107269287, 1.8125295639038086, 1.8276222944259644, 1.822802186012268, 1.813686490058899, 1.8002351522445679], "val_rmse": [1.5677870512008667, 1.5594252347946167, 1.552141785621643, 1.5494635105133057, 1.5487734079360962, 1.546849012374878, 1.5443787574768066, 1.5423728227615356, 1.53945791721344, 1.5361664295196533, 1.532304048538208, 1.5278674364089966, 1.5218961238861084, 1.5156103372573853, 1.5056427717208862, 1.4942830801010132, 1.4850184917449951, 1.4686604738235474, 1.455863356590271, 1.4359862804412842, 1.4196966886520386, 1.3991233110427856, 1.385292887687683, 1.3655756711959839, 1.3538426160812378, 1.3450510501861572, 1.3353691101074219, 1.3262566328048706, 1.3341079950332642, 1.3261053562164307, 1.3329843282699585, 1.3219213485717773, 1.3284289836883545, 1.3341047763824463, 1.3324072360992432, 1.3293943405151367, 1.3245277404785156]}