{"n_parameters": 336913, "training_time": 17594.66661953926, "loss": [2.342984914779663, 2.1491446495056152, 1.9818289279937744, 1.818009376525879, 1.664136290550232, 1.5368906259536743, 1.4276314973831177, 1.3392393589019775, 1.2648075819015503, 1.2083137035369873, 1.1630570888519287, 1.1277508735656738, 1.0970189571380615, 1.0705403089523315, 1.0461325645446777, 1.0249511003494263, 1.0060116052627563, 0.9858492612838745, 0.9679135680198669, 0.9497407078742981, 0.9300562143325806, 0.9098649621009827, 0.8933805227279663, 0.8746222257614136, 0.8541575074195862, 0.8369445204734802, 0.8199074268341064, 0.8037165999412537, 0.7848883271217346, 0.7695783972740173, 0.7527931332588196, 0.737009584903717, 0.7234037518501282, 0.7072089314460754, 0.6926604509353638, 0.6798480749130249, 0.662833571434021, 0.6507200002670288, 0.6377384662628174, 0.6258665323257446, 0.6152034997940063, 0.6027233600616455, 0.5935012698173523, 0.5798590779304504, 0.5680363774299622, 0.5586685538291931, 0.5483666658401489, 0.5387434959411621, 0.5285789370536804, 0.5219589471817017, 0.510948896408081, 0.5034047365188599, 0.4953683018684387, 0.48695123195648193, 0.4796338677406311, 0.47317197918891907, 0.4658758342266083, 0.4581914246082306, 0.4534260034561157, 0.4467966854572296, 0.43954384326934814, 0.4344289302825928, 0.42601504921913147, 0.421673983335495, 0.4175131618976593, 0.40999847650527954, 0.40786582231521606, 0.4027045667171478, 0.39842188358306885, 0.39260002970695496, 0.38948601484298706, 0.3844274878501892, 0.3800095021724701, 0.37643909454345703, 0.37430882453918457, 0.3687291443347931, 0.3657095432281494, 0.3626722991466522, 0.35929563641548157, 0.354263037443161, 0.35217154026031494, 0.3470495045185089, 0.3466073274612427, 0.3419162929058075, 0.34063902497291565, 0.3358813524246216, 0.33372557163238525, 0.33457228541374207, 0.329479455947876, 0.3280378580093384, 0.3220418691635132, 0.32155531644821167, 0.3174455165863037, 0.31680747866630554, 0.3141970932483673, 0.3118956983089447, 0.31052911281585693, 0.3087126314640045, 0.3075709640979767, 0.3051499128341675, 0.3031214475631714, 0.3005073070526123, 0.2974822521209717, 0.29774659872055054, 0.29458147287368774, 0.2940138280391693, 0.29313504695892334, 0.2927091717720032, 0.28682848811149597, 0.28569990396499634, 0.2875463366508484, 0.28381338715553284, 0.2807183563709259, 0.2815127372741699, 0.27920612692832947, 0.27812689542770386, 0.27520447969436646, 0.27364233136177063, 0.2743311822414398, 0.27257850766181946, 0.270939439535141, 0.2708144187927246, 0.26904457807540894, 0.2673754394054413, 0.26642972230911255, 0.2653948962688446, 0.2642424404621124, 0.26489296555519104, 0.2620851993560791, 0.26059094071388245, 0.2596091032028198, 0.2599215507507324, 0.2588368356227875, 0.2575545310974121, 0.2564091682434082, 0.25480425357818604, 0.25527167320251465, 0.2528218626976013, 0.2538827657699585, 0.25112053751945496, 0.252089262008667, 0.2501671314239502, 0.2488238513469696, 0.24865160882472992, 0.24716757237911224, 0.24729086458683014, 0.24618032574653625, 0.24511770904064178, 0.24541595578193665, 0.24485592544078827, 0.24417579174041748, 0.2418658435344696, 0.24171531200408936, 0.24215973913669586, 0.23994410037994385, 0.23839616775512695, 0.2401285618543625, 0.23931503295898438, 0.23935507237911224, 0.23739798367023468, 0.235683411359787, 0.23579630255699158, 0.23626229166984558, 0.23458720743656158, 0.23372089862823486, 0.23229598999023438, 0.23163968324661255, 0.23020392656326294, 0.2313903272151947, 0.2300875335931778], "rmse": [1.5097535848617554, 1.4449834823608398, 1.3865805864334106, 1.3274744749069214, 1.2696566581726074, 1.2197679281234741, 1.1757466793060303, 1.1398769617080688, 1.107767939567566, 1.0840115547180176, 1.063244342803955, 1.0477217435836792, 1.0336086750030518, 1.0207914113998413, 1.009738802909851, 0.9993318915367126, 0.9906800985336304, 0.9807451367378235, 0.9720073938369751, 0.9625115990638733, 0.9520896673202515, 0.9427902698516846, 0.9346269369125366, 0.9238916039466858, 0.9132327437400818, 0.9041244387626648, 0.8949931263923645, 0.8868264555931091, 0.875503659248352, 0.8672098517417908, 0.8581290245056152, 0.8491396903991699, 0.8415001630783081, 0.8316552042961121, 0.8228482604026794, 0.815609872341156, 0.805051326751709, 0.7979784607887268, 0.7897466421127319, 0.7820470333099365, 0.7751492857933044, 0.7675380110740662, 0.7617930769920349, 0.7528476119041443, 0.7449988722801208, 0.739199161529541, 0.7322829365730286, 0.7261521220207214, 0.7187641263008118, 0.7143749594688416, 0.7070200443267822, 0.7015685439109802, 0.6962336897850037, 0.6902955174446106, 0.6848600506782532, 0.6798142194747925, 0.674778938293457, 0.6695277690887451, 0.6655851006507874, 0.6611343026161194, 0.6552690267562866, 0.6514460444450378, 0.6453806757926941, 0.6421765685081482, 0.6387119889259338, 0.63265460729599, 0.6315720081329346, 0.6274113059043884, 0.6243568062782288, 0.619637131690979, 0.6173640489578247, 0.6129568219184875, 0.6094144582748413, 0.6065433621406555, 0.6047267913818359, 0.6005570292472839, 0.5978384017944336, 0.5951799154281616, 0.5923988223075867, 0.5887818336486816, 0.5870668888092041, 0.5823552012443542, 0.5820767879486084, 0.5780856609344482, 0.5769308805465698, 0.5730306506156921, 0.5715190172195435, 0.5722492337226868, 0.5672109127044678, 0.566180944442749, 0.5614901781082153, 0.5606105923652649, 0.5569143295288086, 0.5566473603248596, 0.5542028546333313, 0.5521832704544067, 0.5508080124855042, 0.5496026873588562, 0.5484423637390137, 0.5462449193000793, 0.5442366003990173, 0.5420768857002258, 0.5393587946891785, 0.5392570495605469, 0.5364441871643066, 0.536088228225708, 0.535272479057312, 0.5346986055374146, 0.529216468334198, 0.5285523533821106, 0.5301609039306641, 0.5265027284622192, 0.5235408544540405, 0.5245622992515564, 0.5227085947990417, 0.5215175151824951, 0.5188046097755432, 0.5173073410987854, 0.517600417137146, 0.5161176323890686, 0.5142970681190491, 0.5142958760261536, 0.5126611590385437, 0.5110327005386353, 0.509874701499939, 0.509272038936615, 0.5081426501274109, 0.5089186429977417, 0.5060543417930603, 0.5046243071556091, 0.503612220287323, 0.5038034915924072, 0.5025563836097717, 0.5014879107475281, 0.5003343820571899, 0.49919310212135315, 0.49950847029685974, 0.49717092514038086, 0.49796974658966064, 0.495271235704422, 0.4961980879306793, 0.4942183494567871, 0.4930213391780853, 0.49283766746520996, 0.4915615916252136, 0.49146994948387146, 0.4903694689273834, 0.4894431233406067, 0.4897293448448181, 0.48886966705322266, 0.4884782135486603, 0.4860953092575073, 0.4857907295227051, 0.48628681898117065, 0.4838111996650696, 0.482418417930603, 0.4841303825378418, 0.483320415019989, 0.48347219824790955, 0.4812391400337219, 0.47970086336135864, 0.47995245456695557, 0.4800788164138794, 0.4783850312232971, 0.47766897082328796, 0.4760994017124176, 0.47558996081352234, 0.4742407500743866, 0.4750717580318451, 0.4741861820220947],