{"n_parameters": 402513, "training_time": 23763.329391479492, "loss": [3.2584898471832275, 2.6732277870178223, 2.5142862796783447, 2.450862407684326, 2.4055914878845215, 2.3667044639587402, 2.3277885913848877, 2.282052516937256, 2.236118793487549, 2.181833028793335, 2.110600709915161, 2.0384724140167236, 1.9420517683029175, 1.8536694049835205, 1.7688214778900146, 1.7010819911956787, 1.647365689277649, 1.5989583730697632, 1.557064175605774, 1.5241888761520386, 1.4901862144470215, 1.4653340578079224, 1.4369016885757446, 1.4176031351089478, 1.395352840423584, 1.3749923706054688, 1.3609421253204346, 1.3462390899658203, 1.3304698467254639, 1.3178950548171997, 1.3041306734085083, 1.2919282913208008, 1.28055739402771, 1.2662640810012817, 1.2600500583648682, 1.245383620262146, 1.2329281568527222, 1.2223289012908936, 1.2117342948913574, 1.1996976137161255, 1.1906993389129639, 1.1825443506240845, 1.1751935482025146, 1.159413456916809, 1.1483304500579834, 1.1395140886306763, 1.1299570798873901, 1.1205716133117676, 1.1134532690048218, 1.1000394821166992, 1.0926553010940552, 1.079116702079773, 1.0668467283248901, 1.062610149383545, 1.049532175064087, 1.0461606979370117, 1.0343759059906006, 1.0239819288253784, 1.0130153894424438, 1.0027185678482056, 0.9982346296310425, 0.9874657392501831, 0.9750455021858215, 0.9708881378173828, 0.9583255052566528, 0.9537532925605774, 0.9465000629425049, 0.9379539489746094, 0.9274709224700928, 0.9226298332214355, 0.9137349724769592, 0.9049214720726013, 0.8993080258369446, 0.8897198438644409, 0.8880560398101807, 0.8800449371337891, 0.8737280964851379, 0.8681334257125854, 0.8597602248191833, 0.851961612701416, 0.8458501100540161, 0.8403543829917908, 0.8336472511291504, 0.8253486156463623, 0.8191048502922058, 0.8132472038269043, 0.8088515400886536, 0.8050302863121033, 0.8006648421287537, 0.7902250289916992, 0.7873800992965698, 0.7824046015739441, 0.7735130786895752, 0.7676171064376831, 0.7637737989425659, 0.758562445640564, 0.7522393465042114, 0.7475111484527588, 0.7414952516555786, 0.7355700135231018, 0.7308810949325562, 0.7279059290885925, 0.7214637398719788, 0.7135507464408875, 0.7104935050010681, 0.7051358819007874, 0.6991266012191772, 0.6952766180038452, 0.6874161958694458, 0.6845206618309021, 0.6789891123771667, 0.6732242107391357, 0.6705906391143799, 0.6653666496276855, 0.6597596406936646, 0.654487133026123, 0.6499612927436829, 0.6453829407691956, 0.6376327872276306, 0.635837972164154, 0.6314772367477417, 0.6279653310775757, 0.6226330399513245, 0.6187065243721008, 0.6107490062713623, 0.6094589233398438, 0.603576123714447, 0.6013203263282776, 0.5907410383224487, 0.5931726098060608, 0.5844802856445312, 0.5823001861572266, 0.5776054263114929, 0.5722159743309021, 0.5657376050949097, 0.5637269616127014, 0.5662084221839905, 0.5522425770759583, 0.5526922941207886, 0.549727737903595, 0.5436681509017944, 0.5394137501716614, 0.5346759557723999, 0.5301608443260193, 0.5271955132484436, 0.524615466594696, 0.5227802991867065, 0.5185423493385315, 0.513213574886322, 0.5069775581359863, 0.5075042247772217, 0.5021458268165588, 0.500645101070404, 0.496086448431015, 0.49153727293014526, 0.4904879033565521, 0.48167723417282104, 0.4825937747955322, 0.47938114404678345, 0.47230350971221924, 0.47457027435302734, 0.46688443422317505, 0.46290963888168335, 0.46195825934410095, 0.45820415019989014, 0.45654159784317017, 0.45410749316215515, 0.45117470622062683, 0.44653061032295227, 0.44523337483406067, 0.4426077902317047, 0.43944883346557617, 0.4354928433895111, 0.43620187044143677, 0.43246740102767944, 0.42940548062324524, 0.42497679591178894, 0.4239075779914856, 0.4218193292617798, 0.41765257716178894, 0.41663986444473267, 0.41707777976989746, 0.4124769866466522, 0.4101450741291046, 0.4065110683441162, 0.404254287481308, 0.40493541955947876, 0.4024447202682495, 0.3999721109867096, 0.3990975618362427, 0.3937382102012634, 0.390847384929657, 0.3915444016456604, 0.3900144696235657, 0.38705649971961975, 0.38594314455986023, 0.38471850752830505, 0.3842464089393616, 0.38100332021713257, 0.376495897769928, 0.37777772545814514, 0.37688326835632324, 0.3771005868911743, 0.3737609088420868, 0.36974242329597473, 0.36980298161506653, 0.3691011667251587, 0.3662087321281433, 0.36388668417930603, 0.36296796798706055, 0.3627083897590637, 0.3590165078639984, 0.3583706319332123],