{"n_parameters": 294257, "training_time": 16929.359655857086, "loss": [2.5054590702056885, 2.4622251987457275, 2.446289539337158, 2.4279396533966064, 2.4034547805786133, 2.381633996963501, 2.3453993797302246, 2.294858932495117, 2.224667549133301, 2.1362993717193604, 2.0309829711914062, 1.917170524597168, 1.8219972848892212, 1.7521406412124634, 1.707268476486206, 1.6695733070373535, 1.6472463607788086, 1.6296629905700684, 1.6177566051483154, 1.5994038581848145, 1.5915179252624512, 1.5790362358093262, 1.559709072113037, 1.5542916059494019, 1.5435975790023804, 1.5273032188415527, 1.5218514204025269, 1.5089412927627563, 1.5022475719451904, 1.4877748489379883, 1.4762219190597534, 1.4684504270553589, 1.4521126747131348, 1.4457429647445679, 1.4341983795166016, 1.4232908487319946, 1.4119868278503418, 1.3996496200561523, 1.387868881225586, 1.3775546550750732, 1.365968108177185, 1.3590399026870728, 1.349576711654663, 1.337462306022644, 1.3288323879241943, 1.3178294897079468, 1.3047388792037964, 1.3027255535125732, 1.2872051000595093, 1.2775540351867676, 1.2680057287216187, 1.257755994796753, 1.2500402927398682, 1.2379275560379028, 1.2232813835144043, 1.2144945859909058, 1.1963386535644531, 1.1886807680130005, 1.1830147504806519, 1.172365427017212, 1.1612153053283691, 1.1440386772155762, 1.1307264566421509, 1.122115135192871, 1.1112819910049438, 1.1015907526016235, 1.0879464149475098, 1.074791431427002, 1.0642343759536743, 1.0512851476669312, 1.0400358438491821, 1.0240304470062256, 1.0157537460327148, 1.0082838535308838, 0.992641806602478, 0.9833951592445374, 0.9738548994064331, 0.9606576561927795, 0.9505425095558167, 0.9366546869277954, 0.9295319318771362, 0.924813449382782, 0.9149543046951294, 0.912031352519989, 0.8990476131439209, 0.884955108165741, 0.8849390745162964, 0.8745036125183105, 0.8658063411712646, 0.8605977296829224, 0.8529751896858215, 0.8442881107330322, 0.8406949043273926, 0.8333109021186829, 0.8253097534179688, 0.8202136158943176, 0.8131863474845886, 0.8048487305641174, 0.8010464906692505, 0.7957119941711426, 0.7891291379928589, 0.7802454829216003, 0.7738046050071716, 0.7734466791152954, 0.7607778310775757, 0.7543007731437683, 0.7522168159484863, 0.7423459887504578, 0.7407020926475525, 0.7352045774459839, 0.7240571975708008, 0.7168985605239868, 0.7096830606460571, 0.7028110027313232, 0.7032877802848816, 0.6966599822044373, 0.684546947479248, 0.6791017651557922, 0.6721585392951965, 0.6709662675857544, 0.6618696451187134, 0.6567198634147644, 0.6467583775520325, 0.6369808316230774, 0.6340586543083191, 0.6259154677391052, 0.6180314421653748, 0.6194263100624084, 0.6088945269584656, 0.599883496761322, 0.5994541645050049, 0.5937178134918213, 0.5855443477630615, 0.5844763517379761, 0.5794974565505981, 0.5695011019706726, 0.567487895488739, 0.561678409576416, 0.5541527271270752, 0.550612211227417, 0.5471222996711731, 0.5447821617126465, 0.535280168056488, 0.5300353169441223, 0.5299007892608643, 0.5191476345062256, 0.5222379565238953, 0.5147554278373718, 0.5133655071258545, 0.5068269968032837, 0.5015892386436462, 0.5011690258979797, 0.4975363612174988, 0.489351749420166, 0.4901100993156433, 0.4841412305831909, 0.48290595412254333, 0.47748661041259766, 0.47781774401664734, 0.47161099314689636, 0.47366616129875183, 0.46587905287742615, 0.4635148346424103, 0.4639631509780884, 0.4605335295200348, 0.4560365378856659, 0.4547845423221588, 0.4508611261844635, 0.4465216100215912, 0.4506818950176239, 0.4435826539993286, 0.44182097911834717, 0.4421876072883606, 0.43633297085762024, 0.43244460225105286, 0.4350561797618866, 0.43216952681541443, 0.4332024157047272, 0.4305245578289032, 0.4264962077140808, 0.4242648482322693, 0.4229000508785248, 0.41909128427505493, 0.4154323637485504, 0.41604194045066833, 0.41476011276245117, 0.41588646173477173, 0.40879499912261963, 0.40847331285476685, 0.4070286154747009, 0.40264078974723816, 0.4019638001918793, 0.39883166551589966, 0.4016611874103546, 0.402732253074646, 0.3985109031200409, 0.39945563673973083], "rmse": [1.5617172718048096, 1.548154354095459, 1.5439988374710083, 1.5375125408172607, 1.529632329940796, 1.5232839584350586, 1.511866807937622, 1.4950026273727417, 1.471786618232727, 1.4417691230773926, 1.4052045345306396, 1.3649134635925293, 1.330851435661316, 1.3042575120925903, 1.2876594066619873, 1.2744927406311035, 1.2657359838485718, 1.2593774795532227, 1.2554235458374023, 1.2475448846817017, 1.2444921731948853, 1.2402881383895874, 1.232481598854065, 1.229956865310669, 1.225596308708191, 1.2194398641586304, 1.2175371646881104, 1.2119531631469727, 1.2097116708755493, 1.2041430473327637, 1.1988550424575806, 1.1954104900360107, 1.1891136169433594, 1.1869264841079712, 1.1814900636672974, 1.1772369146347046, 1.172363519668579, 1.1672923564910889, 1.1623166799545288, 1.1578965187072754, 1.152958631515503, 1.1498188972473145, 1.1465132236480713, 1.1404905319213867, 1.1372365951538086, 1.1318989992141724, 1.1269960403442383, 1.1254539489746094, 1.1192036867141724, 1.1154388189315796, 1.1104357242584229, 1.1058180332183838, 1.1027991771697998, 1.097749948501587, 1.0901907682418823, 1.0869665145874023, 1.07780921459198, 1.0747147798538208, 1.0729111433029175, 1.0672417879104614, 1.0619454383850098, 1.0539482831954956, 1.0465476512908936, 1.0433478355407715, 1.03797447681427, 1.0335566997528076, 1.0273056030273438, 1.0206832885742188, 1.0156351327896118, 1.0095974206924438, 1.0031771659851074, 0.9949946403503418, 0.9914158582687378, 0.9872820377349854, 0.9792838096618652, 0.9744678735733032, 0.9700512886047363, 0.9632084369659424, 0.9577226638793945, 0.9511211514472961, 0.9466574192047119, 0.9444893002510071, 0.9390098452568054, 0.9382743239402771, 0.9310209155082703, 0.9240015149116516, 0.9234201908111572, 0.9182676076889038, 0.9137771129608154, 0.9105944633483887, 0.9067303538322449, 0.9016498327255249, 0.8998460173606873, 0.895802915096283, 0.8916900753974915, 0.8875381350517273, 0.8857326507568359, 0.8800369501113892, 0.8783971071243286, 0.8750349283218384, 0.8718243837356567, 0.866737425327301, 0.8633788228034973, 0.8627916574478149, 0.8564350008964539, 0.851955235004425, 0.8506746888160706, 0.8448712825775146, 0.8444927930831909, 0.841523289680481, 0.8347679972648621, 0.830332338809967, 0.8264365792274475, 0.8229426741600037, 0.8232195377349854, 0.8188257813453674, 0.8121684193611145, 0.8086850643157959, 0.8048003911972046, 0.8034407496452332, 0.7989259362220764, 0.7952704429626465, 0.7897965908050537, 0.7839144468307495, 0.7813688516616821, 0.7770106196403503, 0.7717869281768799, 0.7728071212768555, 0.7668486833572388, 0.7604600787162781, 0.7603864669799805, 0.756571352481842, 0.7517208456993103, 0.7507860064506531, 0.74797123670578, 0.7415048480033875, 0.7405437231063843, 0.7364837527275085, 0.7319656014442444, 0.7289895415306091, 0.7269655466079712, 0.7250147461891174, 0.7187754511833191, 0.7155638337135315, 0.7147573232650757, 0.7081942558288574, 0.7099594473838806, 0.7052372097969055, 0.704142689704895, 0.7000220417976379, 0.6959306597709656, 0.6964601278305054, 0.693341851234436, 0.6882201433181763, 0.6880124807357788, 0.6843114495277405, 0.6829550862312317, 0.679430365562439, 0.6793988943099976, 0.6752007603645325, 0.6763301491737366, 0.6707465648651123, 0.6696546077728271, 0.6697906255722046, 0.6673539876937866, 0.6640939116477966, 0.6628880500793457, 0.6602575182914734, 0.6569806933403015, 0.6598576903343201, 0.655563473701477, 0.653516411781311, 0.6541082262992859, 0.6491140723228455, 0.6471196413040161, 0.6486820578575134, 0.6464188098907471, 0.6475204825401306, 0.645490288734436, 0.6418783664703369, 0.6406358480453491, 0.6397507786750793, 0.6362931132316589, 0.6342266798019409, 0.6348761916160583, 0.6331251859664917, 0.6339309215545654, 0.6288239359855652, 0.6283633708953857, 0.6275765895843506, 0.6238128542900085, 0.6236087083816528, 0.6213600635528564, 0.623124361038208, 0.6240131258964539, 0.6207115650177002, 0.6220164895057678],