{"n_parameters": 321041, "training_time": 20350.2123773098, "loss": [2.872570276260376, 2.5488810539245605, 2.4921977519989014, 2.440997838973999, 2.3864567279815674, 2.3354477882385254, 2.2829947471618652, 2.2377145290374756, 2.1699578762054443, 2.1101832389831543, 2.041731595993042, 1.9682317972183228, 1.9014090299606323, 1.822456955909729, 1.7560234069824219, 1.6908113956451416, 1.624587059020996, 1.5668609142303467, 1.5233427286148071, 1.4731756448745728, 1.4412870407104492, 1.4151241779327393, 1.3872348070144653, 1.3597477674484253, 1.3372794389724731, 1.3195595741271973, 1.2942557334899902, 1.2831950187683105, 1.2683866024017334, 1.2530220746994019, 1.2418845891952515, 1.2323057651519775, 1.217903971672058, 1.2062442302703857, 1.1958396434783936, 1.1922268867492676, 1.1810506582260132, 1.1693800687789917, 1.164259672164917, 1.1522306203842163, 1.1451396942138672, 1.1375974416732788, 1.1345691680908203, 1.1230911016464233, 1.1086169481277466, 1.105714201927185, 1.0999720096588135, 1.08690345287323, 1.083702564239502, 1.07675039768219, 1.069182276725769, 1.0608774423599243, 1.0532230138778687, 1.0472930669784546, 1.043129801750183, 1.0332930088043213, 1.0225142240524292, 1.0184752941131592, 1.0118486881256104, 1.0008821487426758, 0.9991418719291687, 0.9889059662818909, 0.9790089130401611, 0.9728569388389587, 0.9635657072067261, 0.9571862816810608, 0.9489463567733765, 0.9406705498695374, 0.936906635761261, 0.9293710589408875, 0.9174084663391113, 0.9094665050506592, 0.904755175113678, 0.8940000534057617, 0.8909426927566528, 0.8781655430793762, 0.8671813011169434, 0.8638336658477783, 0.8513216972351074, 0.8457125425338745, 0.8365063667297363, 0.823499321937561, 0.8178134560585022, 0.8107832074165344, 0.7994884848594666, 0.7902172207832336, 0.7793497443199158, 0.7743234038352966, 0.7661097645759583, 0.7556121945381165, 0.7454243898391724, 0.7393204569816589, 0.729479193687439, 0.7250422239303589, 0.7153242230415344, 0.7046132683753967, 0.6990229487419128, 0.6920492053031921, 0.6831648349761963, 0.6743520498275757, 0.6680160164833069, 0.6606887578964233, 0.6499605774879456, 0.6438252329826355, 0.6410524845123291, 0.6330085396766663, 0.6270305514335632, 0.6183050274848938, 0.6129025220870972, 0.6035446524620056, 0.602314293384552, 0.5963698625564575, 0.5897214412689209, 0.5837894678115845, 0.5769401788711548, 0.5724606513977051, 0.5669281482696533, 0.5603504180908203, 0.5529897212982178, 0.5478010177612305, 0.5443841814994812, 0.5413517951965332, 0.5344051718711853, 0.5284849405288696, 0.5245758295059204, 0.5208545327186584, 0.5169532299041748, 0.5129565000534058, 0.5100805163383484, 0.5047159790992737, 0.5001603364944458, 0.4968043863773346, 0.4930765926837921, 0.4903753399848938, 0.48464691638946533, 0.4829274117946625, 0.4774357080459595, 0.47493264079093933, 0.4739035964012146, 0.470019668340683, 0.4667458236217499, 0.4634619951248169, 0.46023353934288025, 0.45797285437583923, 0.45521724224090576, 0.45346131920814514, 0.4500875174999237, 0.4479566812515259, 0.44437503814697266, 0.4436641037464142, 0.44169798493385315, 0.43606340885162354, 0.43657368421554565, 0.43519318103790283, 0.4302230477333069, 0.42598405480384827, 0.4235261082649231, 0.42374736070632935, 0.42020848393440247, 0.4197644591331482, 0.41735973954200745, 0.41351401805877686, 0.4127783477306366, 0.4097147285938263, 0.4116903841495514, 0.4087144732475281, 0.40432989597320557, 0.4016503393650055, 0.39774075150489807, 0.399408221244812, 0.39833441376686096, 0.39608168601989746, 0.39516815543174744, 0.3917693793773651, 0.3913719058036804, 0.3868194818496704, 0.3896065652370453, 0.38497039675712585, 0.3869799077510834, 0.38276639580726624, 0.38108211755752563, 0.3803060054779053, 0.37788039445877075, 0.3773719370365143, 0.37311598658561707, 0.3731437623500824, 0.3720126748085022, 0.368613064289093, 0.36795803904533386, 0.3684191405773163, 0.3654881417751312, 0.3659166693687439, 0.3651236593723297, 0.36007580161094666, 0.36165037751197815, 0.3600558936595917, 0.3583458662033081, 0.35687991976737976, 0.3562965989112854, 0.35509344935417175, 0.3530697524547577, 0.3532036542892456, 0.35251355171203613, 0.35196202993392944, 0.34710150957107544, 0.3508225381374359, 0.3470251262187958, 0.3476794958114624, 0.3454340398311615, 0.3440089523792267, 0.3429168462753296, 0.3427790105342865, 0.34006863832473755, 0.34149980545043945, 0.33829835057258606, 0.33850258588790894, 0.33820515871047974, 0.3354106843471527, 0.3355540335178375, 0.3347657322883606, 0.3337731957435608, 0.33170777559280396, 0.33045366406440735, 0.32999682426452637, 0.3281839191913605, 0.32765012979507446, 0.32869353890419006, 0.3254924714565277, 0.3263785243034363, 0.32393303513526917, 0.32186225056648254, 0.32219579815864563, 0.3219718933105469],