{"n_parameters": 299857, "training_time": 13281.819856643677, "loss": [2.4997081756591797, 2.4321541786193848, 2.372924566268921, 2.2998945713043213, 2.2108683586120605, 2.097076416015625, 1.9727071523666382, 1.8477624654769897, 1.7369351387023926, 1.6653553247451782, 1.6105762720108032, 1.5766443014144897, 1.542611002922058, 1.5200148820877075, 1.4960148334503174, 1.476353406906128, 1.4582175016403198, 1.439832329750061, 1.426106333732605, 1.406847357749939, 1.3896015882492065, 1.3771448135375977, 1.3634579181671143, 1.345047116279602, 1.3352415561676025, 1.3221104145050049, 1.3030195236206055, 1.2934095859527588, 1.282510757446289, 1.266438364982605, 1.2568608522415161, 1.2432184219360352, 1.234061360359192, 1.2212210893630981, 1.2075217962265015, 1.1932684183120728, 1.1858330965042114, 1.1681897640228271, 1.1598665714263916, 1.143763780593872, 1.1411806344985962, 1.1255004405975342, 1.1189961433410645, 1.1086599826812744, 1.0942448377609253, 1.0858194828033447, 1.076033115386963, 1.066679835319519, 1.0529301166534424, 1.0438450574874878, 1.0278915166854858, 1.0223621129989624, 1.015804648399353, 0.996845006942749, 0.9857473969459534, 0.9807195663452148, 0.9657864570617676, 0.9544283151626587, 0.9457184076309204, 0.9358007907867432, 0.921760082244873, 0.9125764966011047, 0.903479278087616, 0.8929280638694763, 0.8802322149276733, 0.8687921762466431, 0.8640589118003845, 0.8498241305351257, 0.8375481963157654, 0.8295204043388367, 0.8198707103729248, 0.8055952787399292, 0.7990471124649048, 0.7882373929023743, 0.7778484225273132, 0.7678478956222534, 0.7599272131919861, 0.7517534494400024, 0.7416707873344421, 0.734776496887207, 0.7269514799118042, 0.7197697758674622, 0.7102009057998657, 0.7004461884498596, 0.6944223642349243, 0.6885225176811218, 0.6823825240135193, 0.6777908205986023, 0.6695510745048523, 0.6605514287948608, 0.6543681025505066, 0.6455687880516052, 0.6422754526138306, 0.6371059417724609, 0.6345067024230957, 0.627162754535675, 0.6213818788528442, 0.6180911660194397, 0.6120935678482056, 0.6068724989891052, 0.6012803316116333, 0.5945437550544739, 0.5921196341514587, 0.5873081684112549, 0.5816584825515747, 0.5795743465423584, 0.5744310617446899, 0.5678791403770447, 0.5672467947006226, 0.5609030723571777, 0.5595577359199524, 0.55424964427948, 0.5478554964065552, 0.5445593595504761, 0.542206346988678, 0.5384007692337036, 0.5365111827850342, 0.5309388041496277, 0.5276503562927246, 0.5249544978141785, 0.5197019577026367, 0.5182344317436218, 0.5120315551757812, 0.5117060542106628, 0.5088234543800354, 0.5004256963729858, 0.4963620901107788, 0.4959823191165924, 0.49236950278282166, 0.4882422387599945, 0.4880140423774719, 0.4851330518722534, 0.47590187191963196, 0.4790806174278259, 0.47513771057128906, 0.47111639380455017, 0.47205638885498047, 0.4670523405075073, 0.4642169177532196, 0.46132802963256836, 0.45711761713027954, 0.45560064911842346, 0.45385226607322693, 0.45117899775505066, 0.4492010176181793, 0.44528165459632874, 0.4427157938480377, 0.4402811825275421, 0.4415322542190552, 0.43729835748672485, 0.43515604734420776, 0.4280661344528198, 0.4260556697845459, 0.42727798223495483], "rmse": [1.56014883518219, 1.5391960144042969, 1.5196878910064697, 1.4955506324768066, 1.4658832550048828, 1.4283860921859741, 1.3850795030593872, 1.3395473957061768, 1.2985711097717285, 1.2715822458267212, 1.2518913745880127, 1.2386521100997925, 1.2256896495819092, 1.216065526008606, 1.2076115608215332, 1.1995631456375122, 1.191956877708435, 1.1846476793289185, 1.1788325309753418, 1.171468734741211, 1.1636446714401245, 1.158339500427246, 1.153161883354187, 1.1455861330032349, 1.1410439014434814, 1.135595440864563, 1.1274797916412354, 1.1226176023483276, 1.1179695129394531, 1.1108394861221313, 1.1070307493209839, 1.1003605127334595, 1.0966174602508545, 1.0914725065231323, 1.084539771080017, 1.0782039165496826, 1.0752099752426147, 1.066702961921692, 1.0637024641036987, 1.0557113885879517, 1.054816722869873, 1.0466636419296265, 1.0435304641723633, 1.0394887924194336, 1.0329699516296387, 1.0283945798873901, 1.0239980220794678, 1.0196454524993896, 1.0129213333129883, 1.0089526176452637, 1.0006763935089111, 0.9983939528465271, 0.995144248008728, 0.9857792854309082, 0.9801561236381531, 0.9776915311813354, 0.970499575138092, 0.9640028476715088, 0.9601477384567261, 0.9545291662216187, 0.9477935433387756, 0.9431846737861633, 0.9386923909187317, 0.9333344101905823, 0.9257081151008606, 0.9198324680328369, 0.9176266193389893, 0.9103227257728577, 0.9037465453147888, 0.8987591862678528, 0.8935417532920837, 0.8860096335411072, 0.881729781627655, 0.8760614395141602, 0.8697023987770081, 0.8641592264175415, 0.8599895238876343, 0.8552495837211609, 0.8492215871810913, 0.845573902130127, 0.8412033915519714, 0.8363045454025269, 0.8308696746826172, 0.8254425525665283, 0.8216518759727478, 0.8178560733795166, 0.8144826292991638, 0.8115507960319519, 0.8061763048171997, 0.8005152940750122, 0.7972475290298462, 0.7918136119842529, 0.7898283004760742, 0.7863808870315552, 0.7849461436271667, 0.7802620530128479, 0.776898205280304, 0.7740463614463806, 0.7706984281539917, 0.7678980231285095, 0.7639196515083313, 0.7596861720085144, 0.7581741213798523, 0.755001425743103, 0.7511734962463379, 0.7501108646392822, 0.7464821934700012, 0.7424189448356628, 0.7419033050537109, 0.7379389405250549, 0.7366821765899658, 0.7336319088935852, 0.7288517355918884, 0.7273470163345337, 0.7251849174499512, 0.7227960824966431, 0.7210894227027893, 0.7174685597419739, 0.7155284881591797, 0.7135346531867981, 0.7101485133171082, 0.7086551785469055, 0.7047596573829651, 0.7046008110046387, 0.7025213241577148, 0.6973788142204285, 0.6937150359153748, 0.6942022442817688, 0.6914954781532288, 0.6884291172027588, 0.6883569955825806, 0.6866773962974548, 0.6797278523445129, 0.6815966367721558, 0.6793050765991211, 0.6767673492431641, 0.6770427823066711, 0.6737374663352966, 0.6713307499885559, 0.6692932844161987, 0.6664671897888184, 0.6648528575897217, 0.6635491251945496, 0.6619007587432861, 0.660183310508728, 0.656919002532959, 0.655657172203064, 0.6540087461471558, 0.6548699140548706, 0.6516833305358887, 0.6499729752540588, 0.6449601054191589, 0.6431668996810913, 0.6435313820838928],