{"n_parameters": 308497, "training_time": 21339.513573408127, "loss": [2.8832509517669678, 2.6637208461761475, 2.5816938877105713, 2.52548885345459, 2.476227283477783, 2.4303505420684814, 2.4017155170440674, 2.363054037094116, 2.318242311477661, 2.262763738632202, 2.2054672241210938, 2.129896640777588, 2.053511381149292, 1.964706540107727, 1.894008755683899, 1.8319600820541382, 1.7762205600738525, 1.739627480506897, 1.7036954164505005, 1.6781790256500244, 1.6630481481552124, 1.6392253637313843, 1.6242200136184692, 1.6088340282440186, 1.5914220809936523, 1.5787440538406372, 1.563844919204712, 1.554020643234253, 1.53665030002594, 1.5281504392623901, 1.510894775390625, 1.5044807195663452, 1.496227502822876, 1.477622628211975, 1.465461254119873, 1.464693307876587, 1.4459760189056396, 1.4418549537658691, 1.4310503005981445, 1.4191303253173828, 1.4135202169418335, 1.3962998390197754, 1.3887304067611694, 1.380332350730896, 1.3706814050674438, 1.3618496656417847, 1.3543987274169922, 1.3460437059402466, 1.328390121459961, 1.326833963394165, 1.3158015012741089, 1.3048906326293945, 1.302884578704834, 1.2875580787658691, 1.2762656211853027, 1.2680209875106812, 1.2514688968658447, 1.2463252544403076, 1.2395505905151367, 1.2381521463394165, 1.2258400917053223, 1.2110376358032227, 1.2028454542160034, 1.192613124847412, 1.1840763092041016, 1.1792415380477905, 1.1663941144943237, 1.1557859182357788, 1.1459890604019165, 1.137288212776184, 1.1328508853912354, 1.1236639022827148, 1.1108766794204712, 1.1054478883743286, 1.0928157567977905, 1.085262417793274, 1.0763334035873413, 1.0672531127929688, 1.0634390115737915, 1.049436092376709, 1.0429632663726807, 1.0358126163482666, 1.0259627103805542, 1.0137494802474976, 1.0082772970199585, 0.9997884631156921, 0.9922716617584229, 0.9895036220550537, 0.9774900078773499, 0.9649345278739929, 0.9633568525314331, 0.9541263580322266, 0.9452822208404541, 0.9399313926696777, 0.9359047412872314, 0.9268743395805359, 0.9156934022903442, 0.9094001054763794, 0.9054697751998901, 0.8981052041053772, 0.8879667520523071, 0.8812667727470398, 0.8764316439628601, 0.8740153908729553, 0.8605862855911255, 0.8553562760353088, 0.8504288196563721, 0.8465141654014587, 0.8316593766212463, 0.8314723968505859, 0.819846510887146, 0.815883219242096, 0.8147972226142883, 0.8040422201156616, 0.7956860661506653, 0.791542112827301, 0.7848967909812927, 0.7806363701820374, 0.7753546833992004, 0.7681013941764832, 0.7616419196128845, 0.7581151127815247, 0.7538140416145325, 0.7483947277069092, 0.7407782077789307, 0.7358608245849609, 0.730758011341095, 0.7173131704330444, 0.7163373231887817, 0.7160924077033997, 0.708807110786438, 0.7045960426330566, 0.696585476398468, 0.6898918151855469, 0.6839947700500488, 0.6813889145851135, 0.6789995431900024, 0.6732098460197449, 0.6652360558509827, 0.664319634437561, 0.6562410593032837, 0.6454556584358215, 0.6470412015914917, 0.6428898572921753, 0.6345634460449219, 0.6381341218948364, 0.6307728290557861, 0.6235471963882446, 0.6208454370498657, 0.6183483600616455, 0.6082262396812439, 0.600928008556366, 0.6055521368980408, 0.6030068397521973, 0.5946613550186157, 0.5910384058952332, 0.5884568691253662, 0.5872647762298584, 0.5820143818855286, 0.5775436162948608, 0.5715201497077942, 0.5741917490959167, 0.5651859045028687, 0.5632790327072144, 0.5569013953208923, 0.5550232529640198, 0.5504304766654968, 0.551828145980835, 0.5421553254127502, 0.5461758971214294, 0.5441821217536926, 0.5354452133178711, 0.5291523933410645, 0.5281025171279907, 0.5307386517524719, 0.5255205631256104, 0.5185148119926453, 0.5185689926147461, 0.5181639194488525, 0.5117660164833069, 0.5094277262687683, 0.5076172947883606, 0.5037016272544861, 0.5023275017738342, 0.5002010464668274, 0.49877816438674927, 0.4964909255504608, 0.4983847141265869, 0.48691827058792114, 0.4899303615093231, 0.4878602921962738, 0.485187292098999, 0.48330944776535034, 0.4760760962963104, 0.4789806008338928, 0.47923973202705383, 0.47253480553627014, 0.4731541574001312, 0.47174516320228577, 0.46825769543647766, 0.4657609164714813, 0.46277540922164917, 0.4622865319252014, 0.4628685414791107, 0.45826399326324463, 0.4573694169521332, 0.4511927366256714, 0.44986775517463684, 0.44920864701271057, 0.4475563168525696, 0.4432277977466583, 0.4425264596939087, 0.44333985447883606, 0.4408956468105316, 0.43616512417793274, 0.4394507110118866, 0.4342115819454193, 0.4297627806663513, 0.4285212457180023, 0.426507830619812, 0.4265885353088379, 0.42582327127456665, 0.42372220754623413, 0.4257391095161438, 0.42410773038864136, 0.4209112823009491, 0.422760546207428, 0.4181293547153473, 0.41583484411239624, 0.4098530411720276, 0.4151667654514313, 0.4161022901535034, 0.4125524163246155, 0.40819817781448364, 0.4097038805484772, 0.40964674949645996, 0.4061327278614044, 0.4031769335269928, 0.40519800782203674, 0.4014734625816345, 0.4030495285987854, 0.4003978371620178, 0.40108487010002136, 0.3996094763278961, 0.40225133299827576, 0.3928699493408203, 0.3956688344478607, 0.3948374390602112, 0.39290761947631836],