{"n_parameters": 356433, "training_time": 15066.535076141357, "loss": [2.555306911468506, 2.3334598541259766, 2.2244410514831543, 2.0896968841552734, 1.9341336488723755, 1.7880616188049316, 1.6758899688720703, 1.6096255779266357, 1.5574768781661987, 1.5095995664596558, 1.4820176362991333, 1.4473382234573364, 1.4189562797546387, 1.3924421072006226, 1.3641973733901978, 1.3396495580673218, 1.3105398416519165, 1.288576364517212, 1.2655376195907593, 1.2441176176071167, 1.2208746671676636, 1.199949860572815, 1.1813091039657593, 1.1584664583206177, 1.138383388519287, 1.1188573837280273, 1.0965306758880615, 1.0798178911209106, 1.0584512948989868, 1.03976309299469, 1.023998737335205, 1.0017844438552856, 0.9819372892379761, 0.9710240364074707, 0.9499608278274536, 0.932800829410553, 0.9146502017974854, 0.8921474814414978, 0.8818864822387695, 0.8638076782226562, 0.8456432819366455, 0.8304522633552551, 0.8194496631622314, 0.8005942702293396, 0.7836463451385498, 0.7663827538490295, 0.7575020790100098, 0.7427250146865845, 0.7236409187316895, 0.7136493921279907, 0.6950708627700806, 0.6862298846244812, 0.6735695600509644, 0.6615942716598511, 0.6466444730758667, 0.6362184882164001, 0.6301547884941101, 0.6174190044403076, 0.6021215319633484, 0.5956097841262817, 0.5877785682678223, 0.5772514939308167, 0.5693471431732178, 0.5600329637527466, 0.5539344549179077, 0.5426635146141052, 0.5364639163017273, 0.5294552445411682, 0.5255667567253113, 0.5137051939964294, 0.5135915875434875, 0.5047908425331116, 0.49526849389076233, 0.4957200586795807, 0.48553648591041565, 0.4798668622970581, 0.47746604681015015, 0.4713057577610016, 0.46807026863098145, 0.4649990499019623, 0.45941558480262756, 0.4566968083381653, 0.449873149394989, 0.4449062645435333, 0.4416629374027252, 0.44053974747657776, 0.43478837609291077, 0.4349502623081207, 0.42801403999328613, 0.42470651865005493, 0.4250466227531433, 0.4154859185218811, 0.41441020369529724, 0.41211748123168945, 0.4118185341358185, 0.4080196022987366, 0.4032820463180542, 0.4005775451660156, 0.40014317631721497, 0.396154522895813, 0.3938964307308197, 0.3913213312625885, 0.3884587585926056, 0.3823115825653076, 0.38337868452072144, 0.38226428627967834, 0.37908414006233215, 0.3782253563404083, 0.37776386737823486, 0.37461405992507935, 0.3729514479637146, 0.3666718900203705, 0.3675236999988556, 0.3637373447418213, 0.36034491658210754, 0.36094680428504944, 0.3587096631526947, 0.3564451336860657, 0.3546196520328522, 0.3553968667984009, 0.35158994793891907, 0.3504325747489929], "rmse": [1.5755349397659302, 1.5065897703170776, 1.4712129831314087, 1.4246375560760498, 1.3704814910888672, 1.3181133270263672, 1.2756290435791016, 1.2500196695327759, 1.231336236000061, 1.2118706703186035, 1.201273798942566, 1.1865490674972534, 1.175169825553894, 1.1649552583694458, 1.1530107259750366, 1.1419209241867065, 1.1294702291488647, 1.1197381019592285, 1.1106078624725342, 1.1005009412765503, 1.0904611349105835, 1.0808199644088745, 1.0722808837890625, 1.061862826347351, 1.0527048110961914, 1.043634295463562, 1.033379077911377, 1.0258744955062866, 1.0145570039749146, 1.0058711767196655, 0.997846782207489, 0.986533522605896, 0.9775123000144958, 0.9714170694351196, 0.9611631631851196, 0.9519593715667725, 0.943164587020874, 0.9310875535011292, 0.9258922934532166, 0.9160701632499695, 0.9067363142967224, 0.8981806039810181, 0.8923035264015198, 0.882100522518158, 0.8726636171340942, 0.8629888296127319, 0.857737123966217, 0.8492430448532104, 0.8377087712287903, 0.8321324586868286, 0.8214971423149109, 0.8157967329025269, 0.8083779811859131, 0.8012095093727112, 0.7928659915924072, 0.7869608402252197, 0.7819222807884216, 0.7737171649932861, 0.7646063566207886, 0.7608715891838074, 0.7557457685470581, 0.7490520477294922, 0.7436388731002808, 0.7374889850616455, 0.7335450053215027, 0.7263268232345581, 0.7223182320594788, 0.7174820899963379, 0.7144760489463806, 0.7066201567649841, 0.7062379121780396, 0.7002597451210022, 0.6940123438835144, 0.6941251158714294, 0.6871175169944763, 0.6833933591842651, 0.6814999580383301, 0.6774662137031555, 0.6749481558799744, 0.6731964945793152, 0.668938934803009, 0.6666523218154907, 0.661648690700531, 0.658109188079834, 0.6554802060127258, 0.6549532413482666, 0.6505621075630188, 0.6506023406982422, 0.6456795334815979, 0.643401563167572, 0.6428935527801514, 0.6354714632034302, 0.6349808573722839, 0.6333650350570679, 0.6333072185516357, 0.6300986409187317, 0.6268314123153687, 0.6239315867424011, 0.6239598989486694, 0.6211439967155457, 0.6195752620697021, 0.617277204990387, 0.61503666639328, 0.6097994446754456, 0.6106621623039246, 0.6102461218833923, 0.6074203848838806, 0.606715202331543, 0.6065447330474854, 0.6037273406982422, 0.6026788949966431, 0.5973407626152039, 0.5987831354141235, 0.5953227281570435, 0.5922563076019287, 0.5932378768920898, 0.5910599231719971, 0.5893122553825378, 0.5872946977615356, 0.5883991122245789, 0.5849192142486572, 0.5842744708061218], "val_loss": [2.3719797134399414, 2.2122700214385986, 2.038355588912964, 1.8687962293624878, 1.713358998298645, 1.623381495475769, 1.58128023147583, 1.5435266494750977, 1.499853253364563, 1.4543399810791016, 1.4306554794311523, 1.399964451789856, 1.3525465726852417, 1.3374426364898682, 1.3127321004867554, 1.2829519510269165, 1.2607723474502563, 1.23399019241333, 1.2093631029129028, 1.1983662843704224, 1.169611930847168, 1.1487071514129639, 1.132347583770752, 1.1062133312225342, 1.0798875093460083, 1.0377635955810547, 1.0313702821731567, 1.009040117263794, 0.9795724749565125, 0.9527148604393005, 0.9409484267234802, 0.9277787208557129, 0.8897133469581604, 0.8823439478874207, 0.8696844577789307, 0.8349353671073914, 0.8220869302749634, 0.7896249890327454, 0.7817946076393127, 0.7592732906341553, 0.7350590229034424, 0.7144052386283875, 0.703273594379425, 0.6819302439689636, 0.6692973375320435, 0.6532526016235352, 0.6342890858650208, 0.6164156198501587, 0.6067347526550293, 0.5933176875114441, 0.5727901458740234, 0.5599312782287598, 0.5453360080718994, 0.5309520363807678, 0.5275221467018127, 0.5160154700279236, 0.5048784613609314, 0.4831741750240326, 0.4748348295688629, 0.47577527165412903, 0.46263420581817627, 0.45900893211364746, 0.4467688798904419, 0.44752728939056396, 0.427523672580719, 0.42539259791374207, 0.41609904170036316, 0.4123072922229767, 0.40388837456703186, 0.3987255096435547, 0.40075716376304626, 0.39356857538223267, 0.3903997242450714, 0.37645071744918823, 0.3691841661930084, 0.3799472153186798, 0.36974000930786133, 0.37277787923812866, 0.3461700677871704, 0.3573688566684723, 0.3497595489025116, 0.3574722707271576, 0.3529681861400604, 0.34091681241989136, 0.3369157016277313, 0.3417792320251465, 0.33487504720687866, 0.34342166781425476, 0.32685139775276184, 0.3280041813850403, 0.3293681740760803, 0.3221791386604309, 0.31997278332710266, 0.32913610339164734, 0.3199543058872223, 0.31401610374450684, 0.310508131980896, 0.3145913779735565, 0.30815109610557556, 0.30903100967407227, 0.308365136384964, 0.300373911857605, 0.30288559198379517, 0.29920852184295654, 0.297660768032074, 0.30624139308929443, 0.30058157444000244, 0.294698566198349, 0.2990409731864929, 0.2943187654018402, 0.2896846532821655, 0.2875489294528961, 0.29294800758361816, 0.28397929668426514, 0.2928934693336487, 0.29082217812538147, 0.2786511778831482, 0.2896374464035034, 0.28032785654067993, 0.27889344096183777, 0.2884748876094818, 0.28211721777915955],