{"n_parameters": 204833, "training_time": 13662.883165836334, "loss": [2.42693829536438, 2.23213529586792, 2.112165689468384, 2.004711627960205, 1.8974543809890747, 1.7896901369094849, 1.6823850870132446, 1.582677960395813, 1.4858907461166382, 1.4064666032791138, 1.3368415832519531, 1.2827904224395752, 1.2347042560577393, 1.2005285024642944, 1.1661790609359741, 1.14109206199646, 1.11554753780365, 1.0902082920074463, 1.070766806602478, 1.0547072887420654, 1.036710500717163, 1.0198923349380493, 1.006360411643982, 0.991881251335144, 0.9779059886932373, 0.9673244953155518, 0.952265739440918, 0.9414948225021362, 0.9251351952552795, 0.9153375029563904, 0.902878999710083, 0.8911571502685547, 0.8779309391975403, 0.8660204410552979, 0.8553426265716553, 0.8445891737937927, 0.8325247168540955, 0.8218631148338318, 0.8095988035202026, 0.797862708568573, 0.7854334712028503, 0.776742160320282, 0.7650877237319946, 0.7525357604026794, 0.7402688264846802, 0.7309734225273132, 0.7177090644836426, 0.7055991888046265, 0.6955047249794006, 0.6866552829742432, 0.6793813705444336, 0.668975293636322, 0.6591143608093262, 0.6476614475250244, 0.6408470869064331, 0.6310802698135376, 0.6196190714836121, 0.6105151772499084, 0.6022567749023438, 0.5952262878417969, 0.5868791341781616, 0.5770593881607056, 0.5675784945487976, 0.5584863424301147, 0.5514057278633118, 0.5460056662559509, 0.5365194082260132, 0.5286925435066223, 0.5224440097808838, 0.5157040953636169, 0.5110577344894409, 0.5024934411048889, 0.49357128143310547, 0.48911532759666443, 0.4845993220806122, 0.4752112925052643, 0.46965575218200684, 0.4624039828777313, 0.45923176407814026, 0.4540387690067291, 0.45053014159202576, 0.44184890389442444, 0.43751439452171326, 0.43579983711242676, 0.43116021156311035, 0.4261777698993683, 0.419586718082428, 0.41653239727020264, 0.41347023844718933, 0.4087735414505005, 0.40556278824806213, 0.40242186188697815, 0.3990037739276886, 0.39297956228256226, 0.3939345180988312, 0.38724514842033386, 0.38436055183410645, 0.3806362450122833, 0.37978658080101013, 0.3758046627044678, 0.37471577525138855, 0.3700089752674103, 0.3688877820968628, 0.36589616537094116, 0.36270105838775635, 0.3610900640487671, 0.35655951499938965, 0.35664430260658264, 0.35489776730537415, 0.3505345284938812, 0.35011664032936096, 0.34757834672927856, 0.34332725405693054, 0.3432941138744354, 0.3415053188800812, 0.33698877692222595, 0.3355979323387146, 0.33679643273353577, 0.3360346853733063, 0.3323111832141876, 0.33034276962280273, 0.32766062021255493, 0.3267766237258911, 0.32298076152801514, 0.3239225745201111, 0.3210689425468445, 0.3182278275489807, 0.3171347677707672, 0.3157590925693512, 0.3147919476032257, 0.3120369017124176, 0.3106246888637543, 0.3084157705307007, 0.3087098002433777, 0.30710792541503906, 0.3048439621925354, 0.30301496386528015, 0.3025079071521759, 0.3018539249897003, 0.3007076382637024, 0.2985536754131317, 0.29861754179000854, 0.29543939232826233, 0.2934108078479767, 0.2917533814907074, 0.2920626401901245, 0.290569543838501, 0.2883313298225403, 0.2869769334793091, 0.288154661655426, 0.2859041094779968, 0.28432169556617737, 0.2831456959247589, 0.2808932065963745, 0.2810666263103485, 0.28110045194625854, 0.2793728709220886, 0.2786358892917633, 0.27804455161094666, 0.27554622292518616, 0.27621984481811523, 0.27411511540412903, 0.2732775807380676, 0.27313005924224854, 0.2729252576828003, 0.2694724500179291, 0.26846909523010254, 0.2704358398914337, 0.26734960079193115, 0.26739534735679626, 0.2653234302997589, 0.2668653726577759, 0.26413494348526, 0.26475390791893005, 0.26281842589378357, 0.2621929943561554, 0.26056745648384094, 0.2595171332359314, 0.2593429982662201, 0.2599082887172699, 0.2584325969219208, 0.256950318813324, 0.25638526678085327, 0.2551979124546051, 0.25505363941192627, 0.253362238407135, 0.253782719373703, 0.2540957033634186, 0.25221481919288635, 0.25134575366973877, 0.25004351139068604, 0.25039759278297424, 0.25018206238746643, 0.2484857141971588, 0.24809588491916656, 0.24740812182426453, 0.24732330441474915, 0.24673055112361908, 0.246930792927742, 0.24455036222934723],