{"n_parameters": 605281, "training_time": 11219.865206956863, "loss": [3.0593254566192627, 2.788278102874756, 2.6826059818267822, 2.6226673126220703, 2.5858399868011475, 2.549480438232422, 2.510190010070801, 2.489015817642212, 2.4738831520080566, 2.4456686973571777, 2.424830198287964, 2.4020278453826904, 2.3759524822235107, 2.3567795753479004, 2.329801082611084, 2.303823471069336, 2.272500514984131, 2.2372026443481445, 2.1968464851379395, 2.1611709594726562, 2.1171987056732178, 2.0699057579040527, 2.0162906646728516, 1.9692025184631348, 1.9053475856781006, 1.8550450801849365, 1.7971711158752441, 1.7430857419967651, 1.6943706274032593, 1.64886474609375, 1.620151400566101, 1.5835354328155518, 1.5531702041625977, 1.5229294300079346, 1.5061341524124146, 1.4782313108444214, 1.4609334468841553, 1.438928246498108, 1.4214612245559692, 1.4077554941177368, 1.390802264213562, 1.3753167390823364, 1.3636729717254639, 1.3548171520233154, 1.341940999031067, 1.3362367153167725, 1.3252184391021729, 1.311794400215149, 1.3049988746643066, 1.2986390590667725, 1.2905737161636353, 1.2813810110092163, 1.2731558084487915, 1.267584204673767, 1.264430046081543, 1.2548308372497559, 1.2493600845336914, 1.2450952529907227, 1.2419264316558838, 1.2338910102844238, 1.2281584739685059, 1.2282525300979614, 1.2207196950912476, 1.2192469835281372, 1.214752197265625, 1.211767315864563, 1.2084689140319824, 1.2028419971466064, 1.201763391494751, 1.1974514722824097, 1.193947196006775, 1.191025733947754, 1.187376856803894, 1.1844795942306519, 1.1832724809646606, 1.1782716512680054, 1.1744154691696167, 1.1726245880126953], "rmse": [1.7272149324417114, 1.6497656106948853, 1.6177444458007812, 1.6000189781188965, 1.5880281925201416, 1.5758085250854492, 1.5639755725860596, 1.5577301979064941, 1.552371859550476, 1.5442490577697754, 1.5369888544082642, 1.5303356647491455, 1.5217747688293457, 1.5150340795516968, 1.5067723989486694, 1.4980788230895996, 1.4864431619644165, 1.4764494895935059, 1.4625310897827148, 1.4505391120910645, 1.4359632730484009, 1.419091820716858, 1.399756908416748, 1.3829082250595093, 1.3609135150909424, 1.3417435884475708, 1.3221654891967773, 1.30071222782135, 1.2826242446899414, 1.2658648490905762, 1.2556017637252808, 1.2415117025375366, 1.2294883728027344, 1.2176580429077148, 1.2113821506500244, 1.199148178100586, 1.1927056312561035, 1.1842150688171387, 1.1771812438964844, 1.1708879470825195, 1.1637870073318481, 1.157565951347351, 1.152324914932251, 1.1490705013275146, 1.1428676843643188, 1.1411559581756592, 1.1361626386642456, 1.1311383247375488, 1.1272621154785156, 1.1244319677352905, 1.120540738105774, 1.1169227361679077, 1.1132502555847168, 1.1111409664154053, 1.1100603342056274, 1.1057226657867432, 1.1034586429595947, 1.1011991500854492, 1.099220871925354, 1.096083402633667, 1.0944381952285767, 1.0941636562347412, 1.0896129608154297, 1.0887912511825562, 1.0879923105239868, 1.0856074094772339, 1.0848174095153809, 1.0828195810317993, 1.0815597772598267, 1.0795127153396606, 1.0783058404922485, 1.0766189098358154, 1.0749030113220215, 1.0738142728805542, 1.0727378129959106, 1.071065068244934, 1.0693975687026978, 1.0689948797225952], "val_loss": [2.4989736080169678, 2.4757258892059326, 2.461042642593384, 2.447603464126587, 2.439584732055664, 2.4329419136047363, 2.4267687797546387, 2.416344165802002, 2.403738498687744, 2.390477180480957, 2.377594470977783, 2.3652100563049316, 2.3433680534362793, 2.3202319145202637, 2.2967529296875, 2.266509771347046, 2.2371551990509033, 2.19735050201416, 2.1501333713531494, 2.1028904914855957, 2.0518884658813477, 2.0033016204833984, 1.952355146408081, 1.8988287448883057, 1.8340861797332764, 1.779466986656189, 1.7205182313919067, 1.674513578414917, 1.6344407796859741, 1.5929036140441895, 1.5711826086044312, 1.5433529615402222, 1.5199579000473022, 1.496360182762146, 1.4824366569519043, 1.4611471891403198, 1.4601176977157593, 1.439069151878357, 1.4247827529907227, 1.419170618057251, 1.4063407182693481, 1.3923487663269043, 1.3861312866210938, 1.3763045072555542, 1.3783177137374878, 1.36550772190094, 1.3634603023529053, 1.353987216949463, 1.3470507860183716, 1.3414254188537598, 1.3596125841140747, 1.3515812158584595, 1.3306409120559692, 1.3481993675231934, 1.3290539979934692, 1.3308570384979248, 1.3369215726852417, 1.3298008441925049, 1.32754385471344, 1.3162155151367188, 1.3277984857559204, 1.3184627294540405, 1.3156845569610596, 1.3077865839004517, 1.3308664560317993, 1.3049947023391724, 1.3121087551116943, 1.2980642318725586, 1.3242475986480713, 1.301967740058899, 1.2946670055389404, 1.2940701246261597, 1.2689157724380493, 1.3059946298599243, 1.297229290008545, 1.2807525396347046, 1.2946076393127441, 1.2841449975967407], "val_rmse": [1.5563433170318604, 1.54914128780365, 1.5446178913116455, 1.540526270866394, 1.5381443500518799, 1.5362436771392822, 1.5345568656921387, 1.5311731100082397, 1.5270394086837769, 1.5229588747024536, 1.5188959836959839, 1.5149928331375122, 1.5078377723693848, 1.5001468658447266, 1.4924620389938354, 1.482386827468872, 1.4725546836853027, 1.4592503309249878, 1.44330894947052, 1.4271624088287354, 1.4094079732894897, 1.3924480676651, 1.3744820356369019, 1.3553234338760376, 1.3320050239562988, 1.3120818138122559, 1.2905222177505493, 1.2736186981201172, 1.258913278579712, 1.243520736694336, 1.2353464365005493, 1.2249358892440796, 1.216007113456726, 1.2069748640060425, 1.2014672756195068, 1.1929974555969238, 1.192867398262024, 1.1843476295471191, 1.1784579753875732, 1.1762996912002563, 1.1709046363830566, 1.1651962995529175, 1.1626139879226685, 1.1584653854370117, 1.1595333814620972, 1.1541374921798706, 1.153326392173767, 1.1493479013442993, 1.1464132070541382, 1.1440812349319458, 1.1519577503204346, 1.1485239267349243, 1.1396080255508423, 1.1471896171569824, 1.1389635801315308, 1.1397336721420288, 1.142377257347107, 1.1392892599105835, 1.138351559638977, 1.1334033012390137, 1.1384938955307007, 1.134421467781067, 1.1332345008850098, 1.1297426223754883, 1.1398277282714844, 1.1285299062728882, 1.131648063659668, 1.1254940032958984, 1.136956810951233, 1.127211332321167, 1.1239850521087646, 1.1237467527389526, 1.11262047290802, 1.1290403604507446, 1.125218391418457, 1.1179544925689697, 1.124074935913086, 1.1194831132888794]}