{"n_parameters": 396577, "training_time": 24829.06095981598, "loss": [2.477060317993164, 2.2930707931518555, 2.179987907409668, 2.0759081840515137, 1.9751615524291992, 1.8693506717681885, 1.7595458030700684, 1.6472227573394775, 1.5438390970230103, 1.4432456493377686, 1.351212978363037, 1.272659182548523, 1.2084605693817139, 1.162731409072876, 1.122732162475586, 1.0919724702835083, 1.069258451461792, 1.0431491136550903, 1.0238832235336304, 1.0039074420928955, 0.9867135882377625, 0.9704233407974243, 0.9564688205718994, 0.9409271478652954, 0.9241712093353271, 0.9109686613082886, 0.8964840173721313, 0.8850635290145874, 0.869330644607544, 0.8522433638572693, 0.8406698107719421, 0.8259642124176025, 0.812095582485199, 0.7984678745269775, 0.7866766452789307, 0.7688503861427307, 0.7541764378547668, 0.7391889095306396, 0.7245049476623535, 0.7122683525085449, 0.6976722478866577, 0.6822608709335327, 0.6682812571525574, 0.6548215746879578, 0.6421018838882446, 0.631881833076477, 0.6183362603187561, 0.6038692593574524, 0.5932134389877319, 0.5826160311698914, 0.5719409584999084, 0.5608788728713989, 0.5515455007553101, 0.5413207411766052, 0.5295587778091431, 0.5198381543159485, 0.5093023180961609, 0.5028453469276428, 0.4934404194355011, 0.4892539978027344, 0.476036012172699, 0.4727354943752289, 0.46268603205680847, 0.45781409740448, 0.4507884085178375, 0.44469666481018066, 0.4390426278114319, 0.4341489374637604, 0.4285843074321747, 0.4223296344280243, 0.41765961050987244, 0.41196081042289734, 0.4095902144908905, 0.4034270644187927, 0.3977149724960327, 0.39496099948883057, 0.38832369446754456, 0.38710662722587585, 0.3810921311378479, 0.3771194815635681, 0.37256479263305664, 0.3691309988498688, 0.36527734994888306, 0.36115893721580505, 0.3571963906288147, 0.353773832321167, 0.35163137316703796, 0.34977272152900696, 0.3463036119937897, 0.3441430330276489, 0.3412586450576782, 0.3373470902442932, 0.33594566583633423, 0.3344195485115051, 0.3304976522922516, 0.3272017538547516, 0.3284206986427307, 0.32248789072036743, 0.3211876451969147, 0.3190637528896332, 0.31662458181381226, 0.3160828649997711, 0.3144558370113373, 0.31241950392723083, 0.31022021174430847, 0.30723583698272705, 0.30757343769073486, 0.30615583062171936, 0.3022313714027405, 0.3028428256511688, 0.30018216371536255, 0.298175185918808, 0.2963138818740845, 0.29565128684043884, 0.29631292819976807, 0.29309001564979553, 0.29123786091804504, 0.29053083062171936, 0.2905994951725006, 0.2878546118736267, 0.28678733110427856, 0.28484243154525757, 0.28435438871383667, 0.28376126289367676, 0.2824843227863312, 0.28053048253059387, 0.2795436382293701, 0.278104305267334, 0.27873852849006653, 0.27743181586265564, 0.27678990364074707, 0.27396106719970703, 0.2731379270553589, 0.27367445826530457, 0.2702657878398895, 0.27162572741508484, 0.26882150769233704, 0.2701864242553711, 0.2687456011772156, 0.2662178874015808, 0.26590409874916077, 0.265348881483078, 0.2644301652908325, 0.2634679079055786, 0.26199349761009216, 0.26242244243621826, 0.2615332007408142, 0.2616320252418518, 0.2586812973022461, 0.2587955594062805, 0.2575996518135071, 0.25717833638191223, 0.2563781440258026, 0.2550385892391205, 0.2553580701351166, 0.25397881865501404, 0.2544805407524109, 0.2521878480911255, 0.2519935667514801, 0.25238314270973206, 0.24935662746429443, 0.2490900456905365, 0.24735549092292786, 0.24881954491138458, 0.24737416207790375, 0.246705561876297, 0.24680210649967194, 0.24616816639900208, 0.24487486481666565, 0.2437322437763214, 0.2421960085630417, 0.24297653138637543, 0.24253849685192108, 0.24199402332305908, 0.24135181307792664, 0.24128170311450958, 0.24044238030910492, 0.24055072665214539, 0.23998674750328064, 0.23799782991409302, 0.2388407438993454, 0.23603320121765137, 0.2359744906425476, 0.2361176460981369, 0.23539194464683533, 0.23379965126514435, 0.23482079803943634, 0.2347436100244522, 0.23283037543296814, 0.23331581056118011, 0.23185324668884277, 0.2307712882757187, 0.23185205459594727, 0.2306108921766281, 0.23000895977020264, 0.22977545857429504, 0.22937901318073273, 0.22819173336029053, 0.22796693444252014, 0.22618074715137482, 0.22749638557434082, 0.2254730463027954, 0.22541093826293945, 0.22581036388874054, 0.22600118815898895, 0.22518835961818695, 0.22478218376636505, 0.22366918623447418, 0.22289210557937622, 0.22134912014007568, 0.22126856446266174, 0.22068552672863007, 0.22143587470054626, 0.22015483677387238, 0.21876467764377594, 0.21987055242061615, 0.21893547475337982, 0.21939951181411743, 0.21906563639640808, 0.21936914324760437, 0.2173035591840744, 0.21654754877090454, 0.21713055670261383, 0.21664562821388245, 0.21650423109531403, 0.21614989638328552, 0.2159934788942337, 0.21487517654895782, 0.21639247238636017, 0.21519069373607635, 0.21466895937919617, 0.21263469755649567, 0.21308249235153198, 0.21291831135749817, 0.21224510669708252, 0.21198239922523499, 0.2114497870206833],