{"n_parameters": 230561, "training_time": 8571.70190024376, "loss": [2.755629777908325, 2.460907459259033, 2.4246420860290527, 2.409723997116089, 2.3980343341827393, 2.389883279800415, 2.3759422302246094, 2.3637194633483887, 2.3533313274383545, 2.343596935272217, 2.3285326957702637, 2.3102972507476807, 2.292426109313965, 2.2676680088043213, 2.2420084476470947, 2.205411195755005, 2.166294813156128, 2.1226744651794434, 2.069148302078247, 2.0192978382110596, 1.9660128355026245, 1.902552604675293, 1.8431838750839233, 1.791792869567871, 1.7370917797088623, 1.6918504238128662, 1.6539677381515503, 1.6207988262176514, 1.5879958868026733, 1.5619515180587769, 1.5326663255691528, 1.5103816986083984, 1.4925029277801514, 1.4715214967727661, 1.4541633129119873, 1.4448809623718262, 1.4328137636184692, 1.4140876531600952, 1.3997523784637451, 1.3904012441635132, 1.3777652978897095, 1.3656275272369385, 1.3609528541564941, 1.3525770902633667, 1.3391398191452026, 1.3391507863998413, 1.3224536180496216, 1.3126413822174072, 1.3053425550460815, 1.3005471229553223, 1.2932064533233643, 1.2837316989898682, 1.27181875705719, 1.2697128057479858, 1.2608261108398438, 1.256862759590149, 1.2520925998687744, 1.240519642829895, 1.2323507070541382, 1.227491855621338, 1.2176846265792847, 1.211145043373108, 1.2059204578399658, 1.201745867729187, 1.194609522819519, 1.1899977922439575, 1.179632306098938, 1.1788703203201294, 1.1715580224990845, 1.1596421003341675, 1.1585514545440674, 1.152197241783142, 1.1455849409103394, 1.1353509426116943, 1.132909893989563, 1.125813603401184, 1.1217724084854126, 1.1157002449035645, 1.1072918176651, 1.101790189743042, 1.0935574769973755, 1.0921199321746826, 1.0853227376937866, 1.0736682415008545, 1.0793006420135498, 1.0708850622177124, 1.057712435722351, 1.0526596307754517, 1.051986575126648, 1.0489047765731812, 1.0395926237106323, 1.0375652313232422, 1.0307804346084595, 1.0194792747497559, 1.0177735090255737, 1.0165268182754517, 1.005253553390503, 1.00148606300354, 0.9885765910148621, 0.9913425445556641, 0.9883140921592712, 0.979500412940979, 0.9777334332466125, 0.9760861992835999, 0.9641170501708984, 0.9657984375953674, 0.9588956832885742, 0.9478875994682312, 0.9448249936103821], "rmse": [1.6297224760055542, 1.5488477945327759, 1.5385102033615112, 1.5316760540008545, 1.5282721519470215, 1.5257774591445923, 1.5220506191253662, 1.517577886581421, 1.5139386653900146, 1.5112175941467285, 1.5061708688735962, 1.4996671676635742, 1.4937670230865479, 1.4856460094451904, 1.4777332544326782, 1.4645975828170776, 1.4524312019348145, 1.4369229078292847, 1.4177842140197754, 1.4011598825454712, 1.3817768096923828, 1.3602100610733032, 1.3379970788955688, 1.318480134010315, 1.298022747039795, 1.281779170036316, 1.2668275833129883, 1.2541135549545288, 1.2424341440200806, 1.2316985130310059, 1.219940185546875, 1.2110891342163086, 1.2042032480239868, 1.1949379444122314, 1.188947081565857, 1.18461012840271, 1.17924964427948, 1.172033429145813, 1.1662465333938599, 1.1620056629180908, 1.1575794219970703, 1.1518923044204712, 1.1505465507507324, 1.1464402675628662, 1.1412343978881836, 1.1415380239486694, 1.1343566179275513, 1.130270004272461, 1.1267222166061401, 1.1246551275253296, 1.1210520267486572, 1.116698145866394, 1.1115689277648926, 1.1105016469955444, 1.1057384014129639, 1.1050457954406738, 1.1034079790115356, 1.0984501838684082, 1.0941752195358276, 1.09218168258667, 1.0881463289260864, 1.0846186876296997, 1.082074761390686, 1.0800350904464722, 1.077746868133545, 1.0754340887069702, 1.0700678825378418, 1.0700149536132812, 1.0666311979293823, 1.0615326166152954, 1.060951828956604, 1.0574867725372314, 1.0541054010391235, 1.050174355506897, 1.0488758087158203, 1.045245885848999, 1.0440629720687866, 1.0411317348480225, 1.0365495681762695, 1.033727765083313, 1.0309396982192993, 1.029718041419983, 1.0265307426452637, 1.0204577445983887, 1.0233315229415894, 1.0193312168121338, 1.0135880708694458, 1.0108375549316406, 1.01014244556427, 1.0086898803710938, 1.0048789978027344, 1.0027892589569092, 1.000131368637085, 0.9942724108695984, 0.9931771755218506, 0.9929186701774597, 0.9859923720359802, 0.9850425124168396, 0.9787890911102295, 0.9808006882667542, 0.9790171384811401, 0.9746710658073425, 0.9729934930801392, 0.9725689888000488, 0.9662852883338928, 0.9674269556999207, 0.9635376930236816, 0.9577070474624634, 0.9565954208374023], "val_loss": [2.5663259029388428, 2.494542360305786, 2.442628860473633, 2.440028667449951, 2.4234704971313477, 2.417370557785034, 2.397304058074951, 2.384002923965454, 2.3772201538085938, 2.365039110183716, 2.342944622039795, 2.3187899589538574, 2.3060104846954346, 2.2694854736328125, 2.239933967590332, 2.1992526054382324, 2.139984607696533, 2.1026554107666016, 2.0611236095428467, 2.0295097827911377, 1.9831278324127197, 1.9367742538452148, 1.88383948802948, 1.8429838418960571, 1.8002004623413086, 1.7740882635116577, 1.7385915517807007, 1.7319235801696777, 1.6929707527160645, 1.6654309034347534, 1.6364060640335083, 1.6260263919830322, 1.592652678489685, 1.5977998971939087, 1.5664684772491455, 1.564905047416687, 1.5466903448104858, 1.554558277130127, 1.5420819520950317, 1.5241963863372803, 1.5193660259246826, 1.5151187181472778, 1.5014232397079468, 1.5129698514938354, 1.5094261169433594, 1.4892098903656006, 1.488053560256958, 1.470995306968689, 1.4816347360610962, 1.4621177911758423, 1.463847279548645, 1.4555004835128784, 1.4491862058639526, 1.4544650316238403, 1.4357770681381226, 1.4217665195465088, 1.4180694818496704, 1.423346757888794, 1.4152106046676636, 1.4021037817001343, 1.3996413946151733, 1.3901567459106445, 1.384888768196106, 1.3904917240142822, 1.3842387199401855, 1.374442458152771, 1.3806782960891724, 1.4037107229232788, 1.3764029741287231, 1.356736421585083, 1.3795042037963867, 1.350915551185608, 1.3274821043014526, 1.346782922744751, 1.333674669265747, 1.3506739139556885, 1.3280973434448242, 1.309521198272705, 1.3296056985855103, 1.3166706562042236, 1.3180077075958252, 1.308474063873291, 1.2906996011734009, 1.301841378211975, 1.3050473928451538, 1.2783639430999756, 1.2803996801376343, 1.2805055379867554, 1.2693908214569092, 1.274094820022583, 1.2462965250015259, 1.2633980512619019, 1.2785217761993408, 1.2532687187194824, 1.2556073665618896, 1.2437036037445068, 1.226921558380127, 1.2455912828445435, 1.2353352308273315, 1.2103790044784546, 1.2036523818969727, 1.194494605064392, 1.2290197610855103, 1.1746654510498047, 1.181373953819275, 1.2144584655761719, 1.1985312700271606, 1.2036091089248657, 1.1923617124557495],