{"n_parameters": 401921, "training_time": 15732.006971359253, "loss": [2.53752064704895, 2.385432004928589, 2.2707314491271973, 2.1198813915252686, 1.9606740474700928, 1.8173749446868896, 1.7128757238388062, 1.648403525352478, 1.5927138328552246, 1.571893334388733, 1.539400339126587, 1.5134583711624146, 1.4926249980926514, 1.4724754095077515, 1.4546064138412476, 1.4370005130767822, 1.413726806640625, 1.3916822671890259, 1.3721106052398682, 1.3574669361114502, 1.3393621444702148, 1.3247708082199097, 1.3048275709152222, 1.2830930948257446, 1.2717987298965454, 1.2508467435836792, 1.2294834852218628, 1.219431757926941, 1.1960866451263428, 1.1764702796936035, 1.1625922918319702, 1.1413044929504395, 1.1263989210128784, 1.1054219007492065, 1.0880537033081055, 1.0728318691253662, 1.0561964511871338, 1.0366216897964478, 1.0204499959945679, 1.0038936138153076, 0.9931781888008118, 0.974946141242981, 0.9613906145095825, 0.9418761134147644, 0.9248914122581482, 0.9157342910766602, 0.8986952900886536, 0.8869782090187073, 0.8734996914863586, 0.8599829077720642, 0.8470203280448914, 0.8355647921562195, 0.821110725402832, 0.8119895458221436, 0.8016328811645508, 0.7920096516609192, 0.774202823638916, 0.762965202331543, 0.7515649795532227, 0.7438211441040039, 0.7282457947731018, 0.7172245979309082, 0.7125797867774963, 0.7012346386909485, 0.694909930229187, 0.6860647201538086, 0.6779324412345886, 0.6653136610984802, 0.656989336013794, 0.6453489661216736, 0.6364026665687561, 0.6362369656562805, 0.623508095741272, 0.6112092137336731, 0.6055127382278442, 0.6043721437454224, 0.5957972407341003, 0.5898466110229492, 0.5814668536186218, 0.5723611116409302, 0.5703272819519043, 0.5620693564414978, 0.5577007532119751, 0.5505435466766357, 0.5437053442001343, 0.5368211269378662, 0.5328395962715149, 0.5292885899543762, 0.5222381353378296, 0.5185695886611938, 0.5145307183265686, 0.5066016316413879, 0.5008525848388672, 0.4949766993522644, 0.4952574074268341, 0.4909849166870117, 0.4866788387298584, 0.48552924394607544, 0.48004987835884094, 0.4703767001628876, 0.4708954691886902, 0.46589523553848267, 0.46406012773513794, 0.46222802996635437, 0.45839524269104004, 0.45807021856307983, 0.45479053258895874, 0.4490964710712433, 0.44736912846565247, 0.44451284408569336, 0.43743783235549927, 0.438986212015152, 0.43646058440208435, 0.4342317283153534, 0.43168044090270996, 0.42950552701950073, 0.4242258667945862, 0.422105610370636, 0.42085790634155273, 0.4162634313106537, 0.4157645106315613, 0.4125383198261261, 0.40976881980895996, 0.4090886414051056, 0.4075466990470886, 0.40697285532951355, 0.40375229716300964, 0.40175777673721313, 0.3997926115989685, 0.4005666971206665, 0.3968903422355652, 0.3974834382534027, 0.3955759108066559, 0.39313504099845886, 0.39174556732177734, 0.3888428509235382, 0.39030036330223083, 0.3857017159461975, 0.3849765360355377, 0.3814312815666199, 0.38387635350227356, 0.38002926111221313, 0.37972429394721985], "rmse": [1.5720715522766113, 1.5235615968704224, 1.4861055612564087, 1.4362328052520752, 1.3798308372497559, 1.3282300233840942, 1.2906392812728882, 1.2660772800445557, 1.2441620826721191, 1.2368253469467163, 1.2236196994781494, 1.2141152620315552, 1.204832911491394, 1.197919249534607, 1.189718246459961, 1.182951807975769, 1.1729457378387451, 1.163375735282898, 1.1547777652740479, 1.1488367319107056, 1.1411763429641724, 1.1355284452438354, 1.1272491216659546, 1.117264986038208, 1.1128013134002686, 1.1026726961135864, 1.093367338180542, 1.0887634754180908, 1.0776913166046143, 1.0692932605743408, 1.0623332262039185, 1.05287766456604, 1.0466357469558716, 1.0361871719360352, 1.0273981094360352, 1.019962191581726, 1.0124330520629883, 1.0025558471679688, 0.9952123761177063, 0.9864881038665771, 0.9811330437660217, 0.9713466167449951, 0.9649020433425903, 0.9551024436950684, 0.9459913372993469, 0.9421882033348083, 0.9328582286834717, 0.9271738529205322, 0.9198808670043945, 0.911803662776947, 0.9051442742347717, 0.8999150991439819, 0.8915546536445618, 0.886600911617279, 0.8805704116821289, 0.8756721615791321, 0.8653138279914856, 0.8600510358810425, 0.8528307676315308, 0.8492507934570312, 0.8396640419960022, 0.8334502577781677, 0.8305553793907166, 0.8249184489250183, 0.8209061622619629, 0.8150338530540466, 0.8107723593711853, 0.803133487701416, 0.7977564930915833, 0.7912793755531311, 0.7855899333953857, 0.7853783965110779, 0.7775646448135376, 0.7694580554962158, 0.7665062546730042, 0.7645761966705322, 0.7599180936813354, 0.756392776966095, 0.7514227628707886, 0.7448270916938782, 0.7439594864845276, 0.7382448315620422, 0.7358081936836243, 0.7310120463371277, 0.7261161208152771, 0.7222170233726501, 0.7192131876945496, 0.7170305848121643, 0.7124440670013428, 0.7099795937538147, 0.7063143849372864, 0.7020000219345093, 0.6980071663856506, 0.6935468316078186, 0.693755567073822, 0.6910209655761719, 0.6876115798950195, 0.6873073577880859, 0.6833834648132324, 0.6765189170837402, 0.6766573786735535, 0.6735120415687561, 0.6721004843711853, 0.6699950098991394, 0.6672930121421814, 0.6680238842964172, 0.6650260090827942, 0.6608691215515137, 0.6596512198448181, 0.6578091382980347, 0.6522737741470337, 0.6536198854446411, 0.6516034007072449, 0.6498319506645203, 0.6479568481445312, 0.6463086605072021, 0.6427340507507324, 0.6409479379653931, 0.6399065256118774, 0.6364616751670837, 0.6361786127090454, 0.6339060664176941, 0.6321707963943481, 0.6309531927108765, 0.6295734643936157, 0.6297004818916321, 0.6266686320304871, 0.6251859664916992, 0.6241508722305298, 0.6242559552192688, 0.6214489936828613, 0.621920645236969, 0.6203200817108154, 0.618675172328949, 0.6173901557922363, 0.6151359677314758, 0.616524338722229, 0.6126635670661926, 0.6121031641960144, 0.6094092130661011, 0.6111465096473694, 0.6079810261726379, 0.6081331372261047],