{"n_parameters": 495713, "training_time": 6993.315838098526, "loss": [2.6308717727661133, 2.521742105484009, 2.4831724166870117, 2.4650309085845947, 2.447847604751587, 2.4428045749664307, 2.4334139823913574, 2.426253318786621, 2.4161853790283203, 2.412635564804077, 2.410703420639038, 2.4053852558135986, 2.3962459564208984, 2.394559860229492, 2.3870460987091064, 2.3855135440826416, 2.380173683166504, 2.373889923095703, 2.3631021976470947, 2.3605289459228516, 2.349958658218384, 2.3360977172851562, 2.3349671363830566, 2.3191635608673096, 2.3138628005981445, 2.298408031463623, 2.2896666526794434, 2.2700858116149902, 2.2535769939422607, 2.2295351028442383, 2.2161099910736084, 2.1993768215179443, 2.1731550693511963, 2.151172161102295, 2.136528253555298, 2.119041919708252, 2.0957298278808594, 2.0811243057250977, 2.0598485469818115, 2.0436055660247803, 2.0334246158599854, 2.0268137454986572, 2.004549026489258, 1.9898018836975098, 1.9876755475997925, 1.9820071458816528, 1.9756914377212524, 1.9655905961990356, 1.950184941291809, 1.9523701667785645, 1.94463312625885, 1.9354076385498047, 1.9195852279663086, 1.9181137084960938, 1.9118878841400146, 1.9146578311920166, 1.902229905128479, 1.8923163414001465], "rmse": [1.6012927293777466, 1.5683866739273071, 1.5558263063430786, 1.5499446392059326, 1.5441774129867554, 1.542756199836731, 1.5401793718338013, 1.537524938583374, 1.5346113443374634, 1.5333482027053833, 1.5319989919662476, 1.5315892696380615, 1.5279083251953125, 1.5279380083084106, 1.5244147777557373, 1.5250788927078247, 1.5229521989822388, 1.5203065872192383, 1.516893744468689, 1.5157791376113892, 1.5123220682144165, 1.5075793266296387, 1.5070382356643677, 1.5019135475158691, 1.4999263286590576, 1.4963923692703247, 1.492750883102417, 1.485859751701355, 1.4811159372329712, 1.4728872776031494, 1.4676783084869385, 1.4624658823013306, 1.4544681310653687, 1.4452300071716309, 1.4405659437179565, 1.4356985092163086, 1.4270352125167847, 1.4219846725463867, 1.4152246713638306, 1.409043550491333, 1.4054090976715088, 1.4040757417678833, 1.3967251777648926, 1.388824224472046, 1.3895732164382935, 1.3871461153030396, 1.3855400085449219, 1.3827670812606812, 1.3769145011901855, 1.377469539642334, 1.3740493059158325, 1.3707128763198853, 1.3660976886749268, 1.3653329610824585, 1.3629496097564697, 1.3641310930252075, 1.3593751192092896, 1.3559690713882446], "val_loss": [2.473973035812378, 2.457253932952881, 2.448920726776123, 2.4460179805755615, 2.441343069076538, 2.4360079765319824, 2.4327549934387207, 2.431483745574951, 2.4168097972869873, 2.4224021434783936, 2.4145355224609375, 2.4143688678741455, 2.4076671600341797, 2.397597551345825, 2.390547513961792, 2.384209156036377, 2.388394594192505, 2.368201494216919, 2.3471875190734863, 2.3211278915405273, 2.306537389755249, 2.2831063270568848, 2.2742836475372314, 2.2379307746887207, 2.2282354831695557, 2.201563596725464, 2.169935941696167, 2.148810386657715, 2.1180264949798584, 2.0818212032318115, 2.0581648349761963, 2.018742322921753, 1.9693008661270142, 1.9439045190811157, 1.9007712602615356, 1.8820621967315674, 1.8345773220062256, 1.8266102075576782, 1.8043465614318848, 1.8040533065795898, 1.7763488292694092, 1.7858641147613525, 1.7696170806884766, 1.7674938440322876, 1.7514469623565674, 1.7554874420166016, 1.7494956254959106, 1.7359428405761719, 1.7344720363616943, 1.7451528310775757, 1.7621065378189087, 1.7347246408462524, 1.729594349861145, 1.7553805112838745, 1.7354635000228882, 1.752172827720642, 1.7561589479446411, 1.7476027011871338], "val_rmse": [1.5487140417099, 1.543535590171814, 1.5413175821304321, 1.5405840873718262, 1.5390276908874512, 1.5374430418014526, 1.5363788604736328, 1.5355778932571411, 1.5310975313186646, 1.532719612121582, 1.5301165580749512, 1.5299993753433228, 1.5278171300888062, 1.5245810747146606, 1.5222833156585693, 1.5202268362045288, 1.5213948488235474, 1.5148975849151611, 1.5080736875534058, 1.4995015859603882, 1.4946174621582031, 1.4868820905685425, 1.483810305595398, 1.4717720746994019, 1.4684538841247559, 1.4593778848648071, 1.4487872123718262, 1.441746711730957, 1.4311472177505493, 1.4189265966415405, 1.4107840061187744, 1.3972597122192383, 1.3803244829177856, 1.3712120056152344, 1.3562097549438477, 1.3495879173278809, 1.3329627513885498, 1.3302021026611328, 1.322399377822876, 1.3224174976348877, 1.3126319646835327, 1.3165178298950195, 1.310665249824524, 1.310178518295288, 1.3046635389328003, 1.3062257766723633, 1.3043121099472046, 1.2994707822799683, 1.2989387512207031, 1.3028885126113892, 1.3095271587371826, 1.2993735074996948, 1.2978585958480835, 1.3072247505187988, 1.3000140190124512, 1.3060903549194336, 1.3076647520065308, 1.3046945333480835]}