{"n_parameters": 137249, "training_time": 10429.518443107605, "loss": [2.9207890033721924, 2.466705322265625, 2.4422552585601807, 2.4073898792266846, 2.370023250579834, 2.327364683151245, 2.289374351501465, 2.2520551681518555, 2.2072577476501465, 2.1662685871124268, 2.122507095336914, 2.0757758617401123, 2.0261406898498535, 1.9784122705459595, 1.9294949769973755, 1.895380973815918, 1.8583742380142212, 1.8188241720199585, 1.7836278676986694, 1.767451524734497, 1.7392852306365967, 1.7196135520935059, 1.7023603916168213, 1.6894385814666748, 1.6715431213378906, 1.6684918403625488, 1.646733283996582, 1.6443206071853638, 1.6291998624801636, 1.623652458190918, 1.6185286045074463, 1.6052796840667725, 1.6007418632507324, 1.5885804891586304, 1.5818535089492798, 1.5762099027633667, 1.5768018960952759, 1.5579102039337158, 1.5536532402038574, 1.548920750617981, 1.5460457801818848, 1.5406907796859741, 1.538555383682251, 1.5275845527648926, 1.5206023454666138, 1.5079039335250854, 1.5064647197723389, 1.4957541227340698, 1.4909920692443848, 1.4822877645492554, 1.4830104112625122, 1.4714018106460571, 1.4606338739395142, 1.4578447341918945, 1.4495046138763428, 1.444128394126892, 1.4329193830490112, 1.4340089559555054, 1.4217102527618408, 1.418511152267456, 1.4109128713607788, 1.3957616090774536, 1.3998768329620361, 1.3933991193771362, 1.379604697227478, 1.372019648551941, 1.3669061660766602, 1.3554763793945312, 1.3572782278060913, 1.3464950323104858, 1.3341706991195679, 1.3250832557678223, 1.3219772577285767, 1.308349609375, 1.301337718963623, 1.2961453199386597, 1.2874467372894287, 1.2790828943252563, 1.2759555578231812, 1.2666223049163818, 1.2599871158599854, 1.244675636291504, 1.239608645439148, 1.2382194995880127, 1.225311517715454, 1.2261348962783813, 1.218665599822998, 1.2075419425964355, 1.198472261428833, 1.1968499422073364, 1.1928956508636475, 1.1817269325256348, 1.1740559339523315, 1.16581130027771, 1.1644806861877441, 1.1526200771331787, 1.1433281898498535, 1.136453628540039, 1.133752703666687, 1.1231697797775269, 1.1190075874328613, 1.1093275547027588, 1.0977641344070435, 1.0932356119155884, 1.0891464948654175, 1.0749914646148682, 1.0728094577789307, 1.0612945556640625, 1.053624153137207, 1.0516769886016846, 1.0419222116470337, 1.0347756147384644, 1.0230406522750854, 1.0216031074523926, 1.0165493488311768, 1.006516933441162, 0.9980385899543762, 0.9941129088401794, 0.9956213235855103, 0.9782717227935791, 0.9782333374023438, 0.974051296710968, 0.9650594592094421, 0.9624997973442078, 0.9522039890289307, 0.9497238993644714, 0.9429791569709778, 0.9316160082817078, 0.9271480441093445, 0.9184455275535583, 0.9126660823822021, 0.9138664603233337, 0.9043724536895752, 0.8973574042320251, 0.8919017910957336, 0.8856381177902222, 0.8842849731445312, 0.8775302171707153, 0.8686630725860596, 0.8617053627967834, 0.8589412569999695, 0.8550516963005066, 0.853329062461853, 0.8498460054397583, 0.8417913317680359, 0.8351773023605347, 0.8277261853218079, 0.8226289749145508, 0.8177908062934875, 0.8172221183776855, 0.8024914860725403, 0.8100870847702026, 0.7993841767311096, 0.7938663363456726, 0.7906472086906433, 0.7847129106521606, 0.7758302688598633, 0.7799310088157654, 0.770266056060791, 0.7664055824279785, 0.7575974464416504, 0.7557289600372314, 0.7567113637924194, 0.7471744418144226, 0.7396445870399475, 0.7372422218322754, 0.7275778651237488, 0.7326145768165588, 0.7258867621421814, 0.7213159799575806, 0.7180260419845581, 0.7113654613494873, 0.7090768814086914, 0.7040839195251465, 0.7018124461174011], "rmse": [1.6737126111984253, 1.5495502948760986, 1.5423096418380737, 1.5307730436325073, 1.5182387828826904, 1.5053918361663818, 1.4913105964660645, 1.4794995784759521, 1.4645938873291016, 1.4516328573226929, 1.4368754625320435, 1.419864535331726, 1.4032647609710693, 1.3866127729415894, 1.368224859237671, 1.3562642335891724, 1.344050407409668, 1.3292824029922485, 1.3156856298446655, 1.3098886013031006, 1.2998008728027344, 1.291922688484192, 1.2863357067108154, 1.281930685043335, 1.2752325534820557, 1.273863434791565, 1.2666001319885254, 1.264344334602356, 1.2584176063537598, 1.2567203044891357, 1.254883050918579, 1.2501009702682495, 1.2477532625198364, 1.2430427074432373, 1.240850806236267, 1.2384778261184692, 1.238198161125183, 1.2313207387924194, 1.2297333478927612, 1.2280510663986206, 1.2266314029693604, 1.2251040935516357, 1.2242484092712402, 1.2200859785079956, 1.217480182647705, 1.212072730064392, 1.2117022275924683, 1.206984043121338, 1.205017328262329, 1.201403260231018, 1.2020004987716675, 1.1972553730010986, 1.1930749416351318, 1.1920554637908936, 1.188501238822937, 1.1852527856826782, 1.1814401149749756, 1.1819976568222046, 1.1764785051345825, 1.1753405332565308, 1.1719614267349243, 1.1659597158432007, 1.1668643951416016, 1.1640346050262451, 1.1597387790679932, 1.155531406402588, 1.153592824935913, 1.149143934249878, 1.149374008178711, 1.144270658493042, 1.1397807598114014, 1.1362760066986084, 1.134080410003662, 1.1292747259140015, 1.1259987354278564, 1.122848391532898, 1.1204707622528076, 1.1167632341384888, 1.1139360666275024, 1.1107183694839478, 1.1075797080993652, 1.0997910499572754, 1.0972816944122314, 1.097591757774353, 1.0924259424209595, 1.0919253826141357, 1.0898733139038086, 1.083949327468872, 1.079901933670044, 1.0782759189605713, 1.0769705772399902, 1.0719056129455566, 1.068849802017212, 1.0656362771987915, 1.0638248920440674, 1.0587353706359863, 1.0541908740997314, 1.0510197877883911, 1.0501248836517334, 1.0454827547073364, 1.042819619178772, 1.038675308227539, 1.033860683441162, 1.0310314893722534, 1.0283889770507812, 1.0221627950668335, 1.0208452939987183, 1.015034794807434, 1.0116710662841797, 1.0110158920288086, 1.0060046911239624, 1.0021061897277832, 0.9963496923446655, 0.9959025382995605, 0.9935050010681152, 0.9889968037605286, 0.9838753938674927, 0.9828205108642578, 0.9830981492996216, 0.9735219478607178, 0.9738321304321289, 0.9724334478378296, 0.9670084714889526, 0.9655171036720276, 0.9609755873680115, 0.959246039390564, 0.955649733543396, 0.9499544501304626, 0.9475531578063965, 0.9435377717018127, 0.9396989345550537, 0.9403892159461975, 0.9365445971488953, 0.9316723346710205, 0.9295743703842163, 0.926600456237793, 0.9252890944480896, 0.9208844900131226, 0.9166619181632996, 0.9133119583129883, 0.9114635586738586, 0.9102455973625183, 0.908158004283905, 0.9060641527175903, 0.9024421572685242, 0.8989418148994446, 0.8949875235557556, 0.8909921646118164, 0.8889084458351135, 0.8889427781105042, 0.8810675740242004, 0.8839910626411438, 0.8787146806716919, 0.8754236698150635, 0.8746705055236816, 0.8707450032234192, 0.8650836944580078, 0.8671873807907104, 0.8630128502845764, 0.8605069518089294, 0.8559267520904541, 0.8545195460319519, 0.8538868427276611, 0.8496195673942566, 0.8449450731277466, 0.8435672521591187, 0.8383661508560181, 0.8408470153808594, 0.8371955752372742, 0.833602249622345, 0.8325221538543701, 0.828724205493927, 0.8279043436050415, 0.8243916630744934, 0.823785662651062],