{"n_parameters": 198737, "training_time": 12137.29690694809, "loss": [4.1710381507873535, 2.504849672317505, 2.453676700592041, 2.403456449508667, 2.3614885807037354, 2.309946298599243, 2.2569739818573, 2.1949074268341064, 2.11896014213562, 2.02756404876709, 1.9467138051986694, 1.854225516319275, 1.7884025573730469, 1.7269327640533447, 1.6790190935134888, 1.6453578472137451, 1.6156795024871826, 1.5837312936782837, 1.559306025505066, 1.535758376121521, 1.5123217105865479, 1.4933226108551025, 1.4748377799987793, 1.4505106210708618, 1.4331672191619873, 1.418747901916504, 1.397475242614746, 1.3806324005126953, 1.3686343431472778, 1.3526943922042847, 1.333897590637207, 1.3188446760177612, 1.3027853965759277, 1.2912296056747437, 1.2754768133163452, 1.2634354829788208, 1.253020167350769, 1.244008183479309, 1.2270182371139526, 1.2162712812423706, 1.207271933555603, 1.1989569664001465, 1.1856122016906738, 1.1700092554092407, 1.1664886474609375, 1.1557812690734863, 1.1358696222305298, 1.1291530132293701, 1.114619255065918, 1.108747124671936, 1.094597339630127, 1.0901848077774048, 1.0776444673538208, 1.0698832273483276, 1.0649008750915527, 1.0488744974136353, 1.0423487424850464, 1.0293885469436646, 1.024708867073059, 1.0171093940734863, 1.010955572128296, 0.9985778331756592, 0.9878431558609009, 0.9821674227714539, 0.9773008227348328, 0.9637300968170166, 0.9564405083656311, 0.9462184906005859, 0.9383001923561096, 0.934683620929718, 0.926324725151062, 0.9141455292701721, 0.9085418581962585, 0.9036116600036621, 0.8941489458084106, 0.8867450952529907, 0.874622106552124, 0.8718453049659729, 0.8622983694076538, 0.8564379811286926, 0.847645103931427, 0.8376353979110718, 0.8369576334953308, 0.8200511336326599, 0.814704418182373, 0.8088110685348511, 0.7952896952629089, 0.7946093678474426, 0.7899907231330872, 0.7758572101593018, 0.7713321447372437, 0.7610098719596863, 0.754550576210022, 0.7537927031517029, 0.7402943968772888, 0.7349885106086731, 0.7343889474868774, 0.7223886847496033, 0.7146669030189514, 0.7115709185600281, 0.7066115736961365, 0.6943740844726562, 0.6903297901153564, 0.6840212941169739, 0.6792359948158264, 0.6717492938041687, 0.6692662835121155, 0.6654914617538452, 0.658044695854187, 0.6524943113327026, 0.640275776386261, 0.6388932466506958, 0.6420024037361145, 0.6265051364898682, 0.6220025420188904, 0.6187655329704285, 0.6190698742866516, 0.6117693781852722, 0.6078981161117554, 0.5986786484718323, 0.5925534963607788, 0.5898157358169556, 0.5849580764770508, 0.5822755098342896, 0.576538622379303, 0.5756807923316956, 0.5687704682350159, 0.5634146332740784, 0.5600790977478027, 0.5523210167884827, 0.5482770204544067, 0.5495691299438477, 0.5438145995140076, 0.5385172367095947, 0.5358232855796814, 0.5330973863601685, 0.5277153253555298, 0.523751437664032, 0.5212185978889465, 0.5208364129066467, 0.5145131945610046, 0.5107884407043457, 0.5054553151130676, 0.49929115176200867, 0.49659401178359985, 0.49725693464279175, 0.494032084941864, 0.4902583360671997, 0.4864819347858429, 0.48186320066452026, 0.47973713278770447, 0.4766130745410919, 0.4775650203227997, 0.4730188846588135, 0.47258684039115906, 0.46089228987693787, 0.4622544050216675, 0.4594793915748596, 0.456002801656723, 0.4515281021595001, 0.45065534114837646, 0.4466298222541809, 0.44525471329689026, 0.4435458183288574, 0.43818312883377075, 0.43681466579437256, 0.4329182803630829, 0.4284358024597168], "rmse": [1.9763247966766357, 1.5615832805633545, 1.545053482055664, 1.5285331010818481, 1.5161166191101074, 1.4998093843460083, 1.4817415475845337, 1.4609583616256714, 1.4346426725387573, 1.4031003713607788, 1.3742620944976807, 1.3403970003128052, 1.3177921772003174, 1.295147180557251, 1.277138113975525, 1.2639944553375244, 1.2530244588851929, 1.2400429248809814, 1.2310326099395752, 1.2222763299942017, 1.2130208015441895, 1.2049208879470825, 1.1975760459899902, 1.187695026397705, 1.180699110031128, 1.1746819019317627, 1.1655874252319336, 1.1596351861953735, 1.1541727781295776, 1.1472612619400024, 1.1394755840301514, 1.13253653049469, 1.1261577606201172, 1.1208934783935547, 1.114219307899475, 1.108668565750122, 1.104880452156067, 1.1008917093276978, 1.0924874544143677, 1.0875904560089111, 1.083136796951294, 1.080350399017334, 1.0744024515151978, 1.0669645071029663, 1.0649625062942505, 1.0609499216079712, 1.0517507791519165, 1.048248529434204, 1.0417405366897583, 1.0383715629577637, 1.031672477722168, 1.0298587083816528, 1.0238595008850098, 1.020256757736206, 1.0181922912597656, 1.0103367567062378, 1.0072331428527832, 1.0009785890579224, 0.9987607002258301, 0.9949695467948914, 0.9917230010032654, 0.9862292408943176, 0.981155514717102, 0.9770277738571167, 0.9751483798027039, 0.9684176445007324, 0.964823305606842, 0.9596795439720154, 0.9560028910636902, 0.9534836411476135, 0.9492425918579102, 0.9429584741592407, 0.939660370349884, 0.9371684193611145, 0.9322945475578308, 0.9282944202423096, 0.9222023487091064, 0.9205077290534973, 0.9159616827964783, 0.9126006960868835, 0.9077025651931763, 0.9015242457389832, 0.9016777276992798, 0.8925996422767639, 0.8900837898254395, 0.8863739371299744, 0.8785130381584167, 0.8784488439559937, 0.8759080767631531, 0.867634654045105, 0.8653095364570618, 0.8593579530715942, 0.8553544878959656, 0.8551601767539978, 0.8470357060432434, 0.8443266749382019, 0.8434576392173767, 0.8371217846870422, 0.8326391577720642, 0.8307600617408752, 0.8277832865715027, 0.8206238150596619, 0.8177748918533325, 0.8139321208000183, 0.8109281659126282, 0.8066040873527527, 0.8053306937217712, 0.80251544713974, 0.7984498143196106, 0.7954832911491394, 0.7878211140632629, 0.785677969455719, 0.7883222699165344, 0.7786800861358643, 0.776250422000885, 0.7735100388526917, 0.7742844820022583, 0.769421398639679, 0.7670429348945618, 0.7609960436820984, 0.7569317817687988, 0.754941463470459, 0.7522149682044983, 0.7505177855491638, 0.7462689280509949, 0.7461767792701721, 0.7414202094078064, 0.7382233738899231, 0.7358161807060242, 0.7308562397956848, 0.7289322018623352, 0.7294831275939941, 0.725482165813446, 0.7214489579200745, 0.7195627689361572, 0.7182072997093201, 0.7149122357368469, 0.7118979096412659, 0.70964115858078, 0.7097107768058777, 0.7060499787330627, 0.7025552988052368, 0.6988049745559692, 0.6951440572738647, 0.693108320236206, 0.6935485601425171, 0.6911821961402893, 0.6879734992980957, 0.68592768907547, 0.682414174079895, 0.6808601021766663, 0.6790215969085693, 0.6797095537185669, 0.6762621998786926, 0.6758330464363098, 0.6681214570999146, 0.6683622598648071, 0.6659963726997375, 0.6641708612442017, 0.6610506772994995, 0.6604331731796265, 0.6574305891990662, 0.6561262607574463, 0.655267059803009, 0.6509084701538086, 0.6504887342453003, 0.6467325091362, 0.6437069177627563],