{"n_parameters": 188337, "training_time": 10109.31138920784, "loss": [3.603654146194458, 2.9690613746643066, 2.6665191650390625, 2.5127241611480713, 2.4920103549957275, 2.4758174419403076, 2.4697153568267822, 2.4636905193328857, 2.4514899253845215, 2.4474878311157227, 2.4431588649749756, 2.438830614089966, 2.4350693225860596, 2.428663492202759, 2.424861192703247, 2.420093536376953, 2.416095733642578, 2.4143717288970947, 2.4073331356048584, 2.404108762741089, 2.4031076431274414, 2.3937723636627197, 2.3928990364074707, 2.3871982097625732, 2.3815841674804688, 2.379812717437744, 2.374419689178467, 2.3717763423919678, 2.3661768436431885, 2.364494562149048, 2.358154773712158, 2.357503890991211, 2.3496603965759277, 2.34814190864563, 2.3392391204833984, 2.337261438369751, 2.335099458694458, 2.3292224407196045, 2.3224642276763916, 2.316204786300659, 2.309509754180908, 2.3061306476593018, 2.301023244857788, 2.2975480556488037, 2.2878026962280273, 2.278585910797119, 2.271193742752075, 2.2638278007507324, 2.2592833042144775, 2.246047019958496, 2.2347710132598877, 2.2213234901428223, 2.208404779434204, 2.1903610229492188, 2.1621994972229004, 2.1425352096557617, 2.118004083633423, 2.094146490097046, 2.0669121742248535, 2.0435612201690674, 2.0105578899383545, 1.9915019273757935, 1.9612771272659302, 1.941948413848877, 1.9235161542892456, 1.8956608772277832, 1.8783403635025024, 1.8588879108428955, 1.837661862373352, 1.8094193935394287, 1.7947298288345337, 1.772052526473999, 1.756280779838562, 1.7401068210601807, 1.7301337718963623, 1.708042025566101, 1.6952805519104004, 1.679600715637207, 1.668159008026123, 1.6548947095870972, 1.6455039978027344, 1.633683204650879, 1.621881365776062, 1.6116546392440796, 1.5997958183288574, 1.590701937675476, 1.5843747854232788, 1.573151707649231, 1.5663750171661377, 1.5584627389907837, 1.5482921600341797, 1.544468879699707, 1.5366907119750977, 1.5319766998291016, 1.5239593982696533, 1.520625352859497, 1.5174403190612793, 1.5090357065200806, 1.5038983821868896, 1.502597451210022, 1.4973253011703491, 1.487196445465088, 1.484863042831421, 1.4833130836486816, 1.475492238998413, 1.472518801689148, 1.470562219619751, 1.4627139568328857, 1.4605520963668823, 1.4531739950180054, 1.4527266025543213, 1.4506944417953491, 1.4438936710357666, 1.4420925378799438, 1.4402891397476196, 1.4341543912887573, 1.4312562942504883, 1.4268205165863037, 1.424191951751709, 1.4202325344085693, 1.4141889810562134, 1.4171937704086304, 1.4101614952087402, 1.4066064357757568, 1.4057141542434692, 1.4010958671569824, 1.3992259502410889, 1.3936052322387695, 1.3923757076263428, 1.3897510766983032, 1.3844431638717651, 1.389367699623108, 1.3795418739318848, 1.378995656967163, 1.3764152526855469, 1.3735733032226562, 1.3708800077438354, 1.369030237197876, 1.3639742136001587, 1.365535020828247], "rmse": [1.8769993782043457, 1.7027467489242554, 1.612107515335083, 1.5644053220748901, 1.55809485912323, 1.5528755187988281, 1.5499482154846191, 1.5497558116912842, 1.5446439981460571, 1.5436679124832153, 1.5422860383987427, 1.5410363674163818, 1.5398178100585938, 1.5378007888793945, 1.5365222692489624, 1.5352925062179565, 1.5329368114471436, 1.5335297584533691, 1.5312325954437256, 1.5302433967590332, 1.5294458866119385, 1.5272126197814941, 1.5253230333328247, 1.5254478454589844, 1.5224112272262573, 1.5229846239089966, 1.5206873416900635, 1.5193551778793335, 1.517446756362915, 1.5173310041427612, 1.5146664381027222, 1.515760898590088, 1.5129246711730957, 1.5130555629730225, 1.5088521242141724, 1.50894296169281, 1.5087069272994995, 1.5067394971847534, 1.5037102699279785, 1.5018240213394165, 1.5001684427261353, 1.4990813732147217, 1.497746467590332, 1.496211290359497, 1.4923797845840454, 1.4896060228347778, 1.487281322479248, 1.4857901334762573, 1.483699917793274, 1.4796379804611206, 1.4758987426757812, 1.4709422588348389, 1.4661067724227905, 1.459236741065979, 1.4504867792129517, 1.4445589780807495, 1.4352284669876099, 1.4266232252120972, 1.4182301759719849, 1.410321593284607, 1.3984014987945557, 1.3918651342391968, 1.380092740058899, 1.3748501539230347, 1.367038369178772, 1.357784628868103, 1.3504315614700317, 1.344075322151184, 1.3373370170593262, 1.3261820077896118, 1.3207813501358032, 1.3131004571914673, 1.3067004680633545, 1.300135612487793, 1.2974331378936768, 1.2887921333312988, 1.2837305068969727, 1.277923822402954, 1.272261381149292, 1.2687841653823853, 1.2649403810501099, 1.2610050439834595, 1.2565771341323853, 1.2525278329849243, 1.2474312782287598, 1.2441414594650269, 1.2422744035720825, 1.2371323108673096, 1.2339407205581665, 1.2313131093978882, 1.2278621196746826, 1.2266225814819336, 1.2223787307739258, 1.2208647727966309, 1.2184526920318604, 1.2166316509246826, 1.2160378694534302, 1.2125240564346313, 1.2106801271438599, 1.210206151008606, 1.2075161933898926, 1.2029473781585693, 1.203108310699463, 1.2019670009613037, 1.1989128589630127, 1.1977897882461548, 1.1970008611679077, 1.1936228275299072, 1.1924289464950562, 1.1895681619644165, 1.1899298429489136, 1.1888471841812134, 1.1864076852798462, 1.1856677532196045, 1.184581995010376, 1.1823877096176147, 1.1815581321716309, 1.1790977716445923, 1.1773295402526855, 1.1753664016723633, 1.1743510961532593, 1.1748759746551514, 1.172802448272705, 1.1707408428192139, 1.1708916425704956, 1.1692060232162476, 1.167749047279358, 1.1654447317123413, 1.16433846950531, 1.163930892944336, 1.1618728637695312, 1.1638448238372803, 1.1600043773651123, 1.1581025123596191, 1.15830397605896, 1.1566145420074463, 1.1559096574783325, 1.154948353767395, 1.152849793434143, 1.1529724597930908],