{"n_parameters": 138897, "training_time": 14105.791996717453, "loss": [5.554337024688721, 4.229194164276123, 3.6397547721862793, 3.3054676055908203, 3.1079652309417725, 2.9704203605651855, 2.8793420791625977, 2.802389144897461, 2.7538554668426514, 2.695704698562622, 2.6659109592437744, 2.6151537895202637, 2.608853816986084, 2.578258514404297, 2.5571343898773193, 2.530106544494629, 2.5105724334716797, 2.4944136142730713, 2.4701972007751465, 2.4463565349578857, 2.4106621742248535, 2.392681121826172, 2.3776955604553223, 2.3291985988616943, 2.2992124557495117, 2.269164562225342, 2.220141649246216, 2.1838221549987793, 2.149639844894409, 2.101412773132324, 2.0610690116882324, 2.0319876670837402, 1.9983512163162231, 1.9654150009155273, 1.9364609718322754, 1.921655535697937, 1.8917659521102905, 1.881147861480713, 1.8568121194839478, 1.8477977514266968, 1.8274410963058472, 1.8187264204025269, 1.8086494207382202, 1.7885520458221436, 1.7782623767852783, 1.77635657787323, 1.766581416130066, 1.7535673379898071, 1.7387137413024902, 1.7305266857147217, 1.721136212348938, 1.7184690237045288, 1.7016453742980957, 1.70156991481781, 1.688425064086914, 1.676607370376587, 1.6699856519699097, 1.662820816040039, 1.6439006328582764, 1.6525286436080933, 1.6307450532913208, 1.6317704916000366, 1.6152793169021606, 1.6138797998428345, 1.6074714660644531, 1.5990351438522339, 1.591883897781372, 1.5763336420059204, 1.5739340782165527, 1.5692764520645142, 1.5620779991149902, 1.5540624856948853, 1.5444493293762207, 1.5365525484085083, 1.5318602323532104, 1.5337715148925781, 1.516977071762085, 1.5034252405166626, 1.4980061054229736, 1.4913328886032104, 1.4817239046096802, 1.4681516885757446, 1.471266746520996, 1.4593727588653564, 1.45432448387146, 1.4424387216567993, 1.441521406173706, 1.4312822818756104, 1.42232346534729, 1.4200451374053955, 1.4050958156585693, 1.3984848260879517, 1.3963429927825928, 1.3855414390563965, 1.3734080791473389, 1.3742449283599854, 1.3651773929595947, 1.3607650995254517, 1.352718710899353, 1.3479021787643433, 1.341307520866394, 1.3314204216003418, 1.313328504562378, 1.3116852045059204, 1.306633472442627, 1.3003530502319336, 1.2943224906921387, 1.2841168642044067, 1.2762527465820312, 1.2744606733322144, 1.2692267894744873, 1.2583253383636475, 1.2447404861450195, 1.2456691265106201, 1.227536916732788, 1.2240070104599, 1.2229825258255005, 1.2160204648971558, 1.2122962474822998, 1.213029146194458, 1.200913429260254, 1.2042407989501953, 1.181350827217102, 1.182276964187622, 1.1722972393035889, 1.1696678400039673, 1.1636842489242554, 1.168381690979004, 1.1495369672775269, 1.1473968029022217, 1.1426243782043457, 1.1398364305496216, 1.1369742155075073, 1.127627968788147, 1.1191179752349854, 1.1146414279937744, 1.1110854148864746, 1.096575379371643, 1.1038658618927002, 1.094527244567871, 1.0916649103164673, 1.0835407972335815, 1.077438235282898, 1.0718549489974976, 1.0696810483932495, 1.0645318031311035, 1.045395016670227, 1.0515055656433105, 1.0440161228179932, 1.0386219024658203, 1.037310242652893, 1.0331774950027466, 1.0196770429611206, 1.016989827156067, 1.0095725059509277, 1.0096848011016846, 1.0019009113311768, 0.9957038760185242, 0.9895109534263611, 0.9820674061775208, 0.9754217863082886, 0.9737383127212524, 0.9675334692001343, 0.964545488357544, 0.953162431716919, 0.9431647062301636, 0.942078173160553, 0.9372697472572327, 0.9296929836273193, 0.9260646104812622, 0.9125990867614746, 0.9158335328102112, 0.9041301608085632, 0.9023112058639526, 0.9038213491439819, 0.8895770907402039, 0.8850479125976562, 0.8792183995246887, 0.8764064311981201, 0.8724302649497986, 0.8624171614646912, 0.8600680232048035, 0.8531315326690674, 0.8551275730133057, 0.8480629920959473, 0.8351778388023376, 0.8300336599349976, 0.8296987414360046, 0.8297227025032043, 0.8207080364227295, 0.8105974197387695, 0.8108042478561401, 0.8045796751976013, 0.8022134304046631, 0.7914387583732605, 0.7858045697212219, 0.7856869101524353, 0.7803400754928589, 0.7777904868125916, 0.7722556591033936, 0.7669907212257385, 0.7576895356178284, 0.7545433044433594, 0.7537636160850525, 0.7416254878044128, 0.7453404068946838, 0.7360168695449829, 0.7316986322402954, 0.7275934219360352, 0.722611665725708, 0.7189130783081055, 0.7162327170372009, 0.7071211934089661, 0.7062961459159851, 0.6967024207115173, 0.7029078006744385, 0.6984263062477112, 0.6962491273880005, 0.68698650598526, 0.6842343211174011, 0.686263382434845, 0.6763392686843872, 0.6702786684036255, 0.6713539958000183, 0.6679245233535767, 0.6625179052352905, 0.6543139219284058, 0.6555303335189819, 0.6494958400726318, 0.6461145877838135, 0.6446930766105652, 0.642501175403595, 0.638036847114563, 0.6314998865127563, 0.6355146765708923, 0.6278805732727051, 0.62359619140625, 0.6189332008361816],