{"n_parameters": 330625, "training_time": 23393.584063768387, "loss": [2.794029951095581, 2.614457368850708, 2.5410966873168945, 2.5016467571258545, 2.4762814044952393, 2.455177068710327, 2.433159828186035, 2.4229493141174316, 2.4064900875091553, 2.395308256149292, 2.374636173248291, 2.365549325942993, 2.347228527069092, 2.334085464477539, 2.3136885166168213, 2.2957403659820557, 2.2774453163146973, 2.255119562149048, 2.227245807647705, 2.2038938999176025, 2.173529863357544, 2.1365723609924316, 2.107095718383789, 2.0687155723571777, 2.034341335296631, 1.9938722848892212, 1.9558767080307007, 1.91818368434906, 1.8802047967910767, 1.8390960693359375, 1.8051830530166626, 1.7698549032211304, 1.7418437004089355, 1.7128700017929077, 1.6909663677215576, 1.6703275442123413, 1.645401954650879, 1.6266967058181763, 1.6082457304000854, 1.597645878791809, 1.5840177536010742, 1.5739561319351196, 1.5620648860931396, 1.5505613088607788, 1.5325607061386108, 1.5256904363632202, 1.5186936855316162, 1.5108405351638794, 1.4965656995773315, 1.4925775527954102, 1.4881058931350708, 1.472513198852539, 1.4675798416137695, 1.458975911140442, 1.4582451581954956, 1.446946382522583, 1.444894552230835, 1.43333101272583, 1.422605037689209, 1.4209040403366089, 1.4152034521102905, 1.4104498624801636, 1.401989221572876, 1.3980940580368042, 1.393113613128662, 1.3895595073699951, 1.380137324333191, 1.3760242462158203, 1.370700478553772, 1.368360996246338, 1.3605445623397827, 1.3523435592651367, 1.3510339260101318, 1.344326376914978, 1.336844801902771, 1.3376158475875854, 1.33413565158844, 1.327506422996521, 1.3258510828018188, 1.3190741539001465, 1.310437798500061, 1.306296944618225, 1.3032488822937012, 1.2996248006820679, 1.2947754859924316, 1.2886300086975098, 1.2891020774841309, 1.2817803621292114, 1.2814627885818481, 1.2758959531784058, 1.2678790092468262, 1.2664121389389038, 1.2606428861618042, 1.2575962543487549, 1.2520945072174072, 1.2497098445892334, 1.249755620956421, 1.2426564693450928, 1.2397937774658203, 1.2318401336669922, 1.2292404174804688, 1.2265151739120483, 1.2216702699661255, 1.2100938558578491, 1.2131741046905518, 1.2078969478607178, 1.2070785760879517, 1.2039443254470825, 1.1976929903030396, 1.1934093236923218, 1.1906019449234009, 1.1817761659622192, 1.1782015562057495, 1.1790075302124023, 1.1757731437683105, 1.1698013544082642, 1.1659334897994995, 1.1588753461837769, 1.1559778451919556, 1.148432731628418, 1.150800347328186, 1.1437350511550903, 1.1376811265945435, 1.1379860639572144, 1.1293137073516846, 1.1275439262390137, 1.1221604347229004, 1.1165093183517456, 1.114477276802063, 1.1041407585144043, 1.1009753942489624, 1.1011470556259155, 1.09889554977417, 1.0849896669387817, 1.0824718475341797, 1.073049545288086, 1.0686894655227661, 1.0654910802841187, 1.0573889017105103, 1.0556663274765015, 1.0481617450714111, 1.0422829389572144, 1.0364776849746704, 1.023268461227417, 1.017163872718811, 1.0158830881118774, 1.0080742835998535, 1.0013993978500366, 0.9970112442970276, 0.9864545464515686, 0.9823673367500305, 0.9782823920249939, 0.9697968363761902, 0.9608640074729919, 0.953620433807373, 0.9452378749847412, 0.9432877898216248, 0.9331872463226318, 0.927015483379364, 0.9237844347953796, 0.9177719950675964, 0.9129831194877625, 0.9042726159095764, 0.9007898569107056, 0.8907933235168457, 0.8876585364341736, 0.8786866068840027, 0.8759076595306396, 0.8712009191513062, 0.8606836199760437, 0.8536036610603333, 0.8519604802131653, 0.843380868434906, 0.8383471965789795, 0.8337975740432739, 0.8260006308555603, 0.8210346102714539, 0.8143631219863892, 0.8118144273757935, 0.8097483515739441, 0.8022266626358032, 0.7945930361747742, 0.7915987968444824, 0.7855513095855713, 0.7861202359199524, 0.7813694477081299, 0.7793576121330261, 0.7720221281051636, 0.7646918296813965, 0.763455331325531, 0.7551835775375366, 0.7504807114601135, 0.7500961422920227, 0.7465667724609375, 0.740460216999054, 0.7461993098258972, 0.7373226284980774, 0.7302655577659607, 0.7289333343505859, 0.7204791903495789, 0.7201856970787048, 0.7160980701446533, 0.7127826809883118, 0.7092586159706116, 0.7075082659721375, 0.7040738463401794, 0.6940535306930542, 0.6969044804573059, 0.6882109045982361, 0.6949030756950378, 0.6846069097518921, 0.6816632151603699, 0.6773660182952881, 0.6771168112754822, 0.6705955862998962, 0.6698569059371948, 0.6665506362915039, 0.6627359986305237, 0.6549878716468811, 0.6572344303131104, 0.651701033115387, 0.6514772772789001, 0.6503776907920837, 0.6465939879417419, 0.6399412751197815, 0.6377665400505066, 0.6340620517730713, 0.6336278915405273, 0.6305222511291504, 0.6280129551887512, 0.6248196959495544, 0.6230533123016357, 0.6199888586997986],