{"n_parameters": 438273, "training_time": 15184.096439123154, "loss": [3.090282440185547, 2.6548655033111572, 2.52303147315979, 2.457982301712036, 2.4031994342803955, 2.3461074829101562, 2.294947385787964, 2.243086576461792, 2.1816039085388184, 2.10310435295105, 2.0227506160736084, 1.9218440055847168, 1.837862491607666, 1.7674826383590698, 1.7021377086639404, 1.6586099863052368, 1.6210509538650513, 1.596009612083435, 1.5615838766098022, 1.5364525318145752, 1.5101568698883057, 1.4859315156936646, 1.4690159559249878, 1.4529054164886475, 1.4312503337860107, 1.4155893325805664, 1.4014606475830078, 1.3906869888305664, 1.3622373342514038, 1.3545727729797363, 1.3412340879440308, 1.3253867626190186, 1.3101097345352173, 1.2877328395843506, 1.2860207557678223, 1.2787259817123413, 1.264506220817566, 1.2486140727996826, 1.238646149635315, 1.2308317422866821, 1.217350721359253, 1.2049874067306519, 1.192121148109436, 1.1783138513565063, 1.1773990392684937, 1.1613013744354248, 1.1479600667953491, 1.1366937160491943, 1.12288236618042, 1.1146516799926758, 1.099731683731079, 1.0818477869033813, 1.0761433839797974, 1.0545401573181152, 1.042800784111023, 1.0267888307571411, 1.015363097190857, 0.9992237687110901, 0.9841846227645874, 0.9698020219802856, 0.9551716446876526, 0.9453526735305786, 0.9272268414497375, 0.9187902808189392, 0.9045255184173584, 0.8908371925354004, 0.8824211955070496, 0.8724079132080078, 0.8629135489463806, 0.8479801416397095, 0.8407211303710938, 0.8308404088020325, 0.8185217380523682, 0.8092966675758362, 0.8056904673576355, 0.7922134399414062, 0.7914949059486389, 0.7746731042861938, 0.7694565653800964, 0.763541579246521, 0.7529076933860779, 0.7448702454566956, 0.7432542443275452, 0.7349104881286621, 0.7280853986740112, 0.7234514951705933, 0.7158365249633789, 0.7076265215873718, 0.7021641731262207, 0.6944916248321533, 0.6863527297973633, 0.6846857070922852, 0.672173023223877, 0.6657220721244812, 0.6594666242599487, 0.661203145980835, 0.6504567265510559, 0.645405650138855, 0.6372332572937012, 0.6314627528190613, 0.6230646371841431, 0.6226280927658081, 0.6158215999603271, 0.605911135673523, 0.6027716994285583, 0.5977127552032471, 0.5901117324829102, 0.5844810009002686, 0.5805546045303345, 0.576046347618103, 0.5691643357276917, 0.5616458058357239, 0.5580102801322937, 0.553238570690155, 0.5470237731933594, 0.5427775979042053, 0.5352346301078796, 0.5330861806869507, 0.5237708687782288, 0.5237095952033997, 0.5132103562355042, 0.5117553472518921, 0.5065544247627258, 0.5022552013397217, 0.49860456585884094, 0.4932093620300293, 0.48972782492637634, 0.48834261298179626, 0.48117682337760925], "rmse": [1.7282965183258057, 1.6099919080734253, 1.569075345993042, 1.547620177268982, 1.5301309823989868, 1.5115617513656616, 1.4945093393325806, 1.477118968963623, 1.456950068473816, 1.4296612739562988, 1.4018299579620361, 1.3657317161560059, 1.3360471725463867, 1.31031334400177, 1.284934639930725, 1.2698525190353394, 1.2549867630004883, 1.2463711500167847, 1.2329033613204956, 1.2228014469146729, 1.2125120162963867, 1.2027729749679565, 1.1952602863311768, 1.189624547958374, 1.1807940006256104, 1.1748353242874146, 1.1684200763702393, 1.1640385389328003, 1.1522632837295532, 1.1494535207748413, 1.1432571411132812, 1.1365878582000732, 1.1302717924118042, 1.1203408241271973, 1.1194119453430176, 1.1162998676300049, 1.1103200912475586, 1.1026242971420288, 1.0993727445602417, 1.0963820219039917, 1.0896937847137451, 1.0842499732971191, 1.0780692100524902, 1.072198510169983, 1.071509599685669, 1.0639714002609253, 1.0591002702713013, 1.0534427165985107, 1.0471566915512085, 1.0430067777633667, 1.035733699798584, 1.0278035402297974, 1.0250494480133057, 1.014091968536377, 1.0084036588668823, 1.0006603002548218, 0.9956571459770203, 0.9875138998031616, 0.9796513319015503, 0.9732327461242676, 0.9651815891265869, 0.9598492383956909, 0.9512937664985657, 0.946352481842041, 0.9387502074241638, 0.9317183494567871, 0.9274780750274658, 0.922203004360199, 0.9173647165298462, 0.9093708395957947, 0.9054208993911743, 0.9004614949226379, 0.8929340243339539, 0.8877776861190796, 0.8860472440719604, 0.8787648677825928, 0.8788091540336609, 0.8683494329452515, 0.8657482266426086, 0.8623801469802856, 0.8561316728591919, 0.8516227602958679, 0.8507693409919739, 0.8463042974472046, 0.8421501517295837, 0.8391905426979065, 0.8347787857055664, 0.8302469849586487, 0.8271756768226624, 0.8223047852516174, 0.8172712922096252, 0.8166160583496094, 0.8095020055770874, 0.805596113204956, 0.8013771772384644, 0.8029477596282959, 0.7956452369689941, 0.7926813364028931, 0.7877321839332581, 0.7840176820755005, 0.7790510058403015, 0.7779982686042786, 0.7742125391960144, 0.7683056592941284, 0.7664273381233215, 0.7625656723976135, 0.7580039501190186, 0.7544711828231812, 0.7518459558486938, 0.7492755055427551, 0.7449562549591064, 0.7394707202911377, 0.7372190952301025, 0.7339476346969604, 0.7301343083381653, 0.7272684574127197, 0.7220063805580139, 0.7202771306037903, 0.7142215371131897, 0.7139232158660889, 0.7072223424911499, 0.7059618830680847, 0.7027096152305603, 0.6994161009788513, 0.6974179148674011, 0.6931264400482178, 0.6907984614372253, 0.6896302103996277, 0.6847085356712341], "val_loss": [2.4807841777801514, 2.4007227420806885, 2.360377788543701, 2.3240792751312256, 2.2843549251556396, 2.2412238121032715, 2.1802823543548584, 2.1290178298950195, 2.0488336086273193, 1.9592325687408447, 1.8639684915542603, 1.7747238874435425, 1.7022472620010376, 1.6498116254806519, 1.6211471557617188, 1.6052265167236328, 1.5913989543914795, 1.580273151397705, 1.5532827377319336, 1.530741810798645, 1.535789966583252, 1.4964581727981567, 1.501450777053833, 1.4774606227874756, 1.4467695951461792, 1.419557809829712, 1.425131916999817, 1.389137864112854, 1.3578282594680786, 1.363531470298767, 1.349837064743042, 1.2983969449996948, 1.2984070777893066, 1.3120110034942627, 1.2831006050109863, 1.248144507408142, 1.2438081502914429, 1.2452375888824463, 1.2040854692459106, 1.199820637702942, 1.2121740579605103, 1.1765638589859009, 1.1768718957901, 1.144208550453186, 1.131882667541504, 1.1170293092727661, 1.0976829528808594, 1.0932122468948364, 1.087891697883606, 1.0613574981689453, 1.0616343021392822, 1.036609411239624, 1.0351026058197021, 1.012048602104187, 0.9942395687103271, 0.9798293709754944, 0.9653053879737854, 0.9615873694419861, 0.9427062273025513, 0.9384613633155823, 0.9145472645759583, 0.9057492017745972, 0.890679657459259, 0.8853611350059509, 0.8775871396064758, 0.8609140515327454, 0.864335298538208, 0.857793927192688, 0.8337708115577698, 0.8354350328445435, 0.8490803241729736, 0.8369006514549255, 0.8358227014541626, 0.8204469680786133, 0.8115907311439514, 0.8264446258544922, 0.7997624278068542, 0.7932390570640564, 0.8028548955917358, 0.7949185371398926, 0.7804736495018005, 0.7827314734458923, 0.7725334763526917, 0.7581172585487366, 0.7743142247200012, 0.756293535232544, 0.7463503479957581, 0.770267128944397, 0.7456616759300232, 0.7531560063362122, 0.741500198841095, 0.7311171293258667, 0.7281625270843506, 0.7231888175010681, 0.7262991070747375, 0.7257182002067566, 0.7076373100280762, 0.7084439396858215, 0.7061920762062073, 0.707167387008667, 0.706264853477478, 0.6789091229438782, 0.6774453520774841, 0.6680622100830078, 0.6760933995246887, 0.6555914878845215, 0.6564180254936218, 0.645586371421814, 0.6393598914146423, 0.6407796740531921, 0.6348592042922974, 0.6160613298416138, 0.6199862360954285, 0.6268628835678101, 0.6201626062393188, 0.6294324994087219, 0.6160112619400024, 0.6028261184692383, 0.6141799092292786, 0.6112669706344604, 0.6014142036437988, 0.5879227519035339, 0.6087501645088196, 0.5731606483459473, 0.5824546813964844, 0.5857505798339844, 0.5916705131530762, 0.5802871584892273, 0.5939168334007263],