{"n_parameters": 248721, "training_time": 17492.92406487465, "loss": [2.6563260555267334, 2.4013071060180664, 2.3226616382598877, 2.242112398147583, 2.152850866317749, 2.0583786964416504, 1.965980887413025, 1.874480128288269, 1.7843540906906128, 1.6972640752792358, 1.616008996963501, 1.5437911748886108, 1.4734755754470825, 1.4179468154907227, 1.3712871074676514, 1.3264802694320679, 1.2887486219406128, 1.2550718784332275, 1.2300901412963867, 1.2035690546035767, 1.1835765838623047, 1.1601660251617432, 1.1494694948196411, 1.1302624940872192, 1.1155917644500732, 1.1001334190368652, 1.0873974561691284, 1.0733734369277954, 1.062546730041504, 1.049072504043579, 1.0370842218399048, 1.0307033061981201, 1.0146499872207642, 1.0059559345245361, 0.9964708089828491, 0.9859867691993713, 0.9772884845733643, 0.9661152362823486, 0.9566811323165894, 0.9456842541694641, 0.9375590682029724, 0.9280272722244263, 0.9215887188911438, 0.9124869108200073, 0.9009122252464294, 0.8911454677581787, 0.8840097784996033, 0.8752293586730957, 0.8684395551681519, 0.8585585355758667, 0.8555821776390076, 0.8457041382789612, 0.8362746238708496, 0.8304777145385742, 0.8201742768287659, 0.8147039413452148, 0.8018054366111755, 0.7975243330001831, 0.790380597114563, 0.7812816500663757, 0.7718784809112549, 0.7673859000205994, 0.7593070268630981, 0.7528389692306519, 0.7416629791259766, 0.7340034246444702, 0.7276225686073303, 0.7221113443374634, 0.7152267098426819, 0.7042945623397827, 0.699661910533905, 0.6911078095436096, 0.6842158436775208, 0.6764471530914307, 0.6662673354148865, 0.6630268692970276, 0.6548250317573547, 0.6480913758277893, 0.6383975744247437, 0.6308347582817078, 0.6228789687156677, 0.616556704044342, 0.6098708510398865, 0.5994524359703064, 0.5944108366966248, 0.5899344682693481, 0.5799255967140198, 0.5736703872680664, 0.5640305876731873, 0.5580010414123535, 0.5498855710029602, 0.5438436269760132, 0.5383920073509216, 0.5317991971969604, 0.5259968042373657, 0.5199608206748962, 0.513090968132019, 0.5109030604362488, 0.5019949674606323, 0.4967487156391144, 0.493110328912735, 0.48672765493392944, 0.4808492660522461, 0.47872164845466614, 0.47371283173561096, 0.4685390591621399, 0.46613171696662903, 0.46114376187324524, 0.4579769968986511, 0.45373305678367615, 0.4509727954864502, 0.44803154468536377, 0.4436156749725342, 0.4403228759765625, 0.4389623999595642, 0.4341307580471039, 0.43265682458877563, 0.4285896420478821, 0.4265386760234833, 0.42190390825271606, 0.42008888721466064, 0.4184401035308838, 0.41457051038742065, 0.41156718134880066, 0.4130219519138336, 0.40921682119369507, 0.40479421615600586, 0.39970237016677856, 0.4023991823196411, 0.3985649645328522, 0.39930596947669983, 0.39522504806518555, 0.395891934633255, 0.391490638256073, 0.38937777280807495, 0.3887619972229004, 0.38528862595558167, 0.38563477993011475, 0.3815266191959381, 0.3793414831161499, 0.37598535418510437, 0.3760402798652649, 0.3768933415412903, 0.3744814693927765, 0.3723185658454895, 0.36969542503356934, 0.36994993686676025, 0.3692341148853302, 0.3655274510383606, 0.3688689172267914, 0.362184077501297, 0.36062055826187134, 0.3605363070964813, 0.35787147283554077, 0.357698529958725, 0.35650742053985596, 0.35616445541381836, 0.35451918840408325, 0.3535863757133484, 0.3513645529747009, 0.34848102927207947, 0.34991011023521423, 0.3494192063808441, 0.3462921977043152, 0.34427550435066223, 0.3465665578842163, 0.34495484828948975, 0.3456138074398041, 0.34148651361465454, 0.33997777104377747, 0.3409782946109772, 0.3383161127567291, 0.34083494544029236, 0.3367920219898224, 0.33713650703430176, 0.3339445888996124, 0.33497974276542664, 0.3363337516784668, 0.33256134390830994, 0.3309846520423889, 0.33106815814971924, 0.3298726975917816, 0.3284846842288971, 0.3264040946960449, 0.32784074544906616, 0.3253919184207916, 0.3258506655693054, 0.32725539803504944, 0.3247023820877075, 0.3240111470222473, 0.32420098781585693, 0.32315850257873535, 0.3198527991771698, 0.31915464997291565, 0.3193131685256958, 0.31927987933158875, 0.3173297047615051, 0.3181307315826416, 0.31645822525024414, 0.31525522470474243, 0.3135800063610077, 0.3146001100540161, 0.3132261335849762, 0.3125055730342865, 0.3130740523338318, 0.3133583068847656, 0.3108873963356018, 0.30955302715301514, 0.3101215064525604, 0.31008172035217285, 0.3075862228870392, 0.3091619312763214, 0.3053373098373413, 0.3058936595916748, 0.30546078085899353, 0.30672314763069153, 0.30526548624038696, 0.30329492688179016, 0.3041275143623352, 0.30303728580474854, 0.30246078968048096, 0.30071547627449036, 0.30012527108192444, 0.29993167519569397, 0.2998678386211395, 0.2977414131164551, 0.2971080541610718, 0.2982363700866699, 0.29818522930145264],