{"n_parameters": 434609, "training_time": 22639.48834681511, "loss": [2.510415554046631, 2.2758963108062744, 2.1547679901123047, 2.0416722297668457, 1.9312593936920166, 1.821908950805664, 1.7206131219863892, 1.6276150941848755, 1.5480785369873047, 1.473494291305542, 1.4065935611724854, 1.3499943017959595, 1.3011301755905151, 1.253998041152954, 1.2130579948425293, 1.1839346885681152, 1.1533823013305664, 1.1315462589263916, 1.1089221239089966, 1.090126633644104, 1.0730292797088623, 1.0567936897277832, 1.0431925058364868, 1.0278449058532715, 1.0163596868515015, 0.9985212683677673, 0.9839564561843872, 0.9718617796897888, 0.9592880010604858, 0.9515685439109802, 0.9373379945755005, 0.9279145002365112, 0.9167500734329224, 0.9060007929801941, 0.8964163661003113, 0.8868334889411926, 0.8777822852134705, 0.8657568097114563, 0.8564339876174927, 0.8469420075416565, 0.8347249627113342, 0.8215593695640564, 0.8109630942344666, 0.804239809513092, 0.7914151549339294, 0.7798730731010437, 0.7703294157981873, 0.7592985033988953, 0.7470017671585083, 0.7407598495483398, 0.7275776863098145, 0.7180207371711731, 0.7076219916343689, 0.6973257064819336, 0.6888719797134399, 0.6774112582206726, 0.6692244410514832, 0.6603564620018005, 0.6527854204177856, 0.6439066529273987, 0.6355403661727905, 0.6277907490730286, 0.618507444858551, 0.6100077629089355, 0.6012863516807556, 0.5964341163635254, 0.5905184745788574, 0.5808319449424744, 0.5758812427520752, 0.5687518119812012, 0.5583784580230713, 0.5503856539726257, 0.5422915816307068, 0.5371816158294678, 0.5277247428894043, 0.522832453250885, 0.5149949193000793, 0.5059770345687866, 0.5003119111061096, 0.4921952486038208, 0.4853735566139221, 0.4794003665447235, 0.4741891622543335, 0.46934735774993896, 0.46352431178092957, 0.4568084478378296, 0.45211872458457947, 0.4446561634540558, 0.4419574737548828, 0.4339700937271118, 0.42892810702323914, 0.42530640959739685, 0.4209851920604706, 0.41741251945495605, 0.413015216588974, 0.40733450651168823, 0.4036405384540558, 0.39887097477912903, 0.39504703879356384, 0.393295556306839, 0.38880568742752075, 0.38447102904319763, 0.3808419108390808, 0.37547826766967773, 0.37440985441207886, 0.37066903710365295, 0.3678978979587555, 0.3645985424518585, 0.3631558120250702, 0.3589981496334076, 0.3557299077510834, 0.3517688810825348, 0.35028257966041565, 0.34710240364074707, 0.34381115436553955, 0.34315821528434753, 0.34033769369125366, 0.3374791443347931, 0.33557894825935364, 0.3345054090023041, 0.3314722776412964, 0.3299558162689209, 0.32726040482521057, 0.3264649510383606, 0.3240013122558594, 0.32277172803878784, 0.32155904173851013, 0.31789687275886536, 0.31647321581840515, 0.3143443465232849, 0.31353020668029785, 0.312659353017807, 0.3121551275253296, 0.30983811616897583, 0.3084118664264679, 0.3058778643608093, 0.3044719398021698, 0.3045869767665863, 0.3041442930698395, 0.30090320110321045, 0.29987582564353943, 0.299524188041687, 0.2987555265426636, 0.2967749238014221, 0.2956679165363312, 0.2961476147174835, 0.2936694025993347, 0.2927030324935913, 0.2908427119255066, 0.29003119468688965, 0.28787070512771606, 0.287449449300766, 0.2868822515010834, 0.2856276333332062, 0.28448131680488586, 0.2838814854621887, 0.2830391526222229, 0.2827206552028656, 0.2814319133758545, 0.28165456652641296, 0.2783726453781128, 0.27799302339553833, 0.2790929675102234, 0.27630114555358887, 0.2752072215080261, 0.2748546898365021, 0.2741566300392151, 0.2740117907524109, 0.2727276384830475, 0.27131563425064087, 0.27095136046409607, 0.2706626355648041, 0.26929202675819397, 0.2692762017250061, 0.268314927816391, 0.26717641949653625, 0.26516997814178467, 0.26744750142097473, 0.26470980048179626, 0.26490551233291626, 0.2639518976211548], "rmse": [1.5627667903900146, 1.4873359203338623, 1.4471091032028198, 1.406732439994812, 1.3674442768096924, 1.3273677825927734, 1.2904025316238403, 1.2549781799316406, 1.2249451875686646, 1.1948498487472534, 1.1675087213516235, 1.1437592506408691, 1.123764157295227, 1.1031945943832397, 1.0855019092559814, 1.0719038248062134, 1.0581884384155273, 1.0481411218643188, 1.038754940032959, 1.0298622846603394, 1.0220072269439697, 1.0146100521087646, 1.0077471733093262, 1.0000425577163696, 0.9946141839027405, 0.986136794090271, 0.9785900712013245, 0.9730740785598755, 0.9664648175239563, 0.9632280468940735, 0.9558267593383789, 0.9513643383979797, 0.9451614022254944, 0.9396582245826721, 0.9351290464401245, 0.9302875399589539, 0.9247124195098877, 0.9185211062431335, 0.9137777090072632, 0.9083440899848938, 0.9021043181419373, 0.8951191306114197, 0.8893619179725647, 0.8857578635215759, 0.879255473613739, 0.872418224811554, 0.8667856454849243, 0.8608189821243286, 0.8539687991142273, 0.8500400185585022, 0.8424463868141174, 0.8370958566665649, 0.8310898542404175, 0.8244693279266357, 0.8194487690925598, 0.8127750158309937, 0.8080976605415344, 0.8032257556915283, 0.7988094687461853, 0.7927728891372681, 0.7875039577484131, 0.7827391624450684, 0.77652907371521, 0.7716824412345886, 0.7665114998817444, 0.7627924680709839, 0.7594758868217468, 0.7530637383460999, 0.7498717308044434, 0.7454648613929749, 0.738825261592865, 0.7330368757247925, 0.7276356220245361, 0.7240689992904663, 0.7178589701652527, 0.714748203754425, 0.7090333104133606, 0.7032155990600586, 0.6988644003868103, 0.693432629108429, 0.6883768439292908, 0.6841562390327454, 0.6806755065917969, 0.6775753498077393, 0.6727973222732544, 0.6680686473846436, 0.6651042699813843, 0.659506618976593, 0.6571263074874878, 0.6515581607818604, 0.6478264927864075, 0.6452428698539734, 0.6414327025413513, 0.6388630270957947, 0.6354016065597534, 0.6312754154205322, 0.6284847855567932, 0.6242159605026245, 0.6215993762016296, 0.6204313635826111, 0.6169255375862122, 0.6134267449378967, 0.6105793714523315, 0.6062229871749878, 0.6054997444152832, 0.6023410558700562, 0.6000837087631226, 0.5975358486175537, 0.5961030125617981, 0.5925860404968262, 0.5899199843406677, 0.5869815945625305, 0.5855146646499634, 0.5826988816261292, 0.5801844596862793, 0.5795137882232666, 0.5773029327392578, 0.5747109055519104, 0.5732017755508423, 0.5724454522132874, 0.5696266889572144, 0.5682736039161682, 0.565753698348999, 0.5653180480003357, 0.5632049441337585, 0.5622595548629761, 0.5612662434577942, 0.5582399964332581, 0.5565158724784851, 0.5547888875007629, 0.5539937019348145, 0.553139328956604, 0.552668035030365, 0.5507358908653259, 0.5495786666870117, 0.5470131635665894, 0.5460834503173828, 0.5462527871131897, 0.5453264117240906, 0.5426052808761597, 0.5416631698608398, 0.541542112827301, 0.5407044291496277, 0.5390916466712952, 0.5379933714866638, 0.5385611653327942, 0.5361902117729187, 0.5351933240890503, 0.533610999584198, 0.5328702330589294, 0.530893862247467, 0.53065425157547, 0.5299335718154907, 0.528779923915863, 0.5275923013687134, 0.5273306369781494, 0.5264495611190796, 0.5259856581687927, 0.5247830152511597, 0.5248823761940002, 0.522296667098999, 0.5216517448425293, 0.5222910046577454, 0.519770622253418, 0.5190236568450928, 0.5187312364578247, 0.5177360773086548, 0.5178199410438538, 0.5167133212089539, 0.5152633786201477, 0.5147032737731934, 0.5146697163581848, 0.5132198333740234, 0.5130181312561035, 0.5125405192375183, 0.5111966133117676, 0.5092892050743103, 0.5115097165107727, 0.509154736995697, 0.5091773867607117, 0.507859468460083],