{"n_parameters": 262049, "training_time": 16532.069959640503, "loss": [3.088118076324463, 2.6348347663879395, 2.5525126457214355, 2.5231168270111084, 2.4884541034698486, 2.4724864959716797, 2.453744411468506, 2.444253444671631, 2.4288198947906494, 2.4171135425567627, 2.402745246887207, 2.391174077987671, 2.369351625442505, 2.3620517253875732, 2.3432095050811768, 2.3286726474761963, 2.302673578262329, 2.278634548187256, 2.247235059738159, 2.2188973426818848, 2.188228130340576, 2.1492059230804443, 2.1202950477600098, 2.0767979621887207, 2.047466516494751, 2.0181171894073486, 1.9854354858398438, 1.9617191553115845, 1.9411308765411377, 1.9185731410980225, 1.9009722471237183, 1.8943153619766235, 1.8746860027313232, 1.8524510860443115, 1.8526750802993774, 1.840649962425232, 1.8234885931015015, 1.8232324123382568, 1.8093098402023315, 1.800024151802063, 1.794678807258606, 1.7946975231170654, 1.7731589078903198, 1.7724322080612183, 1.7625728845596313, 1.7583941221237183, 1.7521916627883911, 1.7405798435211182, 1.7386417388916016, 1.728624939918518, 1.7258193492889404, 1.7216883897781372, 1.7102001905441284, 1.7103341817855835, 1.6922014951705933, 1.6913390159606934, 1.6864088773727417, 1.6875832080841064, 1.6810663938522339, 1.6720753908157349, 1.6719874143600464, 1.6483675241470337, 1.6526590585708618, 1.6481012105941772, 1.6437352895736694, 1.6368355751037598, 1.6281059980392456, 1.6292153596878052, 1.620694875717163, 1.6175063848495483, 1.601192593574524, 1.6063799858093262, 1.6008789539337158, 1.6038163900375366, 1.5900968313217163, 1.5900890827178955, 1.5742217302322388, 1.5746504068374634, 1.5715153217315674, 1.5641738176345825, 1.5633724927902222, 1.5594711303710938, 1.5463345050811768, 1.5494141578674316, 1.547750473022461, 1.5350289344787598, 1.5410410165786743, 1.5423516035079956, 1.5244839191436768, 1.5218676328659058, 1.5198472738265991, 1.5168730020523071, 1.5086243152618408, 1.5066782236099243, 1.4948997497558594, 1.4992594718933105, 1.488505482673645, 1.4877170324325562, 1.4880385398864746, 1.4790006875991821, 1.484665870666504, 1.465470314025879, 1.4649571180343628, 1.4568634033203125, 1.4572774171829224, 1.4530471563339233, 1.451913833618164, 1.4372121095657349, 1.4342162609100342, 1.433491826057434, 1.4310835599899292, 1.42205810546875, 1.4200448989868164, 1.4176735877990723, 1.4048110246658325, 1.4064618349075317, 1.3978954553604126, 1.400072693824768, 1.384377121925354, 1.3834935426712036, 1.381534457206726, 1.3697478771209717, 1.366999864578247, 1.363511323928833, 1.3565722703933716, 1.3559074401855469, 1.3603835105895996, 1.3502506017684937, 1.336495041847229, 1.3365626335144043, 1.330759882926941, 1.339717984199524, 1.319395899772644, 1.3117036819458008, 1.316841959953308, 1.2983719110488892, 1.2937109470367432, 1.2973579168319702, 1.2881672382354736, 1.2788965702056885, 1.278987169265747, 1.272134780883789, 1.2715415954589844, 1.2677528858184814, 1.265113115310669, 1.253583312034607, 1.2520536184310913, 1.2413311004638672, 1.2336235046386719, 1.2294479608535767, 1.2141057252883911, 1.2218947410583496, 1.2143914699554443, 1.2070165872573853, 1.2000080347061157, 1.196496844291687, 1.1910983324050903, 1.189936637878418, 1.18390691280365, 1.1781511306762695, 1.1741580963134766, 1.1664183139801025, 1.1539651155471802, 1.1552574634552002, 1.148181438446045, 1.1432150602340698, 1.1412378549575806, 1.132211685180664, 1.1293224096298218, 1.119059443473816, 1.1227086782455444, 1.1084918975830078, 1.1140505075454712, 1.105878472328186], "rmse": [1.7236398458480835, 1.602608323097229, 1.5778436660766602, 1.5679395198822021, 1.5573525428771973, 1.5514287948608398, 1.5465978384017944, 1.5434926748275757, 1.5386918783187866, 1.5339715480804443, 1.5292625427246094, 1.5270137786865234, 1.5196421146392822, 1.5167276859283447, 1.5109440088272095, 1.505966305732727, 1.497131109237671, 1.489014744758606, 1.4787393808364868, 1.4691340923309326, 1.4589914083480835, 1.4460846185684204, 1.4355326890945435, 1.4201700687408447, 1.4102375507354736, 1.4003008604049683, 1.3890098333358765, 1.379435658454895, 1.3740442991256714, 1.3654775619506836, 1.3596121072769165, 1.3565952777862549, 1.3491138219833374, 1.3424001932144165, 1.341638207435608, 1.3369712829589844, 1.331878900527954, 1.3319247961044312, 1.3264002799987793, 1.3229626417160034, 1.320806622505188, 1.3211183547973633, 1.3133749961853027, 1.3117598295211792, 1.3093106746673584, 1.3075863122940063, 1.304755687713623, 1.3003333806991577, 1.3002793788909912, 1.2973756790161133, 1.2956418991088867, 1.2941211462020874, 1.2894307374954224, 1.2897967100143433, 1.2823131084442139, 1.2824311256408691, 1.2795439958572388, 1.281046748161316, 1.278841257095337, 1.275747537612915, 1.2749459743499756, 1.2654242515563965, 1.2679567337036133, 1.2666881084442139, 1.2640438079833984, 1.2616633176803589, 1.2575364112854004, 1.25861394405365, 1.2562068700790405, 1.2546862363815308, 1.2485945224761963, 1.2501964569091797, 1.2487555742263794, 1.2490644454956055, 1.243697166442871, 1.2440011501312256, 1.237229347229004, 1.2375555038452148, 1.2362459897994995, 1.2339015007019043, 1.2333637475967407, 1.2325435876846313, 1.2259294986724854, 1.227647304534912, 1.2274245023727417, 1.2219852209091187, 1.2253705263137817, 1.225016474723816, 1.2188057899475098, 1.2168264389038086, 1.2162225246429443, 1.2137858867645264, 1.21141517162323, 1.210944414138794, 1.2056195735931396, 1.2077322006225586, 1.20284903049469, 1.2034424543380737, 1.2030366659164429, 1.1991316080093384, 1.2017794847488403, 1.1948010921478271, 1.1942559480667114, 1.1908937692642212, 1.1910414695739746, 1.188472867012024, 1.1876307725906372, 1.183027982711792, 1.180877685546875, 1.181349277496338, 1.1803408861160278, 1.1766718626022339, 1.1746001243591309, 1.1743526458740234, 1.169150471687317, 1.169423222541809, 1.1667548418045044, 1.1667464971542358, 1.1607776880264282, 1.1603201627731323, 1.15841543674469, 1.1546565294265747, 1.1536611318588257, 1.1512672901153564, 1.1480448246002197, 1.1486698389053345, 1.1495602130889893, 1.1454823017120361, 1.1397075653076172, 1.1406975984573364, 1.1368657350540161, 1.1405857801437378, 1.1324639320373535, 1.1294643878936768, 1.1316808462142944, 1.1234848499298096, 1.1217212677001953, 1.1229453086853027, 1.1190390586853027, 1.1147878170013428, 1.1145069599151611, 1.1113780736923218, 1.1116946935653687, 1.1090608835220337, 1.1084816455841064, 1.1028543710708618, 1.1016855239868164, 1.098321557044983, 1.0945731401443481, 1.0926215648651123, 1.0854462385177612, 1.0885891914367676, 1.0851449966430664, 1.0819270610809326, 1.0779163837432861, 1.0770448446273804, 1.0742194652557373, 1.0739907026290894, 1.071142554283142, 1.0680936574935913, 1.066395878791809, 1.0633471012115479, 1.057508945465088, 1.0575101375579834, 1.0548458099365234, 1.0516728162765503, 1.0505832433700562, 1.0464295148849487, 1.0453120470046997, 1.0404151678085327, 1.0422258377075195, 1.0353235006332397, 1.037878394126892, 1.0338748693466187],