{"n_parameters": 216257, "training_time": 8934.13734459877, "loss": [2.484760046005249, 2.351112127304077, 2.274512529373169, 2.189495325088501, 2.0847256183624268, 1.9721856117248535, 1.8566421270370483, 1.7630462646484375, 1.6966181993484497, 1.6398590803146362, 1.6061718463897705, 1.5736119747161865, 1.5515803098678589, 1.539095401763916, 1.5180500745773315, 1.4988670349121094, 1.4816066026687622, 1.4726730585098267, 1.4608367681503296, 1.4457191228866577, 1.4288619756698608, 1.4225170612335205, 1.403603434562683, 1.39487624168396, 1.382830262184143, 1.3692978620529175, 1.3576607704162598, 1.3442366123199463, 1.3353374004364014, 1.3312623500823975, 1.315259337425232, 1.3024709224700928, 1.2976933717727661, 1.2793948650360107, 1.2749989032745361, 1.2625588178634644, 1.2501975297927856, 1.2364976406097412, 1.226637840270996, 1.215597152709961, 1.2033557891845703, 1.1906923055648804, 1.1805546283721924, 1.1707841157913208, 1.1588153839111328, 1.1480109691619873, 1.1398345232009888, 1.1248418092727661, 1.1095854043960571, 1.10080885887146, 1.0912615060806274, 1.0830931663513184, 1.0708245038986206, 1.0578956604003906, 1.046868085861206, 1.0369359254837036, 1.023126482963562, 1.0121750831604004, 0.9994797110557556, 0.9859651327133179, 0.9779103398323059, 0.9679033756256104, 0.9546581506729126, 0.9390319585800171, 0.9301312565803528, 0.9220512509346008, 0.9104843139648438, 0.8971103429794312, 0.8882558941841125, 0.8750876784324646, 0.8655036687850952, 0.8569297194480896, 0.8409172296524048, 0.8386566042900085, 0.8250399231910706, 0.8169170022010803, 0.812343955039978, 0.8005320429801941, 0.7930195331573486, 0.7825701236724854, 0.7748426198959351, 0.7661632299423218, 0.7585988640785217, 0.7547630071640015, 0.7445140480995178, 0.738086998462677, 0.7312154769897461, 0.7223081588745117, 0.7191841006278992, 0.7104920744895935, 0.7072911262512207, 0.6997290849685669, 0.6931463479995728, 0.6856541037559509, 0.6796637773513794, 0.6779875755310059, 0.6735221147537231, 0.6636079549789429, 0.6598312258720398, 0.6592377424240112, 0.6532324552536011, 0.647250771522522, 0.6414385437965393, 0.6402386426925659, 0.637100338935852, 0.6307807564735413, 0.6257495284080505, 0.6192975044250488, 0.6204007863998413, 0.6159583330154419, 0.6153002381324768, 0.6052266359329224, 0.6072188019752502, 0.6059851050376892, 0.6033307909965515, 0.5967912673950195, 0.590973973274231, 0.5862930417060852, 0.5874481201171875, 0.5834747552871704, 0.5813814997673035, 0.5741540789604187, 0.5722600221633911, 0.5726989507675171, 0.566359281539917, 0.5650564432144165, 0.5631923079490662, 0.5620631575584412, 0.5555381774902344], "rmse": [1.5543599128723145, 1.513277530670166, 1.4877941608428955, 1.4596189260482788, 1.42267906665802, 1.3844380378723145, 1.343519687652588, 1.3085992336273193, 1.2837947607040405, 1.2620339393615723, 1.249914288520813, 1.2374204397201538, 1.228758692741394, 1.2246719598770142, 1.2159159183502197, 1.2076534032821655, 1.2021536827087402, 1.198671817779541, 1.1939139366149902, 1.1864707469940186, 1.1807326078414917, 1.1775155067443848, 1.170434832572937, 1.1667330265045166, 1.1620924472808838, 1.1564562320709229, 1.152134656906128, 1.1459589004516602, 1.1421312093734741, 1.1397218704223633, 1.1322712898254395, 1.1268835067749023, 1.125335693359375, 1.117363691329956, 1.1158843040466309, 1.1114002466201782, 1.1048609018325806, 1.0989798307418823, 1.0948750972747803, 1.0898293256759644, 1.0845682621002197, 1.0789544582366943, 1.0737383365631104, 1.0696003437042236, 1.0642566680908203, 1.0595452785491943, 1.055440902709961, 1.0485985279083252, 1.041741132736206, 1.0371602773666382, 1.0329742431640625, 1.028649926185608, 1.0233222246170044, 1.0175622701644897, 1.0125210285186768, 1.0078110694885254, 1.000531554222107, 0.9949371814727783, 0.988963782787323, 0.9821974635124207, 0.9781292080879211, 0.9729235768318176, 0.9659983515739441, 0.9581943154335022, 0.9542283415794373, 0.9499971270561218, 0.9438323974609375, 0.9364154934883118, 0.9320029616355896, 0.9254221320152283, 0.9201972484588623, 0.9157631993293762, 0.906711220741272, 0.9057649374008179, 0.898917555809021, 0.8941109776496887, 0.89167720079422, 0.8852757215499878, 0.8809691667556763, 0.8752245903015137, 0.8710019588470459, 0.8658461570739746, 0.8616953492164612, 0.8597738742828369, 0.853810727596283, 0.850174069404602, 0.8462508320808411, 0.8409516215324402, 0.8393033146858215, 0.8343860507011414, 0.8324601650238037, 0.8278632164001465, 0.8239219784736633, 0.8194617033004761, 0.8158407807350159, 0.8148612380027771, 0.8120947480201721, 0.8061777949333191, 0.8037721514701843, 0.8035417199134827, 0.7999618649482727, 0.7960381507873535, 0.7927152514457703, 0.7914891242980957, 0.7897559404373169, 0.785621166229248, 0.7830355167388916, 0.778498649597168, 0.7794203758239746, 0.7770601511001587, 0.7764086127281189, 0.7703278064727783, 0.7713413834571838, 0.7701731324195862, 0.7688923478126526, 0.7643765211105347, 0.7604876160621643, 0.7575615048408508, 0.7585142254829407, 0.7559433579444885, 0.7548110485076904, 0.7499439716339111, 0.7487415075302124, 0.7490571141242981, 0.7446762323379517, 0.7439717650413513, 0.7428978085517883, 0.7417735457420349, 0.7378059029579163], "val_loss": [2.435297966003418, 2.365276336669922, 2.2848281860351562, 2.17171573638916, 2.037191867828369, 1.8974751234054565, 1.7842416763305664, 1.7018932104110718, 1.6515552997589111, 1.6097967624664307, 1.5905836820602417, 1.5768771171569824, 1.5533621311187744, 1.545650601387024, 1.5307005643844604, 1.5211620330810547, 1.5134845972061157, 1.5063591003417969, 1.4996107816696167, 1.490349292755127, 1.4712457656860352, 1.4546520709991455, 1.4484801292419434, 1.4255104064941406, 1.4173099994659424, 1.4133096933364868, 1.3975753784179688, 1.3852394819259644, 1.3671934604644775, 1.347994089126587, 1.3454337120056152, 1.3288661241531372, 1.3038949966430664, 1.2968236207962036, 1.2905845642089844, 1.2746570110321045, 1.2680283784866333, 1.271454095840454, 1.2367658615112305, 1.2435230016708374, 1.2201873064041138, 1.2108469009399414, 1.1988626718521118, 1.180741548538208, 1.1699312925338745, 1.1573444604873657, 1.1536414623260498, 1.1442267894744873, 1.137335181236267, 1.1118834018707275, 1.0970277786254883, 1.1024917364120483, 1.0727118253707886, 1.0827640295028687, 1.0607205629348755, 1.0358184576034546, 1.0474354028701782, 1.0267841815948486, 1.0107319355010986, 0.9972667694091797, 0.9781586527824402, 0.9933164715766907, 0.9744694232940674, 0.9468562602996826, 0.9498276114463806, 0.9443559050559998, 0.9215334057807922, 0.9126550555229187, 0.8966875672340393, 0.9131675362586975, 0.8856401443481445, 0.873930811882019, 0.8601092100143433, 0.8465914130210876, 0.8607609272003174, 0.825821578502655, 0.8109461665153503, 0.8148272037506104, 0.8218658566474915, 0.8116930723190308, 0.7836644649505615, 0.7961326837539673, 0.7838131785392761, 0.7795153856277466, 0.7492280602455139, 0.7855077981948853, 0.7420462965965271, 0.7338986992835999, 0.7706497311592102, 0.71883624792099, 0.7420952916145325, 0.7302797436714172, 0.7115448713302612, 0.7101805806159973, 0.6956356763839722, 0.7008485198020935, 0.6872389912605286, 0.7038059234619141, 0.6702091693878174, 0.7045382857322693, 0.6869756579399109, 0.6655782461166382, 0.6670334935188293, 0.6666730642318726, 0.6674829721450806, 0.6439807415008545, 0.6436516642570496, 0.6699838042259216, 0.6464395523071289, 0.6352721452713013, 0.6348379254341125, 0.6491796970367432, 0.6411043405532837, 0.6403971314430237, 0.6225894689559937, 0.6112971901893616, 0.6056957244873047, 0.620965301990509, 0.6054386496543884, 0.624687910079956, 0.6087360382080078, 0.6044903993606567, 0.6046968698501587, 0.574772834777832, 0.5956019163131714, 0.5868661999702454, 0.5752105116844177, 0.5922781229019165, 0.5792754888534546],