{"n_parameters": 349841, "training_time": 15647.719770908356, "loss": [2.588156223297119, 2.3627665042877197, 2.2597968578338623, 2.151076316833496, 2.036799192428589, 1.9281185865402222, 1.8199406862258911, 1.712107539176941, 1.6104730367660522, 1.5262436866760254, 1.4522119760513306, 1.3854602575302124, 1.3329715728759766, 1.2854241132736206, 1.2467371225357056, 1.21737539768219, 1.191510558128357, 1.167027235031128, 1.1473780870437622, 1.13162100315094, 1.1145751476287842, 1.102382779121399, 1.0905708074569702, 1.0772267580032349, 1.0688799619674683, 1.0566911697387695, 1.046950340270996, 1.035740852355957, 1.0270755290985107, 1.0140842199325562, 1.0042756795883179, 0.996414840221405, 0.9852449297904968, 0.975141167640686, 0.9679896235466003, 0.9553917646408081, 0.9483339786529541, 0.9395893812179565, 0.9305626153945923, 0.9181139469146729, 0.9103056192398071, 0.9032676815986633, 0.8911200761795044, 0.8796756863594055, 0.8689462542533875, 0.8597241044044495, 0.8507866263389587, 0.8380553722381592, 0.8266249895095825, 0.8173078894615173, 0.8073697090148926, 0.7943276166915894, 0.7835294604301453, 0.771195650100708, 0.757215142250061, 0.7452842593193054, 0.7345036268234253, 0.7218484282493591, 0.710097074508667, 0.7020120620727539, 0.6873640418052673, 0.6790643930435181, 0.6670647859573364, 0.6578822731971741, 0.6502501368522644, 0.64095139503479, 0.6298204064369202, 0.6211298704147339, 0.6132459044456482, 0.6062864065170288, 0.5947458744049072, 0.5884068608283997, 0.5803676247596741, 0.5731616616249084, 0.5631033778190613, 0.5586265921592712, 0.5528860092163086, 0.5454543828964233, 0.5391578674316406, 0.5313535928726196, 0.5233387351036072, 0.520626962184906, 0.5141317844390869, 0.5083256363868713, 0.5034130811691284, 0.4998875856399536, 0.4915570318698883, 0.48759618401527405, 0.4816555380821228, 0.4802130162715912, 0.47446420788764954, 0.4687638282775879, 0.4645230770111084, 0.4575505256652832, 0.45271092653274536, 0.44802555441856384, 0.4434969425201416, 0.4404708743095398, 0.43731769919395447, 0.4347793161869049, 0.43153730034828186, 0.42669034004211426, 0.4247606098651886, 0.4186084270477295, 0.41377609968185425, 0.4131910502910614, 0.4088345468044281, 0.4067380428314209, 0.40353071689605713, 0.3999512195587158, 0.39551711082458496, 0.3945527970790863, 0.3887878656387329, 0.38703638315200806, 0.38322705030441284, 0.38193997740745544, 0.3771339952945709, 0.3745570480823517, 0.3746508061885834, 0.3701269328594208, 0.3681575655937195, 0.3660765588283539, 0.3647746741771698, 0.35990849137306213, 0.36124730110168457, 0.3554978370666504, 0.3552314341068268, 0.35219189524650574, 0.34935715794563293, 0.3495354950428009, 0.347263902425766, 0.3426872491836548, 0.3437361419200897, 0.34079840779304504, 0.33865413069725037, 0.33760449290275574, 0.33649465441703796, 0.3352348804473877, 0.3319505453109741, 0.3305636942386627, 0.3284842073917389, 0.327901154756546, 0.32452988624572754, 0.3234126567840576, 0.3225354254245758, 0.32138076424598694, 0.32196277379989624, 0.3199979364871979, 0.31704461574554443, 0.31584951281547546, 0.31481054425239563, 0.31515151262283325, 0.3130088746547699], "rmse": [1.5863516330718994, 1.5155549049377441, 1.4813532829284668, 1.4442896842956543, 1.4061479568481445, 1.366773247718811, 1.327258825302124, 1.2875430583953857, 1.2487238645553589, 1.2164638042449951, 1.1866453886032104, 1.1581437587738037, 1.1373623609542847, 1.1164966821670532, 1.1008230447769165, 1.0870611667633057, 1.0758591890335083, 1.0652488470077515, 1.056748867034912, 1.048897385597229, 1.0420374870300293, 1.0357969999313354, 1.0303030014038086, 1.0245169401168823, 1.0205328464508057, 1.015623927116394, 1.0102207660675049, 1.004830241203308, 1.0008506774902344, 0.9941973090171814, 0.9899505972862244, 0.9859347343444824, 0.9805676937103271, 0.975676953792572, 0.9720631837844849, 0.9655095934867859, 0.9619426727294922, 0.9579288363456726, 0.9531663060188293, 0.9462330341339111, 0.9428215622901917, 0.9390661716461182, 0.9330803751945496, 0.9269087314605713, 0.9213802814483643, 0.9161796569824219, 0.912027895450592, 0.9047620296478271, 0.8991383910179138, 0.8942177891731262, 0.8885176181793213, 0.8810149431228638, 0.8751871585845947, 0.8684902787208557, 0.860486626625061, 0.8536357879638672, 0.8471006155014038, 0.839605450630188, 0.8332509398460388, 0.8289790153503418, 0.819773256778717, 0.8148165941238403, 0.8079389929771423, 0.8018131852149963, 0.7966668009757996, 0.7920671105384827, 0.784817099571228, 0.7793843746185303, 0.7743061184883118, 0.7697499990463257, 0.7622727155685425, 0.7586420774459839, 0.7531667947769165, 0.7486914396286011, 0.7421892285346985, 0.7390706539154053, 0.7353981733322144, 0.7303993105888367, 0.7263442873954773, 0.7203302383422852, 0.7155523300170898, 0.7138650417327881, 0.7091118693351746, 0.7047667503356934, 0.701714277267456, 0.6996205449104309, 0.6933063864707947, 0.6906391382217407, 0.6862149834632874, 0.6852843165397644, 0.6809203028678894, 0.6767504811286926, 0.6742289066314697, 0.6689662337303162, 0.6651427745819092, 0.661923348903656, 0.658281683921814, 0.6561670303344727, 0.6538111567497253, 0.6522710919380188, 0.6495212912559509, 0.6457092761993408, 0.6446095108985901, 0.6396477222442627, 0.636103093624115, 0.6355478167533875, 0.6322240233421326, 0.6307440400123596, 0.6282653212547302, 0.6251925826072693, 0.621717631816864, 0.6211928725242615, 0.6167603135108948, 0.6152904629707336, 0.6116832494735718, 0.6114397048950195, 0.607338011264801, 0.6051743030548096, 0.6055083870887756, 0.6015129089355469, 0.6000517010688782, 0.5983738899230957, 0.5972766876220703, 0.5928761959075928, 0.5943726897239685, 0.5896586775779724, 0.5891839861869812, 0.586624801158905, 0.5844748020172119, 0.5848629474639893, 0.5826693773269653, 0.5788354873657227, 0.5796803832054138, 0.5772272348403931, 0.5756568908691406, 0.5743457078933716, 0.573533833026886, 0.5726214647293091, 0.5697078108787537, 0.5688459277153015, 0.5668686628341675, 0.5660852789878845, 0.5635709762573242, 0.5621347427368164, 0.5616645812988281, 0.5608572363853455, 0.5609456300735474, 0.5589524507522583, 0.5566652417182922, 0.555772066116333, 0.5549337863922119, 0.5553202033042908, 0.5530031323432922],