{"n_parameters": 204465, "training_time": 8595.037748336792, "loss": [2.5975582599639893, 2.5220930576324463, 2.471827268600464, 2.425828456878662, 2.4001128673553467, 2.3617846965789795, 2.325603723526001, 2.2883918285369873, 2.2470779418945312, 2.2036292552948, 2.1509788036346436, 2.0907278060913086, 2.0180976390838623, 1.9496022462844849, 1.8714090585708618, 1.788772702217102, 1.7223131656646729, 1.6560975313186646, 1.5984362363815308, 1.5449398756027222, 1.495147943496704, 1.4549221992492676, 1.4276952743530273, 1.397608757019043, 1.3777889013290405, 1.3464866876602173, 1.3313908576965332, 1.3102551698684692, 1.2934777736663818, 1.2845364809036255, 1.2695202827453613, 1.2476316690444946, 1.2470674514770508, 1.2323559522628784, 1.2256242036819458, 1.2108054161071777, 1.2032359838485718, 1.1947276592254639, 1.1851694583892822, 1.176731824874878, 1.169637680053711, 1.1628186702728271, 1.1582379341125488, 1.1503292322158813, 1.141406774520874, 1.1323637962341309, 1.1261403560638428, 1.117273211479187, 1.115530014038086, 1.108825445175171, 1.1023216247558594, 1.100166916847229, 1.0904308557510376, 1.0862516164779663, 1.0771695375442505, 1.0738170146942139, 1.0675209760665894, 1.0551995038986206, 1.047386884689331, 1.046868920326233, 1.0377730131149292, 1.0306867361068726, 1.0212547779083252, 1.0175774097442627, 1.007492184638977, 0.9983411431312561, 0.9942348599433899, 0.9879516959190369, 0.9755359292030334, 0.9662360548973083, 0.9616921544075012, 0.9483214616775513, 0.9463394284248352, 0.9295867085456848, 0.9190467596054077, 0.9119747281074524, 0.9007059335708618, 0.8896155953407288, 0.877629280090332, 0.8734441995620728, 0.8569722771644592, 0.8458039164543152, 0.8406537771224976, 0.8293662071228027, 0.8175381422042847, 0.8040494918823242, 0.7926309704780579, 0.786046028137207, 0.7732870578765869, 0.7612501978874207, 0.7498563528060913, 0.74187833070755, 0.7325052618980408, 0.7208725810050964, 0.7151497006416321, 0.7022562026977539, 0.6968082189559937, 0.6910517811775208, 0.677653431892395, 0.6723658442497253, 0.6644899845123291, 0.6593209505081177, 0.648763120174408, 0.6451272964477539, 0.640714704990387, 0.6341473460197449, 0.626189112663269, 0.6195984482765198, 0.6166247725486755, 0.6082531809806824, 0.6069474220275879, 0.6000116467475891, 0.5960087776184082, 0.5900710225105286, 0.5907851457595825, 0.5803300738334656, 0.5770502090454102], "rmse": [1.5913630723953247, 1.5684376955032349, 1.55207359790802, 1.5370956659317017, 1.5288220643997192, 1.5162299871444702, 1.5049879550933838, 1.492394208908081, 1.4786487817764282, 1.4643949270248413, 1.4456603527069092, 1.4251580238342285, 1.4013433456420898, 1.3760608434677124, 1.3485780954360962, 1.3187674283981323, 1.2934706211090088, 1.2690097093582153, 1.2473440170288086, 1.226422905921936, 1.207276463508606, 1.191057801246643, 1.1802623271942139, 1.167230248451233, 1.1593409776687622, 1.1465704441070557, 1.1411700248718262, 1.131104826927185, 1.123282790184021, 1.1199750900268555, 1.1133427619934082, 1.1038382053375244, 1.103718638420105, 1.0975735187530518, 1.0938944816589355, 1.0875294208526611, 1.0838557481765747, 1.0800036191940308, 1.0755832195281982, 1.0719224214553833, 1.0689278841018677, 1.064896583557129, 1.0637621879577637, 1.0603781938552856, 1.0560704469680786, 1.051620602607727, 1.0490962266921997, 1.0450377464294434, 1.043924331665039, 1.0404201745986938, 1.0383199453353882, 1.0372610092163086, 1.0321791172027588, 1.0292938947677612, 1.0264098644256592, 1.024212121963501, 1.0216546058654785, 1.0148884057998657, 1.011584997177124, 1.0106414556503296, 1.0062918663024902, 1.00324547290802, 0.9990752935409546, 0.9967519044876099, 0.9924284219741821, 0.9872475266456604, 0.9850347638130188, 0.9820728302001953, 0.9761384725570679, 0.9720885157585144, 0.9689887762069702, 0.9623825550079346, 0.9607966542243958, 0.9527495503425598, 0.947750985622406, 0.9435685873031616, 0.9379943013191223, 0.9317465424537659, 0.9256641864776611, 0.9230062961578369, 0.9139292240142822, 0.9083894491195679, 0.9056301116943359, 0.8988490700721741, 0.8927500247955322, 0.8854427933692932, 0.8788594603538513, 0.8755338191986084, 0.8678258657455444, 0.86092609167099, 0.8546882271766663, 0.8496974110603333, 0.8447124361991882, 0.8376709222793579, 0.8342893719673157, 0.8270570039749146, 0.8231753706932068, 0.8201361894607544, 0.8123968243598938, 0.8087223172187805, 0.8038666844367981, 0.800342857837677, 0.7946356534957886, 0.7927728891372681, 0.7897975444793701, 0.7855469584465027, 0.7800410985946655, 0.7763383984565735, 0.7740391492843628, 0.7691466212272644, 0.7679464817047119, 0.7637009024620056, 0.7613247632980347, 0.7571886777877808, 0.7576509714126587, 0.7515837550163269, 0.7490612864494324], "val_loss": [2.4633066654205322, 2.422593593597412, 2.384324073791504, 2.3518004417419434, 2.31927227973938, 2.2888307571411133, 2.2570958137512207, 2.2160098552703857, 2.170544385910034, 2.1111812591552734, 2.0422861576080322, 1.96427583694458, 1.881814956665039, 1.7887978553771973, 1.6943296194076538, 1.607236385345459, 1.5321834087371826, 1.4759302139282227, 1.4243919849395752, 1.3835338354110718, 1.3460326194763184, 1.322367787361145, 1.3058314323425293, 1.2840830087661743, 1.292174220085144, 1.2637836933135986, 1.2571114301681519, 1.243017315864563, 1.227238655090332, 1.2158225774765015, 1.1891038417816162, 1.2047673463821411, 1.1931647062301636, 1.1897258758544922, 1.1833548545837402, 1.1709054708480835, 1.1502753496170044, 1.1524102687835693, 1.1550827026367188, 1.1434699296951294, 1.1359785795211792, 1.146497130393982, 1.136717677116394, 1.1175185441970825, 1.1199185848236084, 1.1145715713500977, 1.1065529584884644, 1.0968226194381714, 1.0842562913894653, 1.0815593004226685, 1.0827958583831787, 1.0699857473373413, 1.0759696960449219, 1.057309865951538, 1.056334137916565, 1.0426816940307617, 1.0473875999450684, 1.049111008644104, 1.0291829109191895, 1.030668020248413, 1.042287826538086, 1.0201672315597534, 1.0074468851089478, 1.0086086988449097, 1.0032950639724731, 1.0034277439117432, 0.9936973452568054, 0.9850300550460815, 0.9713389873504639, 0.9581028819084167, 0.9589741230010986, 0.9505510330200195, 0.9441108703613281, 0.9462448358535767, 0.9348902106285095, 0.9168499112129211, 0.9168666005134583, 0.9048468470573425, 0.89401775598526, 0.8901464343070984, 0.8938060998916626, 0.8728892803192139, 0.8707205057144165, 0.882071316242218, 0.8613507747650146, 0.8540013432502747, 0.8495941162109375, 0.8541002869606018, 0.8354545831680298, 0.8435349464416504, 0.8324273824691772, 0.8395134210586548, 0.8256500363349915, 0.8222240805625916, 0.8177895545959473, 0.8092318177223206, 0.8093107342720032, 0.8179787397384644, 0.817489743232727, 0.7902266383171082, 0.8018298745155334, 0.7916367053985596, 0.7955297827720642, 0.7868033051490784, 0.7981621623039246, 0.8028757572174072, 0.7814847826957703, 0.808197557926178, 0.8056128025054932, 0.7945955395698547, 0.7959539294242859, 0.7782726883888245, 0.7799659967422485, 0.7923703789710999, 0.7957223057746887, 0.7815167903900146, 0.8085266947746277],