{"n_parameters": 188257, "training_time": 15105.142622470856, "loss": [3.303506851196289, 2.7945477962493896, 2.653071403503418, 2.579820156097412, 2.547227621078491, 2.5118930339813232, 2.487271547317505, 2.4660818576812744, 2.4414703845977783, 2.420797824859619, 2.4042348861694336, 2.37394642829895, 2.3636083602905273, 2.3278825283050537, 2.307523250579834, 2.2749075889587402, 2.2469353675842285, 2.2144124507904053, 2.18435001373291, 2.1467301845550537, 2.1110846996307373, 2.0799753665924072, 2.0446677207946777, 1.9959039688110352, 1.9574899673461914, 1.934292197227478, 1.900539517402649, 1.8745818138122559, 1.8495746850967407, 1.826363205909729, 1.8027124404907227, 1.786570429801941, 1.768392562866211, 1.745760440826416, 1.7386122941970825, 1.7311956882476807, 1.7168858051300049, 1.7059290409088135, 1.6866124868392944, 1.6820467710494995, 1.6620908975601196, 1.6611552238464355, 1.6575140953063965, 1.6440621614456177, 1.6363435983657837, 1.627913236618042, 1.6311763525009155, 1.6142240762710571, 1.6088398694992065, 1.6052308082580566, 1.5983012914657593, 1.5834171772003174, 1.576862096786499, 1.573023796081543, 1.5651721954345703, 1.563607096672058, 1.5581293106079102, 1.5521336793899536, 1.546794056892395, 1.538608193397522, 1.5289567708969116, 1.5244460105895996, 1.5182640552520752, 1.5241763591766357, 1.5115318298339844, 1.5062681436538696, 1.502760410308838, 1.4934121370315552, 1.4784873723983765, 1.4781948328018188, 1.475113034248352, 1.463105320930481, 1.4529523849487305, 1.4505339860916138, 1.4438904523849487, 1.4388861656188965, 1.4300633668899536, 1.418211579322815, 1.4167760610580444, 1.4107482433319092, 1.3994187116622925, 1.3942313194274902, 1.387186884880066, 1.3776624202728271, 1.3764588832855225, 1.3647029399871826, 1.3632320165634155, 1.353566288948059, 1.3468116521835327, 1.3315794467926025, 1.3261266946792603, 1.3229459524154663, 1.3138048648834229, 1.3069403171539307, 1.293461561203003, 1.2883332967758179, 1.279473900794983, 1.2749826908111572, 1.2708853483200073, 1.2555135488510132, 1.2443028688430786, 1.2391356229782104, 1.2276384830474854, 1.2219502925872803, 1.2142995595932007, 1.200268268585205, 1.1989713907241821, 1.183729648590088, 1.180220365524292, 1.174242615699768, 1.165203332901001, 1.159935712814331, 1.156857967376709, 1.1481295824050903, 1.1326406002044678, 1.1300512552261353, 1.1155006885528564, 1.1101834774017334, 1.1038364171981812, 1.0933059453964233, 1.0873078107833862, 1.0792685747146606, 1.0735372304916382, 1.0637727975845337, 1.0586024522781372, 1.054769515991211, 1.040676474571228, 1.0391404628753662, 1.0258183479309082, 1.0237020254135132, 1.0112122297286987, 1.0015335083007812, 1.001423954963684, 0.9900199770927429, 0.984846293926239, 0.980322003364563, 0.9786311388015747, 0.9675601720809937, 0.9604724049568176, 0.9514763355255127, 0.9544346332550049, 0.9426096677780151, 0.936560332775116, 0.9265252947807312, 0.923579216003418, 0.9165060520172119, 0.9084087014198303, 0.8985819816589355, 0.8946270942687988, 0.8912124633789062, 0.888957679271698, 0.8791061043739319, 0.8788780570030212, 0.871009111404419, 0.8607145547866821, 0.8578909039497375, 0.8491167426109314, 0.8484271168708801, 0.8355513215065002, 0.8380855321884155, 0.8323654532432556, 0.8238649964332581, 0.816816508769989, 0.812842607498169, 0.8108715415000916, 0.8029586672782898, 0.7921808958053589, 0.7891374230384827, 0.7872090339660645, 0.7795178294181824, 0.7778571248054504, 0.7706672549247742, 0.7581008672714233, 0.7570264935493469, 0.7540817260742188, 0.7414842844009399, 0.7420108914375305, 0.742432177066803, 0.7293938398361206, 0.7294631004333496, 0.7188284993171692, 0.7195718288421631, 0.7106006741523743, 0.7096380591392517, 0.7100306749343872, 0.6991181969642639, 0.6948152780532837, 0.6899014711380005, 0.6794262528419495, 0.6783765554428101, 0.6768123507499695, 0.6737810969352722, 0.6701957583427429, 0.6659018993377686, 0.6567918062210083, 0.6553987264633179, 0.6514012813568115, 0.6465533971786499, 0.6419069170951843, 0.6363884210586548, 0.6347644925117493, 0.6328422427177429, 0.6333149075508118, 0.6230698227882385, 0.6183668375015259, 0.6181032061576843, 0.6121813058853149, 0.6095402836799622, 0.6082592010498047, 0.6014298796653748, 0.5960600972175598],