{"n_parameters": 178769, "training_time": 13801.75106716156, "loss": [3.099445343017578, 2.5764544010162354, 2.514404058456421, 2.476079225540161, 2.4520037174224854, 2.4289774894714355, 2.402151346206665, 2.3862369060516357, 2.3653063774108887, 2.3475050926208496, 2.329677104949951, 2.298936367034912, 2.2838661670684814, 2.255072832107544, 2.2285828590393066, 2.2004518508911133, 2.163935422897339, 2.128582239151001, 2.086019277572632, 2.0437774658203125, 2.0056300163269043, 1.9570196866989136, 1.913464069366455, 1.8728017807006836, 1.8302040100097656, 1.7986196279525757, 1.7685096263885498, 1.7439687252044678, 1.72098708152771, 1.6954923868179321, 1.6852232217788696, 1.665207028388977, 1.6489609479904175, 1.6377497911453247, 1.6203861236572266, 1.611478567123413, 1.6055006980895996, 1.5900260210037231, 1.5841244459152222, 1.5748347043991089, 1.568390965461731, 1.5570018291473389, 1.557739496231079, 1.5456748008728027, 1.541437029838562, 1.5316557884216309, 1.5317277908325195, 1.518544316291809, 1.5097301006317139, 1.5070030689239502, 1.4977021217346191, 1.4961209297180176, 1.4854635000228882, 1.4834364652633667, 1.4817605018615723, 1.465548038482666, 1.466349482536316, 1.4583220481872559, 1.450802206993103, 1.44411301612854, 1.4412592649459839, 1.443215012550354, 1.4256187677383423, 1.4248257875442505, 1.4142061471939087, 1.41405189037323, 1.4032440185546875, 1.3981584310531616, 1.3973101377487183, 1.3925197124481201, 1.38360595703125, 1.3746812343597412, 1.3715156316757202, 1.3620234727859497, 1.3573005199432373, 1.3529163599014282, 1.3451815843582153, 1.3366416692733765, 1.3329823017120361, 1.3294808864593506, 1.3221232891082764, 1.314753532409668, 1.31241774559021, 1.305328607559204, 1.3004307746887207, 1.2964668273925781, 1.285934329032898, 1.274747371673584, 1.2662817239761353, 1.2628211975097656, 1.257248044013977, 1.2529256343841553, 1.2413623332977295, 1.2375853061676025, 1.2305881977081299, 1.2201435565948486, 1.2155895233154297, 1.2107064723968506, 1.199925422668457, 1.194390058517456, 1.1860582828521729, 1.1813244819641113, 1.1693592071533203, 1.165040373802185, 1.1563314199447632, 1.1426267623901367, 1.1388850212097168, 1.1277287006378174, 1.12672758102417, 1.1134165525436401, 1.1090123653411865, 1.1005960702896118, 1.0994906425476074, 1.091002345085144, 1.0722535848617554, 1.071772575378418, 1.063289999961853, 1.059504747390747, 1.0474926233291626, 1.044294834136963, 1.0301419496536255, 1.0260329246520996, 1.0213732719421387, 1.0087635517120361, 1.007635474205017, 0.9991433620452881, 0.9934173226356506, 0.989894688129425, 0.9783108830451965, 0.9690424203872681, 0.9676482081413269, 0.9539011716842651, 0.9522795081138611, 0.9484508037567139, 0.9386661052703857, 0.9391778111457825, 0.9293426275253296, 0.9233502149581909, 0.9201787710189819, 0.909506618976593, 0.9068716168403625, 0.8997257947921753, 0.8954726457595825, 0.8941946029663086, 0.8922874331474304, 0.8751130104064941, 0.8764816522598267, 0.8715454936027527, 0.8582293391227722, 0.8572425842285156, 0.8519783020019531, 0.844517171382904, 0.8448173999786377, 0.8410606384277344, 0.8311357498168945, 0.828177809715271, 0.8262458443641663, 0.8166548609733582, 0.8125953674316406, 0.8038302659988403, 0.802830696105957, 0.798656702041626, 0.8008738160133362, 0.7870118021965027, 0.7884820699691772, 0.7854395508766174, 0.7821515798568726, 0.7717525362968445, 0.7729038596153259, 0.7633081674575806, 0.7623825669288635, 0.7591252326965332, 0.7554690837860107, 0.7505538463592529, 0.7461209893226624, 0.7445021867752075, 0.7395226359367371, 0.735085129737854, 0.730767548084259, 0.7248826026916504, 0.7245336771011353, 0.718718409538269, 0.7173682451248169, 0.7119449973106384, 0.7130041122436523, 0.7104278802871704, 0.703315258026123, 0.7021903991699219, 0.6947163939476013, 0.6889095306396484, 0.6906622648239136, 0.6879348754882812, 0.6797581911087036, 0.6816561222076416], "rmse": [1.7184102535247803, 1.5845222473144531, 1.564692497253418, 1.5535246133804321, 1.5446933507919312, 1.5379154682159424, 1.5295555591583252, 1.525363564491272, 1.517622709274292, 1.5130635499954224, 1.5066742897033691, 1.4968055486679077, 1.4917080402374268, 1.4805539846420288, 1.4729294776916504, 1.463174819946289, 1.4517980813980103, 1.4396913051605225, 1.424689769744873, 1.4086003303527832, 1.3975191116333008, 1.379189372062683, 1.363480567932129, 1.3499313592910767, 1.3344190120697021, 1.3214384317398071, 1.3121060132980347, 1.3020325899124146, 1.293218731880188, 1.28486168384552, 1.2799720764160156, 1.2727222442626953, 1.2663418054580688, 1.263384461402893, 1.2557913064956665, 1.252920150756836, 1.2502005100250244, 1.2436336278915405, 1.2413487434387207, 1.2388319969177246, 1.2357577085494995, 1.231563687324524, 1.2310856580734253, 1.2262629270553589, 1.2252309322357178, 1.2216689586639404, 1.220847725868225, 1.216084361076355, 1.2127538919448853, 1.2114681005477905, 1.2082439661026, 1.207849144935608, 1.2028855085372925, 1.2021883726119995, 1.2013270854949951, 1.1954913139343262, 1.1953368186950684, 1.1918450593948364, 1.1892040967941284, 1.1862448453903198, 1.1851081848144531, 1.1849281787872314, 1.1790683269500732, 1.1781651973724365, 1.1739020347595215, 1.1738728284835815, 1.1689965724945068, 1.1667712926864624, 1.166158676147461, 1.164504051208496, 1.1605314016342163, 1.1575523614883423, 1.155940055847168, 1.1522548198699951, 1.1502158641815186, 1.1482412815093994, 1.1448829174041748, 1.14091956615448, 1.1397101879119873, 1.1380746364593506, 1.1351628303527832, 1.1321308612823486, 1.1303945779800415, 1.127274513244629, 1.12527596950531, 1.123618245124817, 1.1197850704193115, 1.1137378215789795, 1.1110622882843018, 1.1094584465026855, 1.106816291809082, 1.1050676107406616, 1.0992722511291504, 1.0983126163482666, 1.0943071842193604, 1.089302659034729, 1.087604284286499, 1.0845834016799927, 1.0805368423461914, 1.078382134437561, 1.074291706085205, 1.072167992591858, 1.0664570331573486, 1.0644235610961914, 1.0597691535949707, 1.0541329383850098, 1.052738904953003, 1.0467822551727295, 1.04731285572052, 1.0403321981430054, 1.0376322269439697, 1.0338107347488403, 1.0335997343063354, 1.0291954278945923, 1.0206387042999268, 1.0202000141143799, 1.016653299331665, 1.0140401124954224, 1.0076286792755127, 1.0065319538116455, 0.9993634223937988, 0.9973536133766174, 0.9949339032173157, 0.9888867735862732, 0.9873958826065063, 0.9841904044151306, 0.9809157848358154, 0.9797462224960327, 0.9729201197624207, 0.9685296416282654, 0.9679046869277954, 0.9613519310951233, 0.9598455429077148, 0.9575363993644714, 0.9535315632820129, 0.95328289270401, 0.9479895830154419, 0.9457787275314331, 0.9433574080467224, 0.9380090236663818, 0.9362925887107849, 0.9333560466766357, 0.9301958680152893, 0.9303666949272156, 0.9285700917243958, 0.9204698801040649, 0.9200485944747925, 0.9179725050926208, 0.9104045629501343, 0.911054790019989, 0.9075503349304199, 0.9033096432685852, 0.9036873579025269, 0.9013835191726685, 0.8965077996253967, 0.8944768905639648, 0.8939557075500488, 0.8884111046791077, 0.8864321708679199, 0.8812370300292969, 0.8814181089401245, 0.8785228729248047, 0.880151093006134, 0.8717623353004456, 0.8730306625366211, 0.8721355199813843, 0.8698331713676453, 0.8634890913963318, 0.8640897274017334, 0.8589396476745605, 0.8586134314537048, 0.8561266660690308, 0.8539636135101318, 0.8517248630523682, 0.8490265011787415, 0.8488094210624695, 0.8455600142478943, 0.8428362607955933, 0.8402157425880432, 0.8362938165664673, 0.8376782536506653, 0.8338301181793213, 0.8326891660690308, 0.8296627402305603, 0.8301738500595093, 0.8286396265029907, 0.8246124386787415, 0.8238716721534729, 0.8194791674613953, 0.8164104223251343, 0.8175051808357239, 0.8155807256698608, 0.8108966946601868, 0.8118095397949219],