{"n_parameters": 194897, "training_time": 1083.8959448337555, "loss": [2.803950786590576, 2.6763789653778076, 2.6002063751220703, 2.567908525466919, 2.5366525650024414, 2.515399217605591, 2.5017828941345215, 2.4917004108428955, 2.4749863147735596, 2.4699950218200684, 2.4631285667419434, 2.4583232402801514, 2.4517180919647217, 2.443458080291748, 2.4445438385009766], "rmse": [1.6541298627853394, 1.6152641773223877, 1.5914552211761475, 1.5820209980010986, 1.5728192329406738, 1.564788818359375, 1.5605918169021606, 1.5568053722381592, 1.5518383979797363, 1.551179051399231, 1.5483651161193848, 1.547471284866333, 1.5454069375991821, 1.5422335863113403, 1.5427849292755127], "val_loss": [2.6567776203155518, 2.621567487716675, 2.6154234409332275, 2.615814447402954, 2.5966615676879883, 2.5943312644958496, 2.5566775798797607, 2.538130760192871, 2.552675485610962, 2.516488790512085, 2.5478577613830566, 2.522614002227783, 2.5193488597869873, 2.5317914485931396, 2.5252232551574707], "val_rmse": [1.6050244569778442, 1.5945379734039307, 1.592671275138855, 1.592821717262268, 1.5869231224060059, 1.5862725973129272, 1.5745518207550049, 1.5687060356140137, 1.573248267173767, 1.5619230270385742, 1.571786880493164, 1.5638834238052368, 1.56289541721344, 1.5668166875839233, 1.5647741556167603]}