{"n_parameters": 385873, "training_time": 26653.572404146194, "loss": [3.1253254413604736, 2.6753780841827393, 2.592987298965454, 2.545128583908081, 2.4973790645599365, 2.445221424102783, 2.4250950813293457, 2.3851115703582764, 2.3414361476898193, 2.3029544353485107, 2.2577619552612305, 2.202895164489746, 2.144374132156372, 2.0899276733398438, 2.0310146808624268, 1.9695119857788086, 1.9024561643600464, 1.8400394916534424, 1.788050889968872, 1.7302522659301758, 1.6821037530899048, 1.6435939073562622, 1.6066417694091797, 1.5813617706298828, 1.5499190092086792, 1.5280972719192505, 1.5108383893966675, 1.4834407567977905, 1.460334300994873, 1.452919602394104, 1.4342451095581055, 1.415139079093933, 1.4037953615188599, 1.3934587240219116, 1.382897138595581, 1.3727322816848755, 1.3595383167266846, 1.345508337020874, 1.339819312095642, 1.325720191001892, 1.3161784410476685, 1.310462474822998, 1.3051553964614868, 1.2905126810073853, 1.2817927598953247, 1.2737462520599365, 1.2656216621398926, 1.2681734561920166, 1.2561588287353516, 1.2447350025177002, 1.2415682077407837, 1.2355294227600098, 1.2285479307174683, 1.225643277168274, 1.212715983390808, 1.2081955671310425, 1.1987354755401611, 1.1966712474822998, 1.1852936744689941, 1.1844111680984497, 1.1790374517440796, 1.1694613695144653, 1.1632990837097168, 1.1596410274505615, 1.1501944065093994, 1.1427274942398071, 1.1352647542953491, 1.12615168094635, 1.123088002204895, 1.1156057119369507, 1.1070754528045654, 1.102613091468811, 1.099190354347229, 1.0837328433990479, 1.0790451765060425, 1.071046233177185, 1.0665156841278076, 1.0545339584350586, 1.0461615324020386, 1.0371973514556885, 1.027277946472168, 1.019018292427063, 1.0093705654144287, 0.9990891218185425, 0.9955406188964844, 0.9822022914886475, 0.9759677648544312, 0.9654847979545593, 0.951317548751831, 0.9485461711883545, 0.9328049421310425, 0.9296302199363708, 0.9169749021530151, 0.9012919664382935, 0.8937171697616577, 0.8865364789962769, 0.8721315264701843, 0.8636207580566406, 0.855003297328949, 0.8435456156730652, 0.8345686793327332, 0.8207998275756836, 0.8123776912689209, 0.8045006990432739, 0.7940086126327515, 0.7854544520378113, 0.7758358716964722, 0.7677814960479736, 0.7557162642478943, 0.7490355372428894, 0.7393579483032227, 0.733696699142456, 0.7216130495071411, 0.7199481725692749, 0.7083624005317688, 0.7051317691802979, 0.6933519244194031, 0.6854324340820312, 0.682614803314209, 0.6758103370666504, 0.6680935025215149, 0.6617249846458435, 0.6592426896095276, 0.6500937342643738, 0.6432273387908936, 0.6395521759986877, 0.6365118622779846, 0.6259698867797852, 0.622628390789032, 0.6198047995567322, 0.6119738221168518, 0.6067696809768677, 0.6039677858352661, 0.5940736532211304, 0.5967943072319031, 0.5915274620056152, 0.5857853293418884, 0.5784118175506592, 0.580798327922821, 0.5732998847961426, 0.5688403844833374, 0.5685608386993408, 0.5648417472839355, 0.5559313893318176, 0.5578668713569641, 0.5540551543235779, 0.5488641858100891, 0.5477675199508667, 0.5379805564880371, 0.5369465351104736, 0.535133957862854, 0.5328986644744873, 0.5283682346343994, 0.5251203179359436, 0.5278151631355286, 0.5218766927719116, 0.5170047283172607, 0.5139409899711609, 0.5148885846138, 0.5122125744819641, 0.5092535018920898, 0.5045775771141052, 0.5052404999732971, 0.5035172700881958, 0.4978567063808441, 0.49790138006210327, 0.4954352080821991, 0.4919167459011078, 0.48698997497558594, 0.4886276125907898, 0.4859973192214966, 0.4808794856071472, 0.4813286364078522, 0.4771203100681305, 0.4763163924217224, 0.47402551770210266, 0.4701646864414215, 0.46639758348464966, 0.4713534712791443, 0.46388500928878784, 0.46147868037223816, 0.45891323685646057, 0.45559343695640564, 0.4568776786327362, 0.45337381958961487, 0.45182693004608154, 0.44918113946914673, 0.45019298791885376, 0.44797781109809875, 0.4469528794288635, 0.4450453221797943, 0.44243839383125305, 0.440237432718277, 0.43816766142845154, 0.43478861451148987, 0.43665507435798645, 0.4305044114589691, 0.4291202425956726, 0.42785170674324036, 0.42682868242263794, 0.428840309381485, 0.4245970547199249, 0.4226740002632141, 0.4231097996234894, 0.419449120759964, 0.42058849334716797, 0.41659945249557495, 0.41333842277526855, 0.4123842418193817, 0.4114459156990051, 0.41495782136917114, 0.41333284974098206, 0.41156378388404846, 0.4086940884590149, 0.4080076813697815, 0.40291231870651245, 0.404567152261734, 0.40201106667518616, 0.40332719683647156, 0.4027426242828369, 0.3993416130542755, 0.3976685106754303, 0.397527277469635, 0.3942582309246063, 0.39425310492515564, 0.39350518584251404, 0.3928750455379486, 0.3896273374557495, 0.3887275755405426, 0.3856399357318878, 0.3876917362213135, 0.387275755405426, 0.38646867871284485, 0.38430777192115784, 0.38400059938430786, 0.38135287165641785, 0.38064172863960266, 0.3787406086921692, 0.3789328634738922, 0.37929174304008484, 0.3789418339729309, 0.3764854669570923, 0.376326322555542, 0.37590494751930237, 0.3733910322189331],