{"n_parameters": 478545, "training_time": 29227.75746154785, "loss": [3.1610629558563232, 2.598264694213867, 2.522737741470337, 2.4832022190093994, 2.455932140350342, 2.4440677165985107, 2.424863815307617, 2.4067468643188477, 2.390350103378296, 2.376265048980713, 2.361978530883789, 2.3447487354278564, 2.3286516666412354, 2.31107234954834, 2.2953696250915527, 2.270287036895752, 2.245521068572998, 2.2204766273498535, 2.189829111099243, 2.151132345199585, 2.11661696434021, 2.081984043121338, 2.0313758850097656, 1.9869261980056763, 1.9483833312988281, 1.9086756706237793, 1.8566240072250366, 1.8300398588180542, 1.795272707939148, 1.7691211700439453, 1.7364224195480347, 1.7180317640304565, 1.695422649383545, 1.6862231492996216, 1.6687192916870117, 1.6557605266571045, 1.6476237773895264, 1.628023624420166, 1.6202812194824219, 1.6079668998718262, 1.596326470375061, 1.5923914909362793, 1.5818463563919067, 1.5698806047439575, 1.5629608631134033, 1.560754656791687, 1.552843689918518, 1.5407915115356445, 1.538059949874878, 1.535117506980896, 1.5336658954620361, 1.5250539779663086, 1.5222402811050415, 1.5095237493515015, 1.5051360130310059, 1.4995938539505005, 1.494215965270996, 1.4905391931533813, 1.487297773361206, 1.4866976737976074, 1.4761065244674683, 1.4709817171096802, 1.471246361732483, 1.4679352045059204, 1.463742971420288, 1.4610267877578735, 1.4574915170669556, 1.4521945714950562, 1.449265718460083, 1.443950891494751, 1.4389885663986206, 1.432885766029358, 1.4349762201309204, 1.4327610731124878, 1.425520420074463, 1.4203728437423706, 1.4128930568695068, 1.4137043952941895, 1.4020012617111206, 1.4024308919906616, 1.398370623588562, 1.402686357498169, 1.3867638111114502, 1.3870970010757446, 1.3798093795776367, 1.3773850202560425, 1.378981590270996, 1.3689286708831787, 1.3641729354858398, 1.361387014389038, 1.3590008020401, 1.3606868982315063, 1.3543869256973267, 1.350117564201355, 1.3477798700332642, 1.3432605266571045, 1.3408820629119873, 1.3334890604019165, 1.3310866355895996, 1.3240071535110474, 1.3226571083068848, 1.3146255016326904, 1.3156155347824097, 1.3118938207626343, 1.304089069366455, 1.2972010374069214, 1.2951679229736328, 1.2925918102264404, 1.2855144739151, 1.2865355014801025, 1.2781487703323364, 1.2710044384002686, 1.2700157165527344, 1.26162588596344, 1.2617578506469727, 1.2546563148498535, 1.2476648092269897, 1.2418041229248047, 1.2320451736450195, 1.2399168014526367, 1.230010747909546, 1.227405309677124, 1.2158769369125366, 1.217132568359375, 1.2105776071548462, 1.2023849487304688, 1.1951320171356201, 1.1894521713256836, 1.1843560934066772, 1.1803799867630005, 1.1730122566223145, 1.177338719367981, 1.1661186218261719, 1.1586819887161255, 1.1496068239212036, 1.1473591327667236, 1.1399884223937988, 1.1285942792892456, 1.127964735031128, 1.120036244392395, 1.1133980751037598, 1.1102378368377686, 1.1019062995910645, 1.0963613986968994, 1.08475661277771, 1.0830276012420654, 1.0778948068618774, 1.0665394067764282, 1.0616952180862427, 1.047406554222107, 1.0455089807510376, 1.0331531763076782, 1.0333071947097778, 1.0213310718536377, 1.016492247581482, 1.00869882106781, 1.0040738582611084, 0.9981600046157837, 0.9906250238418579, 0.9876397252082825, 0.971512496471405, 0.9772416353225708, 0.969933032989502, 0.9560688138008118, 0.9526145458221436, 0.9514570236206055, 0.9449623823165894, 0.9368663430213928, 0.9281445145606995, 0.9186046719551086, 0.9194994568824768, 0.9229323267936707, 0.9096851348876953, 0.9045398235321045, 0.9003252387046814, 0.8954616785049438, 0.8916125297546387, 0.888640284538269, 0.8835482597351074, 0.8836731910705566, 0.8799254894256592, 0.8689833283424377, 0.8701509833335876, 0.8700413107872009, 0.8682498335838318, 0.8611515760421753, 0.8584877252578735, 0.8543989658355713, 0.8495899438858032, 0.8430822491645813, 0.8440028429031372, 0.8434270024299622, 0.8299142122268677, 0.835333526134491, 0.8232738971710205, 0.8274405598640442, 0.8216307163238525, 0.8188596367835999, 0.8124073147773743, 0.8123754262924194, 0.8115221261978149, 0.8029816746711731, 0.8041328191757202, 0.8008273839950562, 0.7992361187934875, 0.7978174090385437, 0.7906599044799805, 0.7915852665901184, 0.7875890731811523, 0.78020840883255, 0.7861940264701843, 0.7759119868278503, 0.7788989543914795, 0.7688791155815125, 0.7724515199661255, 0.7687544822692871, 0.7635950446128845, 0.7625766396522522, 0.7581870555877686, 0.7555654048919678, 0.7548891305923462, 0.7534695863723755, 0.749843955039978, 0.7487459182739258, 0.7422380447387695, 0.7457087635993958, 0.7404400110244751, 0.7409253120422363, 0.7349978089332581, 0.728175938129425, 0.7311583757400513, 0.7234598398208618, 0.7253679037094116, 0.7273809909820557],