{"n_parameters": 470097, "training_time": 18472.533211946487, "loss": [2.443274974822998, 2.274747848510742, 2.154003143310547, 2.052506446838379, 1.9491623640060425, 1.8440067768096924, 1.7397947311401367, 1.6379024982452393, 1.5398963689804077, 1.4567437171936035, 1.3824615478515625, 1.3272387981414795, 1.2765778303146362, 1.237045168876648, 1.2125778198242188, 1.1786839962005615, 1.1548943519592285, 1.1318843364715576, 1.1145278215408325, 1.0932011604309082, 1.0760635137557983, 1.0590434074401855, 1.0435311794281006, 1.0261987447738647, 1.0068868398666382, 0.9897090792655945, 0.9729586243629456, 0.9558873176574707, 0.9409067630767822, 0.923030436038971, 0.9083610773086548, 0.8929968476295471, 0.8782392740249634, 0.8667954802513123, 0.8513500094413757, 0.8372259736061096, 0.8270416259765625, 0.8136120438575745, 0.7997452616691589, 0.7901599407196045, 0.7749927639961243, 0.7662486433982849, 0.7535171508789062, 0.7417001128196716, 0.7333082556724548, 0.7208852171897888, 0.7131079435348511, 0.701420783996582, 0.6896581649780273, 0.6826762557029724, 0.6762071847915649, 0.6607668995857239, 0.6497958302497864, 0.6400501728057861, 0.6299382448196411, 0.6194756031036377, 0.6088025569915771, 0.5993228554725647, 0.5927124619483948, 0.5802664756774902, 0.5728976726531982, 0.5626053810119629, 0.5547049045562744, 0.5449027419090271, 0.5361434817314148, 0.5262022018432617, 0.5186863541603088, 0.511751651763916, 0.5045676231384277, 0.49453261494636536, 0.48516446352005005, 0.47973811626434326, 0.4702443778514862, 0.46519213914871216, 0.46030598878860474, 0.4533188045024872, 0.44581615924835205, 0.44186168909072876, 0.4345398247241974, 0.4276314377784729, 0.4235263466835022, 0.4194149076938629, 0.413821816444397, 0.409355103969574, 0.40476712584495544, 0.39995065331459045, 0.39424800872802734, 0.392381876707077, 0.38936689496040344, 0.3840630054473877, 0.3787026107311249, 0.37642642855644226, 0.37379705905914307, 0.36944660544395447, 0.3661520779132843, 0.36396732926368713, 0.35940322279930115, 0.3592836856842041, 0.3560420572757721, 0.35393160581588745, 0.3516152501106262, 0.34700220823287964, 0.3451743423938751, 0.34288108348846436, 0.34022167325019836, 0.3393966257572174, 0.33624082803726196, 0.3327798545360565, 0.3287905752658844, 0.33070048689842224, 0.3268023133277893, 0.3248383104801178, 0.3236907124519348, 0.32053688168525696, 0.3197518587112427, 0.3175210654735565, 0.3167211413383484, 0.31383195519447327, 0.31494611501693726, 0.30967429280281067, 0.30999335646629333, 0.30817773938179016, 0.3060724437236786, 0.3052736222743988, 0.3043748438358307, 0.3009518086910248, 0.3001483380794525, 0.2984938323497772, 0.29687735438346863, 0.2943619191646576, 0.29398205876350403, 0.2929214537143707, 0.29255351424217224, 0.2916485667228699, 0.28854361176490784, 0.28949040174484253, 0.28636595606803894, 0.2867705821990967, 0.284196674823761, 0.2824718654155731, 0.28175029158592224, 0.2822948396205902, 0.28058409690856934, 0.2789957821369171, 0.2774646282196045, 0.2762303948402405, 0.27497434616088867, 0.27459025382995605, 0.2729322910308838, 0.27273526787757874, 0.27252548933029175, 0.26990950107574463, 0.26916301250457764, 0.268336683511734], "rmse": [1.5415000915527344, 1.487055778503418, 1.4458357095718384, 1.4113707542419434, 1.374880075454712, 1.3365761041641235, 1.2980786561965942, 1.2589995861053467, 1.2207132577896118, 1.1876477003097534, 1.1586308479309082, 1.1353843212127686, 1.1138025522232056, 1.0972944498062134, 1.0864384174346924, 1.0710651874542236, 1.0611028671264648, 1.0496059656143188, 1.0427117347717285, 1.0332599878311157, 1.0248184204101562, 1.0170271396636963, 1.0090824365615845, 1.0014835596084595, 0.9914819598197937, 0.9837290048599243, 0.9756055474281311, 0.9671584367752075, 0.9592961668968201, 0.9505999088287354, 0.9434908628463745, 0.9351627230644226, 0.9276751279830933, 0.9217024445533752, 0.9132069945335388, 0.9055776596069336, 0.8996703028678894, 0.8933836817741394, 0.8856568336486816, 0.8804462552070618, 0.8719255328178406, 0.8673456311225891, 0.8601434826850891, 0.8530683517456055, 0.8485868573188782, 0.840974748134613, 0.8366265296936035, 0.8301625847816467, 0.8227169513702393, 0.8184168934822083, 0.814629316329956, 0.8056227564811707, 0.7990086674690247, 0.7927979230880737, 0.7865403890609741, 0.7801305651664734, 0.7730699777603149, 0.7671937346458435, 0.7629877924919128, 0.7546601295471191, 0.7498615384101868, 0.743079662322998, 0.7381206154823303, 0.7314997911453247, 0.725426971912384, 0.7188934087753296, 0.713834822177887, 0.7082630395889282, 0.7035663723945618, 0.6966986656188965, 0.6899721622467041, 0.686303973197937, 0.6794893145561218, 0.6755728125572205, 0.67202228307724, 0.6668483018875122, 0.6611597537994385, 0.6583579182624817, 0.6530060768127441, 0.6475549340248108, 0.644626796245575, 0.6413567066192627, 0.637177050113678, 0.6333993673324585, 0.6298341751098633, 0.626126766204834, 0.6217323541641235, 0.6202886700630188, 0.6179227232933044, 0.6135029792785645, 0.609177827835083, 0.6074861288070679, 0.6051111221313477, 0.6016848683357239, 0.5987134575843811, 0.5972062349319458, 0.5933333039283752, 0.5931175947189331, 0.590764582157135, 0.5885868072509766, 0.5868130326271057, 0.5827828049659729, 0.5813464522361755, 0.5795040726661682, 0.5770481824874878, 0.5763705968856812, 0.5739184617996216, 0.5706683993339539, 0.5673367381095886, 0.5688963532447815, 0.5655879974365234, 0.5637585520744324, 0.5628641843795776, 0.5601128935813904, 0.5592277646064758, 0.5575664639472961, 0.5567508339881897, 0.55396968126297, 0.5548886060714722, 0.550414502620697, 0.5504429340362549, 0.5491576790809631, 0.5472277402877808, 0.5465853810310364, 0.545717716217041, 0.5426272749900818, 0.5416542291641235, 0.5402770638465881, 0.5387888550758362, 0.536411702632904, 0.5362128615379333, 0.5351764559745789, 0.5346983075141907, 0.5337944030761719, 0.5313646197319031, 0.5320838093757629, 0.5292923450469971, 0.5298205614089966, 0.5271684527397156, 0.5256573557853699, 0.5245726704597473, 0.5253520607948303, 0.5235769748687744, 0.5222411155700684, 0.5206659436225891, 0.519497275352478, 0.5179780721664429, 0.5181003212928772, 0.5165764093399048, 0.516283392906189, 0.5158612728118896, 0.5137553811073303, 0.5127330422401428, 0.5118462443351746],