{"n_parameters": 341057, "training_time": 17963.87446117401, "loss": [2.4613163471221924, 2.2845451831817627, 2.1817891597747803, 2.076603412628174, 1.9663925170898438, 1.842179536819458, 1.710351586341858, 1.5854661464691162, 1.4716341495513916, 1.375429391860962, 1.2918033599853516, 1.2284526824951172, 1.1729116439819336, 1.1331218481063843, 1.0978416204452515, 1.072332739830017, 1.049391746520996, 1.0292667150497437, 1.0102075338363647, 0.9947413802146912, 0.9790307879447937, 0.9654640555381775, 0.9508315324783325, 0.9394176602363586, 0.9276811480522156, 0.9120672941207886, 0.9012793302536011, 0.8882884979248047, 0.8749082088470459, 0.8612359166145325, 0.849912166595459, 0.8392985463142395, 0.8246519565582275, 0.8117050528526306, 0.7996747493743896, 0.7858588695526123, 0.7719075083732605, 0.7608250975608826, 0.7462590336799622, 0.7323785424232483, 0.7191324830055237, 0.705559492111206, 0.6905627846717834, 0.6803200840950012, 0.6673238277435303, 0.6582839488983154, 0.6455731391906738, 0.6357004642486572, 0.6229453682899475, 0.6144109964370728, 0.60422283411026, 0.5941773653030396, 0.5870335102081299, 0.576834499835968, 0.5701791644096375, 0.5624060034751892, 0.5530452132225037, 0.546132504940033, 0.5402339100837708, 0.5316582322120667, 0.5268051028251648, 0.5187212824821472, 0.5125033259391785, 0.5070596933364868, 0.49972712993621826, 0.4929146468639374, 0.4856647849082947, 0.47899767756462097, 0.4740111231803894, 0.4685162305831909, 0.46348491311073303, 0.4582087993621826, 0.45084115862846375, 0.44695115089416504, 0.4419889748096466, 0.43570733070373535, 0.4329187870025635, 0.42535680532455444, 0.4210810661315918, 0.41928631067276, 0.41578906774520874, 0.4090553820133209, 0.40699270367622375, 0.40314820408821106, 0.3988233506679535, 0.3937571048736572, 0.38807013630867004, 0.3864099681377411, 0.38267838954925537, 0.3794204592704773, 0.3727447986602783, 0.3719941973686218, 0.36971578001976013, 0.363578736782074, 0.3620663583278656, 0.3593011796474457, 0.3538970649242401, 0.3516272306442261, 0.34830746054649353, 0.34616008400917053, 0.3428766429424286, 0.34016624093055725, 0.3369603157043457, 0.3342393934726715, 0.33247172832489014, 0.332177996635437, 0.328415185213089, 0.32549452781677246, 0.32331281900405884, 0.3212677538394928, 0.31963732838630676, 0.3170088529586792, 0.31742313504219055, 0.31478846073150635, 0.31299513578414917, 0.3099789321422577, 0.30793800950050354, 0.30649304389953613, 0.30384352803230286, 0.3023744523525238, 0.3017481863498688, 0.3001209795475006, 0.2982797920703888, 0.29465073347091675, 0.2944904565811157, 0.29182982444763184, 0.29090967774391174, 0.2884261906147003, 0.28838324546813965, 0.28814253211021423, 0.2847176492214203, 0.2841096520423889, 0.28261473774909973, 0.2829168438911438, 0.28009915351867676, 0.27731722593307495, 0.27727457880973816, 0.27672237157821655, 0.27590689063072205, 0.2775645852088928, 0.2729913592338562, 0.2722788453102112, 0.27205798029899597, 0.27098581194877625, 0.27055594325065613, 0.26922428607940674, 0.26772162318229675, 0.26679733395576477, 0.26648449897766113, 0.26690199971199036, 0.26488396525382996, 0.26370689272880554, 0.2635364532470703, 0.26246875524520874, 0.26216909289360046, 0.25999054312705994, 0.2607755959033966, 0.25972113013267517, 0.25851014256477356, 0.25833219289779663, 0.2564813196659088, 0.2568858861923218, 0.2544890344142914, 0.2539585828781128, 0.25281012058258057, 0.25398537516593933, 0.2526848018169403], "rmse": [1.5469855070114136, 1.4910531044006348, 1.4564626216888428, 1.419432520866394, 1.3812389373779297, 1.3365728855133057, 1.28789222240448, 1.2396970987319946, 1.1949864625930786, 1.154331088066101, 1.1196985244750977, 1.0916187763214111, 1.0676732063293457, 1.0497995615005493, 1.034056544303894, 1.0219587087631226, 1.0111732482910156, 1.0021703243255615, 0.9926198124885559, 0.9850408434867859, 0.9769036173820496, 0.9701295495033264, 0.963166356086731, 0.9576026201248169, 0.9515476822853088, 0.943970263004303, 0.9378417730331421, 0.9317461848258972, 0.9241344332695007, 0.9173813462257385, 0.9108436703681946, 0.9056521654129028, 0.8980115652084351, 0.8904991745948792, 0.883992612361908, 0.8764294385910034, 0.8687406182289124, 0.8623321652412415, 0.8538471460342407, 0.8465762138366699, 0.8385516405105591, 0.8306125402450562, 0.8218142986297607, 0.8155224323272705, 0.8081854581832886, 0.802413284778595, 0.7948310375213623, 0.7889434695243835, 0.7804627418518066, 0.7751619219779968, 0.7693767547607422, 0.7621369957923889, 0.7575151920318604, 0.7513270378112793, 0.7468170523643494, 0.742154598236084, 0.7354235649108887, 0.7310957908630371, 0.7271061539649963, 0.721286952495575, 0.718195378780365, 0.7124692797660828, 0.7080378532409668, 0.704305112361908, 0.6992762088775635, 0.6941309571266174, 0.6896522045135498, 0.6843740344047546, 0.6812311410903931, 0.6768609881401062, 0.6733554005622864, 0.6694982647895813, 0.6639993190765381, 0.6611823439598083, 0.6577569246292114, 0.6529838442802429, 0.6510277986526489, 0.645663857460022, 0.6423519253730774, 0.6405813097953796, 0.6381323337554932, 0.6328436732292175, 0.6313619613647461, 0.6282810568809509, 0.6246623396873474, 0.6206258535385132, 0.6165149807929993, 0.6150528192520142, 0.612060010433197, 0.6093122959136963, 0.6039223670959473, 0.6031122803688049, 0.6014557480812073, 0.5965331196784973, 0.5952956080436707, 0.5930081605911255, 0.588640570640564, 0.5865607261657715, 0.583896815776825, 0.5821606516838074, 0.5796658992767334, 0.5770074725151062, 0.5744181871414185, 0.5718845725059509, 0.570322573184967, 0.5699371099472046, 0.5670028924942017, 0.5644530653953552, 0.5624292492866516, 0.5607396960258484, 0.5591015815734863, 0.5568514466285706, 0.5572513937950134, 0.5550599694252014, 0.5535008311271667, 0.5503259897232056, 0.5492160320281982, 0.5476508140563965, 0.545175313949585, 0.5436146855354309, 0.5432418584823608, 0.541800856590271, 0.540047824382782, 0.5369635820388794, 0.536534309387207, 0.5340899229049683, 0.5331743955612183, 0.5310469269752502, 0.531254231929779, 0.5307257175445557, 0.5278392434120178, 0.5272068977355957, 0.5254883170127869, 0.5259169340133667, 0.5230273604393005, 0.52107173204422, 0.5205414891242981, 0.5199639201164246, 0.5195956230163574, 0.5208292007446289, 0.5164146423339844, 0.5157202482223511, 0.515830397605896, 0.5148915648460388, 0.5140947699546814, 0.5129959583282471, 0.5115242600440979, 0.510654091835022, 0.5102066993713379, 0.5106068253517151, 0.5091318488121033, 0.5076696872711182, 0.5076277256011963, 0.5063799023628235, 0.5060780644416809, 0.5042067170143127, 0.5048578381538391, 0.5038880109786987, 0.5025816559791565, 0.5026443600654602, 0.5002875924110413, 0.5007084012031555, 0.49878594279289246, 0.49825507402420044, 0.49700483679771423, 0.4979025423526764, 0.49682334065437317],