{"n_parameters": 249585, "training_time": 13372.705817937851, "loss": [2.6253750324249268, 2.5527334213256836, 2.49245548248291, 2.4607319831848145, 2.4234402179718018, 2.3977694511413574, 2.367018699645996, 2.330662727355957, 2.293665647506714, 2.240748167037964, 2.1778876781463623, 2.108294725418091, 2.024742603302002, 1.9461214542388916, 1.871436595916748, 1.8256646394729614, 1.7871489524841309, 1.743202567100525, 1.7250372171401978, 1.7033030986785889, 1.6761434078216553, 1.661152958869934, 1.6417123079299927, 1.6259325742721558, 1.604122281074524, 1.5984026193618774, 1.570753812789917, 1.5633076429367065, 1.5505955219268799, 1.5397117137908936, 1.5237821340560913, 1.508806586265564, 1.498257040977478, 1.4873764514923096, 1.4727323055267334, 1.4623312950134277, 1.450499415397644, 1.4426342248916626, 1.4271377325057983, 1.414925456047058, 1.4036355018615723, 1.3953101634979248, 1.380629062652588, 1.379068374633789, 1.3589718341827393, 1.3520830869674683, 1.338387131690979, 1.331464409828186, 1.3259540796279907, 1.3030287027359009, 1.306241750717163, 1.2914224863052368, 1.2857125997543335, 1.2692441940307617, 1.2511893510818481, 1.2433104515075684, 1.2407174110412598, 1.223777413368225, 1.2215272188186646, 1.2057820558547974, 1.1968744993209839, 1.1876516342163086, 1.171595573425293, 1.1693471670150757, 1.1547507047653198, 1.1464613676071167, 1.1373329162597656, 1.1324723958969116, 1.1262156963348389, 1.1119420528411865, 1.101757287979126, 1.0930908918380737, 1.0826743841171265, 1.0739872455596924, 1.0644488334655762, 1.053652286529541, 1.0496349334716797, 1.0366179943084717, 1.0249555110931396, 1.0215039253234863, 1.0092295408248901, 0.9997631907463074, 0.9931361079216003, 0.9854164719581604, 0.9764764308929443, 0.9644302129745483, 0.9541141986846924, 0.9438756108283997, 0.9419597387313843, 0.924837052822113, 0.9202617406845093, 0.9131280183792114, 0.8969043493270874, 0.8963956832885742, 0.8883753418922424, 0.8744751811027527, 0.8704631924629211, 0.8538514971733093, 0.8515976071357727, 0.8444774746894836, 0.8343143463134766, 0.831089437007904, 0.8216719627380371, 0.8110390305519104, 0.8033785223960876, 0.8050016760826111, 0.7892485857009888, 0.7825250029563904, 0.7740854620933533, 0.7649869918823242, 0.7666937708854675, 0.7518929839134216, 0.7493757009506226, 0.7375173568725586, 0.729250967502594, 0.7289999723434448, 0.7204945683479309, 0.7115341424942017, 0.7041299343109131, 0.6939710378646851, 0.6918098330497742, 0.6825419664382935, 0.6783864498138428, 0.6728383302688599, 0.6600282192230225, 0.6595348119735718, 0.6512401103973389, 0.6446519494056702, 0.6334297060966492, 0.6349189877510071, 0.625919759273529, 0.6181252002716064, 0.6144106984138489, 0.6086138486862183, 0.6007815599441528, 0.5969773530960083, 0.5959091186523438, 0.5889247059822083, 0.5844862461090088, 0.5780368447303772, 0.576416015625, 0.5692344307899475, 0.5639167428016663, 0.5556492805480957, 0.5482990741729736, 0.5525054931640625, 0.5448038578033447, 0.542827844619751, 0.5397213697433472, 0.534745454788208, 0.5301741361618042, 0.5275084972381592, 0.5205013751983643, 0.5185506939888, 0.5145734548568726, 0.5132133364677429, 0.5072460174560547, 0.504623532295227, 0.49874812364578247], "rmse": [1.600098967552185, 1.5781676769256592, 1.55913245677948, 1.5493441820144653, 1.5363857746124268, 1.5282753705978394, 1.5179928541183472, 1.5071947574615479, 1.4943677186965942, 1.477009892463684, 1.4558031558990479, 1.4310334920883179, 1.4023936986923218, 1.3737646341323853, 1.3479617834091187, 1.331186294555664, 1.31728196144104, 1.3009369373321533, 1.293723702430725, 1.2869558334350586, 1.2766706943511963, 1.2718305587768555, 1.263609766960144, 1.2579524517059326, 1.249765157699585, 1.2481238842010498, 1.237473726272583, 1.233808159828186, 1.2293829917907715, 1.2241967916488647, 1.2174758911132812, 1.212337851524353, 1.2076252698898315, 1.20301353931427, 1.1977437734603882, 1.1936851739883423, 1.1883716583251953, 1.1851602792739868, 1.1797614097595215, 1.1744576692581177, 1.1689444780349731, 1.1652947664260864, 1.160032033920288, 1.1587097644805908, 1.1508949995040894, 1.1482501029968262, 1.141761064529419, 1.138650894165039, 1.136946678161621, 1.1261690855026245, 1.1284143924713135, 1.1214543581008911, 1.119435429573059, 1.112061858177185, 1.104574203491211, 1.1001120805740356, 1.0997154712677002, 1.0919331312179565, 1.0906816720962524, 1.0838342905044556, 1.0794984102249146, 1.0752522945404053, 1.0676082372665405, 1.066624402999878, 1.0598968267440796, 1.0551444292068481, 1.052076816558838, 1.0498440265655518, 1.0465692281723022, 1.0406473875045776, 1.0357887744903564, 1.031026005744934, 1.0259039402008057, 1.0222119092941284, 1.0178325176239014, 1.0119774341583252, 1.0103459358215332, 1.0036052465438843, 0.9989495873451233, 0.9960778951644897, 0.990347683429718, 0.985821545124054, 0.9820022583007812, 0.97823566198349, 0.97426438331604, 0.9691014885902405, 0.9630051255226135, 0.9575030207633972, 0.9560893774032593, 0.9476929903030396, 0.9454588890075684, 0.9407385587692261, 0.9329035878181458, 0.933049738407135, 0.9288357496261597, 0.9213776588439941, 0.9183270335197449, 0.9098107814788818, 0.9083585739135742, 0.9050610661506653, 0.899346113204956, 0.8967249989509583, 0.8923911452293396, 0.8862934708595276, 0.8821828961372375, 0.8831806182861328, 0.8742635250091553, 0.8710547089576721, 0.8661631345748901, 0.8608390688896179, 0.861011266708374, 0.8535803556442261, 0.8517391681671143, 0.8453697562217712, 0.8407822251319885, 0.8402513861656189, 0.8355485796928406, 0.8302308320999146, 0.8260760307312012, 0.820103645324707, 0.818832278251648, 0.8134831786155701, 0.8111096024513245, 0.8072670102119446, 0.7995342016220093, 0.7993777394294739, 0.794380784034729, 0.7905769348144531, 0.7836822271347046, 0.7849085330963135, 0.7790669798851013, 0.774208664894104, 0.7721385359764099, 0.7686519622802734, 0.7637045383453369, 0.7613714933395386, 0.7602810859680176, 0.7557616233825684, 0.7525172233581543, 0.7488318085670471, 0.7479841709136963, 0.7433038949966431, 0.7396374940872192, 0.7347126603126526, 0.7296350598335266, 0.7319563627243042, 0.727327823638916, 0.7258672118186951, 0.7235941886901855, 0.7199962735176086, 0.7179715633392334, 0.7159780859947205, 0.7110001444816589, 0.70970219373703, 0.7065012454986572, 0.7064179182052612, 0.7019075751304626, 0.6997962594032288, 0.6960229873657227],