{"n_parameters": 282817, "training_time": 17126.11671924591, "loss": [2.6935038566589355, 2.4191861152648926, 2.3865480422973633, 2.3587656021118164, 2.3243770599365234, 2.2843499183654785, 2.225738286972046, 2.1460750102996826, 2.0586507320404053, 1.9547680616378784, 1.8624361753463745, 1.7842369079589844, 1.7244772911071777, 1.6833975315093994, 1.655331015586853, 1.6366239786148071, 1.6108765602111816, 1.5977798700332642, 1.576230525970459, 1.565489411354065, 1.5533983707427979, 1.5382152795791626, 1.5236742496490479, 1.5083590745925903, 1.5053913593292236, 1.4853755235671997, 1.472124695777893, 1.4648666381835938, 1.4494845867156982, 1.4339134693145752, 1.4224536418914795, 1.4106203317642212, 1.403016209602356, 1.3909931182861328, 1.382054328918457, 1.3705471754074097, 1.3525480031967163, 1.345050573348999, 1.337149739265442, 1.319342017173767, 1.310176134109497, 1.3000048398971558, 1.2865941524505615, 1.2725173234939575, 1.2657302618026733, 1.2493075132369995, 1.23863685131073, 1.2221251726150513, 1.2128592729568481, 1.1921895742416382, 1.1848137378692627, 1.1681939363479614, 1.1566253900527954, 1.1392492055892944, 1.1275584697723389, 1.112038493156433, 1.098140001296997, 1.085925817489624, 1.0695512294769287, 1.057354211807251, 1.0376442670822144, 1.0199698209762573, 1.0103294849395752, 0.999650239944458, 0.9784092903137207, 0.9753527045249939, 0.9545912742614746, 0.9500952959060669, 0.9379462003707886, 0.9227285981178284, 0.9122158885002136, 0.9029465913772583, 0.8937437534332275, 0.8897914886474609, 0.8794877529144287, 0.8715247511863708, 0.8640563488006592, 0.8574615120887756, 0.8481751084327698, 0.8466000556945801, 0.8338390588760376, 0.8303163647651672, 0.821643054485321, 0.8139587044715881, 0.8134230375289917, 0.8021557927131653, 0.7959904074668884, 0.7945839762687683, 0.7848559617996216, 0.7851539254188538, 0.7778624296188354, 0.7702584266662598, 0.7636064887046814, 0.7654210925102234, 0.7515790462493896, 0.7495098114013672, 0.7412945628166199, 0.732765257358551, 0.7319633960723877, 0.7260825634002686, 0.7233828902244568, 0.7116199135780334, 0.7099368572235107, 0.701766312122345, 0.6959647536277771, 0.6880401372909546, 0.6880070567131042, 0.6776126027107239, 0.6723313331604004, 0.6693260073661804, 0.66350919008255, 0.6560596227645874, 0.6544784903526306, 0.6488395929336548, 0.6415935158729553, 0.641291081905365, 0.6315106749534607, 0.6270593404769897, 0.6232506632804871, 0.6204884648323059, 0.6126617193222046, 0.607475996017456, 0.6045591235160828, 0.6021735072135925, 0.5992398858070374, 0.5911207795143127, 0.5842599868774414, 0.575167715549469, 0.5802911520004272, 0.5760418772697449, 0.5704843401908875, 0.5654659867286682, 0.5578982830047607, 0.5575127601623535, 0.5499250888824463, 0.548139214515686, 0.5475246906280518, 0.5417758822441101, 0.5378764271736145, 0.5349625945091248, 0.526140034198761, 0.5273630619049072, 0.5201449990272522, 0.5203235149383545, 0.5144408345222473, 0.5090152025222778, 0.5135689377784729, 0.5070987939834595, 0.5057584643363953, 0.5012133717536926, 0.49859270453453064, 0.49638327956199646, 0.4908302128314972, 0.48936372995376587, 0.485959529876709, 0.482725590467453, 0.4807726740837097, 0.47893577814102173, 0.47196879982948303, 0.4718342423439026, 0.4715486168861389, 0.4668658375740051, 0.4655144512653351, 0.46182891726493835, 0.46177244186401367, 0.46138879656791687, 0.4553968906402588, 0.4536471962928772, 0.45295625925064087, 0.4468241333961487, 0.4472428262233734, 0.4444921910762787, 0.4453110992908478, 0.44286447763442993, 0.44252392649650574, 0.43816259503364563, 0.43705227971076965], "rmse": [1.615122675895691, 1.5348608493804932, 1.52395498752594, 1.5151723623275757, 1.503424882888794, 1.4906871318817139, 1.4713575839996338, 1.4452860355377197, 1.4147220849990845, 1.3780375719070435, 1.3445812463760376, 1.315478801727295, 1.2939616441726685, 1.2789162397384644, 1.2681944370269775, 1.2613381147384644, 1.2509788274765015, 1.2464253902435303, 1.2392414808273315, 1.234046459197998, 1.229669213294983, 1.2233940362930298, 1.21809983253479, 1.212279200553894, 1.2108484506607056, 1.2021554708480835, 1.196728229522705, 1.193342924118042, 1.1883163452148438, 1.1813628673553467, 1.1762529611587524, 1.1721785068511963, 1.169048547744751, 1.1635860204696655, 1.1605315208435059, 1.1558459997177124, 1.148841142654419, 1.1441385746002197, 1.1414512395858765, 1.1335293054580688, 1.129554033279419, 1.1250646114349365, 1.1190327405929565, 1.1121591329574585, 1.1095058917999268, 1.102295994758606, 1.0973820686340332, 1.0903531312942505, 1.086426854133606, 1.0769760608673096, 1.072851300239563, 1.06589937210083, 1.0606188774108887, 1.0525139570236206, 1.0457321405410767, 1.0388872623443604, 1.0326223373413086, 1.0265862941741943, 1.0183770656585693, 1.012924313545227, 1.0025922060012817, 0.9940735697746277, 0.989603579044342, 0.983729362487793, 0.9735293984413147, 0.970797061920166, 0.9610231518745422, 0.958573043346405, 0.9513003826141357, 0.9438450336456299, 0.9383098483085632, 0.933893620967865, 0.9289102554321289, 0.9263718724250793, 0.9210008978843689, 0.9174339771270752, 0.9132767915725708, 0.9092562198638916, 0.9045928120613098, 0.9032284021377563, 0.8965957164764404, 0.8948580026626587, 0.8898030519485474, 0.885620653629303, 0.8860583305358887, 0.878868043422699, 0.8758355379104614, 0.8748651742935181, 0.8694465756416321, 0.8690924048423767, 0.8655009865760803, 0.861447811126709, 0.857886016368866, 0.8583327531814575, 0.8515588045120239, 0.8497505784034729, 0.84494948387146, 0.8404809832572937, 0.8405232429504395, 0.8367348909378052, 0.8351584672927856, 0.8278565406799316, 0.8268569111824036, 0.8222000598907471, 0.8187301158905029, 0.8143787980079651, 0.8147477507591248, 0.8084527254104614, 0.8055687546730042, 0.8036468029022217, 0.7996103763580322, 0.795512318611145, 0.7946963906288147, 0.7911460399627686, 0.7871118783950806, 0.787266731262207, 0.7809770107269287, 0.777511477470398, 0.7757470607757568, 0.7738472819328308, 0.7696912884712219, 0.7659144401550293, 0.7637507915496826, 0.7628574967384338, 0.760669469833374, 0.7554895877838135, 0.751704216003418, 0.7452513575553894, 0.7486621141433716, 0.7463435530662537, 0.7420622110366821, 0.7392714023590088, 0.7348086833953857, 0.734066367149353, 0.7285392880439758, 0.728205144405365, 0.7273763418197632, 0.723818302154541, 0.7211413383483887, 0.719340980052948, 0.7135399580001831, 0.7139905691146851, 0.7091080546379089, 0.7099048495292664, 0.7057482600212097, 0.7020664811134338, 0.704861581325531, 0.7006757855415344, 0.699608564376831, 0.6970602869987488, 0.6944568157196045, 0.6930036544799805, 0.6893289089202881, 0.6881293058395386, 0.6855180859565735, 0.6836334466934204, 0.6821023225784302, 0.680825412273407, 0.6757941246032715, 0.67560875415802, 0.6754723787307739, 0.6724769473075867, 0.6714473962783813, 0.6688612103462219, 0.6691036820411682, 0.6685827970504761, 0.6638302206993103, 0.6625288128852844, 0.6620781421661377, 0.6577185392379761, 0.658280074596405, 0.6562663912773132, 0.6568960547447205, 0.6547046303749084, 0.6544963717460632, 0.6516796946525574, 0.650813102722168],