{"n_parameters": 288225, "training_time": 716.2712609767914, "loss": [2.866831064224243, 2.548400640487671, 2.516636848449707, 2.483856201171875, 2.476802349090576, 2.46203875541687, 2.4578988552093506], "rmse": [1.6654986143112183, 1.5754646062850952, 1.5652549266815186, 1.555847406387329, 1.5525461435317993, 1.5495431423187256, 1.5470900535583496], "val_loss": [2.4690825939178467, 2.451270818710327, 2.457026958465576, 2.4590163230895996, 2.4810943603515625, 2.4891812801361084, 2.4891045093536377], "val_rmse": [1.5471101999282837, 1.5416758060455322, 1.543642520904541, 1.5444656610488892, 1.5514016151428223, 1.5539751052856445, 1.5539387464523315]}