{"n_parameters": 257489, "training_time": 2789.566793203354, "loss": [2.718172073364258, 2.61674165725708, 2.5803346633911133, 2.555752754211426, 2.536400556564331, 2.525583505630493, 2.5127193927764893, 2.502037525177002, 2.500932216644287, 2.4950504302978516, 2.4855167865753174, 2.4789071083068848, 2.4760334491729736, 2.479243278503418, 2.477668523788452, 2.467750310897827, 2.4722580909729004, 2.4617936611175537, 2.460268259048462, 2.460404872894287, 2.4604148864746094, 2.457465648651123, 2.457885980606079, 2.455471992492676, 2.453860282897949, 2.4533884525299072, 2.4517719745635986, 2.4491336345672607, 2.4493472576141357, 2.4487104415893555, 2.4516756534576416], "rmse": [1.6266827583312988, 1.596935510635376, 1.5865501165390015, 1.5775405168533325, 1.5716824531555176, 1.5685979127883911, 1.5642328262329102, 1.5607966184616089, 1.560671091079712, 1.558759331703186, 1.5560060739517212, 1.5532485246658325, 1.5525882244110107, 1.5535480976104736, 1.554677128791809, 1.5501993894577026, 1.552119493484497, 1.548311471939087, 1.547891616821289, 1.5483911037445068, 1.5476086139678955, 1.5473763942718506, 1.547576904296875, 1.5462230443954468, 1.5454250574111938, 1.5460453033447266, 1.545167088508606, 1.5446687936782837, 1.5449106693267822, 1.5443637371063232, 1.5440893173217773], "val_loss": [2.566803216934204, 2.5709056854248047, 2.561955451965332, 2.5275418758392334, 2.5223422050476074, 2.518338441848755, 2.5114917755126953, 2.5075271129608154, 2.5112104415893555, 2.505136728286743, 2.502112865447998, 2.499499559402466, 2.4993369579315186, 2.497750759124756, 2.498197078704834, 2.4982047080993652, 2.4968438148498535, 2.497617721557617, 2.497196674346924, 2.4955317974090576, 2.493903636932373, 2.4938554763793945, 2.496068000793457, 2.4947385787963867, 2.491957664489746, 2.491307020187378, 2.4915125370025635, 2.4918367862701416, 2.4915759563446045, 2.4917566776275635, 2.4924416542053223], "val_rmse": [1.5776163339614868, 1.5788944959640503, 1.5760418176651, 1.5652861595153809, 1.5636526346206665, 1.5624566078186035, 1.560351014137268, 1.5591374635696411, 1.5602818727493286, 1.5584009885787964, 1.5574610233306885, 1.5566643476486206, 1.5566142797470093, 1.5561188459396362, 1.5562773942947388, 1.5562825202941895, 1.5558744668960571, 1.556107759475708, 1.555972933769226, 1.5554585456848145, 1.5549542903900146, 1.5549453496932983, 1.5556132793426514, 1.5552045106887817, 1.5543566942214966, 1.5541733503341675, 1.5542367696762085, 1.5543314218521118, 1.554255723953247, 1.5542999505996704, 1.554497241973877]}