{"n_parameters": 53745, "training_time": 8176.150193452835, "loss": [4.878698348999023, 3.103388547897339, 2.566760540008545, 2.492150068283081, 2.452603340148926, 2.4271883964538574, 2.397038459777832, 2.3665859699249268, 2.3453943729400635, 2.32200026512146, 2.3000152111053467, 2.2739622592926025, 2.248979091644287, 2.2281839847564697, 2.2079267501831055, 2.180086612701416, 2.1525726318359375, 2.128122329711914, 2.0930559635162354, 2.0653183460235596, 2.03263783454895, 1.9989049434661865, 1.966503381729126, 1.932565450668335, 1.8973923921585083, 1.8622071743011475, 1.8238193988800049, 1.788827896118164, 1.7549543380737305, 1.719828486442566, 1.6935195922851562, 1.660814881324768, 1.633391261100769, 1.6096272468566895, 1.5823774337768555, 1.5595262050628662, 1.540591835975647, 1.5189956426620483, 1.4982452392578125, 1.4764784574508667, 1.4630467891693115, 1.4489728212356567, 1.4298971891403198, 1.4197494983673096, 1.407701015472412, 1.3958301544189453, 1.3810553550720215, 1.3633224964141846, 1.3509283065795898, 1.3416136503219604, 1.3283978700637817, 1.3135185241699219, 1.3118600845336914, 1.2939318418502808, 1.2892324924468994, 1.2818613052368164, 1.2699865102767944, 1.255521535873413, 1.2487603425979614, 1.2383313179016113, 1.2330646514892578, 1.2264355421066284, 1.2165617942810059, 1.207533359527588, 1.2016308307647705, 1.196000576019287, 1.1882179975509644, 1.1802258491516113, 1.174601674079895, 1.166793704032898, 1.163893699645996, 1.152978539466858, 1.147675633430481, 1.1446760892868042, 1.1354897022247314, 1.1289128065109253, 1.1282434463500977, 1.1190149784088135, 1.1119279861450195, 1.1091279983520508, 1.1065328121185303, 1.0978585481643677, 1.094905138015747, 1.086552381515503, 1.0817362070083618, 1.076984167098999, 1.0785751342773438, 1.0664374828338623, 1.0630443096160889, 1.0652161836624146, 1.0582748651504517, 1.0499250888824463, 1.0445479154586792, 1.0412780046463013, 1.0367156267166138, 1.0323718786239624, 1.0290063619613647, 1.0250812768936157, 1.0187026262283325, 1.0143420696258545, 1.0115715265274048, 1.0049911737442017, 1.0017449855804443, 0.9980499744415283, 0.9968400001525879, 0.9893749952316284, 0.986693263053894, 0.9840810894966125, 0.9771060943603516, 0.9747785329818726, 0.9699782133102417, 0.9680559039115906, 0.9611735939979553, 0.9564623832702637, 0.9505507349967957, 0.9487951993942261, 0.9444529414176941, 0.9416362047195435, 0.9359419345855713, 0.9320547580718994, 0.9271637201309204, 0.9237370491027832, 0.9213664531707764, 0.9121681451797485, 0.9125120043754578, 0.9048206210136414, 0.9026147127151489, 0.8997581601142883, 0.8946280479431152, 0.8899187445640564, 0.8848483562469482, 0.882917046546936, 0.8748596906661987, 0.8702521920204163, 0.8688499927520752, 0.8621852397918701, 0.8593847155570984, 0.8541675209999084, 0.8493191599845886, 0.8446466326713562, 0.8410858511924744, 0.8369107842445374, 0.8343380093574524, 0.8240138292312622, 0.8245322108268738, 0.8215526938438416, 0.818348228931427, 0.8080161809921265, 0.8013864159584045, 0.803065836429596, 0.7922049760818481, 0.789749801158905, 0.7871516346931458, 0.7835241556167603, 0.779421865940094, 0.7749943137168884, 0.7689439654350281, 0.7662962079048157, 0.761138916015625, 0.7583943605422974, 0.7541655898094177, 0.7507838606834412, 0.7482865452766418, 0.7405292987823486, 0.7358830571174622, 0.7358143329620361, 0.7333676218986511, 0.7293484210968018, 0.7230517268180847, 0.7244737148284912, 0.7163071632385254, 0.7151474952697754, 0.7118736505508423, 0.705182671546936, 0.7049804329872131, 0.698910653591156, 0.6979721188545227, 0.6933656930923462, 0.6863078474998474, 0.6837453842163086, 0.6836385130882263, 0.6829015612602234, 0.676136314868927, 0.6789759993553162, 0.6730855107307434, 0.6687195301055908, 0.6678386330604553, 0.6672791838645935, 0.6632915139198303, 0.6612324714660645, 0.6590669751167297, 0.6510632038116455, 0.6527501344680786, 0.6514466404914856, 0.6449688673019409, 0.641566812992096, 0.6437692046165466], "rmse": [2.1854147911071777, 1.7385127544403076, 1.580688238143921, 1.5572237968444824, 1.546112060546875, 1.536635398864746, 1.5277684926986694, 1.5177994966506958, 1.5108978748321533, 1.5029187202453613, 1.4963613748550415, 1.4887117147445679, 1.478719711303711, 1.4730913639068604, 1.4656407833099365, 1.455535888671875, 1.4466882944107056, 1.4374096393585205, 1.426535964012146, 1.4166415929794312, 1.4048852920532227, 1.394317626953125, 1.3822726011276245, 1.3695714473724365, 1.3576297760009766, 1.3439327478408813, 1.3305797576904297, 1.3176519870758057, 1.3057142496109009, 1.2919483184814453, 1.2816824913024902, 1.2700626850128174, 1.2585413455963135, 1.249945044517517, 1.2395964860916138, 1.2314757108688354, 1.223022222518921, 1.2141607999801636, 1.2064478397369385, 1.197827696800232, 1.1929774284362793, 1.1872389316558838, 1.1791423559188843, 1.1752005815505981, 1.1697114706039429, 1.166000485420227, 1.1590707302093506, 1.1514192819595337, 1.1463485956192017, 1.1421306133270264, 1.1365114450454712, 1.131332516670227, 1.1301159858703613, 1.121984839439392, 1.1200815439224243, 1.1168111562728882, 1.112705945968628, 1.1061009168624878, 1.1027956008911133, 1.0977834463119507, 1.0963900089263916, 1.0932122468948364, 1.0884795188903809, 1.0844014883041382, 1.0823687314987183, 1.0796188116073608, 1.0756423473358154, 1.0729066133499146, 1.069770097732544, 1.066663146018982, 1.0651988983154297, 1.06011164188385, 1.0579830408096313, 1.0562077760696411, 1.0511888265609741, 1.049136757850647, 1.0486794710159302, 1.0442429780960083, 1.04118812084198, 1.039696455001831, 1.0387773513793945, 1.0339524745941162, 1.0328949689865112, 1.0289546251296997, 1.0265392065048218, 1.024836540222168, 1.0250884294509888, 1.0201106071472168, 1.018603801727295, 1.0189836025238037, 1.0159432888031006, 1.0115896463394165, 1.0094836950302124, 1.007216453552246, 1.0046991109848022, 1.0032527446746826, 1.0014276504516602, 0.9996663331985474, 0.9964256882667542, 0.9942060112953186, 0.9935026168823242, 0.9911945462226868, 0.9886921644210815, 0.9870924353599548, 0.9860351085662842, 0.9830588102340698, 0.9805823564529419, 0.9802665114402771, 0.9761313199996948, 0.974818229675293, 0.9728783369064331, 0.9715782999992371, 0.9686694145202637, 0.9663485884666443, 0.9627295136451721, 0.9624300003051758, 0.959435760974884, 0.9578343033790588, 0.9552688598632812, 0.9526917338371277, 0.9514613151550293, 0.9495874047279358, 0.9476398825645447, 0.9426764845848083, 0.9436128735542297, 0.9390544891357422, 0.937609076499939, 0.9368739724159241, 0.9339612722396851, 0.9311354756355286, 0.9283042550086975, 0.9279195666313171, 0.9231078028678894, 0.9211491942405701, 0.9203106164932251, 0.9171721935272217, 0.914760947227478, 0.9127523899078369, 0.9090977907180786, 0.9068318605422974, 0.9048380851745605, 0.90281081199646, 0.9018644094467163, 0.8952176570892334, 0.8958157896995544, 0.8947045207023621, 0.8922874927520752, 0.8866747617721558, 0.8831818103790283, 0.8838545083999634, 0.8780792355537415, 0.8760937452316284, 0.8753870725631714, 0.873340904712677, 0.8709983825683594, 0.8682207465171814, 0.8641082644462585, 0.8634949922561646, 0.8600905537605286, 0.858278751373291, 0.8563563823699951, 0.8546345233917236, 0.8524124622344971, 0.848344624042511, 0.8459914922714233, 0.8462966680526733, 0.8436253666877747, 0.8413023948669434, 0.8377497792243958, 0.8386944532394409, 0.833952009677887, 0.8334900736808777, 0.8317476511001587, 0.8282210230827332, 0.8272863626480103, 0.8243680596351624, 0.8232401013374329, 0.8208884000778198, 0.8160352110862732, 0.8150244951248169, 0.8147561550140381, 0.814275860786438, 0.8099837899208069, 0.8122420907020569, 0.8087478876113892, 0.8052682280540466, 0.8053540587425232, 0.8050640225410461, 0.8024015426635742, 0.8015516996383667, 0.7991159558296204, 0.7947431206703186, 0.7956080436706543, 0.7946416139602661, 0.7907352447509766, 0.7889633178710938, 0.7905011773109436],