{"n_parameters": 122673, "training_time": 590.9395003318787, "loss": [3.271883964538574, 2.6506590843200684, 2.582514762878418, 2.5523855686187744, 2.5290393829345703, 2.513012170791626, 2.493523120880127, 2.4876511096954346, 2.4796206951141357, 2.4755194187164307], "rmse": [1.778075098991394, 1.6071233749389648, 1.587104082107544, 1.5771806240081787, 1.5696227550506592, 1.5639761686325073, 1.5585777759552002, 1.556401014328003, 1.5534005165100098, 1.552262544631958], "val_loss": [2.5081400871276855, 2.4988231658935547, 2.4928393363952637, 2.4941353797912598, 2.49111270904541, 2.4983158111572266, 2.493786573410034, 2.4967610836029053, 2.5017850399017334, 2.505636692047119], "val_rmse": [1.5595498085021973, 1.5565526485443115, 1.5545549392700195, 1.5549004077911377, 1.5539242029190063, 1.5561656951904297, 1.5546265840530396, 1.5555049180984497, 1.5570704936981201, 1.558296799659729]}