{"n_parameters": 166721, "training_time": 570.7514035701752, "loss": [3.0489325523376465, 2.823214292526245, 2.730651378631592, 2.67128849029541, 2.631741523742676, 2.611517906188965, 2.5877184867858887, 2.570554494857788], "rmse": [1.7246696949005127, 1.6602097749710083, 1.6315031051635742, 1.612813949584961, 1.6014668941497803, 1.5952378511428833, 1.587620496749878, 1.5821454524993896], "val_loss": [2.587575912475586, 2.5436654090881348, 2.5191104412078857, 2.527634382247925, 2.533238172531128, 2.547900915145874, 2.5702157020568848, 2.581787586212158], "val_rmse": [1.58437979221344, 1.5705132484436035, 1.5626713037490845, 1.5651705265045166, 1.5669327974319458, 1.5715309381484985, 1.5785616636276245, 1.58220636844635]}