{"n_parameters": 439585, "training_time": 29832.21792268753, "loss": [2.3993728160858154, 2.346609115600586, 2.3019943237304688, 2.2491323947906494, 2.1907858848571777, 2.1192657947540283, 2.0342023372650146, 1.9357385635375977, 1.8431204557418823, 1.7556233406066895, 1.6854242086410522, 1.6315374374389648, 1.5856448411941528, 1.5547245740890503, 1.5244994163513184, 1.4969794750213623, 1.4810585975646973, 1.457889199256897, 1.4363417625427246, 1.4174381494522095, 1.4034751653671265, 1.3878713846206665, 1.3687244653701782, 1.3521344661712646, 1.334481120109558, 1.3153233528137207, 1.2985632419586182, 1.2829352617263794, 1.262708067893982, 1.2458256483078003, 1.229905128479004, 1.2177969217300415, 1.1937652826309204, 1.181457281112671, 1.1698182821273804, 1.1522142887115479, 1.1368411779403687, 1.120382308959961, 1.1051969528198242, 1.0875102281570435, 1.0738483667373657, 1.0611783266067505, 1.042535424232483, 1.026511788368225, 1.0080844163894653, 0.9932308793067932, 0.9809053540229797, 0.9645777940750122, 0.9529551863670349, 0.9347394704818726, 0.9238956570625305, 0.9127131700515747, 0.8970203995704651, 0.8857214450836182, 0.8701960444450378, 0.8654133677482605, 0.8512830138206482, 0.8405407667160034, 0.8333021998405457, 0.8274442553520203, 0.8117451667785645, 0.8107429146766663, 0.7971901297569275, 0.7858101725578308, 0.7769213914871216, 0.776923656463623, 0.7605873346328735, 0.7539002299308777, 0.7475682497024536, 0.7377347350120544, 0.7336114048957825, 0.7200540900230408, 0.7148470878601074, 0.7049890756607056, 0.6984727382659912, 0.6999673843383789, 0.683768093585968, 0.6777913570404053, 0.6702714562416077, 0.6646190285682678, 0.6602752208709717, 0.6445122361183167, 0.6367140412330627, 0.6311038732528687, 0.6276360750198364, 0.6270527839660645, 0.6137641668319702, 0.6074584722518921, 0.6067537069320679, 0.5934286117553711, 0.5912744998931885, 0.5871174931526184, 0.5799289345741272, 0.5758687853813171, 0.5743756890296936, 0.5666787028312683, 0.562552809715271, 0.5533431172370911, 0.5526031851768494, 0.5434216856956482, 0.5466006994247437, 0.5414520502090454, 0.5322397947311401, 0.5299139618873596, 0.5221908688545227, 0.5247142910957336, 0.5170499086380005, 0.5094674825668335, 0.509372889995575, 0.511459231376648, 0.5036674737930298, 0.5028736591339111, 0.4994558095932007, 0.49490582942962646, 0.48916327953338623, 0.4841144382953644, 0.4851542115211487, 0.4806743562221527, 0.4767470955848694, 0.474197655916214, 0.47534477710723877, 0.46910548210144043, 0.46839413046836853, 0.46427634358406067, 0.4607733190059662, 0.46484771370887756, 0.4571826457977295, 0.4556928277015686, 0.45243313908576965, 0.4494771957397461, 0.45024847984313965, 0.4412517845630646, 0.4440447688102722, 0.44207969307899475, 0.4365048408508301, 0.43730247020721436, 0.4333402216434479, 0.4369540810585022, 0.43191009759902954, 0.425283819437027, 0.4307554066181183, 0.42681795358657837, 0.4241437315940857, 0.42172980308532715, 0.4192373752593994, 0.4191209077835083, 0.41395431756973267, 0.4154699742794037, 0.41142067313194275, 0.41015908122062683, 0.4116230309009552, 0.4045463502407074, 0.40442198514938354, 0.4073027968406677, 0.4025513231754303, 0.40304669737815857, 0.3998832404613495, 0.39979392290115356, 0.3940625786781311, 0.39279764890670776, 0.3926102817058563, 0.39370307326316833, 0.38954874873161316, 0.38755813241004944, 0.38680019974708557, 0.38728412985801697, 0.38447558879852295, 0.38194572925567627, 0.38522273302078247, 0.38309186697006226, 0.37817227840423584, 0.375949501991272, 0.375110000371933, 0.3765571117401123, 0.37478816509246826, 0.3737419843673706, 0.37004122138023376, 0.36806249618530273, 0.3723370432853699, 0.3647685647010803, 0.366158127784729, 0.36510908603668213, 0.3688889145851135, 0.3648426830768585, 0.3642895519733429, 0.36418646574020386, 0.3638521134853363, 0.36132073402404785, 0.35782650113105774, 0.3592228889465332, 0.3567151725292206, 0.3557990491390228, 0.3547765612602234, 0.35372254252433777, 0.35136091709136963, 0.3538902699947357, 0.3518213927745819, 0.3504796326160431, 0.35426202416419983, 0.34644410014152527, 0.35022616386413574, 0.34956273436546326, 0.34899240732192993, 0.3435156047344208, 0.3468724191188812, 0.347296804189682, 0.3415081202983856, 0.3452582359313965, 0.34178677201271057, 0.3418327867984772, 0.34139230847358704, 0.34174874424934387, 0.3384524881839752, 0.3414762616157532, 0.3388206958770752, 0.3359925448894501, 0.33469417691230774, 0.33656081557273865, 0.3346553444862366, 0.33456936478614807, 0.33188551664352417, 0.330539345741272, 0.3305203318595886, 0.32869407534599304, 0.3256158232688904, 0.3289605379104614, 0.3248329162597656, 0.3264905512332916, 0.32675841450691223, 0.32914111018180847, 0.32170215249061584, 0.32265788316726685, 0.32618528604507446, 0.32106679677963257, 0.3248005211353302, 0.31969526410102844, 0.31693941354751587, 0.3178068995475769, 0.32276198267936707, 0.3194948732852936, 0.3177478611469269, 0.32094961404800415, 0.31264743208885193, 0.3171406686306, 0.3158932626247406],