{"n_parameters": 346161, "training_time": 19773.37845993042, "loss": [3.0761942863464355, 2.4298715591430664, 2.398319959640503, 2.369835615158081, 2.3399219512939453, 2.3079140186309814, 2.2809219360351562, 2.245906352996826, 2.215975522994995, 2.1781716346740723, 2.1374473571777344, 2.099285840988159, 2.0505080223083496, 2.002289056777954, 1.9517508745193481, 1.9010159969329834, 1.8403124809265137, 1.7858965396881104, 1.7291487455368042, 1.681294560432434, 1.6271684169769287, 1.5755239725112915, 1.531115174293518, 1.4868485927581787, 1.4506077766418457, 1.408590316772461, 1.384695291519165, 1.3539083003997803, 1.3251476287841797, 1.3043389320373535, 1.2867746353149414, 1.2691473960876465, 1.2544764280319214, 1.2430611848831177, 1.229231357574463, 1.2227996587753296, 1.2131125926971436, 1.2017920017242432, 1.1938906908035278, 1.1847065687179565, 1.1753528118133545, 1.1729458570480347, 1.1613651514053345, 1.1562929153442383, 1.1525958776474, 1.1409374475479126, 1.1408880949020386, 1.1298527717590332, 1.127424716949463, 1.1197417974472046, 1.1147332191467285, 1.1126708984375, 1.107609748840332, 1.1024960279464722, 1.0908513069152832, 1.0877604484558105, 1.084120273590088, 1.0785146951675415, 1.0787460803985596, 1.0686523914337158, 1.067643165588379, 1.0582973957061768, 1.0571730136871338, 1.0503653287887573, 1.0477744340896606, 1.0434602499008179, 1.0361592769622803, 1.0308434963226318, 1.0274245738983154, 1.022735357284546, 1.019536018371582, 1.0098837614059448, 1.0059398412704468, 1.0069016218185425, 0.9989292025566101, 0.9943295121192932, 0.992081344127655, 0.9854457378387451, 0.9821609854698181, 0.9752769470214844, 0.9717593193054199, 0.9697139859199524, 0.9640346765518188, 0.9600298404693604, 0.9572555422782898, 0.9546076059341431, 0.9435174465179443, 0.9410658478736877, 0.9376299977302551, 0.9356948137283325, 0.9282679557800293, 0.9231271743774414, 0.9203878045082092, 0.9115573763847351, 0.9107494354248047, 0.903150737285614, 0.9029731154441833, 0.8962013125419617, 0.8935619592666626, 0.8876169919967651, 0.8869888186454773, 0.8791947960853577, 0.8765973448753357, 0.8731557726860046, 0.8637986779212952, 0.858665943145752, 0.8560702800750732, 0.8526215553283691, 0.8455608487129211, 0.8452391028404236, 0.8391070365905762, 0.831313967704773, 0.8288571834564209, 0.8225640654563904, 0.8194699287414551, 0.8150416016578674, 0.8096965551376343, 0.805279016494751, 0.8032804727554321, 0.7964362502098083, 0.7925248146057129, 0.7869046926498413, 0.779923141002655, 0.7771985530853271, 0.7710300087928772, 0.7682950496673584, 0.7630542516708374, 0.75733482837677, 0.7499933242797852, 0.7501627206802368, 0.7408737540245056, 0.7380619049072266, 0.7343317270278931, 0.7283712029457092, 0.7231560945510864, 0.7177330851554871, 0.7153230309486389, 0.7083084583282471, 0.7077029347419739, 0.7038193941116333, 0.6967124938964844, 0.692698061466217, 0.6886805891990662, 0.6808496117591858, 0.6787764430046082, 0.6767839193344116, 0.6703150868415833, 0.6667494177818298, 0.662498414516449, 0.6579087972640991, 0.6498960256576538, 0.6491582989692688, 0.6440911889076233, 0.6413285136222839, 0.6380040645599365, 0.6328442096710205, 0.6292511224746704, 0.6209970116615295, 0.6149395108222961, 0.6134399175643921, 0.6096876263618469, 0.6046724319458008, 0.6010087132453918, 0.6003544926643372, 0.5926012992858887, 0.5870993137359619, 0.5856406688690186, 0.5822123289108276, 0.5769210457801819, 0.5773493051528931, 0.5724608898162842, 0.5711653828620911, 0.5613842010498047, 0.559179425239563, 0.5522558093070984, 0.5518142580986023, 0.5456500053405762, 0.5451663136482239, 0.5434381365776062, 0.5390722751617432, 0.5348723530769348, 0.5319540500640869, 0.5296234488487244, 0.5221801996231079, 0.521244466304779, 0.519768238067627, 0.5145881175994873, 0.5118510127067566, 0.5122062563896179, 0.5090133547782898, 0.5055316090583801, 0.5032684206962585, 0.5048913359642029, 0.500355064868927, 0.4977492690086365, 0.49209532141685486, 0.495754212141037, 0.4925364553928375, 0.487837553024292, 0.4870150089263916, 0.48401933908462524, 0.48109081387519836, 0.47635042667388916, 0.47526249289512634],