{"n_parameters": 355073, "training_time": 23031.311984539032, "loss": [2.561018466949463, 2.4471077919006348, 2.399179697036743, 2.3633079528808594, 2.3115127086639404, 2.242541790008545, 2.1669750213623047, 2.083237886428833, 1.9976130723953247, 1.919593095779419, 1.8638237714767456, 1.8250027894973755, 1.7859091758728027, 1.7637842893600464, 1.725530982017517, 1.7139986753463745, 1.7044764757156372, 1.678162932395935, 1.664994716644287, 1.651039958000183, 1.6333380937576294, 1.622992753982544, 1.6093435287475586, 1.603721261024475, 1.5856776237487793, 1.5686700344085693, 1.5655629634857178, 1.5561473369598389, 1.5389211177825928, 1.5310308933258057, 1.520280361175537, 1.5136926174163818, 1.5068563222885132, 1.4959605932235718, 1.4838600158691406, 1.4841828346252441, 1.4772030115127563, 1.466717004776001, 1.4525021314620972, 1.4390515089035034, 1.4261634349822998, 1.420474648475647, 1.4093780517578125, 1.3991577625274658, 1.3800965547561646, 1.37530517578125, 1.3613076210021973, 1.349129319190979, 1.3419092893600464, 1.3295270204544067, 1.3202168941497803, 1.302481770515442, 1.3034921884536743, 1.290720820426941, 1.2742586135864258, 1.265710711479187, 1.2511521577835083, 1.2369716167449951, 1.2214559316635132, 1.2183880805969238, 1.2082363367080688, 1.1856660842895508, 1.1811481714248657, 1.1700910329818726, 1.1647498607635498, 1.1561009883880615, 1.1369889974594116, 1.1302677392959595, 1.1136548519134521, 1.1084659099578857, 1.1046136617660522, 1.0944461822509766, 1.088942289352417, 1.0814322233200073, 1.071150779724121, 1.0639827251434326, 1.0618476867675781, 1.0521857738494873, 1.0372523069381714, 1.0344783067703247, 1.0240535736083984, 1.0187263488769531, 1.0175070762634277, 1.0070135593414307, 1.0050257444381714, 0.9978703260421753, 0.9935958981513977, 0.9861173629760742, 0.9785329103469849, 0.9696121215820312, 0.9640759229660034, 0.9572790265083313, 0.9509179592132568, 0.939301609992981, 0.9352372288703918, 0.9411333799362183, 0.9216099381446838, 0.9264777898788452, 0.9157291650772095, 0.9086734056472778, 0.9128696918487549, 0.9000898003578186, 0.8881067037582397, 0.8866663575172424, 0.8802155256271362, 0.8734241127967834, 0.8736056089401245, 0.8669785857200623, 0.8618097305297852, 0.8538503050804138, 0.8471826910972595, 0.8448670506477356, 0.8331023454666138, 0.8294990062713623, 0.8307041525840759, 0.8154799938201904, 0.8184909224510193, 0.8116247057914734, 0.8027878999710083, 0.8031825423240662, 0.7915955185890198, 0.7933053374290466, 0.7785349488258362, 0.7799823880195618, 0.7796357274055481, 0.7715034484863281, 0.7717406153678894, 0.7659357786178589, 0.7585781216621399, 0.7507936358451843, 0.7389968037605286, 0.7384628057479858, 0.7412691712379456, 0.7334074378013611, 0.7223933339118958, 0.7286356091499329, 0.7202997207641602, 0.7152847647666931, 0.7112960815429688, 0.7083558440208435, 0.7047780156135559, 0.69727623462677, 0.6941487789154053, 0.6949067115783691, 0.6920294761657715, 0.6850212216377258, 0.6795682907104492, 0.6766783595085144, 0.6760910749435425, 0.6724148392677307, 0.6716426014900208, 0.6612818241119385, 0.6633023619651794, 0.656042218208313, 0.6598877906799316, 0.646935760974884, 0.6490063667297363, 0.6454781889915466, 0.6446050405502319, 0.642292320728302, 0.6350209712982178, 0.6333325505256653, 0.6383169889450073, 0.6280073523521423, 0.6254943609237671, 0.6226488351821899, 0.6171894669532776, 0.6195352673530579, 0.6170229315757751, 0.6120197176933289, 0.6119074821472168, 0.6003149747848511, 0.6060044169425964, 0.6048328280448914, 0.601889967918396, 0.5965368151664734, 0.594127893447876, 0.5951274037361145, 0.5926531553268433, 0.5871492028236389, 0.5847647786140442, 0.5908823013305664, 0.5799317359924316, 0.5756716132164001, 0.5856837630271912, 0.5753462910652161, 0.5655398368835449, 0.5716566443443298, 0.5745974779129028, 0.5700699090957642, 0.5648784041404724, 0.5612745881080627, 0.565768301486969, 0.5606155395507812, 0.5556362867355347, 0.5592412948608398, 0.5567126870155334, 0.5557042956352234, 0.5516682267189026, 0.5481313467025757, 0.5451782941818237, 0.5469697713851929, 0.5448397397994995, 0.5416396260261536, 0.5413936376571655, 0.5362350940704346, 0.5403129458427429, 0.5336593985557556, 0.5340545177459717, 0.5392777323722839, 0.5334100127220154, 0.5318264365196228, 0.5292169451713562],