{"n_parameters": 471441, "training_time": 22825.593403339386, "loss": [2.6238229274749756, 2.5508873462677, 2.484145164489746, 2.4080100059509277, 2.308414936065674, 2.169477939605713, 2.039288282394409, 1.9431136846542358, 1.8646714687347412, 1.8029143810272217, 1.7707237005233765, 1.732118844985962, 1.697561502456665, 1.6671346426010132, 1.6417049169540405, 1.616894245147705, 1.5966522693634033, 1.574138879776001, 1.5544862747192383, 1.5248438119888306, 1.5158532857894897, 1.4917538166046143, 1.4760228395462036, 1.4586145877838135, 1.4346054792404175, 1.4237676858901978, 1.4124643802642822, 1.3862926959991455, 1.3718492984771729, 1.3610239028930664, 1.3369966745376587, 1.3228371143341064, 1.3016239404678345, 1.2801305055618286, 1.2673977613449097, 1.2500536441802979, 1.2316300868988037, 1.2167038917541504, 1.2044445276260376, 1.181841254234314, 1.1728250980377197, 1.1527496576309204, 1.1340785026550293, 1.1275538206100464, 1.110697627067566, 1.0863330364227295, 1.0738645792007446, 1.0625555515289307, 1.042052149772644, 1.0306589603424072, 1.0128040313720703, 0.9994345307350159, 0.9852392077445984, 0.9677050113677979, 0.9514248371124268, 0.9415452480316162, 0.9251919388771057, 0.9103901386260986, 0.8921777606010437, 0.8765900731086731, 0.8629661202430725, 0.8537560105323792, 0.840458869934082, 0.8254029750823975, 0.816155731678009, 0.8005101680755615, 0.7858503460884094, 0.7725191116333008, 0.7578316330909729, 0.7459096908569336, 0.7357528805732727, 0.7217080593109131, 0.7148501873016357, 0.7044517397880554, 0.6891530752182007, 0.6825480461120605, 0.6724498271942139, 0.6607942581176758, 0.6510679125785828, 0.6401547193527222, 0.6332103610038757, 0.6235058307647705, 0.6178978681564331, 0.6073991656303406, 0.5986323356628418, 0.5873695015907288, 0.5841193199157715, 0.5763862729072571, 0.5720857977867126, 0.5619118213653564, 0.5527916550636292, 0.5475927591323853, 0.5384792685508728, 0.5374469757080078, 0.5280372500419617, 0.5194771885871887, 0.5166856050491333, 0.5127792358398438, 0.50267094373703, 0.5019804239273071, 0.49606195092201233, 0.4919072687625885, 0.4866268038749695, 0.47898343205451965, 0.47764232754707336, 0.4762468934059143, 0.4664290249347687, 0.46233847737312317, 0.460716187953949, 0.4544628858566284, 0.4536683261394501, 0.44517776370048523, 0.440859317779541, 0.4436805546283722, 0.4358213543891907, 0.4335647225379944, 0.42953529953956604, 0.4252367317676544, 0.4218375086784363, 0.4219829738140106, 0.41694581508636475, 0.4167213439941406, 0.4142782390117645, 0.407525897026062, 0.4056724011898041, 0.4032607674598694, 0.39749279618263245, 0.39657580852508545, 0.39333662390708923, 0.39184361696243286, 0.3912823498249054, 0.38672786951065063, 0.38319554924964905, 0.3813275694847107, 0.37905505299568176, 0.3781674802303314, 0.3749840557575226, 0.37144264578819275, 0.366672545671463, 0.3690139055252075, 0.3667033612728119, 0.3643544614315033, 0.361333966255188, 0.3589743375778198, 0.3581727147102356, 0.35418781638145447, 0.3531419336795807, 0.3517185151576996, 0.3517504334449768, 0.35012248158454895, 0.3479538857936859, 0.34670838713645935, 0.3457595109939575, 0.34203585982322693, 0.3409258723258972], "rmse": [1.5995756387710571, 1.5765085220336914, 1.55671226978302, 1.5311219692230225, 1.4990756511688232, 1.4526976346969604, 1.4086977243423462, 1.3736165761947632, 1.3476022481918335, 1.3237156867980957, 1.3130587339401245, 1.2982362508773804, 1.2860485315322876, 1.274147629737854, 1.2643520832061768, 1.2549372911453247, 1.2465863227844238, 1.2379827499389648, 1.230966567993164, 1.2189313173294067, 1.2148038148880005, 1.2061867713928223, 1.1995527744293213, 1.1915603876113892, 1.183030128479004, 1.1781193017959595, 1.1734598875045776, 1.1625287532806396, 1.156315803527832, 1.1513426303863525, 1.1407798528671265, 1.1353626251220703, 1.125454306602478, 1.116723656654358, 1.1108165979385376, 1.103593349456787, 1.095250129699707, 1.0883755683898926, 1.0816833972930908, 1.0726873874664307, 1.0680192708969116, 1.0591599941253662, 1.0509051084518433, 1.0475952625274658, 1.0390739440917969, 1.027348518371582, 1.0216420888900757, 1.015233039855957, 1.006636619567871, 1.0005697011947632, 0.9920704960823059, 0.9852055311203003, 0.9774195551872253, 0.9692266583442688, 0.9607649445533752, 0.9566017389297485, 0.9477992653846741, 0.9399878978729248, 0.9304155111312866, 0.9222933650016785, 0.9149820804595947, 0.9092797040939331, 0.9024348855018616, 0.8942878842353821, 0.8893534541130066, 0.880774199962616, 0.8725849390029907, 0.8653005957603455, 0.8566473126411438, 0.8502174615859985, 0.8440991640090942, 0.8362041115760803, 0.8323491811752319, 0.8259698152542114, 0.8170078992843628, 0.812427818775177, 0.8069895505905151, 0.799692690372467, 0.7944855690002441, 0.7883195281028748, 0.783585786819458, 0.7772843241691589, 0.7734737992286682, 0.7678019404411316, 0.7613357305526733, 0.7545111179351807, 0.752779483795166, 0.7482122778892517, 0.744512677192688, 0.7375276684761047, 0.7321516275405884, 0.7283629179000854, 0.723408043384552, 0.7219616770744324, 0.715772271156311, 0.709912896156311, 0.7084197998046875, 0.705134391784668, 0.6985732913017273, 0.697569727897644, 0.6934236884117126, 0.6909449696540833, 0.6866620779037476, 0.6819179058074951, 0.6805195212364197, 0.6796175241470337, 0.6726710796356201, 0.670099675655365, 0.6688728332519531, 0.6643120646476746, 0.6633860468864441, 0.6569917798042297, 0.6542836427688599, 0.6563718318939209, 0.6506882309913635, 0.6482131481170654, 0.6459458470344543, 0.6429587006568909, 0.6399745345115662, 0.6400461196899414, 0.6364933252334595, 0.6360518932342529, 0.6343131065368652, 0.6284756660461426, 0.6276960372924805, 0.6253744959831238, 0.6211939454078674, 0.6205650568008423, 0.6181774735450745, 0.6169485449790955, 0.6161771416664124, 0.6124423742294312, 0.6099427342414856, 0.6082714200019836, 0.6062805652618408, 0.6058028340339661, 0.6032973527908325, 0.6009447574615479, 0.5969813466072083, 0.5982663035392761, 0.596717119216919, 0.594672441482544, 0.5924880504608154, 0.5902014374732971, 0.5902100205421448, 0.5865167379379272, 0.5850894451141357, 0.584199845790863, 0.5845944285392761, 0.5833234786987305, 0.5812572836875916, 0.5801560282707214, 0.5795277953147888, 0.576266348361969, 0.5752374529838562],