{"n_parameters": 440881, "training_time": 20641.282769680023, "loss": [3.536396026611328, 2.4611361026763916, 2.382718324661255, 2.298844814300537, 2.1900367736816406, 2.0640010833740234, 1.928706169128418, 1.7889330387115479, 1.699672818183899, 1.633894681930542, 1.5900906324386597, 1.553100347518921, 1.5131443738937378, 1.4879454374313354, 1.4581053256988525, 1.435907006263733, 1.4139282703399658, 1.3867939710617065, 1.3673386573791504, 1.3545196056365967, 1.3372478485107422, 1.3230353593826294, 1.2931914329528809, 1.2922980785369873, 1.2741183042526245, 1.2554633617401123, 1.239849328994751, 1.2310889959335327, 1.216196894645691, 1.20196533203125, 1.1805013418197632, 1.1720807552337646, 1.1567256450653076, 1.1458027362823486, 1.131496548652649, 1.1122537851333618, 1.095515251159668, 1.0851727724075317, 1.0663129091262817, 1.0527753829956055, 1.0367622375488281, 1.0196081399917603, 1.0063337087631226, 0.9906871914863586, 0.9746090173721313, 0.9593670964241028, 0.9399569630622864, 0.9264770150184631, 0.9104971289634705, 0.897564172744751, 0.8849145174026489, 0.8712777495384216, 0.8529708981513977, 0.8415944576263428, 0.8295558094978333, 0.817752480506897, 0.8044098019599915, 0.795193612575531, 0.7844125628471375, 0.7655636072158813, 0.7562195658683777, 0.7457709908485413, 0.7415463328361511, 0.7266969680786133, 0.7168869972229004, 0.7070603370666504, 0.6991010904312134, 0.6923783421516418, 0.6810333132743835, 0.6730396747589111, 0.665865957736969, 0.6559247374534607, 0.6456514000892639, 0.6419023275375366, 0.6289923191070557, 0.6250333786010742, 0.6140536069869995, 0.6098536849021912, 0.6020201444625854, 0.5952842235565186, 0.5875983834266663, 0.5790092945098877, 0.5723505616188049, 0.5657144784927368, 0.5604398250579834, 0.5538601875305176, 0.548016369342804, 0.5383797883987427, 0.5347950458526611, 0.5305641889572144, 0.522014856338501, 0.5178457498550415, 0.511579692363739, 0.5038589239120483, 0.49885067343711853, 0.4967285692691803, 0.4889439046382904, 0.48167017102241516, 0.47786325216293335, 0.47342580556869507, 0.46783798933029175, 0.46267279982566833, 0.4628966748714447, 0.45492374897003174, 0.45316070318222046, 0.4476909339427948, 0.4428211748600006, 0.43646031618118286, 0.43417179584503174, 0.4305066466331482, 0.4229965806007385, 0.4218100309371948, 0.4187956154346466, 0.4151510000228882, 0.40853965282440186, 0.4062328636646271, 0.40394511818885803, 0.39800870418548584, 0.3977443277835846, 0.392068088054657, 0.38905829191207886, 0.38655921816825867, 0.3844318389892578, 0.38001951575279236, 0.376279354095459, 0.374419242143631, 0.3736811578273773, 0.3700907230377197, 0.36687982082366943, 0.361459881067276, 0.3601536750793457, 0.36021825671195984, 0.35491836071014404, 0.3545118272304535, 0.3495533764362335, 0.34860071539878845, 0.3465059697628021, 0.34407225251197815, 0.34107911586761475, 0.33574721217155457, 0.3390178978443146, 0.33315256237983704, 0.3316583037376404, 0.32930660247802734, 0.32685378193855286, 0.32542064785957336, 0.3229478895664215, 0.3227340579032898, 0.32149121165275574, 0.31729891896247864, 0.31513121724128723, 0.3134000897407532, 0.3125477135181427, 0.3103036880493164, 0.30963802337646484, 0.30757519602775574, 0.3054284155368805, 0.30370602011680603, 0.3015514314174652, 0.29965201020240784, 0.29912281036376953, 0.2970614731311798, 0.2948780357837677, 0.29589250683784485, 0.29292765259742737, 0.29394468665122986, 0.29224419593811035, 0.2895990312099457, 0.2886677384376526, 0.2860262989997864, 0.28312721848487854, 0.2870207130908966, 0.2814074754714966, 0.2830664813518524, 0.278265118598938, 0.2791368365287781], "rmse": [1.7932459115982056, 1.548305869102478, 1.5237250328063965, 1.4950519800186157, 1.459100604057312, 1.4150006771087646, 1.3668062686920166, 1.3180992603302002, 1.2835601568222046, 1.25979483127594, 1.2427462339401245, 1.2286845445632935, 1.2128829956054688, 1.203287124633789, 1.1912145614624023, 1.1815862655639648, 1.1727039813995361, 1.1621841192245483, 1.153680443763733, 1.148170828819275, 1.1408380270004272, 1.134816288948059, 1.1217762231826782, 1.1210795640945435, 1.1129000186920166, 1.1052556037902832, 1.0983140468597412, 1.0942680835723877, 1.0873537063598633, 1.080409288406372, 1.0713480710983276, 1.0676971673965454, 1.0610471963882446, 1.0546998977661133, 1.0495154857635498, 1.0398874282836914, 1.0314844846725464, 1.0265555381774902, 1.0177913904190063, 1.0106792449951172, 1.0031094551086426, 0.9943068623542786, 0.9890869855880737, 0.9796702861785889, 0.9717951416969299, 0.9644867181777954, 0.954691469669342, 0.9481622576713562, 0.9390331506729126, 0.9324249029159546, 0.9257494807243347, 0.9185875058174133, 0.9088124632835388, 0.9027177691459656, 0.8955119848251343, 0.8894866704940796, 0.8823822140693665, 0.8771749138832092, 0.871113657951355, 0.8606656789779663, 0.8553954362869263, 0.8490632772445679, 0.8466610908508301, 0.8379759192466736, 0.832516610622406, 0.8272688388824463, 0.8216835856437683, 0.8178601264953613, 0.8110002279281616, 0.8068845868110657, 0.8020903468132019, 0.7961874604225159, 0.7902684211730957, 0.7876229882240295, 0.7799681425094604, 0.777312695980072, 0.7705981135368347, 0.7676367163658142, 0.7632721066474915, 0.7584335207939148, 0.7537951469421387, 0.7488122582435608, 0.7436345815658569, 0.7397163510322571, 0.7359715104103088, 0.7316353917121887, 0.7277602553367615, 0.722163200378418, 0.7191879153251648, 0.7162760496139526, 0.7110016942024231, 0.7078719139099121, 0.7030705809593201, 0.6981176137924194, 0.694532573223114, 0.6937763690948486, 0.6873587369918823, 0.6824994683265686, 0.6800177693367004, 0.6767371296882629, 0.6732062697410583, 0.6693586111068726, 0.6696425080299377, 0.66387939453125, 0.6622307300567627, 0.6582168340682983, 0.655167818069458, 0.6499322056770325, 0.6484572887420654, 0.6452848315238953, 0.6399799585342407, 0.6397227048873901, 0.6372185945510864, 0.6339381337165833, 0.6290348768234253, 0.6273383498191833, 0.6253255009651184, 0.6211425065994263, 0.6211583018302917, 0.6165609359741211, 0.6140037178993225, 0.612181544303894, 0.6106027960777283, 0.6071557402610779, 0.6038634181022644, 0.6020627021789551, 0.6015684604644775, 0.5991866588592529, 0.5960944294929504, 0.5923856496810913, 0.5905735492706299, 0.5907670259475708, 0.5867992043495178, 0.5858607292175293, 0.5820241570472717, 0.5814871788024902, 0.5794522762298584, 0.5776479840278625, 0.5746094584465027, 0.5703813433647156, 0.5731490850448608, 0.5683224201202393, 0.5673309564590454, 0.5643810629844666, 0.563134491443634, 0.5619053244590759, 0.5597814321517944, 0.5589408278465271, 0.5578858852386475, 0.5547059178352356, 0.552738606929779, 0.5511462092399597, 0.5500606894493103, 0.5483188629150391, 0.547682523727417, 0.5457645058631897, 0.5440204739570618, 0.5424149036407471, 0.540675938129425, 0.538798451423645, 0.5382985472679138, 0.5368374586105347, 0.5344952940940857, 0.5354188680648804, 0.5328993201255798, 0.5335397124290466, 0.5320776700973511, 0.5294687747955322, 0.5290777087211609, 0.526711106300354, 0.5237700939178467, 0.5272248983383179, 0.5224016308784485, 0.5240598320960999, 0.5194922685623169, 0.5197516679763794],