{"n_parameters": 263121, "training_time": 16072.696479797363, "loss": [2.663761615753174, 2.5145277976989746, 2.44189190864563, 2.3743388652801514, 2.3136909008026123, 2.2300446033477783, 2.1435282230377197, 2.053480625152588, 1.9622008800506592, 1.8934472799301147, 1.8363983631134033, 1.7929269075393677, 1.7606878280639648, 1.731238842010498, 1.7129790782928467, 1.6917011737823486, 1.6704628467559814, 1.6596729755401611, 1.6528756618499756, 1.6359785795211792, 1.6247471570968628, 1.6118932962417603, 1.6044692993164062, 1.603301763534546, 1.5875377655029297, 1.5766814947128296, 1.5695699453353882, 1.5584748983383179, 1.553774356842041, 1.543243646621704, 1.5386765003204346, 1.5279425382614136, 1.5174217224121094, 1.5058999061584473, 1.5075925588607788, 1.49680757522583, 1.49009370803833, 1.4769054651260376, 1.4692922830581665, 1.4598538875579834, 1.4514750242233276, 1.4433436393737793, 1.440778374671936, 1.4386687278747559, 1.4170408248901367, 1.4085592031478882, 1.404058575630188, 1.3946399688720703, 1.3899060487747192, 1.3846895694732666, 1.3802415132522583, 1.3626586198806763, 1.356675624847412, 1.3442686796188354, 1.3403173685073853, 1.3313024044036865, 1.3189412355422974, 1.3116161823272705, 1.2977101802825928, 1.2948687076568604, 1.2913330793380737, 1.280981421470642, 1.2769194841384888, 1.2617374658584595, 1.2584916353225708, 1.2472846508026123, 1.2417999505996704, 1.2340854406356812, 1.228634238243103, 1.2144343852996826, 1.210984230041504, 1.2014472484588623, 1.1907638311386108, 1.1875001192092896, 1.183354139328003, 1.179810643196106, 1.1695858240127563, 1.1587553024291992, 1.1583459377288818, 1.1411762237548828, 1.1299750804901123, 1.1251164674758911, 1.1180462837219238, 1.1092406511306763, 1.109673023223877, 1.101892352104187, 1.0931181907653809, 1.0862349271774292, 1.0781829357147217, 1.0719146728515625, 1.0680134296417236, 1.059688687324524, 1.0511177778244019, 1.048732042312622, 1.0389904975891113, 1.0354173183441162, 1.033270239830017, 1.0233546495437622, 1.022205114364624, 1.0138038396835327, 1.012233018875122, 1.0013456344604492, 1.0005565881729126, 0.9850908517837524, 0.9817534685134888, 0.982914388179779, 0.9739605784416199, 0.9672953486442566, 0.9633725881576538, 0.9542803764343262, 0.9501261711120605, 0.9489081501960754, 0.9397116303443909, 0.9373184442520142, 0.9246781468391418, 0.9284319281578064, 0.917009174823761, 0.9108769297599792, 0.9059047698974609, 0.8982425928115845, 0.8987517952919006, 0.8894003629684448, 0.8884299397468567, 0.8847842216491699, 0.877550482749939, 0.8736453652381897, 0.872999906539917, 0.8623229265213013, 0.860808789730072, 0.8542824387550354, 0.8420860767364502, 0.84757000207901, 0.8399521708488464, 0.831173300743103, 0.8262032866477966, 0.8283149600028992, 0.8214159607887268, 0.8163101077079773, 0.8175344467163086, 0.8038574457168579, 0.8005290627479553, 0.7998040318489075, 0.7927515506744385, 0.7912580966949463, 0.7865367531776428, 0.7795632481575012, 0.7841924428939819, 0.769147515296936, 0.7691360712051392, 0.7666977643966675, 0.7577969431877136, 0.7568220496177673, 0.7528029084205627, 0.7488222718238831, 0.7421767711639404, 0.7421896457672119, 0.7403377294540405, 0.734336793422699, 0.7330913543701172, 0.7242320775985718, 0.7243126630783081, 0.7226038575172424, 0.7150671482086182, 0.7144783139228821, 0.7131264805793762, 0.7100293040275574, 0.7004491090774536, 0.7009925842285156, 0.7010934948921204, 0.6946442127227783, 0.6894018054008484, 0.6896055340766907, 0.6850261092185974, 0.6787983775138855, 0.681880533695221, 0.6764323115348816, 0.6749671101570129, 0.6767909526824951, 0.6693877577781677, 0.6631701588630676, 0.6647472381591797, 0.6587308049201965, 0.6588982939720154, 0.6543614864349365, 0.649376630783081, 0.6480873823165894, 0.6485487222671509, 0.6465386152267456, 0.6432086825370789, 0.6415442228317261, 0.6404339075088501, 0.6350367069244385, 0.6353998780250549, 0.6324198842048645, 0.6309617161750793, 0.6288623213768005, 0.6248475909233093, 0.6207377910614014, 0.6201990246772766, 0.6204596161842346, 0.6204338669776917, 0.6116358637809753, 0.6148068308830261, 0.6099575161933899],