{"n_parameters": 379633, "training_time": 23668.63266301155, "loss": [2.6216249465942383, 2.444145441055298, 2.4202184677124023, 2.394594669342041, 2.3655524253845215, 2.3361172676086426, 2.2935402393341064, 2.2541868686676025, 2.1991002559661865, 2.1364660263061523, 2.057084560394287, 1.9934624433517456, 1.9283753633499146, 1.874901294708252, 1.8307607173919678, 1.7828975915908813, 1.7549948692321777, 1.729717493057251, 1.7082198858261108, 1.6897894144058228, 1.6722354888916016, 1.6563180685043335, 1.643216848373413, 1.6245235204696655, 1.6123474836349487, 1.6042271852493286, 1.5931288003921509, 1.5757204294204712, 1.5671796798706055, 1.547745704650879, 1.5480494499206543, 1.5397130250930786, 1.534836769104004, 1.5135068893432617, 1.5066108703613281, 1.4977656602859497, 1.4929231405258179, 1.4842206239700317, 1.4705381393432617, 1.461588978767395, 1.4536293745040894, 1.4463988542556763, 1.4376870393753052, 1.4322123527526855, 1.4241267442703247, 1.4137409925460815, 1.4013357162475586, 1.400925874710083, 1.3840218782424927, 1.3822126388549805, 1.373119592666626, 1.3631184101104736, 1.3585447072982788, 1.346183180809021, 1.333029866218567, 1.3280625343322754, 1.3162646293640137, 1.3099819421768188, 1.299056887626648, 1.2955023050308228, 1.2847931385040283, 1.273720145225525, 1.2588789463043213, 1.2522859573364258, 1.246334433555603, 1.2346045970916748, 1.2191588878631592, 1.2140650749206543, 1.2098991870880127, 1.2002222537994385, 1.1835658550262451, 1.1730865240097046, 1.1600724458694458, 1.1534963846206665, 1.1397072076797485, 1.1320267915725708, 1.1222882270812988, 1.1165788173675537, 1.1057652235031128, 1.0907623767852783, 1.0757477283477783, 1.0688557624816895, 1.0665594339370728, 1.0515820980072021, 1.0375856161117554, 1.026739239692688, 1.0205790996551514, 1.018320083618164, 0.9943854808807373, 0.9936758279800415, 0.9834252595901489, 0.9738593697547913, 0.9668311476707458, 0.9560543894767761, 0.9445289969444275, 0.9418333768844604, 0.9277908802032471, 0.922749936580658, 0.9141643047332764, 0.9107144474983215, 0.8984953165054321, 0.8907541632652283, 0.8875792622566223, 0.8834051489830017, 0.8738240003585815, 0.8706066012382507, 0.8616756200790405, 0.85349041223526, 0.8523699045181274, 0.8455072641372681, 0.8360545039176941, 0.8338183164596558, 0.8267488479614258, 0.8251872658729553, 0.8144489526748657, 0.8109942078590393, 0.8034456968307495, 0.8000249862670898, 0.7984346747398376, 0.7895951867103577, 0.7846320271492004, 0.7807344198226929, 0.7711333632469177, 0.7639478445053101, 0.7607982158660889, 0.758227527141571, 0.7524341344833374, 0.7450160980224609, 0.744227945804596, 0.7374337315559387, 0.7343233227729797, 0.7294293642044067, 0.7235386967658997, 0.7159378528594971, 0.7139233350753784, 0.7087679505348206, 0.702876091003418, 0.6939465403556824, 0.6979581117630005, 0.6866082549095154, 0.6819085478782654, 0.6799415349960327, 0.6751688718795776, 0.6672267913818359, 0.6655181050300598, 0.6603565812110901, 0.6574176549911499, 0.6519076228141785, 0.6491100788116455, 0.6438807249069214, 0.6378241181373596, 0.6356260180473328, 0.628625750541687, 0.627617359161377, 0.6193885207176208, 0.612576961517334, 0.6092997193336487, 0.6073282957077026, 0.5989131927490234, 0.5942030549049377, 0.591803252696991, 0.5872894525527954, 0.5833534002304077, 0.575908899307251, 0.5727375149726868, 0.570824921131134, 0.5683692693710327, 0.5630202889442444, 0.5579564571380615, 0.5512793064117432, 0.5504114031791687, 0.544778048992157, 0.5426461100578308, 0.5346082448959351, 0.5321260094642639, 0.5296580195426941, 0.5310531258583069, 0.5258808732032776, 0.5193143486976624, 0.5140417218208313, 0.5125799179077148, 0.5072358846664429, 0.5036396980285645, 0.49779489636421204, 0.4974921643733978, 0.49303320050239563, 0.49297404289245605, 0.48461711406707764, 0.48394644260406494, 0.4793705642223358, 0.4772700071334839, 0.4735751152038574, 0.47169455885887146, 0.46772247552871704, 0.4669269025325775, 0.46330058574676514, 0.4609096646308899, 0.45542511343955994, 0.4560338854789734, 0.4520714581012726, 0.44738054275512695, 0.44553250074386597, 0.4432919919490814, 0.4361099302768707, 0.43843385577201843, 0.4334704875946045, 0.43114686012268066, 0.42947816848754883, 0.4260607361793518, 0.4239565432071686, 0.4232873022556305, 0.41958823800086975, 0.41645848751068115, 0.41296130418777466, 0.41069480776786804, 0.4106718599796295, 0.40949365496635437, 0.409917950630188, 0.4063686430454254],