{"n_parameters": 480513, "training_time": 24071.307990312576, "loss": [2.8644282817840576, 2.636033773422241, 2.548149824142456, 2.512852668762207, 2.490267515182495, 2.4767227172851562, 2.4628427028656006, 2.452923536300659, 2.444014072418213, 2.4368298053741455, 2.4291913509368896, 2.4260504245758057, 2.4217183589935303, 2.4127368927001953, 2.4112770557403564, 2.4070632457733154, 2.401555299758911, 2.3932249546051025, 2.3915135860443115, 2.388875961303711, 2.377725839614868, 2.369565725326538, 2.359668254852295, 2.3469059467315674, 2.330383777618408, 2.313605546951294, 2.2861404418945312, 2.2700164318084717, 2.2535600662231445, 2.225961923599243, 2.1994621753692627, 2.1755571365356445, 2.145498275756836, 2.132122278213501, 2.1039257049560547, 2.0836546421051025, 2.0777266025543213, 2.053474187850952, 2.038694143295288, 2.021449565887451, 2.0042426586151123, 1.9874801635742188, 1.9729987382888794, 1.958237886428833, 1.9443777799606323, 1.9367811679840088, 1.9301694631576538, 1.9135199785232544, 1.9038453102111816, 1.8888498544692993, 1.8823660612106323, 1.8721668720245361, 1.8671839237213135, 1.8587392568588257, 1.8425947427749634, 1.8306374549865723, 1.8265820741653442, 1.8154864311218262, 1.8101707696914673, 1.8020155429840088, 1.790555715560913, 1.7909088134765625, 1.776928186416626, 1.7706929445266724, 1.7655822038650513, 1.7576619386672974, 1.7494322061538696, 1.7405328750610352, 1.7357568740844727, 1.7314698696136475, 1.717408299446106, 1.7246263027191162, 1.709145188331604, 1.7032004594802856, 1.7042568922042847, 1.694709062576294, 1.6806468963623047, 1.6745076179504395, 1.672835111618042, 1.6705799102783203, 1.6687712669372559, 1.652414321899414, 1.6495250463485718, 1.6365559101104736, 1.6477833986282349, 1.6294454336166382, 1.6232670545578003, 1.6210917234420776, 1.6209852695465088, 1.6087205410003662, 1.6018210649490356, 1.600411057472229, 1.5959320068359375, 1.5846877098083496, 1.5884946584701538, 1.570663332939148, 1.5584455728530884, 1.5692660808563232, 1.565656304359436, 1.5642772912979126, 1.5534310340881348, 1.5455741882324219, 1.5398145914077759, 1.5340771675109863, 1.5263441801071167, 1.5255011320114136, 1.5227264165878296, 1.509214997291565, 1.5068846940994263, 1.5091066360473633, 1.5010172128677368, 1.4958696365356445, 1.487770676612854, 1.4864181280136108, 1.4800264835357666, 1.4773318767547607, 1.462233304977417, 1.463716745376587, 1.4590373039245605, 1.4536223411560059, 1.447644591331482, 1.434552550315857, 1.4353903532028198, 1.4376423358917236, 1.4156794548034668, 1.4172532558441162, 1.4218531847000122, 1.4159129858016968, 1.406039834022522, 1.4057413339614868, 1.397867202758789, 1.3898093700408936, 1.3936525583267212, 1.3800359964370728, 1.3779538869857788, 1.371421456336975, 1.3583813905715942, 1.3544118404388428, 1.353523850440979, 1.343197226524353, 1.345141053199768, 1.3345773220062256, 1.3265883922576904, 1.322015643119812, 1.3146662712097168, 1.304543375968933, 1.3013330698013306, 1.296107530593872, 1.2896193265914917, 1.279911756515503, 1.2819712162017822, 1.2847754955291748, 1.2617357969284058, 1.2572137117385864, 1.2521963119506836, 1.2475405931472778, 1.2466185092926025, 1.233564019203186, 1.2260730266571045, 1.216737151145935, 1.2153635025024414, 1.2063277959823608, 1.1998505592346191, 1.1907854080200195, 1.1921199560165405, 1.1844655275344849, 1.1765308380126953, 1.1704967021942139, 1.166804313659668, 1.166834831237793, 1.1582539081573486, 1.1530590057373047, 1.1453266143798828, 1.1387680768966675, 1.1311405897140503, 1.1279529333114624, 1.1253138780593872, 1.1130703687667847, 1.115932583808899, 1.1108380556106567], "rmse": [1.6731266975402832, 1.6035561561584473, 1.576435923576355, 1.5655690431594849, 1.5580693483352661, 1.5526843070983887, 1.5484110116958618, 1.5452262163162231, 1.5423294305801392, 1.5402264595031738, 1.5382214784622192, 1.5359512567520142, 1.5344624519348145, 1.5333203077316284, 1.5323426723480225, 1.5307190418243408, 1.528856635093689, 1.5265469551086426, 1.5262322425842285, 1.525153636932373, 1.5216412544250488, 1.5176442861557007, 1.516143560409546, 1.5105767250061035, 1.506206750869751, 1.501101016998291, 1.490667462348938, 1.4858019351959229, 1.4798089265823364, 1.470313310623169, 1.462607502937317, 1.4549446105957031, 1.4435086250305176, 1.439375400543213, 1.4297500848770142, 1.422410488128662, 1.421366810798645, 1.4124752283096313, 1.4073113203048706, 1.4016703367233276, 1.395350694656372, 1.3893380165100098, 1.3844964504241943, 1.3794480562210083, 1.3748869895935059, 1.3717904090881348, 1.3695317506790161, 1.3636233806610107, 1.360739827156067, 1.354992151260376, 1.3525723218917847, 1.3487730026245117, 1.3466739654541016, 1.343513011932373, 1.3378087282180786, 1.334408164024353, 1.3324726819992065, 1.3286819458007812, 1.3276153802871704, 1.3227412700653076, 1.318981647491455, 1.3198226690292358, 1.314487099647522, 1.3116624355316162, 1.3100578784942627, 1.3065294027328491, 1.3043036460876465, 1.3004258871078491, 1.2985819578170776, 1.2982122898101807, 1.2918895483016968, 1.2943649291992188, 1.2890417575836182, 1.2868120670318604, 1.2873852252960205, 1.2831658124923706, 1.277809739112854, 1.2761119604110718, 1.276087999343872, 1.2748076915740967, 1.2731653451919556, 1.267528772354126, 1.2663758993148804, 1.2616817951202393, 1.2662984132766724, 1.2592474222183228, 1.256376028060913, 1.2555464506149292, 1.2557331323623657, 1.2514777183532715, 1.2483415603637695, 1.2477551698684692, 1.2463512420654297, 1.2408946752548218, 1.2429540157318115, 1.2363284826278687, 1.2320433855056763, 1.2358795404434204, 1.234330415725708, 1.233468770980835, 1.2298513650894165, 1.2267991304397583, 1.224095344543457, 1.2223432064056396, 1.2197833061218262, 1.2184675931930542, 1.2176746129989624, 1.2114464044570923, 1.2107222080230713, 1.2121261358261108, 1.2085691690444946, 1.2062448263168335, 1.203314185142517, 1.2023714780807495, 1.2004063129425049, 1.1980705261230469, 1.1924265623092651, 1.1933743953704834, 1.1909449100494385, 1.189156413078308, 1.1867133378982544, 1.1817584037780762, 1.1816717386245728, 1.1832637786865234, 1.174339771270752, 1.174269437789917, 1.1766513586044312, 1.173121690750122, 1.1690386533737183, 1.1696326732635498, 1.1664981842041016, 1.1625125408172607, 1.164557933807373, 1.1583738327026367, 1.1576629877090454, 1.1548199653625488, 1.1500838994979858, 1.1476229429244995, 1.1479824781417847, 1.1440104246139526, 1.1437036991119385, 1.1393896341323853, 1.1363821029663086, 1.1337891817092896, 1.1305845975875854, 1.1257497072219849, 1.1247918605804443, 1.122169017791748, 1.1194385290145874, 1.114983320236206, 1.1153647899627686, 1.116942286491394, 1.1074397563934326, 1.1058560609817505, 1.102582335472107, 1.100005030632019, 1.1000522375106812, 1.0948032140731812, 1.0910451412200928, 1.0871593952178955, 1.0855765342712402, 1.0819761753082275, 1.0792272090911865, 1.07465660572052, 1.0750625133514404, 1.0712716579437256, 1.0689696073532104, 1.0646202564239502, 1.063399076461792, 1.0634095668792725, 1.0592350959777832, 1.0561891794204712, 1.05308997631073, 1.0506919622421265, 1.0474509000778198, 1.045304775238037, 1.0437146425247192, 1.0379456281661987, 1.040243148803711, 1.0375391244888306],