{"n_parameters": 277569, "training_time": 22638.408809423447, "loss": [2.8456854820251465, 2.3974697589874268, 2.228066921234131, 2.060844898223877, 1.9115445613861084, 1.8012231588363647, 1.725243091583252, 1.668845534324646, 1.6188920736312866, 1.5748100280761719, 1.5370806455612183, 1.509153127670288, 1.4822802543640137, 1.457726001739502, 1.433247447013855, 1.4106606245040894, 1.386260986328125, 1.3667430877685547, 1.3510476350784302, 1.331868052482605, 1.3151501417160034, 1.2908778190612793, 1.2755998373031616, 1.254906415939331, 1.2387858629226685, 1.2256215810775757, 1.2054378986358643, 1.1872535943984985, 1.165433406829834, 1.155232548713684, 1.1330655813217163, 1.1174520254135132, 1.0986443758010864, 1.0872702598571777, 1.0689284801483154, 1.0622183084487915, 1.0412133932113647, 1.0312434434890747, 1.0115396976470947, 1.0045970678329468, 0.9863110184669495, 0.9728797674179077, 0.9704370498657227, 0.9544862508773804, 0.9386388659477234, 0.9315757751464844, 0.9160881042480469, 0.902415931224823, 0.8915669322013855, 0.8828115463256836, 0.8742678165435791, 0.8644182085990906, 0.8519337773323059, 0.8424131274223328, 0.8282757997512817, 0.8226067423820496, 0.8108572959899902, 0.8014483451843262, 0.7945339679718018, 0.789316713809967, 0.7770320773124695, 0.7677465677261353, 0.7568292617797852, 0.7555949687957764, 0.7435510754585266, 0.7380361557006836, 0.7243298888206482, 0.7164896130561829, 0.7146526575088501, 0.7005897164344788, 0.6974462270736694, 0.6891971230506897, 0.6779825091362, 0.6750149726867676, 0.6658035516738892, 0.6597270369529724, 0.6507574319839478, 0.6450583338737488, 0.6398777365684509, 0.6347087025642395, 0.629240095615387, 0.6233370304107666, 0.61574786901474, 0.6078417301177979, 0.6035892963409424, 0.595212996006012, 0.5907257199287415, 0.5906989574432373, 0.5792064070701599, 0.5747649073600769, 0.5738714933395386, 0.5666197538375854, 0.5638956427574158, 0.555924654006958, 0.5522152185440063, 0.5494694709777832, 0.5421417355537415, 0.5405619144439697, 0.5342740416526794, 0.5299631357192993, 0.5292137265205383, 0.5217369794845581, 0.5220946669578552, 0.5198125243186951, 0.5128714442253113, 0.5065483450889587, 0.5043129920959473, 0.5054895281791687, 0.4981468915939331, 0.49546515941619873, 0.48995712399482727, 0.4870487451553345, 0.4877384305000305, 0.48603883385658264, 0.4802357852458954, 0.4775330722332001, 0.4767870008945465, 0.47209876775741577, 0.46603336930274963, 0.46550092101097107, 0.4665227234363556, 0.46200719475746155, 0.45965877175331116, 0.45507287979125977, 0.45438867807388306, 0.4517776668071747, 0.4499973952770233, 0.4487728476524353, 0.4471415877342224, 0.4414941072463989, 0.4411424696445465, 0.4437257647514343, 0.43509599566459656, 0.43100783228874207, 0.42800238728523254, 0.4297424256801605, 0.42636969685554504, 0.4252309203147888, 0.42588716745376587, 0.42235907912254333, 0.4222012162208557, 0.4185524582862854, 0.4187902510166168, 0.41511932015419006, 0.411972314119339, 0.40979135036468506, 0.41265803575515747, 0.40907689929008484, 0.4065193831920624, 0.40430980920791626, 0.40255939960479736, 0.40207919478416443, 0.4015311598777771, 0.3993375301361084, 0.39684197306632996, 0.3971272110939026, 0.3960050046443939, 0.39313265681266785, 0.39506590366363525, 0.39106568694114685, 0.3905436098575592, 0.3856467008590698, 0.38541892170906067, 0.3874889016151428, 0.38405755162239075, 0.3810972571372986, 0.3816230595111847, 0.3819042146205902, 0.3796178102493286, 0.37809786200523376, 0.376140832901001, 0.37543201446533203, 0.37684568762779236, 0.37038952112197876, 0.37230631709098816, 0.3748423457145691, 0.36793866753578186, 0.37234747409820557, 0.37304624915122986, 0.36609360575675964, 0.3652079701423645, 0.3642391860485077, 0.36459964513778687, 0.3630770444869995, 0.36775103211402893, 0.36098456382751465, 0.3627728223800659, 0.3597603440284729, 0.35782983899116516, 0.3568429946899414, 0.3535420298576355, 0.3558368384838104, 0.35828739404678345, 0.35317158699035645, 0.3568534851074219, 0.350422203540802, 0.35301655530929565, 0.3502139151096344, 0.3467644453048706, 0.34989064931869507, 0.3451591730117798, 0.3466387391090393, 0.34485048055648804, 0.34317848086357117, 0.34478995203971863, 0.34453317523002625, 0.34061533212661743, 0.34260034561157227, 0.3405996561050415, 0.33900290727615356, 0.3410934805870056, 0.33917757868766785, 0.33560776710510254, 0.33722299337387085, 0.3399524986743927, 0.3350330591201782, 0.3356764614582062, 0.33627256751060486, 0.3328787684440613, 0.3332906663417816, 0.328994482755661, 0.3325267434120178, 0.32918643951416016, 0.3324710428714752, 0.33024075627326965, 0.32928267121315, 0.3290477395057678, 0.3260522484779358, 0.33006709814071655, 0.32620203495025635, 0.3232467472553253, 0.3272194266319275, 0.32634237408638, 0.32094916701316833, 0.32425057888031006, 0.3221626281738281, 0.32345086336135864, 0.3217167556285858, 0.3205147385597229, 0.3205999732017517],