{"n_parameters": 216673, "training_time": 16959.070900201797, "loss": [2.3942837715148926, 2.3026411533355713, 2.214285135269165, 2.106640338897705, 1.987382411956787, 1.8521684408187866, 1.7189140319824219, 1.5891927480697632, 1.477430820465088, 1.3900306224822998, 1.3191171884536743, 1.272814393043518, 1.2300149202346802, 1.1989723443984985, 1.1686094999313354, 1.1549407243728638, 1.1342798471450806, 1.1114015579223633, 1.0956634283065796, 1.0836893320083618, 1.0686365365982056, 1.0523420572280884, 1.039359211921692, 1.0302659273147583, 1.0120397806167603, 1.0023826360702515, 0.9903265833854675, 0.9776542782783508, 0.9646286368370056, 0.9549672603607178, 0.9412662386894226, 0.9311648011207581, 0.9174339771270752, 0.9062707424163818, 0.8919611573219299, 0.8803123235702515, 0.8678436279296875, 0.8558500409126282, 0.8434813022613525, 0.8319157361984253, 0.8208121061325073, 0.8117652535438538, 0.8008647561073303, 0.7853643298149109, 0.7762318253517151, 0.7643166184425354, 0.7514082789421082, 0.7381991744041443, 0.7288721799850464, 0.714365541934967, 0.7051125168800354, 0.6965423226356506, 0.6840395927429199, 0.6773661375045776, 0.665090024471283, 0.65611732006073, 0.6463072299957275, 0.6357466578483582, 0.6287366151809692, 0.6182392835617065, 0.6109360456466675, 0.6020849943161011, 0.5919525027275085, 0.5850705504417419, 0.5772842168807983, 0.5696897506713867, 0.5648810863494873, 0.5563207268714905, 0.5505630970001221, 0.5403034090995789, 0.5344803929328918, 0.5242935419082642, 0.5196940302848816, 0.5128363966941833, 0.505962073802948, 0.49971383810043335, 0.4909786283969879, 0.48735857009887695, 0.48320382833480835, 0.47502052783966064, 0.47568652033805847, 0.46221640706062317, 0.4612722098827362, 0.4539887011051178, 0.4488257169723511, 0.4468636214733124, 0.4440968334674835, 0.4389898478984833, 0.433097779750824, 0.42905163764953613, 0.42422741651535034, 0.4236900806427002, 0.41884133219718933, 0.4129962921142578, 0.41156259179115295, 0.4106208086013794, 0.4051019847393036, 0.4014219641685486, 0.3991336524486542, 0.39480581879615784, 0.3927041292190552, 0.3895399570465088, 0.38937070965766907, 0.3799830675125122, 0.3820289969444275, 0.3765203356742859, 0.3751083314418793, 0.37455126643180847, 0.37092074751853943, 0.36902374029159546, 0.3672136068344116, 0.36382609605789185, 0.36082693934440613, 0.35860592126846313, 0.35717666149139404, 0.3585470914840698, 0.3516857326030731, 0.350180059671402, 0.3488464951515198, 0.3460564613342285, 0.34284308552742004, 0.34371647238731384, 0.3391925096511841, 0.3380486071109772, 0.33842673897743225, 0.33529308438301086, 0.3337053656578064, 0.33218976855278015, 0.32982832193374634, 0.32855552434921265, 0.3266259431838989, 0.32472798228263855, 0.32420194149017334, 0.32245567440986633, 0.3207855224609375, 0.3182517886161804, 0.31996509432792664, 0.316169410943985, 0.3156459331512451, 0.3124895691871643, 0.31173470616340637, 0.3118993639945984, 0.3084631562232971, 0.3072200417518616, 0.30636510252952576, 0.3045055568218231, 0.3047786355018616, 0.3047468364238739, 0.30053552985191345, 0.30077213048934937, 0.29905036091804504, 0.29798442125320435, 0.2965005934238434, 0.2940736413002014, 0.2942146360874176, 0.29435664415359497, 0.2932875156402588, 0.29020339250564575, 0.29268768429756165, 0.2899787425994873, 0.2899426221847534, 0.2888990044593811, 0.28385022282600403, 0.2847995460033417, 0.2848755419254303, 0.2838355600833893, 0.2832028865814209, 0.28081631660461426, 0.28221768140792847, 0.2798539996147156, 0.2788732349872589, 0.27691489458084106, 0.27671486139297485, 0.2747969627380371, 0.2765313386917114, 0.2749159038066864, 0.2726784944534302, 0.27250969409942627, 0.2724218964576721, 0.2722153067588806, 0.2705521881580353, 0.27083227038383484, 0.2683839201927185, 0.2670819163322449, 0.26679009199142456, 0.2662973999977112, 0.26526081562042236, 0.26422035694122314, 0.26327356696128845, 0.26418086886405945, 0.26150083541870117, 0.26149436831474304, 0.2608034610748291, 0.26090359687805176, 0.25929245352745056, 0.2589671015739441, 0.2587365210056305, 0.25848138332366943, 0.25773489475250244, 0.25488200783729553, 0.2542915940284729, 0.2545827031135559, 0.2535865604877472, 0.25426042079925537, 0.25397610664367676, 0.25087156891822815, 0.251548707485199, 0.25139057636260986, 0.25109240412712097, 0.2503507137298584, 0.24917128682136536, 0.24880564212799072, 0.2477640062570572, 0.24678535759449005, 0.24953466653823853, 0.24670636653900146, 0.24595315754413605, 0.24631308019161224, 0.24470797181129456, 0.24519293010234833, 0.24368204176425934, 0.2447609305381775, 0.24379955232143402, 0.24262183904647827, 0.24388813972473145, 0.24131762981414795, 0.24103187024593353, 0.24223503470420837, 0.24066245555877686, 0.24049507081508636, 0.2397431880235672, 0.23860254883766174, 0.2378704845905304, 0.23775917291641235, 0.23711994290351868],