{"n_parameters": 239185, "training_time": 19522.267300128937, "loss": [2.429102659225464, 2.2919399738311768, 2.1787056922912598, 2.0586907863616943, 1.9399701356887817, 1.816973328590393, 1.708251953125, 1.62551748752594, 1.5496482849121094, 1.4979674816131592, 1.4513072967529297, 1.415665626525879, 1.3815256357192993, 1.3541741371154785, 1.331602931022644, 1.3072304725646973, 1.2814898490905762, 1.2643481492996216, 1.2427104711532593, 1.2216650247573853, 1.2021483182907104, 1.1864440441131592, 1.170681357383728, 1.1521469354629517, 1.1369677782058716, 1.1221250295639038, 1.1080137491226196, 1.092534065246582, 1.0761864185333252, 1.0652854442596436, 1.0473380088806152, 1.03752863407135, 1.0243858098983765, 1.01287841796875, 1.0038167238235474, 0.9892250895500183, 0.9770984053611755, 0.9686576128005981, 0.9540027976036072, 0.9447225332260132, 0.9359096884727478, 0.9270544648170471, 0.9110172986984253, 0.9026918411254883, 0.8889599442481995, 0.8759642839431763, 0.8666486740112305, 0.8580624461174011, 0.8474133014678955, 0.838150680065155, 0.8259796500205994, 0.8162816166877747, 0.802891194820404, 0.7970946431159973, 0.785094141960144, 0.774048924446106, 0.7652459740638733, 0.7581472396850586, 0.7483029365539551, 0.7378955483436584, 0.7283129096031189, 0.7194768786430359, 0.711226761341095, 0.6994611024856567, 0.6937875747680664, 0.6822806000709534, 0.6729640960693359, 0.6658838391304016, 0.6583369374275208, 0.6502717733383179, 0.6433107256889343, 0.6327309012413025, 0.6217482089996338, 0.6190379858016968, 0.6121196150779724, 0.6010029911994934, 0.5979050993919373, 0.589103639125824, 0.5822933912277222, 0.5748648047447205, 0.5670835971832275, 0.5602009892463684, 0.5543359518051147, 0.5488957762718201, 0.5408497452735901, 0.5367408394813538, 0.5291338562965393, 0.5209217667579651, 0.52003014087677, 0.5139873027801514, 0.5055081844329834, 0.504045844078064, 0.4943845868110657, 0.4905278980731964, 0.4855622947216034, 0.4771116375923157, 0.4751419425010681, 0.467399924993515, 0.46596720814704895, 0.46256735920906067, 0.45655980706214905, 0.45437127351760864, 0.450866162776947, 0.44721660017967224, 0.44273003935813904, 0.43901896476745605, 0.43262261152267456, 0.4316732585430145, 0.42738643288612366, 0.4226650595664978, 0.41888153553009033, 0.41511526703834534, 0.40940433740615845, 0.4068892002105713, 0.4052203595638275, 0.4028376340866089, 0.40095019340515137, 0.39980775117874146, 0.39454221725463867, 0.3926936984062195, 0.38688668608665466, 0.38446560502052307, 0.38434046506881714, 0.37994930148124695, 0.37927064299583435, 0.3757016956806183, 0.37229469418525696, 0.3724406659603119, 0.37180134654045105, 0.3640223443508148, 0.3653448224067688, 0.36355429887771606, 0.36158236861228943, 0.3609362542629242, 0.3569636940956116, 0.35586926341056824, 0.35083383321762085, 0.35306185483932495, 0.3497099280357361, 0.3478562831878662, 0.34559041261672974, 0.3442643880844116, 0.34227368235588074, 0.34139594435691833, 0.3368898928165436, 0.33767375349998474, 0.33561593294143677, 0.33432736992836, 0.33327826857566833, 0.3315351605415344, 0.33207011222839355, 0.32872137427330017, 0.32743409276008606, 0.3246285915374756, 0.326282799243927, 0.322346568107605, 0.3226735293865204, 0.32107919454574585, 0.31789231300354004, 0.3192335069179535, 0.3177854120731354, 0.31554463505744934, 0.31611037254333496, 0.3144635558128357, 0.3103000521659851, 0.3104681968688965, 0.3086845576763153, 0.30779772996902466, 0.3062468469142914, 0.30381062626838684, 0.30450472235679626, 0.30459222197532654, 0.30402812361717224, 0.30240941047668457, 0.3010166585445404, 0.2990038990974426, 0.2989916503429413, 0.2966879606246948, 0.2956300377845764, 0.295662522315979, 0.29611656069755554, 0.29338231682777405, 0.29288938641548157, 0.2918878197669983, 0.29124465584754944, 0.29052868485450745, 0.28991177678108215, 0.289421409368515, 0.28927865624427795, 0.2867797613143921, 0.286606103181839, 0.28573089838027954, 0.28355276584625244, 0.2846134603023529, 0.28460535407066345, 0.2825179696083069, 0.28318020701408386, 0.2831011116504669, 0.2804854214191437, 0.2795505225658417, 0.27989462018013, 0.27551034092903137, 0.27743014693260193, 0.276373952627182, 0.2761100232601166, 0.27728310227394104, 0.2752961814403534, 0.27510693669319153, 0.2745724320411682, 0.27249476313591003, 0.2735695242881775, 0.27089759707450867, 0.27166059613227844, 0.26913437247276306, 0.27202147245407104, 0.26668158173561096, 0.2684555947780609, 0.26897192001342773, 0.2673737108707428, 0.26694440841674805, 0.2667655944824219, 0.2649199664592743, 0.2636915445327759, 0.26407167315483093, 0.2647806406021118, 0.26306667923927307, 0.2635550796985626, 0.260741651058197, 0.26360663771629333, 0.26020804047584534, 0.2610833942890167, 0.25856924057006836, 0.2601652145385742, 0.2594597041606903, 0.257779598236084, 0.25636881589889526, 0.2582448422908783, 0.25887906551361084, 0.256905198097229, 0.25650539994239807, 0.2548881471157074, 0.2546602189540863, 0.2531929016113281, 0.25271081924438477, 0.25356289744377136, 0.25168702006340027, 0.2521388530731201],