{"n_parameters": 385649, "training_time": 17919.855226755142, "loss": [2.398374557495117, 2.24070143699646, 2.0531723499298096, 1.8510197401046753, 1.711463451385498, 1.6302605867385864, 1.5776937007904053, 1.5325291156768799, 1.4956386089324951, 1.4676028490066528, 1.439672827720642, 1.4137024879455566, 1.3926323652267456, 1.3689872026443481, 1.3456405401229858, 1.3273478746414185, 1.3079930543899536, 1.289067029953003, 1.2727502584457397, 1.249853253364563, 1.2318809032440186, 1.213996410369873, 1.1963627338409424, 1.1790790557861328, 1.1640746593475342, 1.144487738609314, 1.1319078207015991, 1.1176115274429321, 1.0978196859359741, 1.0833064317703247, 1.0711921453475952, 1.0539392232894897, 1.0366370677947998, 1.0254331827163696, 1.0087727308273315, 0.995559811592102, 0.9761632084846497, 0.958378255367279, 0.943176805973053, 0.9270147085189819, 0.911965012550354, 0.8937878608703613, 0.8747109770774841, 0.8629478216171265, 0.8459219336509705, 0.8346578478813171, 0.8159487247467041, 0.8028096556663513, 0.7919705510139465, 0.7741599678993225, 0.7690449953079224, 0.7548664212226868, 0.7411095499992371, 0.7354555130004883, 0.7231396436691284, 0.7130041718482971, 0.7027309536933899, 0.692251980304718, 0.6843144297599792, 0.6778352856636047, 0.670922040939331, 0.6590279936790466, 0.6537008881568909, 0.6433510184288025, 0.6389805674552917, 0.6307108402252197, 0.6254575252532959, 0.6179274916648865, 0.6135051846504211, 0.6009021401405334, 0.5979014039039612, 0.5907782316207886, 0.5855114459991455, 0.5787359476089478, 0.575265109539032, 0.5685925483703613, 0.5639691352844238, 0.5562089085578918, 0.5498315691947937, 0.5432572364807129, 0.5426213145256042, 0.5343329310417175, 0.5290453433990479, 0.5246135592460632, 0.5174974203109741, 0.5135462880134583, 0.5102933645248413, 0.500941812992096, 0.4985853135585785, 0.4931999742984772, 0.48692426085472107, 0.48203808069229126, 0.48227962851524353, 0.4731491506099701, 0.46809548139572144, 0.4642900824546814, 0.45849764347076416, 0.45582324266433716, 0.45219579339027405, 0.4478742182254791, 0.4435788094997406, 0.4389943778514862, 0.43607157468795776, 0.4293329119682312, 0.4252181947231293, 0.4232149124145508, 0.4179523289203644, 0.4172258973121643, 0.41029033064842224, 0.4090098440647125, 0.40613648295402527, 0.4009237289428711, 0.397167444229126, 0.3958754241466522, 0.39039289951324463, 0.3892386257648468, 0.38648709654808044, 0.38189923763275146, 0.37948089838027954, 0.3781064748764038, 0.37424272298812866, 0.37316107749938965, 0.3669341802597046, 0.3683834969997406, 0.36385828256607056, 0.36443930864334106, 0.36087659001350403, 0.357153981924057, 0.35653749108314514, 0.3535877764225006, 0.3508921265602112, 0.3503486216068268, 0.3465999960899353, 0.34467411041259766, 0.3438798189163208, 0.3409242033958435, 0.3378649055957794, 0.3382227122783661, 0.3361560106277466, 0.33396589756011963, 0.3358524739742279, 0.3300052583217621, 0.331549733877182, 0.33047348260879517, 0.3280494809150696, 0.3263600766658783, 0.3254722058773041, 0.3233809471130371, 0.3232733905315399, 0.3204505145549774, 0.3175060749053955, 0.31692174077033997, 0.3150218427181244, 0.31545934081077576, 0.3130421042442322, 0.31131765246391296, 0.30966445803642273, 0.31133049726486206, 0.3071099817752838, 0.30748748779296875, 0.30705875158309937, 0.3052480220794678, 0.3049013912677765, 0.30096596479415894, 0.3014252483844757, 0.3009565770626068, 0.29950791597366333, 0.29926884174346924, 0.29568344354629517, 0.2975519299507141, 0.2964436709880829, 0.2927784025669098, 0.29389849305152893, 0.2912910580635071], "rmse": [1.5271098613739014, 1.4764142036437988, 1.4129058122634888, 1.3395447731018066, 1.2894656658172607, 1.2579971551895142, 1.2376312017440796, 1.2211359739303589, 1.2062325477600098, 1.1946150064468384, 1.1835508346557617, 1.1729110479354858, 1.1647224426269531, 1.1545227766036987, 1.1444870233535767, 1.1376022100448608, 1.1290593147277832, 1.1197806596755981, 1.1125084161758423, 1.1026779413223267, 1.0948176383972168, 1.0866841077804565, 1.07914400100708, 1.0714524984359741, 1.0640314817428589, 1.0553271770477295, 1.0492931604385376, 1.041951298713684, 1.0337468385696411, 1.026451826095581, 1.0212947130203247, 1.012383222579956, 1.0036509037017822, 0.9983617663383484, 0.9903606176376343, 0.9833215475082397, 0.9737282991409302, 0.9652004241943359, 0.9565144777297974, 0.948205292224884, 0.9403792023658752, 0.9312944412231445, 0.9207479953765869, 0.9145146608352661, 0.9053968191146851, 0.8987560868263245, 0.8889790177345276, 0.8816555738449097, 0.8760839104652405, 0.865868330001831, 0.8627800345420837, 0.854651153087616, 0.8471289873123169, 0.843216061592102, 0.836521327495575, 0.8302313089370728, 0.8239433765411377, 0.8180145025253296, 0.813325822353363, 0.8104418516159058, 0.8054116368293762, 0.7993612885475159, 0.7953795194625854, 0.7892858386039734, 0.7866857051849365, 0.7815971374511719, 0.7784900069236755, 0.7723909020423889, 0.7710013389587402, 0.7628527879714966, 0.7607907056808472, 0.7561445236206055, 0.7527608871459961, 0.7483121156692505, 0.7465266585350037, 0.7426156997680664, 0.7384577393531799, 0.7343897819519043, 0.7299279570579529, 0.7253739833831787, 0.7249763607978821, 0.719189465045929, 0.7158176898956299, 0.7126666903495789, 0.7082681655883789, 0.7058490514755249, 0.7033910751342773, 0.6962313055992126, 0.6953083276748657, 0.6913037300109863, 0.6870459914207458, 0.6837112903594971, 0.683620274066925, 0.6775686144828796, 0.6735768914222717, 0.6712804436683655, 0.6663925647735596, 0.664521336555481, 0.6620524525642395, 0.6592369675636292, 0.6562553644180298, 0.6522917747497559, 0.6500453352928162, 0.6453632712364197, 0.6423951387405396, 0.6412069797515869, 0.6367591023445129, 0.6356595158576965, 0.6308079361915588, 0.6301257610321045, 0.6277095675468445, 0.6238639950752258, 0.6217600703239441, 0.6197999119758606, 0.6160348653793335, 0.6150771379470825, 0.6123432517051697, 0.609194278717041, 0.607511579990387, 0.6055620312690735, 0.6029256582260132, 0.6019332408905029, 0.5969594120979309, 0.5981503129005432, 0.5944481492042542, 0.5950621366500854, 0.5921378135681152, 0.5889865159988403, 0.5887637734413147, 0.5864485502243042, 0.5841459631919861, 0.5834509134292603, 0.5805655717849731, 0.5788058638572693, 0.5777124762535095, 0.5755137801170349, 0.5731104612350464, 0.5732226371765137, 0.571877658367157, 0.5696233510971069, 0.5712712407112122, 0.5660867094993591, 0.5677509307861328, 0.5666875839233398, 0.564443051815033, 0.5631356835365295, 0.5622722506523132, 0.5604782700538635, 0.5605623722076416, 0.5579005479812622, 0.555573046207428, 0.5551523566246033, 0.5532240867614746, 0.5538077354431152, 0.55150306224823, 0.5502524971961975, 0.5488888025283813, 0.5501645803451538, 0.5462798476219177, 0.5469306111335754, 0.5470616817474365, 0.5448490381240845, 0.5444331169128418, 0.5406692624092102, 0.5412192344665527, 0.5408360958099365, 0.5393866896629333, 0.5391620397567749, 0.5362735986709595, 0.5380970239639282, 0.5367184281349182, 0.5333476066589355, 0.5348531007766724, 0.5319687724113464],