{"n_parameters": 395809, "training_time": 25449.931514263153, "loss": [2.339737892150879, 2.2263343334198, 2.1217761039733887, 1.9985709190368652, 1.8614894151687622, 1.732574701309204, 1.6186168193817139, 1.5299757719039917, 1.4642852544784546, 1.4143404960632324, 1.3761123418807983, 1.3409522771835327, 1.3116544485092163, 1.2780119180679321, 1.2545264959335327, 1.2344764471054077, 1.2065080404281616, 1.185636043548584, 1.1665645837783813, 1.144909143447876, 1.1241161823272705, 1.10861337184906, 1.090002179145813, 1.068892240524292, 1.0529758930206299, 1.0349043607711792, 1.0206608772277832, 1.004501461982727, 0.989020586013794, 0.9756801128387451, 0.9594622850418091, 0.9476734399795532, 0.9321932792663574, 0.9219794273376465, 0.9070132970809937, 0.8947687149047852, 0.8859544992446899, 0.8710718750953674, 0.861931324005127, 0.8506136536598206, 0.8349565863609314, 0.8270748257637024, 0.8152440786361694, 0.8057984113693237, 0.7963718771934509, 0.7858473658561707, 0.7732918858528137, 0.7639942765235901, 0.7570772767066956, 0.7461364269256592, 0.7357573509216309, 0.7265805602073669, 0.7169008255004883, 0.710987389087677, 0.7006569504737854, 0.6890900731086731, 0.6786192059516907, 0.6715099215507507, 0.6622828245162964, 0.6542696356773376, 0.6471941471099854, 0.6375540494918823, 0.6285339593887329, 0.6207530498504639, 0.6132797598838806, 0.6041723489761353, 0.5981006026268005, 0.587821364402771, 0.5818203091621399, 0.5754342079162598, 0.5680526494979858, 0.5615792274475098, 0.5523046255111694, 0.5485634207725525, 0.5421526432037354, 0.5383349061012268, 0.5289196968078613, 0.5242965817451477, 0.5219818353652954, 0.5133448243141174, 0.5101401805877686, 0.5042920112609863, 0.4997301995754242, 0.4948461651802063, 0.4906778335571289, 0.48262375593185425, 0.479460209608078, 0.4733563959598541, 0.47130799293518066, 0.4647367000579834, 0.46090173721313477, 0.4563196003437042, 0.451629102230072, 0.4496236741542816, 0.44581422209739685, 0.43866509199142456, 0.43937841057777405, 0.43246814608573914, 0.4296610355377197, 0.42233142256736755, 0.4216917157173157, 0.41812458634376526, 0.4142991900444031, 0.4107021689414978, 0.4073696434497833, 0.4038507640361786, 0.40288808941841125, 0.398099809885025, 0.39650750160217285, 0.3974153995513916, 0.3913429081439972, 0.388881117105484, 0.3866528570652008, 0.3835509419441223, 0.38218915462493896, 0.379671186208725, 0.3770802915096283, 0.3749784529209137, 0.3721001446247101, 0.36896565556526184, 0.36939772963523865, 0.36675775051116943, 0.3622654676437378, 0.36128363013267517, 0.36100393533706665, 0.35874199867248535, 0.35710909962654114, 0.35457324981689453, 0.3512037992477417, 0.3529982268810272, 0.35066238045692444, 0.34545090794563293, 0.3481498062610626, 0.34388497471809387, 0.34049034118652344, 0.33914124965667725, 0.34034910798072815, 0.33813539147377014, 0.335734486579895, 0.33638373017311096, 0.3335007131099701, 0.3325280547142029, 0.33134740591049194, 0.3327922821044922, 0.32862091064453125, 0.32621628046035767, 0.32574892044067383, 0.32349658012390137, 0.32293379306793213, 0.3222503364086151, 0.32082322239875793, 0.31887251138687134, 0.3188438415527344, 0.31625255942344666, 0.31565284729003906, 0.3174784183502197, 0.31384041905403137, 0.3106067478656769, 0.3110305368900299, 0.30860063433647156, 0.3077620565891266, 0.3101962208747864, 0.30882805585861206, 0.3052261769771576, 0.30556929111480713, 0.30452871322631836, 0.3023715019226074, 0.3028129041194916, 0.3016277849674225, 0.29752665758132935, 0.3000090718269348, 0.3004153072834015, 0.29673826694488525, 0.2956291437149048, 0.2976608872413635, 0.29388177394866943, 0.29624855518341064, 0.2931198477745056, 0.29212042689323425, 0.2923157215118408, 0.292819082736969, 0.2889779806137085, 0.2900856137275696, 0.28849858045578003, 0.28709155321121216, 0.2876147925853729, 0.2876412272453308, 0.2846336364746094, 0.2867870032787323, 0.2839057445526123, 0.28412774205207825, 0.28277474641799927, 0.2806237041950226, 0.2809883654117584, 0.2806066572666168, 0.27892252802848816, 0.28026115894317627, 0.27734375, 0.2752508521080017, 0.2770575284957886, 0.2770353853702545, 0.2741660475730896, 0.27299025654792786, 0.2738434672355652, 0.2737557590007782, 0.27244287729263306, 0.2729593515396118, 0.27100875973701477, 0.27091288566589355, 0.2696189284324646, 0.2691608965396881, 0.27026379108428955, 0.2683444023132324, 0.26674503087997437, 0.2666437029838562, 0.26635023951530457, 0.26580098271369934, 0.26557812094688416, 0.265411913394928, 0.26466524600982666, 0.2632870376110077, 0.2624149024486542, 0.2625476121902466, 0.26164108514785767, 0.2614066004753113, 0.26231491565704346, 0.26062116026878357, 0.2615409195423126, 0.25894930958747864, 0.2586166560649872, 0.257852166891098, 0.25804266333580017, 0.2579476535320282, 0.25790295004844666, 0.2556955814361572, 0.25568637251853943, 0.2558167278766632, 0.25664281845092773, 0.2554648816585541, 0.2557051181793213, 0.2530255615711212, 0.25227782130241394],