{"n_parameters": 88593, "training_time": 6273.369542360306, "loss": [2.8923983573913574, 2.6432747840881348, 2.606055736541748, 2.580024242401123, 2.554849863052368, 2.539268970489502, 2.522118330001831, 2.5097930431365967, 2.4885478019714355, 2.482837677001953, 2.4770960807800293, 2.4612159729003906, 2.451362371444702, 2.4409127235412598, 2.436584234237671, 2.4293370246887207, 2.421659231185913, 2.4233896732330322, 2.4149580001831055, 2.4127933979034424, 2.406156301498413, 2.4045166969299316, 2.3983306884765625, 2.3933956623077393, 2.3849334716796875, 2.384497880935669, 2.3821163177490234, 2.3775346279144287, 2.3743488788604736, 2.3717894554138184, 2.366135597229004, 2.3621840476989746, 2.359532117843628, 2.3585126399993896, 2.351689100265503, 2.350177526473999, 2.346907138824463, 2.339470624923706, 2.337904691696167, 2.334652900695801, 2.3286399841308594, 2.3276162147521973, 2.3165743350982666, 2.3144450187683105, 2.3077402114868164, 2.3070790767669678, 2.2985665798187256, 2.2969837188720703, 2.2904818058013916, 2.2842183113098145, 2.2782492637634277, 2.271829843521118, 2.267029047012329, 2.2615251541137695, 2.2554945945739746, 2.25064754486084, 2.241920232772827, 2.2290358543395996, 2.2263543605804443, 2.2185020446777344, 2.208502769470215, 2.199842691421509, 2.192723512649536, 2.1821725368499756, 2.1709094047546387, 2.161419630050659, 2.1546788215637207, 2.1433186531066895, 2.13417649269104, 2.1192662715911865, 2.1087021827697754, 2.1007533073425293, 2.0901150703430176, 2.0779664516448975, 2.063438653945923, 2.0557568073272705, 2.047070264816284, 2.0289196968078613, 2.020228624343872, 2.006627321243286, 1.995418906211853, 1.9814780950546265, 1.9737871885299683, 1.9623697996139526, 1.9454258680343628, 1.9344624280929565, 1.9240857362747192, 1.911497950553894, 1.9006414413452148, 1.884985089302063, 1.8696420192718506, 1.8617208003997803, 1.8513989448547363, 1.8424524068832397, 1.8320038318634033, 1.8202743530273438, 1.8111095428466797, 1.7997777462005615, 1.7858476638793945, 1.7826392650604248, 1.7706217765808105, 1.7617655992507935, 1.7535187005996704, 1.7513151168823242, 1.73666512966156, 1.7320759296417236, 1.724555253982544, 1.7156691551208496, 1.711711049079895, 1.7003498077392578, 1.7007602453231812, 1.6899869441986084, 1.687729835510254, 1.6820042133331299, 1.673676609992981, 1.6663466691970825, 1.6658570766448975, 1.6589961051940918, 1.6569844484329224, 1.6514946222305298, 1.6453708410263062, 1.6431077718734741, 1.6412012577056885, 1.635995864868164, 1.6305161714553833, 1.624514102935791, 1.6220895051956177, 1.6213634014129639, 1.618361473083496, 1.6107693910598755], "rmse": [1.6782715320587158, 1.6059690713882446, 1.5942411422729492, 1.5863910913467407, 1.5781089067459106, 1.572965383529663, 1.5668691396713257, 1.5641164779663086, 1.5576587915420532, 1.5559701919555664, 1.5522956848144531, 1.5486326217651367, 1.5454692840576172, 1.5412867069244385, 1.5398615598678589, 1.538414716720581, 1.5348047018051147, 1.5368906259536743, 1.533324122428894, 1.5336707830429077, 1.5302449464797974, 1.5307507514953613, 1.527551293373108, 1.526689052581787, 1.5242961645126343, 1.5254969596862793, 1.5226410627365112, 1.5219817161560059, 1.518819808959961, 1.520099401473999, 1.517866849899292, 1.5168391466140747, 1.5159082412719727, 1.515055537223816, 1.5137014389038086, 1.513431429862976, 1.5112909078598022, 1.5092391967773438, 1.5101622343063354, 1.5089799165725708, 1.5068384408950806, 1.5058081150054932, 1.5018185377120972, 1.5007692575454712, 1.498978853225708, 1.498374581336975, 1.4962794780731201, 1.4959312677383423, 1.4936621189117432, 1.491612195968628, 1.4898704290390015, 1.487084150314331, 1.4860715866088867, 1.4839897155761719, 1.482258915901184, 1.4797019958496094, 1.4769821166992188, 1.4730383157730103, 1.4717376232147217, 1.4696437120437622, 1.4666876792907715, 1.46224844455719, 1.4601829051971436, 1.4572526216506958, 1.452997088432312, 1.450885534286499, 1.4471369981765747, 1.4444843530654907, 1.4402834177017212, 1.4363521337509155, 1.430700421333313, 1.4287092685699463, 1.4253257513046265, 1.4219367504119873, 1.4162949323654175, 1.4140114784240723, 1.410599946975708, 1.4045286178588867, 1.4011530876159668, 1.3954613208770752, 1.3926854133605957, 1.3863545656204224, 1.3852849006652832, 1.380550742149353, 1.3741387128829956, 1.3715031147003174, 1.3676003217697144, 1.3626091480255127, 1.3592146635055542, 1.3529016971588135, 1.3474615812301636, 1.3448045253753662, 1.340859055519104, 1.3378411531448364, 1.3344320058822632, 1.3296666145324707, 1.3263814449310303, 1.322601079940796, 1.3167921304702759, 1.316062092781067, 1.3116642236709595, 1.3083419799804688, 1.3051563501358032, 1.3041759729385376, 1.2986483573913574, 1.2973145246505737, 1.2947807312011719, 1.291699767112732, 1.2893102169036865, 1.285627841949463, 1.2850135564804077, 1.2812405824661255, 1.2803330421447754, 1.277801752090454, 1.2756513357162476, 1.2725982666015625, 1.272355079650879, 1.2701382637023926, 1.2687827348709106, 1.2670252323150635, 1.264547348022461, 1.2640669345855713, 1.2628158330917358, 1.2618221044540405, 1.2586917877197266, 1.2565239667892456, 1.2563027143478394, 1.255679726600647, 1.2551594972610474, 1.2516764402389526], "val_loss": [2.494002103805542, 2.489213705062866, 2.483703851699829, 2.477996587753296, 2.471677303314209, 2.4657442569732666, 2.4605259895324707, 2.4544756412506104, 2.451221466064453, 2.444877862930298, 2.438314914703369, 2.4362189769744873, 2.429778814315796, 2.4287116527557373, 2.4233710765838623, 2.4201090335845947, 2.4127142429351807, 2.4095778465270996, 2.4073355197906494, 2.406355619430542, 2.4080934524536133, 2.4004321098327637, 2.4022321701049805, 2.3944733142852783, 2.391575813293457, 2.397153615951538, 2.3828868865966797, 2.3829524517059326, 2.378129720687866, 2.378161668777466, 2.3747165203094482, 2.376457691192627, 2.376136064529419, 2.366314649581909, 2.371857166290283, 2.3556129932403564, 2.3600704669952393, 2.356736898422241, 2.3477284908294678, 2.345217227935791, 2.3516669273376465, 2.3483831882476807, 2.3403260707855225, 2.334027051925659, 2.3197181224823, 2.3151955604553223, 2.318408489227295, 2.312230348587036, 2.296893835067749, 2.2976667881011963, 2.2927863597869873, 2.2693212032318115, 2.271348476409912, 2.2541308403015137, 2.26792311668396, 2.257812738418579, 2.252633571624756, 2.2271080017089844, 2.2295358180999756, 2.235438823699951, 2.224494695663452, 2.213143825531006, 2.208899974822998, 2.1991653442382812, 2.181408405303955, 2.1608986854553223, 2.158655881881714, 2.1394433975219727, 2.14625883102417, 2.119739532470703, 2.114356756210327, 2.1058027744293213, 2.1035659313201904, 2.0797157287597656, 2.065619468688965, 2.07431960105896, 2.0453615188598633, 2.0473949909210205, 2.0422394275665283, 2.0175678730010986, 2.020540714263916, 2.0125021934509277, 2.0193655490875244, 1.988257884979248, 1.9690672159194946, 1.977142333984375, 1.9660366773605347, 1.962360143661499, 1.9386295080184937, 1.9301750659942627, 1.9124826192855835, 1.9167683124542236, 1.902406930923462, 1.909011721611023, 1.8896487951278687, 1.8797147274017334, 1.8762309551239014, 1.8622832298278809, 1.88416588306427, 1.8562896251678467, 1.8626703023910522, 1.8446881771087646, 1.848178744316101, 1.831709623336792, 1.8263753652572632, 1.8432446718215942, 1.8145029544830322, 1.8391225337982178, 1.8082776069641113, 1.8177971839904785, 1.8259788751602173, 1.8362635374069214, 1.813616394996643, 1.7881109714508057, 1.8040553331375122, 1.800575613975525, 1.772825837135315, 1.7767457962036133, 1.7893935441970825, 1.78488290309906, 1.7895541191101074, 1.7692673206329346, 1.7746376991271973, 1.7734630107879639, 1.767334222793579, 1.767621397972107, 1.7743173837661743, 1.7873504161834717, 1.7736704349517822, 1.775511622428894],