{"n_parameters": 284113, "training_time": 12768.355036973953, "loss": [2.8377346992492676, 2.523977518081665, 2.484247922897339, 2.4344747066497803, 2.388845443725586, 2.3406500816345215, 2.2639858722686768, 2.1799187660217285, 2.080397129058838, 1.9685910940170288, 1.8560720682144165, 1.7499232292175293, 1.6585407257080078, 1.580469012260437, 1.5211900472640991, 1.4761848449707031, 1.4297655820846558, 1.4054261445999146, 1.371238112449646, 1.3518401384353638, 1.3308099508285522, 1.3121782541275024, 1.2968482971191406, 1.27686607837677, 1.2547061443328857, 1.2405418157577515, 1.2259063720703125, 1.2179112434387207, 1.2028144598007202, 1.1937286853790283, 1.1853431463241577, 1.1683915853500366, 1.152282476425171, 1.1370302438735962, 1.12964928150177, 1.122704267501831, 1.1048282384872437, 1.0947545766830444, 1.0803909301757812, 1.0655038356781006, 1.0582853555679321, 1.0427156686782837, 1.0365182161331177, 1.0205934047698975, 1.0069184303283691, 0.992074728012085, 0.9845099449157715, 0.9700586199760437, 0.962440013885498, 0.9452463388442993, 0.9341115355491638, 0.9146386384963989, 0.9062724709510803, 0.8972005248069763, 0.8813685774803162, 0.8629351854324341, 0.8519562482833862, 0.8374013304710388, 0.8252922296524048, 0.8076553344726562, 0.7938933968544006, 0.7846295833587646, 0.7706742286682129, 0.7577839493751526, 0.7462398409843445, 0.7328299880027771, 0.7259557843208313, 0.7035167217254639, 0.6981012225151062, 0.6836832165718079, 0.6770324110984802, 0.6627827286720276, 0.657744824886322, 0.6451467275619507, 0.633316159248352, 0.6293565034866333, 0.6183085441589355, 0.6127482652664185, 0.599339485168457, 0.5947371125221252, 0.5855504274368286, 0.579535961151123, 0.5722166895866394, 0.5661194920539856, 0.5553728342056274, 0.5524138808250427, 0.5436877012252808, 0.538418173789978, 0.5335435271263123, 0.525806188583374, 0.519885241985321, 0.5148022174835205, 0.5108511447906494, 0.5043109059333801, 0.4988015294075012, 0.4943496584892273, 0.4913899600505829, 0.4850420355796814, 0.4798662066459656, 0.4755030572414398, 0.4710220396518707, 0.46704375743865967, 0.46600624918937683, 0.4604465365409851, 0.4580095708370209, 0.4571543335914612, 0.4506458640098572, 0.44560930132865906, 0.4411420226097107, 0.4369366466999054, 0.43626150488853455, 0.4332336485385895, 0.42718735337257385, 0.4242687523365021, 0.4229576587677002, 0.4195541739463806, 0.4171294867992401, 0.4148028492927551, 0.4138319790363312, 0.40939462184906006, 0.4061436653137207, 0.4059603214263916, 0.4013217091560364, 0.39879968762397766, 0.39668241143226624, 0.39469897747039795, 0.3890761435031891, 0.38749784231185913, 0.38605403900146484, 0.3803909122943878, 0.3811229169368744, 0.37748268246650696, 0.37896180152893066, 0.3746838867664337, 0.3765391707420349, 0.3693643808364868, 0.36980026960372925, 0.3651237487792969, 0.3649684488773346, 0.3622809052467346, 0.3625985383987427, 0.3601122498512268, 0.3582749664783478, 0.3580072522163391, 0.35714203119277954, 0.35508742928504944, 0.35060036182403564, 0.34760645031929016, 0.34747323393821716, 0.34755200147628784, 0.3441806435585022, 0.3436901271343231, 0.3448992669582367, 0.3403388261795044, 0.3363066017627716, 0.33662572503089905, 0.33550021052360535, 0.3345324397087097, 0.3334219455718994, 0.3314076066017151, 0.32818707823753357, 0.33011287450790405, 0.32412829995155334, 0.3230358064174652, 0.32572391629219055, 0.32620248198509216, 0.32241183519363403, 0.32013067603111267, 0.32272353768348694, 0.32078078389167786, 0.31733494997024536, 0.31511467695236206, 0.31581348180770874, 0.3138529062271118, 0.3143630027770996, 0.31402942538261414, 0.3092251420021057, 0.3100394308567047, 0.3094935119152069, 0.3061806261539459, 0.3077273666858673, 0.3068990409374237, 0.3041802644729614, 0.3045998513698578, 0.3039539158344269, 0.298591285943985, 0.2987501621246338, 0.29887399077415466, 0.29909345507621765, 0.2973685562610626, 0.2954905331134796, 0.2953607738018036, 0.29568612575531006, 0.293517142534256, 0.29296639561653137, 0.29171642661094666, 0.29036012291908264, 0.2911487817764282, 0.28859442472457886, 0.2882145941257477, 0.2896420359611511, 0.28660503029823303, 0.28782740235328674, 0.28659018874168396, 0.2832956612110138, 0.28343966603279114, 0.28409630060195923, 0.2830502986907959, 0.2832098603248596, 0.2799178957939148, 0.28170767426490784, 0.2797197103500366, 0.2790500819683075, 0.27951496839523315, 0.2789953052997589, 0.27664580941200256, 0.2758418619632721, 0.27401384711265564, 0.27482226490974426, 0.27409622073173523, 0.2748122215270996, 0.27327820658683777, 0.2731415629386902, 0.27115219831466675, 0.27122762799263, 0.26977071166038513, 0.26789456605911255],