{"n_parameters": 717649, "training_time": 33273.05171108246, "loss": [2.7092158794403076, 2.4931600093841553, 2.4622867107391357, 2.4408440589904785, 2.4338576793670654, 2.4247255325317383, 2.413339614868164, 2.4048802852630615, 2.4043216705322266, 2.3958475589752197, 2.3913092613220215, 2.3835017681121826, 2.369638204574585, 2.36482572555542, 2.3506457805633545, 2.3370158672332764, 2.320352554321289, 2.29617977142334, 2.267056703567505, 2.239406108856201, 2.1986043453216553, 2.1690897941589355, 2.1169872283935547, 2.071749448776245, 2.0399327278137207, 2.0019516944885254, 1.9545944929122925, 1.9435992240905762, 1.919991135597229, 1.8931587934494019, 1.8792393207550049, 1.8649942874908447, 1.8593976497650146, 1.8505529165267944, 1.8336056470870972, 1.8253390789031982, 1.820138692855835, 1.8076093196868896, 1.7973443269729614, 1.7810425758361816, 1.7797445058822632, 1.7745161056518555, 1.7711971998214722, 1.766369104385376, 1.753431797027588, 1.7512332201004028, 1.7413134574890137, 1.7336735725402832, 1.7307063341140747, 1.7173622846603394, 1.7151292562484741, 1.7166680097579956, 1.7135214805603027, 1.7083510160446167, 1.6935763359069824, 1.689756155014038, 1.6851199865341187, 1.6774173974990845, 1.6748369932174683, 1.660773515701294, 1.6589504480361938, 1.658652424812317, 1.649977207183838, 1.644421100616455, 1.6426881551742554, 1.6352753639221191, 1.6223803758621216, 1.6347061395645142, 1.6124447584152222, 1.613338589668274, 1.6093742847442627, 1.6063896417617798, 1.6015971899032593, 1.5876779556274414, 1.5864078998565674, 1.5882521867752075, 1.5783833265304565, 1.5730259418487549, 1.5682921409606934, 1.563977599143982, 1.5565698146820068, 1.555191993713379, 1.5520524978637695, 1.540078043937683, 1.5394645929336548, 1.5308375358581543, 1.5337655544281006, 1.5302668809890747, 1.526398777961731, 1.5093638896942139, 1.5089757442474365, 1.5043883323669434, 1.4972529411315918, 1.4978275299072266, 1.482117772102356, 1.4853036403656006, 1.4724875688552856, 1.4658868312835693, 1.4646835327148438, 1.462587833404541, 1.4505703449249268, 1.4488577842712402, 1.4390442371368408, 1.4447746276855469, 1.4317597150802612, 1.426410436630249, 1.4201483726501465, 1.419113278388977, 1.409240961074829, 1.4039232730865479, 1.4035186767578125, 1.390385627746582, 1.381148099899292, 1.3867275714874268, 1.3691761493682861, 1.3646366596221924, 1.3640848398208618, 1.3555638790130615, 1.3448065519332886, 1.339905023574829, 1.3392138481140137, 1.3278874158859253, 1.3140085935592651, 1.3043851852416992, 1.302834391593933, 1.296169400215149, 1.2887102365493774, 1.2824758291244507, 1.2720060348510742, 1.2628588676452637, 1.254548192024231, 1.2448110580444336, 1.241331934928894, 1.2343190908432007, 1.2212599515914917, 1.2156907320022583, 1.2063961029052734, 1.200569748878479, 1.1866202354431152, 1.1808212995529175, 1.1733930110931396, 1.1705121994018555, 1.1579229831695557, 1.1547887325286865, 1.1443320512771606, 1.139505386352539, 1.1356033086776733, 1.1265519857406616, 1.1137726306915283, 1.105857491493225, 1.1046397686004639, 1.100650429725647, 1.0969734191894531, 1.0861223936080933, 1.089740514755249, 1.0778672695159912, 1.07688570022583, 1.0708450078964233, 1.0622632503509521, 1.0623289346694946, 1.0459504127502441, 1.045189619064331, 1.0524377822875977, 1.0408128499984741, 1.0359511375427246, 1.0313615798950195, 1.0237613916397095, 1.0273866653442383, 1.0169131755828857, 1.0095723867416382, 1.0014704465866089, 0.9959374070167542, 0.9972503185272217, 0.9941765069961548, 0.986206591129303, 0.9879135489463806, 0.9872903227806091, 0.9776675701141357, 0.9743198752403259, 0.9586496353149414, 0.9581187963485718, 0.9537249207496643, 0.9528522491455078, 0.9406757354736328, 0.9460592269897461, 0.9418231844902039, 0.9349464178085327, 0.9322100281715393, 0.9268813133239746, 0.9258176684379578, 0.9180421829223633], "rmse": [1.6163994073867798, 1.5575907230377197, 1.548501968383789, 1.5425164699554443, 1.539674162864685, 1.5368343591690063, 1.5333410501480103, 1.5305758714675903, 1.5300166606903076, 1.5269293785095215, 1.526194453239441, 1.5240919589996338, 1.5192217826843262, 1.5177403688430786, 1.5134198665618896, 1.5100818872451782, 1.50324285030365, 1.49543297290802, 1.485769510269165, 1.4754338264465332, 1.4622068405151367, 1.4521092176437378, 1.435011386871338, 1.4195489883422852, 1.4069420099258423, 1.3942497968673706, 1.3777273893356323, 1.3731908798217773, 1.366647481918335, 1.3562819957733154, 1.3510243892669678, 1.3461053371429443, 1.3435938358306885, 1.3408092260360718, 1.3341885805130005, 1.3314613103866577, 1.3296542167663574, 1.3247288465499878, 1.3211112022399902, 1.3151183128356934, 1.3144128322601318, 1.3124698400497437, 1.3115969896316528, 1.309826374053955, 1.3063242435455322, 1.3048332929611206, 1.3011205196380615, 1.2980852127075195, 1.296330451965332, 1.292100429534912, 1.2917137145996094, 1.292724609375, 1.2906513214111328, 1.2883062362670898, 1.2836796045303345, 1.2817569971084595, 1.2797067165374756, 1.277434229850769, 1.2762528657913208, 1.2709510326385498, 1.2697817087173462, 1.2696110010147095, 1.2670866250991821, 1.2652215957641602, 1.2644284963607788, 1.2611126899719238, 1.2561579942703247, 1.2607605457305908, 1.2524586915969849, 1.25215482711792, 1.2515239715576172, 1.250272512435913, 1.2483924627304077, 1.2427808046340942, 1.2416428327560425, 1.2431098222732544, 1.2391293048858643, 1.2373570203781128, 1.235113501548767, 1.2332813739776611, 1.2306749820709229, 1.2297621965408325, 1.2292958498001099, 1.2240960597991943, 1.2238162755966187, 1.2203607559204102, 1.2208914756774902, 1.2194150686264038, 1.218790054321289, 1.21253502368927, 1.2115118503570557, 1.2095513343811035, 1.20658540725708, 1.206931710243225, 1.2014493942260742, 1.2018072605133057, 1.1964309215545654, 1.1941224336624146, 1.1935169696807861, 1.1922199726104736, 1.188264012336731, 1.1879953145980835, 1.1829352378845215, 1.1850030422210693, 1.1795917749404907, 1.17789626121521, 1.1751548051834106, 1.1749924421310425, 1.1701865196228027, 1.1682151556015015, 1.1679264307022095, 1.1626801490783691, 1.158850908279419, 1.1603745222091675, 1.1538413763046265, 1.151123285293579, 1.1519391536712646, 1.147816777229309, 1.1430953741073608, 1.1402902603149414, 1.1404842138290405, 1.1358647346496582, 1.1299887895584106, 1.1251741647720337, 1.1242632865905762, 1.1217830181121826, 1.1187993288040161, 1.1162817478179932, 1.1104493141174316, 1.107338786125183, 1.103270411491394, 1.0987085103988647, 1.096716046333313, 1.0941625833511353, 1.0878007411956787, 1.0853391885757446, 1.0812528133392334, 1.0780314207077026, 1.0713582038879395, 1.0690089464187622, 1.0653806924819946, 1.063761591911316, 1.0579816102981567, 1.0557962656021118, 1.0509560108184814, 1.0493189096450806, 1.0475901365280151, 1.0434505939483643, 1.037551760673523, 1.0337920188903809, 1.0328190326690674, 1.0308634042739868, 1.0290582180023193, 1.024061679840088, 1.0252208709716797, 1.0203640460968018, 1.018627643585205, 1.0156779289245605, 1.0125136375427246, 1.0123605728149414, 1.0048730373382568, 1.003691554069519, 1.007771611213684, 1.0018755197525024, 0.999172031879425, 0.9978452920913696, 0.9939514994621277, 0.9959268569946289, 0.9896044135093689, 0.986473798751831, 0.9824711084365845, 0.9804354310035706, 0.9803732633590698, 0.977959156036377, 0.9749177694320679, 0.9753725528717041, 0.9749014377593994, 0.9703074097633362, 0.9685363173484802, 0.96120285987854, 0.9609402418136597, 0.9582214951515198, 0.958342969417572, 0.9518542885780334, 0.9534410238265991, 0.9525769948959351, 0.9486207365989685, 0.9473543763160706, 0.9449441432952881, 0.9434729814529419, 0.9394751787185669],