{"n_parameters": 342897, "training_time": 21604.782723903656, "loss": [2.7254836559295654, 2.4857470989227295, 2.3407139778137207, 2.1967661380767822, 2.0400631427764893, 1.8810888528823853, 1.7521357536315918, 1.6607835292816162, 1.5976686477661133, 1.552633285522461, 1.5060710906982422, 1.4697209596633911, 1.4437053203582764, 1.4113656282424927, 1.3876023292541504, 1.3614284992218018, 1.341617465019226, 1.3191343545913696, 1.300032138824463, 1.2734028100967407, 1.2494544982910156, 1.2307995557785034, 1.2115381956100464, 1.1857213973999023, 1.1670429706573486, 1.150688648223877, 1.1275715827941895, 1.1052961349487305, 1.0853863954544067, 1.0566198825836182, 1.0338307619094849, 1.017852783203125, 0.9916653633117676, 0.9740868210792542, 0.9531809687614441, 0.9388642907142639, 0.9162877202033997, 0.88947594165802, 0.8793767690658569, 0.8617650866508484, 0.8407086133956909, 0.8240007758140564, 0.8022031784057617, 0.7854644656181335, 0.7704415321350098, 0.7554067373275757, 0.7407186627388, 0.7306399345397949, 0.7144007086753845, 0.6995295286178589, 0.6849828958511353, 0.6763864159584045, 0.66432124376297, 0.6545480489730835, 0.6444206833839417, 0.6367080211639404, 0.6256750822067261, 0.6205049157142639, 0.6134817600250244, 0.6021248698234558, 0.5946131944656372, 0.5901504158973694, 0.5831438899040222, 0.576767086982727, 0.5691595077514648, 0.5653116703033447, 0.5587447285652161, 0.5538338422775269, 0.5470482110977173, 0.5440885424613953, 0.5357845425605774, 0.5334471464157104, 0.526347815990448, 0.5240440368652344, 0.5182521343231201, 0.5109949707984924, 0.5128318071365356, 0.5070351362228394, 0.5025553107261658, 0.4988768696784973, 0.4938904941082001, 0.48925673961639404, 0.4894421398639679, 0.4818311333656311, 0.4811006486415863, 0.4728507697582245, 0.47038576006889343, 0.4692226052284241, 0.46642178297042847, 0.458344042301178, 0.45921677350997925, 0.45515215396881104, 0.4487660825252533, 0.4461323022842407, 0.4465238153934479, 0.44079214334487915, 0.43943166732788086, 0.43651536107063293, 0.43524473905563354, 0.4327060282230377, 0.4289107918739319, 0.42419251799583435, 0.4226595163345337, 0.42020314931869507, 0.41812726855278015, 0.4146392047405243, 0.4091110825538635, 0.41093146800994873, 0.4071139395236969, 0.40403032302856445, 0.40284472703933716, 0.39908650517463684, 0.3951226472854614, 0.3969435393810272, 0.39602476358413696, 0.3950643837451935, 0.3902266323566437, 0.3907664716243744, 0.38551852107048035, 0.38281142711639404, 0.3838580846786499, 0.3815276622772217, 0.38016068935394287, 0.37555575370788574, 0.37615787982940674, 0.3688787817955017, 0.37203118205070496, 0.3692687451839447, 0.36904019117355347, 0.36640581488609314, 0.3653857409954071, 0.3647290766239166, 0.36276212334632874, 0.36012616753578186, 0.35711297392845154, 0.35495004057884216, 0.35484445095062256, 0.3532502353191376, 0.3541564643383026, 0.3492893874645233, 0.34973543882369995, 0.34756219387054443, 0.34345266222953796, 0.34696224331855774, 0.34614214301109314, 0.3433900475502014, 0.3427155911922455, 0.34163698554039, 0.33934471011161804, 0.3391630947589874, 0.33868491649627686, 0.33560365438461304, 0.33726730942726135, 0.3333856761455536, 0.33344635367393494, 0.3309120833873749, 0.3323196768760681, 0.3323633670806885, 0.3293207585811615, 0.32531243562698364, 0.3260713517665863, 0.32268258929252625, 0.32316097617149353, 0.32402974367141724, 0.32174575328826904, 0.32119661569595337, 0.32033419609069824, 0.31884002685546875, 0.3183414340019226, 0.31779420375823975, 0.3142588436603546, 0.31510213017463684, 0.31462857127189636, 0.31441789865493774, 0.3132227659225464, 0.3094998896121979, 0.3130936622619629, 0.30910417437553406], "rmse": [1.6308058500289917, 1.556969165802002, 1.5100091695785522, 1.4611091613769531, 1.407794713973999, 1.3505219221115112, 1.303146243095398, 1.2698322534561157, 1.2461479902267456, 1.228706955909729, 1.21025550365448, 1.1958768367767334, 1.1852035522460938, 1.1724915504455566, 1.1624622344970703, 1.1511869430541992, 1.1432538032531738, 1.1335008144378662, 1.124711275100708, 1.1136507987976074, 1.1030813455581665, 1.095031976699829, 1.0863261222839355, 1.0746952295303345, 1.0658903121948242, 1.058767557144165, 1.0481902360916138, 1.0379674434661865, 1.0281798839569092, 1.0151861906051636, 1.0040404796600342, 0.996131956577301, 0.9830743074417114, 0.9742420315742493, 0.9632134437561035, 0.956220269203186, 0.9446746706962585, 0.9306733012199402, 0.9253301620483398, 0.9153879284858704, 0.9044961929321289, 0.8961379528045654, 0.8838770985603333, 0.8739975094795227, 0.866200864315033, 0.8576637506484985, 0.849173367023468, 0.8434142470359802, 0.8333214521408081, 0.825040340423584, 0.8162594437599182, 0.8109236359596252, 0.8039368987083435, 0.7974864840507507, 0.7921704053878784, 0.7872712016105652, 0.7802841663360596, 0.7767184376716614, 0.7727921605110168, 0.76503586769104, 0.76036137342453, 0.7577325701713562, 0.7528635263442993, 0.7491377592086792, 0.744251549243927, 0.741704523563385, 0.7372698187828064, 0.7339232563972473, 0.7295402884483337, 0.7274101376533508, 0.721910834312439, 0.7204821705818176, 0.7156534790992737, 0.7142794132232666, 0.709848165512085, 0.7055402994155884, 0.7063152194023132, 0.7022491097450256, 0.699033796787262, 0.6965484619140625, 0.6934963464736938, 0.6896718144416809, 0.6895187497138977, 0.6845918297767639, 0.684067964553833, 0.678482174873352, 0.6764446496963501, 0.6754631996154785, 0.6730954051017761, 0.6676079034805298, 0.668292760848999, 0.6655663251876831, 0.6606160402297974, 0.6587550640106201, 0.6593984365463257, 0.654869556427002, 0.653866708278656, 0.6518042683601379, 0.6508243083953857, 0.6491267681121826, 0.645920991897583, 0.6422698497772217, 0.6413365006446838, 0.6395958662033081, 0.6381508708000183, 0.6352135539054871, 0.6313208341598511, 0.6327453255653381, 0.6295318007469177, 0.6270667314529419, 0.626369059085846, 0.6230289936065674, 0.6203498244285583, 0.6218585968017578, 0.6209413409233093, 0.6199649572372437, 0.6164734959602356, 0.6168588995933533, 0.6123343706130981, 0.6106692552566528, 0.6116918921470642, 0.6095873713493347, 0.608091413974762, 0.6043918132781982, 0.6057066917419434, 0.5991488099098206, 0.6016573905944824, 0.5992432832717896, 0.5994031429290771, 0.5972974896430969, 0.596333384513855, 0.5957575440406799, 0.5945444703102112, 0.591990053653717, 0.5895686149597168, 0.5876956582069397, 0.5879599452018738, 0.5865433216094971, 0.5873495936393738, 0.5829849243164062, 0.5835356116294861, 0.5820010900497437, 0.5784754157066345, 0.5808854103088379, 0.5805021524429321, 0.5788637399673462, 0.5777312517166138, 0.5768871307373047, 0.5748277902603149, 0.5746486186981201, 0.5740727186203003, 0.5718023777008057, 0.5728711485862732, 0.5696273446083069, 0.570136308670044, 0.5679952502250671, 0.5688283443450928, 0.5686754584312439, 0.5661932826042175, 0.5630645155906677, 0.5635047554969788, 0.5605313777923584, 0.5610989332199097, 0.5618201494216919, 0.5598269701004028, 0.5595350861549377, 0.55859375, 0.5568939447402954, 0.5566923022270203, 0.5561107397079468, 0.553017258644104, 0.5538168549537659, 0.5534785389900208, 0.5533734560012817, 0.5526518225669861, 0.5487633347511292, 0.5519428253173828, 0.5485939383506775],