{"n_parameters": 176769, "training_time": 7778.943101406097, "loss": [2.6571409702301025, 2.4151625633239746, 2.3380303382873535, 2.2658164501190186, 2.1896071434020996, 2.1130101680755615, 2.0419161319732666, 1.9691351652145386, 1.8975896835327148, 1.8262431621551514, 1.7543814182281494, 1.6829885244369507, 1.6114249229431152, 1.5408666133880615, 1.4743603467941284, 1.4123802185058594, 1.3573555946350098, 1.3057706356048584, 1.2626107931137085, 1.2240381240844727, 1.189780831336975, 1.1608669757843018, 1.1363528966903687, 1.112781047821045, 1.0931929349899292, 1.0758494138717651, 1.0592790842056274, 1.043807029724121, 1.0312342643737793, 1.0192785263061523, 1.0057555437088013, 0.9956235885620117, 0.9859856367111206, 0.9761232137680054, 0.9668962359428406, 0.9583057165145874, 0.9487285614013672, 0.940491795539856, 0.9320167303085327, 0.924637496471405, 0.9149207472801208, 0.9098165035247803, 0.9016042947769165, 0.8957570791244507, 0.8870854377746582, 0.8815821409225464, 0.8728421330451965, 0.8680383563041687, 0.8606922030448914, 0.8533000349998474, 0.8482751250267029, 0.8425789475440979, 0.8346380591392517, 0.8289598226547241, 0.8213071823120117, 0.8143742680549622, 0.8092107176780701, 0.8025319576263428, 0.7961952686309814, 0.792232871055603, 0.7850690484046936, 0.7793410420417786, 0.7744557857513428, 0.7693305015563965, 0.7632649540901184, 0.7567533254623413, 0.7512755990028381, 0.7450809478759766, 0.7426125407218933, 0.735340416431427, 0.7313526272773743, 0.7247999906539917, 0.7182482481002808, 0.7137874364852905, 0.709370493888855, 0.7021899819374084, 0.6967200040817261, 0.693421483039856, 0.6877216100692749, 0.681877076625824, 0.6752743124961853, 0.6704038977622986, 0.6662998795509338, 0.6607681512832642, 0.6555324196815491, 0.6493752598762512, 0.6442084908485413, 0.639178454875946, 0.6331266164779663, 0.6291757225990295, 0.6232776641845703, 0.617749810218811, 0.6112518310546875, 0.605842649936676, 0.6025151014328003, 0.596215546131134, 0.5903923511505127, 0.5856785178184509, 0.579562246799469, 0.57781583070755, 0.5697811841964722, 0.5642604827880859, 0.5599275231361389, 0.555801272392273, 0.5497556924819946, 0.5440182089805603, 0.5384025573730469, 0.5343377590179443, 0.5290159583091736, 0.5231128931045532, 0.5189393162727356, 0.5149316191673279, 0.5065234303474426, 0.5025179982185364, 0.49802350997924805, 0.49266478419303894, 0.4879809617996216, 0.4824599027633667, 0.4774625897407532, 0.47296300530433655, 0.46753114461898804, 0.46359583735466003, 0.4578166902065277, 0.4536389112472534, 0.447243869304657, 0.44112980365753174, 0.4373013377189636, 0.43703973293304443, 0.4294368028640747, 0.42523252964019775, 0.4210188686847687, 0.41607213020324707, 0.41351568698883057, 0.408791184425354, 0.4040989279747009, 0.4021807014942169, 0.3981340527534485, 0.39398446679115295, 0.3913431465625763, 0.38819536566734314, 0.3865489065647125, 0.38115936517715454, 0.3788580000400543, 0.3758223056793213, 0.3731827437877655, 0.3702191710472107, 0.3678611218929291, 0.36359748244285583, 0.36187633872032166, 0.36115023493766785, 0.35650694370269775, 0.35584113001823425, 0.3533105254173279, 0.35099655389785767, 0.34940072894096375, 0.346920907497406, 0.34687358140945435, 0.3421150743961334, 0.34214067459106445, 0.33960169553756714, 0.33684438467025757, 0.3359580636024475, 0.33465516567230225, 0.3313268721103668, 0.3313276171684265, 0.32903236150741577, 0.32748857140541077, 0.32565805315971375, 0.3250786066055298, 0.322561651468277, 0.32054373621940613, 0.3205265402793884, 0.3192579448223114, 0.31549835205078125, 0.3166079521179199, 0.31473255157470703, 0.31451353430747986, 0.31193533539772034, 0.3099347651004791, 0.311638742685318, 0.31056806445121765, 0.3078124225139618, 0.3071537911891937, 0.30839791893959045, 0.3055639863014221, 0.30256399512290955, 0.3023221790790558, 0.30208805203437805, 0.3006960153579712, 0.2995196580886841, 0.2985868752002716, 0.2976532280445099, 0.29612672328948975, 0.29640716314315796, 0.2959118187427521, 0.2925834059715271, 0.29354962706565857, 0.29215821623802185, 0.2914200723171234, 0.29069820046424866, 0.2904989719390869, 0.2881678640842438, 0.289091020822525, 0.28622421622276306, 0.2857321798801422, 0.2855028808116913, 0.2849738299846649, 0.2846653461456299, 0.2834618091583252, 0.28226760029792786, 0.2821267545223236, 0.28177645802497864, 0.28118109703063965, 0.2813699245452881, 0.2800208330154419, 0.2792196571826935, 0.27955448627471924, 0.2771858274936676, 0.2776413559913635, 0.27617114782333374, 0.2754030227661133, 0.2744796872138977, 0.27442467212677, 0.27433842420578003, 0.27370983362197876, 0.2737974524497986, 0.27194714546203613, 0.27031606435775757, 0.27201518416404724, 0.2710115313529968, 0.27074044942855835, 0.2684156596660614, 0.26894471049308777, 0.2684483528137207, 0.26896098256111145, 0.267397940158844, 0.2675779461860657, 0.26571452617645264, 0.2670488953590393, 0.26677611470222473, 0.2647875249385834, 0.26430660486221313, 0.2649292051792145, 0.2621499001979828],