{"n_parameters": 61057, "training_time": 995.9054126739502, "loss": [2.712615966796875, 2.473069429397583, 2.4678080081939697, 2.4665801525115967, 2.46528959274292, 2.464855909347534, 2.4645345211029053, 2.460231304168701, 2.462423324584961, 2.4585275650024414, 2.4541985988616943, 2.4593863487243652, 2.4571948051452637, 2.456442356109619, 2.457801103591919, 2.452007293701172, 2.451961040496826, 2.452759027481079, 2.4527065753936768, 2.4551451206207275, 2.450380802154541, 2.4485297203063965, 2.4509778022766113, 2.4484970569610596, 2.4476661682128906, 2.4475438594818115, 2.449726104736328], "rmse": [1.6210269927978516, 1.551510214805603, 1.5508863925933838, 1.5503243207931519, 1.550575852394104, 1.5488238334655762, 1.5494987964630127, 1.547433614730835, 1.5479236841201782, 1.547040581703186, 1.5449039936065674, 1.546862006187439, 1.5460355281829834, 1.5463900566101074, 1.545758843421936, 1.5448814630508423, 1.5442384481430054, 1.5454291105270386, 1.5445257425308228, 1.546345829963684, 1.5441218614578247, 1.5435559749603271, 1.5443027019500732, 1.5436153411865234, 1.5432381629943848, 1.5438312292099, 1.5442848205566406], "val_loss": [2.5039255619049072, 2.5053036212921143, 2.503966808319092, 2.504206657409668, 2.5040242671966553, 2.5032217502593994, 2.5035572052001953, 2.5036227703094482, 2.5031490325927734, 2.502788782119751, 2.5032763481140137, 2.5025522708892822, 2.502770185470581, 2.502427577972412, 2.50242018699646, 2.502030372619629, 2.501919984817505, 2.501919746398926, 2.5018980503082275, 2.502002239227295, 2.5017616748809814, 2.501601457595825, 2.50188946723938, 2.5024163722991943, 2.501784563064575, 2.503122568130493, 2.5016136169433594], "val_rmse": [1.5580438375473022, 1.5583851337432861, 1.5580101013183594, 1.5580692291259766, 1.558014154434204, 1.5578246116638184, 1.5578839778900146, 1.5578958988189697, 1.557828664779663, 1.5576798915863037, 1.5577900409698486, 1.5576117038726807, 1.557720422744751, 1.5575486421585083, 1.557539463043213, 1.5574462413787842, 1.5574101209640503, 1.557442307472229, 1.55740487575531, 1.5574157238006592, 1.557352066040039, 1.5573334693908691, 1.5574395656585693, 1.5575273036956787, 1.557371973991394, 1.557725429534912, 1.5573111772537231]}