{"n_parameters": 507857, "training_time": 2768.8618874549866, "loss": [2.965857982635498, 2.724297523498535, 2.6185121536254883, 2.5572006702423096, 2.515730381011963, 2.481292247772217, 2.4585657119750977, 2.435873031616211, 2.4027812480926514, 2.3726329803466797, 2.341108560562134, 2.2860193252563477, 2.229017496109009, 2.1558172702789307, 2.080477237701416, 2.0058956146240234, 1.9337941408157349, 1.8904210329055786, 1.858840823173523, 1.8290326595306396, 1.8102574348449707], "rmse": [1.702445387840271, 1.6301807165145874, 1.5984669923782349, 1.5788160562515259, 1.567035436630249, 1.554901123046875, 1.5480140447616577, 1.5409657955169678, 1.5304334163665771, 1.5204188823699951, 1.5095343589782715, 1.491740107536316, 1.472533106803894, 1.4483217000961304, 1.4222688674926758, 1.3966478109359741, 1.3708139657974243, 1.3555272817611694, 1.3441708087921143, 1.333038568496704, 1.32642662525177], "val_loss": [2.815533399581909, 2.7306125164031982, 2.576028823852539, 2.4966583251953125, 2.467681646347046, 2.428356409072876, 2.4147799015045166, 2.4172229766845703, 2.3933653831481934, 2.3502371311187744, 2.2667605876922607, 2.2018065452575684, 2.1289799213409424, 2.0384788513183594, 1.9933671951293945, 1.9803375005722046, 2.004655599594116, 2.0300164222717285, 1.9966825246810913, 2.018977642059326, 2.017094135284424], "val_rmse": [1.6551638841629028, 1.628888726234436, 1.5807288885116577, 1.555762529373169, 1.546425461769104, 1.5336270332336426, 1.5292571783065796, 1.5299911499023438, 1.522167444229126, 1.507980227470398, 1.4805458784103394, 1.4588422775268555, 1.43407142162323, 1.4031879901885986, 1.3883596658706665, 1.3854732513427734, 1.3952938318252563, 1.4049845933914185, 1.3941024541854858, 1.4026390314102173, 1.4021435976028442]}