{"n_parameters": 430801, "training_time": 1644.244571685791, "loss": [2.7967746257781982, 2.6158607006073, 2.5620687007904053, 2.5310702323913574, 2.509124279022217, 2.487499475479126, 2.476079225540161, 2.4623210430145264, 2.4574897289276123, 2.444404363632202, 2.4319944381713867, 2.4283499717712402, 2.4234726428985596], "rmse": [1.650041937828064, 1.5969892740249634, 1.5807945728302002, 1.5704892873764038, 1.564121961593628, 1.5573043823242188, 1.5537359714508057, 1.5485398769378662, 1.5473718643188477, 1.5434281826019287, 1.539502739906311, 1.5385593175888062, 1.537614107131958], "val_loss": [2.502870798110962, 2.4752960205078125, 2.4789013862609863, 2.4599857330322266, 2.4674744606018066, 2.48917293548584, 2.467694044113159, 2.4472434520721436, 2.477332592010498, 2.4852731227874756, 2.4915711879730225, 2.461238384246826, 2.5296311378479004], "val_rmse": [1.5583961009979248, 1.5497918128967285, 1.551040768623352, 1.5451233386993408, 1.5474623441696167, 1.554343581199646, 1.547560453414917, 1.5410982370376587, 1.5505608320236206, 1.5530717372894287, 1.5549838542938232, 1.5453976392745972, 1.5669702291488647]}