{"n_parameters": 249441, "training_time": 17456.25439596176, "loss": [2.5070974826812744, 2.3382833003997803, 2.262218952178955, 2.185107946395874, 2.093428134918213, 1.9946873188018799, 1.8869601488113403, 1.7663387060165405, 1.6516746282577515, 1.5523202419281006, 1.4754700660705566, 1.4117947816848755, 1.3650617599487305, 1.328064203262329, 1.2985399961471558, 1.270018458366394, 1.249859094619751, 1.226530909538269, 1.2089859247207642, 1.1889175176620483, 1.1705410480499268, 1.1567038297653198, 1.1396849155426025, 1.126055121421814, 1.1103906631469727, 1.0883103609085083, 1.070654273033142, 1.0594666004180908, 1.0436882972717285, 1.0217576026916504, 1.0113863945007324, 0.9883833527565002, 0.9705018401145935, 0.9535036683082581, 0.9328926205635071, 0.916081964969635, 0.9001540541648865, 0.8837790489196777, 0.8634688258171082, 0.8463951349258423, 0.8336198925971985, 0.8111813068389893, 0.7982997298240662, 0.7848038077354431, 0.7675341367721558, 0.7558642029762268, 0.7437371611595154, 0.728239893913269, 0.7193865776062012, 0.7051286101341248, 0.6937586665153503, 0.6858632564544678, 0.6795562505722046, 0.6649970412254333, 0.6571215391159058, 0.6512483358383179, 0.6437123417854309, 0.6365762948989868, 0.6264568567276001, 0.6224421858787537, 0.6116459965705872, 0.6079802513122559, 0.6011324524879456, 0.5927347540855408, 0.5888141989707947, 0.5814505815505981, 0.5749558210372925, 0.5696634650230408, 0.5635309815406799, 0.5603861808776855, 0.5532761812210083, 0.5454404354095459, 0.5369588136672974, 0.5362967252731323, 0.5330789089202881, 0.5208473205566406, 0.5184428691864014, 0.5113440155982971, 0.5085310339927673, 0.5041353106498718, 0.49836668372154236, 0.493383526802063, 0.491596519947052, 0.4848923981189728, 0.48042577505111694, 0.4748307764530182, 0.47314298152923584, 0.47154712677001953, 0.4658734202384949, 0.4596911370754242, 0.45734238624572754, 0.45286914706230164, 0.449757844209671, 0.44837790727615356, 0.4410395920276642, 0.44186344742774963, 0.4368361830711365, 0.436321884393692, 0.43381646275520325, 0.42977553606033325, 0.42484328150749207, 0.42086106538772583, 0.4176715910434723, 0.41751956939697266, 0.4180299937725067, 0.4135573208332062, 0.41120150685310364, 0.4058895707130432, 0.4060196876525879, 0.402797132730484, 0.40039506554603577, 0.40139076113700867, 0.3982554078102112, 0.3964500427246094, 0.3905913233757019, 0.3910398483276367, 0.38783395290374756, 0.3857511579990387, 0.38354364037513733, 0.3831287622451782, 0.37942713499069214, 0.37879320979118347, 0.3771812617778778, 0.3736201822757721, 0.3718261122703552, 0.37406033277511597, 0.36920472979545593, 0.36702531576156616, 0.3672492504119873, 0.3652602732181549, 0.36259543895721436, 0.3605821132659912, 0.36152344942092896, 0.35562989115715027, 0.3544960916042328, 0.35370707511901855, 0.3542371392250061, 0.35180899500846863, 0.35121721029281616, 0.34650570154190063, 0.34771445393562317, 0.34395959973335266, 0.3455577492713928, 0.3408047556877136, 0.34106314182281494, 0.33967530727386475, 0.33505526185035706, 0.33783525228500366, 0.33590349555015564, 0.33854618668556213, 0.3326038718223572, 0.33054211735725403, 0.3319041430950165, 0.3294138014316559, 0.3294914662837982, 0.3277604579925537, 0.3276633620262146, 0.32402610778808594, 0.3233136236667633, 0.3236640989780426, 0.3198662996292114, 0.31897345185279846, 0.3202909231185913, 0.31691548228263855, 0.3166530728340149, 0.3162030875682831, 0.3173382580280304, 0.31464704871177673, 0.31230929493904114, 0.3133912682533264, 0.31086650490760803, 0.3095138370990753, 0.30862221121788025, 0.30684125423431396, 0.31000447273254395, 0.30723506212234497, 0.3083306550979614, 0.30687442421913147, 0.3045453429222107, 0.3039025366306305, 0.3006276786327362, 0.3017776608467102, 0.299653023481369, 0.3001147210597992, 0.29948070645332336, 0.2984541356563568, 0.29678624868392944, 0.29695460200309753, 0.29722943902015686, 0.29522454738616943, 0.2937653064727783, 0.2955179512500763, 0.29305049777030945, 0.2918231189250946, 0.29547080397605896, 0.29259297251701355, 0.2913965880870819, 0.2889220714569092, 0.28802981972694397, 0.28863537311553955, 0.28830674290657043, 0.2881539762020111, 0.28629282116889954, 0.284422904253006, 0.2856529653072357, 0.28355929255485535, 0.2808859944343567, 0.2829682230949402, 0.2821427881717682, 0.281792014837265, 0.2790588140487671, 0.28045427799224854, 0.2796783149242401, 0.27750611305236816, 0.2783545255661011, 0.2770615518093109, 0.2767118513584137, 0.27854979038238525, 0.27627164125442505, 0.2768518626689911],