{"n_parameters": 826177, "training_time": 12545.275038719177, "loss": [2.6779420375823975, 2.53670597076416, 2.4939873218536377, 2.475076675415039, 2.463294744491577, 2.4583375453948975, 2.451474905014038, 2.447211742401123, 2.4420273303985596, 2.440904378890991, 2.4342916011810303, 2.4349331855773926, 2.433213233947754, 2.4299278259277344, 2.426586389541626, 2.4280102252960205, 2.4240856170654297, 2.423797369003296, 2.4202661514282227, 2.420051097869873, 2.4164838790893555, 2.4156529903411865, 2.415174961090088, 2.4097092151641846, 2.4111576080322266, 2.4042351245880127, 2.400588274002075, 2.390878438949585, 2.3900790214538574, 2.3855271339416504, 2.375962495803833, 2.3735485076904297, 2.359349250793457, 2.3457882404327393, 2.3341898918151855, 2.3164761066436768, 2.2960143089294434, 2.2780673503875732, 2.251729726791382, 2.2344627380371094, 2.215834856033325, 2.2059638500213623, 2.1801207065582275, 2.166668176651001, 2.1453909873962402, 2.1421492099761963, 2.1254687309265137, 2.1254210472106934, 2.1148509979248047, 2.0846481323242188, 2.0827476978302, 2.07684326171875, 2.0593061447143555, 2.0600178241729736], "rmse": [1.616136074066162, 1.5709660053253174, 1.558810830116272, 1.552309274673462, 1.5490477085113525, 1.5473957061767578, 1.5448801517486572, 1.5429167747497559, 1.5416300296783447, 1.5421981811523438, 1.538946270942688, 1.5383987426757812, 1.5394445657730103, 1.5391178131103516, 1.5368918180465698, 1.537477731704712, 1.5372662544250488, 1.5367274284362793, 1.5355616807937622, 1.5356632471084595, 1.5325530767440796, 1.533522129058838, 1.5336315631866455, 1.5318758487701416, 1.5324658155441284, 1.5305906534194946, 1.5278390645980835, 1.5259206295013428, 1.5267499685287476, 1.5231126546859741, 1.5203688144683838, 1.5201810598373413, 1.5158864259719849, 1.5107808113098145, 1.506892204284668, 1.501455307006836, 1.4953540563583374, 1.4871585369110107, 1.4799957275390625, 1.4733914136886597, 1.4669055938720703, 1.4634363651275635, 1.4548521041870117, 1.4505277872085571, 1.4449036121368408, 1.4433294534683228, 1.4358943700790405, 1.4372071027755737, 1.4332242012023926, 1.4234001636505127, 1.422667384147644, 1.4187729358673096, 1.4147971868515015, 1.414353609085083], "val_loss": [2.502811908721924, 2.494906187057495, 2.4828732013702393, 2.4801690578460693, 2.481227397918701, 2.4736168384552, 2.4675004482269287, 2.4670822620391846, 2.464531183242798, 2.4596126079559326, 2.4630496501922607, 2.45862078666687, 2.4577105045318604, 2.4548096656799316, 2.4555234909057617, 2.4564549922943115, 2.451232433319092, 2.449916124343872, 2.4482014179229736, 2.4492762088775635, 2.437009572982788, 2.4355790615081787, 2.4352128505706787, 2.4344522953033447, 2.4267995357513428, 2.4187166690826416, 2.417240858078003, 2.4057841300964355, 2.4045088291168213, 2.3864827156066895, 2.3592605590820312, 2.3481290340423584, 2.309166193008423, 2.293069839477539, 2.245555877685547, 2.2063679695129395, 2.156893491744995, 2.1188483238220215, 2.072819232940674, 2.0577964782714844, 2.015532970428467, 2.0156898498535156, 1.9764450788497925, 1.957676649093628, 1.9482972621917725, 1.9772495031356812, 1.9540352821350098, 1.9256211519241333, 1.906671404838562, 1.9132908582687378, 1.9219613075256348, 1.9407280683517456, 1.940630555152893, 1.9903230667114258], "val_rmse": [1.55772864818573, 1.5551763772964478, 1.5515801906585693, 1.5507556200027466, 1.5512529611587524, 1.5488017797470093, 1.5469292402267456, 1.5468989610671997, 1.5460984706878662, 1.544547438621521, 1.5456877946853638, 1.5442928075790405, 1.5440101623535156, 1.543047547340393, 1.543297529220581, 1.5437102317810059, 1.541940689086914, 1.5414292812347412, 1.5410101413726807, 1.5411739349365234, 1.5374178886413574, 1.5369107723236084, 1.536704659461975, 1.5364028215408325, 1.5339325666427612, 1.5314338207244873, 1.5308912992477417, 1.5273234844207764, 1.5266597270965576, 1.5208855867385864, 1.5120927095413208, 1.5081470012664795, 1.4955811500549316, 1.4900096654891968, 1.474284291267395, 1.4610638618469238, 1.444423794746399, 1.4315598011016846, 1.416021704673767, 1.4107489585876465, 1.3963148593902588, 1.3965235948562622, 1.383090853691101, 1.376659870147705, 1.3736381530761719, 1.3838787078857422, 1.375927209854126, 1.366084098815918, 1.3595596551895142, 1.3621951341629028, 1.36526358127594, 1.3720593452453613, 1.3722550868988037, 1.3898718357086182]}