{"n_parameters": 231665, "training_time": 18296.6795027256, "loss": [2.4844329357147217, 2.354576587677002, 2.290330410003662, 2.2357640266418457, 2.1764121055603027, 2.1119472980499268, 2.039111852645874, 1.9697514772415161, 1.8967090845108032, 1.8217626810073853, 1.7461292743682861, 1.6778771877288818, 1.6073148250579834, 1.549262285232544, 1.506600022315979, 1.4601396322250366, 1.4257224798202515, 1.3982475996017456, 1.3703852891921997, 1.343815803527832, 1.3239449262619019, 1.3052482604980469, 1.2880842685699463, 1.2650872468948364, 1.2538214921951294, 1.2399474382400513, 1.2282187938690186, 1.2166812419891357, 1.2072125673294067, 1.1994867324829102, 1.1838356256484985, 1.1686872243881226, 1.159416913986206, 1.1508142948150635, 1.1400657892227173, 1.1298984289169312, 1.1237788200378418, 1.1120259761810303, 1.1043699979782104, 1.091239333152771, 1.0846054553985596, 1.0740400552749634, 1.0658553838729858, 1.0531151294708252, 1.0511215925216675, 1.0393580198287964, 1.0296165943145752, 1.022815227508545, 1.013321876525879, 1.0071555376052856, 0.999392569065094, 0.9895585179328918, 0.98174649477005, 0.9734845757484436, 0.9634813070297241, 0.9547492265701294, 0.947449803352356, 0.9371816515922546, 0.930829644203186, 0.9263252019882202, 0.9125117659568787, 0.9046152234077454, 0.8973395824432373, 0.8894157409667969, 0.8838614225387573, 0.8770262598991394, 0.8640566468238831, 0.8533947467803955, 0.8467897176742554, 0.8428068161010742, 0.8314550518989563, 0.81991046667099, 0.8125242590904236, 0.8033822774887085, 0.7982810735702515, 0.7873837947845459, 0.7791907787322998, 0.7716838121414185, 0.7619712352752686, 0.7542306184768677, 0.7489221096038818, 0.7389943599700928, 0.7337805032730103, 0.7250622510910034, 0.7181761264801025, 0.7107594609260559, 0.7013832926750183, 0.6956574320793152, 0.6910367012023926, 0.6862846612930298, 0.672697901725769, 0.6684510707855225, 0.6597298979759216, 0.6566786766052246, 0.6500828862190247, 0.6424883008003235, 0.6360430121421814, 0.6279414892196655, 0.6236616969108582, 0.6171820163726807, 0.6088706254959106, 0.6052712202072144, 0.5960159301757812, 0.5940820574760437, 0.5882048010826111, 0.5818268060684204, 0.5786742568016052, 0.5731001496315002, 0.5637523531913757, 0.5623796582221985, 0.5524909496307373, 0.5483716130256653, 0.545044481754303, 0.5383810997009277, 0.5368773341178894, 0.5300254821777344, 0.52944016456604, 0.5218818783760071, 0.5185102224349976, 0.5115822553634644, 0.5124699473381042, 0.5056005120277405, 0.5034027099609375, 0.49664637446403503, 0.49377623200416565, 0.48998191952705383, 0.4855727255344391, 0.48381492495536804, 0.4819326400756836, 0.4777868390083313, 0.47234201431274414, 0.4676917791366577, 0.46523886919021606, 0.4660194516181946, 0.45961329340934753, 0.4560510516166687, 0.45402729511260986, 0.4514734447002411, 0.4483031928539276, 0.4446173906326294, 0.4426087439060211, 0.44200342893600464, 0.4370776116847992, 0.4370925724506378, 0.4337219297885895, 0.427992582321167, 0.4289311468601227, 0.42751744389533997, 0.4241907298564911, 0.4187439978122711, 0.4160364270210266, 0.4144698679447174, 0.41435909271240234, 0.4150357246398926, 0.4102068841457367, 0.4054030776023865, 0.4061921536922455, 0.3999887704849243, 0.4004722535610199, 0.3975025415420532, 0.39623329043388367, 0.39387047290802, 0.3914659917354584, 0.39150872826576233, 0.38909053802490234, 0.3880726397037506, 0.3854875862598419, 0.383334219455719, 0.38798394799232483, 0.3793148398399353, 0.38029682636260986, 0.3791568875312805, 0.3779204785823822, 0.37269699573516846, 0.3725612461566925, 0.3714081048965454, 0.3693852722644806, 0.3669080138206482, 0.3669721484184265, 0.3659813404083252, 0.36474213004112244, 0.3610382080078125, 0.3595058023929596, 0.36195629835128784, 0.3588285744190216, 0.3574487864971161, 0.35546261072158813, 0.3542998135089874, 0.3530687987804413, 0.3526175320148468, 0.34861645102500916, 0.3504970073699951, 0.34650322794914246, 0.347085565328598, 0.344518780708313, 0.3449154496192932, 0.3427613377571106, 0.3401787579059601, 0.34087100625038147, 0.34234461188316345, 0.33899277448654175, 0.3371397852897644, 0.3362470865249634, 0.3369389474391937, 0.3351552188396454, 0.333522766828537, 0.3339935541152954, 0.33416974544525146, 0.32969558238983154, 0.3281323313713074, 0.32836827635765076, 0.32803013920783997, 0.32683131098747253, 0.3245934844017029, 0.3248482942581177],