{"n_parameters": 338225, "training_time": 11764.405885696411, "loss": [2.5056920051574707, 2.480882406234741, 2.46810245513916, 2.457462787628174, 2.451892852783203, 2.449718713760376, 2.445791721343994, 2.4421255588531494, 2.437035322189331, 2.4378573894500732, 2.430049180984497, 2.4270436763763428, 2.4299027919769287, 2.426086664199829, 2.4243154525756836, 2.4194226264953613, 2.4192137718200684, 2.4163365364074707, 2.412692070007324, 2.4115960597991943, 2.405895709991455, 2.4065322875976562, 2.399522304534912, 2.396357774734497, 2.389719009399414, 2.391169309616089, 2.387657642364502, 2.381843328475952, 2.379312038421631, 2.3698790073394775, 2.3649892807006836, 2.3609702587127686, 2.350987195968628, 2.3504106998443604, 2.3414499759674072, 2.3334012031555176, 2.326105833053589, 2.3179826736450195, 2.3080787658691406, 2.3036937713623047, 2.2935285568237305, 2.282358169555664, 2.2733919620513916, 2.2666311264038086, 2.253958225250244, 2.2350308895111084, 2.228043794631958, 2.217468023300171, 2.2016942501068115, 2.186866283416748, 2.176961898803711, 2.1700093746185303, 2.1562061309814453, 2.1365580558776855, 2.125980854034424, 2.111016035079956, 2.0966808795928955, 2.084507942199707, 2.0674257278442383, 2.058828592300415, 2.0469272136688232, 2.0307819843292236, 2.0177841186523438, 2.0003442764282227, 1.9883184432983398, 1.9805852174758911, 1.9691083431243896, 1.9571795463562012, 1.9522649049758911, 1.9364078044891357, 1.9312231540679932, 1.9254403114318848, 1.9088881015777588, 1.8984235525131226, 1.8880842924118042, 1.889805793762207, 1.8690130710601807, 1.8651819229125977, 1.8611721992492676, 1.8535488843917847, 1.8452820777893066, 1.8338251113891602, 1.8259010314941406, 1.8232641220092773, 1.8148382902145386, 1.8121837377548218, 1.8091139793395996, 1.7911916971206665, 1.7986102104187012, 1.7967666387557983, 1.7867932319641113, 1.7898318767547607, 1.7718489170074463, 1.7752374410629272, 1.770009994506836, 1.7601622343063354, 1.7537567615509033, 1.7498048543930054, 1.7430050373077393, 1.7555826902389526, 1.743638038635254, 1.741884469985962, 1.730384349822998, 1.7314375638961792, 1.7287318706512451, 1.721667766571045, 1.7176175117492676], "rmse": [1.5618559122085571, 1.5542622804641724, 1.5502568483352661, 1.5460772514343262, 1.5447126626968384, 1.545335292816162, 1.5433709621429443, 1.543783187866211, 1.5406203269958496, 1.5412521362304688, 1.5388463735580444, 1.5373609066009521, 1.537277102470398, 1.5367246866226196, 1.535723090171814, 1.5346543788909912, 1.5358960628509521, 1.533495306968689, 1.5324180126190186, 1.5326114892959595, 1.5305261611938477, 1.5304136276245117, 1.529212474822998, 1.5273463726043701, 1.5249321460723877, 1.5263667106628418, 1.5251766443252563, 1.5229711532592773, 1.5219509601593018, 1.5198321342468262, 1.5173369646072388, 1.5157172679901123, 1.5129233598709106, 1.51256263256073, 1.5096216201782227, 1.5080080032348633, 1.504836082458496, 1.5027711391448975, 1.4987469911575317, 1.4977511167526245, 1.4938433170318604, 1.4906501770019531, 1.486951231956482, 1.4852333068847656, 1.4807952642440796, 1.4743677377700806, 1.4714957475662231, 1.469137191772461, 1.4627037048339844, 1.4588475227355957, 1.4559227228164673, 1.4528367519378662, 1.4482303857803345, 1.4412609338760376, 1.4381396770477295, 1.4329382181167603, 1.4275003671646118, 1.4240361452102661, 1.4168522357940674, 1.4145151376724243, 1.4107540845870972, 1.4049241542816162, 1.4006049633026123, 1.3939464092254639, 1.389589548110962, 1.3860251903533936, 1.3819416761398315, 1.3789632320404053, 1.3772025108337402, 1.371408224105835, 1.3697230815887451, 1.3680530786514282, 1.361587405204773, 1.3584120273590088, 1.3536722660064697, 1.354579210281372, 1.3481005430221558, 1.3464832305908203, 1.3439738750457764, 1.34176504611969, 1.3397725820541382, 1.3350991010665894, 1.3319023847579956, 1.330795407295227, 1.328177809715271, 1.327378511428833, 1.324934482574463, 1.319758653640747, 1.3216989040374756, 1.3222050666809082, 1.3171542882919312, 1.3189585208892822, 1.3120142221450806, 1.3134520053863525, 1.3118984699249268, 1.3077075481414795, 1.306046724319458, 1.3045856952667236, 1.3018945455551147, 1.3063185214996338, 1.3019684553146362, 1.3017348051071167, 1.2969086170196533, 1.2980384826660156, 1.2957179546356201, 1.2938868999481201, 1.291244626045227], "val_loss": [2.5117077827453613, 2.4857547283172607, 2.485403060913086, 2.4842307567596436, 2.482632875442505, 2.4798614978790283, 2.4736897945404053, 2.470900297164917, 2.4686388969421387, 2.4675073623657227, 2.464533805847168, 2.4620108604431152, 2.452181100845337, 2.4503462314605713, 2.4462952613830566, 2.4340462684631348, 2.411475419998169, 2.4158005714416504, 2.394792318344116, 2.3954527378082275, 2.3901705741882324, 2.385791540145874, 2.3823888301849365, 2.374903678894043, 2.376645565032959, 2.361611843109131, 2.3513176441192627, 2.3416595458984375, 2.3311216831207275, 2.3212358951568604, 2.311475992202759, 2.2980034351348877, 2.2889633178710938, 2.2734737396240234, 2.2621045112609863, 2.2459466457366943, 2.231154203414917, 2.2217533588409424, 2.2068567276000977, 2.194553852081299, 2.1806130409240723, 2.1655993461608887, 2.1505439281463623, 2.1336421966552734, 2.1133434772491455, 2.0834827423095703, 2.064431667327881, 2.046916961669922, 2.028108835220337, 2.0150277614593506, 1.9946093559265137, 1.97697913646698, 1.9642428159713745, 1.9452769756317139, 1.9273020029067993, 1.9095457792282104, 1.896353840827942, 1.8797234296798706, 1.8639165163040161, 1.8546040058135986, 1.8432731628417969, 1.8314286470413208, 1.8193717002868652, 1.809555172920227, 1.8051364421844482, 1.7942619323730469, 1.787152647972107, 1.7739559412002563, 1.7688888311386108, 1.7629570960998535, 1.7567342519760132, 1.743200659751892, 1.728784441947937, 1.7324126958847046, 1.7327033281326294, 1.7204617261886597, 1.722594976425171, 1.717962622642517, 1.7007259130477905, 1.710495114326477, 1.7000913619995117, 1.713198184967041, 1.7122883796691895, 1.7151217460632324, 1.701229214668274, 1.6895660161972046, 1.6950405836105347, 1.6949913501739502, 1.6842342615127563, 1.7064698934555054, 1.6838375329971313, 1.6903833150863647, 1.675573468208313, 1.683148741722107, 1.7000203132629395, 1.6870362758636475, 1.6719682216644287, 1.6737689971923828, 1.6864413022994995, 1.701427698135376, 1.6731704473495483, 1.6686607599258423, 1.6737077236175537, 1.6889277696609497, 1.6757272481918335, 1.6751288175582886, 1.6770676374435425],