{"n_parameters": 279489, "training_time": 17223.770382642746, "loss": [2.6498007774353027, 2.5508525371551514, 2.4674439430236816, 2.38978910446167, 2.337959051132202, 2.2674789428710938, 2.1983120441436768, 2.117872476577759, 2.053180456161499, 1.9732357263565063, 1.9056051969528198, 1.8267053365707397, 1.7552313804626465, 1.691731572151184, 1.6234744787216187, 1.5688214302062988, 1.5200093984603882, 1.4702082872390747, 1.4267230033874512, 1.3916045427322388, 1.3637765645980835, 1.3403770923614502, 1.30915105342865, 1.2927125692367554, 1.270714282989502, 1.252648949623108, 1.2391749620437622, 1.2233171463012695, 1.2107160091400146, 1.1971938610076904, 1.1870837211608887, 1.1689168214797974, 1.160099983215332, 1.1538621187210083, 1.1487467288970947, 1.1361274719238281, 1.1246038675308228, 1.1194419860839844, 1.1071120500564575, 1.1004027128219604, 1.0918387174606323, 1.0809283256530762, 1.0744657516479492, 1.0733424425125122, 1.0669060945510864, 1.053568959236145, 1.0532983541488647, 1.0408638715744019, 1.0403512716293335, 1.0273476839065552, 1.02371084690094, 1.0196139812469482, 1.0145914554595947, 1.0062214136123657, 1.0008039474487305, 0.9972816705703735, 0.9949241280555725, 0.9841465950012207, 0.9802886247634888, 0.9791157245635986, 0.9687069654464722, 0.9630460143089294, 0.9615994691848755, 0.954077422618866, 0.9470858573913574, 0.9467584490776062, 0.9384089112281799, 0.9376620054244995, 0.9255031943321228, 0.9220337271690369, 0.9135826826095581, 0.9065102338790894, 0.9080191254615784, 0.9025326371192932, 0.900652289390564, 0.8936862945556641, 0.8878361582756042, 0.8858895897865295, 0.8794012069702148, 0.875787079334259, 0.8669701218605042, 0.8656299710273743, 0.8606324791908264, 0.8548959493637085, 0.8468169569969177, 0.8485138416290283, 0.8376293778419495, 0.8336994051933289, 0.8281601667404175, 0.8243981003761292, 0.8205859661102295, 0.8174502849578857, 0.8099119663238525, 0.8033198118209839, 0.7971648573875427, 0.7942120432853699, 0.7905914783477783, 0.784105122089386, 0.7815463542938232, 0.773536741733551, 0.7717286348342896, 0.7655107975006104, 0.7581688761711121, 0.7514798045158386, 0.7480997443199158, 0.7381377816200256, 0.7370102405548096, 0.7293663024902344, 0.7249326109886169, 0.7182068228721619, 0.7170483469963074, 0.7060306072235107, 0.7049199938774109, 0.7002497315406799, 0.6926499009132385, 0.6806979179382324, 0.6789316534996033, 0.6776570677757263, 0.6658754348754883, 0.6610247492790222, 0.6513708233833313, 0.6473470330238342, 0.6423734426498413, 0.6384676694869995, 0.6336154937744141, 0.6280752420425415, 0.6208162307739258, 0.6129665970802307, 0.6105793118476868, 0.6046038269996643, 0.6006456613540649, 0.5901803374290466, 0.5895086526870728, 0.5830439925193787, 0.5782000422477722, 0.5710375905036926, 0.5664659142494202, 0.5629552006721497, 0.5601581335067749, 0.5534944534301758, 0.5487720966339111, 0.5466529130935669, 0.5410937666893005, 0.5344671607017517, 0.5333662033081055, 0.5301757454872131, 0.5252423286437988, 0.5172338485717773, 0.5144200325012207, 0.5103282332420349, 0.5097240209579468, 0.5070170760154724, 0.5015984773635864, 0.4984900653362274, 0.49562159180641174, 0.49237295985221863, 0.4879536032676697, 0.48464950919151306, 0.48256945610046387, 0.4808047413825989, 0.478303998708725, 0.4713327884674072, 0.46896353363990784, 0.46975651383399963, 0.4664360284805298, 0.4616146683692932, 0.4619389772415161, 0.45594263076782227, 0.45395931601524353, 0.44988659024238586, 0.44838207960128784, 0.4465278387069702, 0.4448584318161011, 0.4419824182987213, 0.441782146692276, 0.4413118362426758, 0.4374668300151825, 0.4330797493457794, 0.4324623942375183, 0.43025824427604675, 0.42962998151779175, 0.4283919632434845, 0.4257514476776123, 0.4237651526927948, 0.4206337630748749, 0.419888436794281, 0.4167667627334595, 0.41585102677345276, 0.41564249992370605, 0.41532933712005615, 0.41021862626075745, 0.4074084758758545, 0.4093860387802124, 0.4072686433792114, 0.40563327074050903, 0.40474414825439453], "rmse": [1.6071360111236572, 1.577612042427063, 1.550428867340088, 1.5255531072616577, 1.5083259344100952, 1.485304832458496, 1.460731863975525, 1.433604121208191, 1.4116429090499878, 1.384055495262146, 1.3595322370529175, 1.3308502435684204, 1.3048694133758545, 1.2804204225540161, 1.254360556602478, 1.2334603071212769, 1.2141380310058594, 1.1947156190872192, 1.177321195602417, 1.1635005474090576, 1.1501737833023071, 1.141157865524292, 1.1277025938034058, 1.1208425760269165, 1.1114568710327148, 1.1039260625839233, 1.0978590250015259, 1.0908620357513428, 1.085309386253357, 1.0800118446350098, 1.0750384330749512, 1.067550778388977, 1.0629040002822876, 1.0593469142913818, 1.0580602884292603, 1.0517581701278687, 1.0469621419906616, 1.0448293685913086, 1.0383269786834717, 1.0362075567245483, 1.0320162773132324, 1.0271775722503662, 1.0228201150894165, 1.0228673219680786, 1.0203633308410645, 1.0133090019226074, 1.0139847993850708, 1.0077708959579468, 1.0073407888412476, 1.0007234811782837, 0.9995136260986328, 0.9977198839187622, 0.994944155216217, 0.9910901784896851, 0.9880498647689819, 0.9867278933525085, 0.9848683476448059, 0.9802387356758118, 0.978314995765686, 0.9772735834121704, 0.9727661609649658, 0.9695441126823425, 0.9689337611198425, 0.9650603532791138, 0.9617360234260559, 0.9617380499839783, 0.957099199295044, 0.9566670060157776, 0.9509361386299133, 0.9488755464553833, 0.9448459148406982, 0.9410882592201233, 0.942001223564148, 0.938930332660675, 0.9382110834121704, 0.9343201518058777, 0.9318866729736328, 0.9306880235671997, 0.9273578524589539, 0.9252339005470276, 0.9209142923355103, 0.9195033311843872, 0.9164278507232666, 0.9141586422920227, 0.9093192219734192, 0.9104341864585876, 0.9044908285140991, 0.9022009372711182, 0.8995516896247864, 0.8976498246192932, 0.8958273530006409, 0.8934701681137085, 0.8895875215530396, 0.8861379027366638, 0.8828107118606567, 0.8809072971343994, 0.8786376714706421, 0.8753292560577393, 0.8737455010414124, 0.8690921068191528, 0.8683183193206787, 0.8647880554199219, 0.8603850603103638, 0.8569833040237427, 0.8551026582717896, 0.8489860892295837, 0.8486833572387695, 0.8440093398094177, 0.8419765830039978, 0.8379026055335999, 0.837239146232605, 0.8305553793907166, 0.8299112319946289, 0.8270260095596313, 0.8227307200431824, 0.8157777786254883, 0.8142737746238708, 0.81340092420578, 0.8064772486686707, 0.8039510250091553, 0.797705888748169, 0.795154333114624, 0.7921921610832214, 0.7901294231414795, 0.7871111035346985, 0.7831515073776245, 0.7789238691329956, 0.7736334204673767, 0.7722862958908081, 0.768712043762207, 0.7660019397735596, 0.7595190405845642, 0.7590421438217163, 0.7544314861297607, 0.7517052292823792, 0.746903657913208, 0.7443408966064453, 0.7413853406906128, 0.7398350834846497, 0.7351465225219727, 0.732351541519165, 0.7303100228309631, 0.7271944880485535, 0.7223920822143555, 0.7220693826675415, 0.7200771570205688, 0.7164763808250427, 0.7108175754547119, 0.7086678743362427, 0.7063060998916626, 0.7054261565208435, 0.703669011592865, 0.699933648109436, 0.6978482007980347, 0.6958474516868591, 0.6934533715248108, 0.6901972889900208, 0.6882474422454834, 0.686913251876831, 0.6850033402442932, 0.6837161779403687, 0.6786853671073914, 0.6771901249885559, 0.6774206757545471, 0.6747093200683594, 0.6716210842132568, 0.6716983914375305, 0.6676205992698669, 0.665957510471344, 0.6625439524650574, 0.6614733934402466, 0.6603763699531555, 0.6590425372123718, 0.6567583084106445, 0.6568455696105957, 0.6567976474761963, 0.6534879207611084, 0.6501798629760742, 0.6495037078857422, 0.6484118700027466, 0.6476592421531677, 0.64711993932724, 0.644697904586792, 0.6435214281082153, 0.6404696702957153, 0.6399604678153992, 0.6377890110015869, 0.637398362159729, 0.637274444103241, 0.636888861656189, 0.6327266097068787, 0.6308526396751404, 0.6324418187141418, 0.6308702230453491, 0.6293914318084717, 0.6289101243019104],