{"n_parameters": 203137, "training_time": 16724.692867040634, "loss": [3.377189874649048, 2.4697885513305664, 2.421536445617676, 2.3862149715423584, 2.3604447841644287, 2.334482192993164, 2.3093631267547607, 2.282256841659546, 2.2529335021972656, 2.2158963680267334, 2.173964262008667, 2.1373300552368164, 2.0793521404266357, 2.030137300491333, 1.9754363298416138, 1.9340711832046509, 1.8733669519424438, 1.831025242805481, 1.7899394035339355, 1.7447259426116943, 1.7117023468017578, 1.677460789680481, 1.6458988189697266, 1.619317650794983, 1.5946797132492065, 1.5683112144470215, 1.546754002571106, 1.5313224792480469, 1.5181941986083984, 1.5002164840698242, 1.490916132926941, 1.4756336212158203, 1.4626798629760742, 1.4491537809371948, 1.4409027099609375, 1.4302846193313599, 1.4167505502700806, 1.4108597040176392, 1.3991039991378784, 1.3914768695831299, 1.3842518329620361, 1.375157117843628, 1.3685674667358398, 1.3621084690093994, 1.3538599014282227, 1.3484742641448975, 1.3417185544967651, 1.3371790647506714, 1.3317382335662842, 1.3261322975158691, 1.3207266330718994, 1.3160216808319092, 1.3065598011016846, 1.3067350387573242, 1.3018611669540405, 1.2971827983856201, 1.2910562753677368, 1.2872332334518433, 1.2808159589767456, 1.2769975662231445, 1.2734227180480957, 1.268981695175171, 1.2637313604354858, 1.2601916790008545, 1.2569847106933594, 1.2499278783798218, 1.245857834815979, 1.2422062158584595, 1.2399754524230957, 1.2305690050125122, 1.2327754497528076, 1.2296935319900513, 1.2209018468856812, 1.217465877532959, 1.215673804283142, 1.2104573249816895, 1.209681749343872, 1.2019400596618652, 1.1991894245147705, 1.1945593357086182, 1.1866182088851929, 1.1845492124557495, 1.1814664602279663, 1.1765059232711792, 1.1714729070663452, 1.1676822900772095, 1.1664044857025146, 1.1583937406539917, 1.152552604675293, 1.150316596031189, 1.147196888923645, 1.1367967128753662, 1.1412475109100342, 1.1318185329437256, 1.1294598579406738, 1.1258035898208618, 1.1210533380508423, 1.1175174713134766, 1.1069605350494385, 1.1033326387405396, 1.102570652961731, 1.0916876792907715, 1.0891742706298828, 1.0846457481384277, 1.0808594226837158, 1.0737049579620361, 1.0658867359161377, 1.0641767978668213, 1.059747338294983, 1.0535169839859009, 1.0488510131835938, 1.0441802740097046, 1.0399035215377808, 1.0338239669799805, 1.0277246236801147, 1.0224721431732178, 1.0172480344772339, 1.0129687786102295, 1.008176326751709, 0.9996871948242188, 0.9947889447212219, 0.9894496202468872, 0.9868996143341064, 0.9813010692596436, 0.9711339473724365, 0.9696964621543884, 0.9649497866630554, 0.960282564163208, 0.9501785039901733, 0.9494872689247131, 0.9362590312957764, 0.9347310662269592, 0.9287095069885254, 0.9222330451011658, 0.9186896085739136, 0.9101499319076538, 0.9085525274276733, 0.9055500030517578, 0.8983328342437744, 0.8894972801208496, 0.8852990865707397, 0.8817471265792847, 0.8751839995384216, 0.8684167265892029, 0.8624452948570251, 0.8541126847267151, 0.8528987169265747, 0.8490772843360901, 0.8425044417381287, 0.8329749703407288, 0.8304793238639832, 0.827526330947876, 0.8225240707397461, 0.8173192143440247, 0.8101887106895447, 0.808419942855835, 0.8057113289833069, 0.8008784055709839, 0.7963333129882812, 0.789141058921814, 0.7855263352394104, 0.7842874526977539, 0.7791313529014587, 0.7755731344223022, 0.7713093757629395, 0.7623473405838013, 0.7610757350921631, 0.7586259841918945, 0.7566205263137817, 0.7500742077827454, 0.7477657198905945, 0.7429792881011963, 0.7397613525390625, 0.7435535788536072, 0.7313863635063171, 0.733117401599884, 0.730822741985321, 0.7269974946975708, 0.7241433262825012, 0.7213788628578186, 0.7177647352218628, 0.7131608724594116, 0.7055572867393494, 0.7080187797546387, 0.6996946930885315, 0.7002590298652649, 0.6994320154190063, 0.6948926448822021, 0.6970367431640625, 0.6911957263946533, 0.6873824000358582, 0.6839933395385742, 0.6804540753364563, 0.6792663931846619, 0.6762992739677429, 0.6765828728675842, 0.6730902791023254, 0.6679988503456116, 0.6658684611320496, 0.66330486536026, 0.6614207625389099, 0.6584055423736572, 0.6535483002662659, 0.6554062962532043, 0.6519492864608765, 0.6498382687568665, 0.6477115154266357, 0.647910475730896, 0.6452044248580933, 0.6421564221382141, 0.6389676928520203, 0.636358380317688, 0.6316234469413757, 0.6275637149810791, 0.6287778615951538, 0.6247387528419495, 0.6272798180580139, 0.6241735816001892],