{"n_parameters": 340929, "training_time": 19868.972935914993, "loss": [2.5255703926086426, 2.4097816944122314, 2.3509414196014404, 2.280794382095337, 2.2121851444244385, 2.113471508026123, 2.0042808055877686, 1.9065232276916504, 1.8233600854873657, 1.75186288356781, 1.7027326822280884, 1.6626019477844238, 1.6435256004333496, 1.6036773920059204, 1.582069993019104, 1.5711921453475952, 1.5453245639801025, 1.532067894935608, 1.5136317014694214, 1.4929667711257935, 1.4739243984222412, 1.4578272104263306, 1.4517016410827637, 1.4291174411773682, 1.4195888042449951, 1.406144380569458, 1.3888776302337646, 1.3785426616668701, 1.3661797046661377, 1.3487396240234375, 1.3356285095214844, 1.3218454122543335, 1.3118908405303955, 1.296442985534668, 1.2845118045806885, 1.2669421434402466, 1.2577402591705322, 1.241324782371521, 1.2273651361465454, 1.2181429862976074, 1.2041045427322388, 1.1954561471939087, 1.1738107204437256, 1.165208101272583, 1.1538782119750977, 1.137949824333191, 1.1253830194473267, 1.113430380821228, 1.1001670360565186, 1.0853132009506226, 1.0783661603927612, 1.0592659711837769, 1.0504766702651978, 1.0325826406478882, 1.025987148284912, 1.0088597536087036, 0.9995338916778564, 0.9901513457298279, 0.9759308695793152, 0.9653164744377136, 0.9585584402084351, 0.9451712369918823, 0.9387487769126892, 0.9267136454582214, 0.916822075843811, 0.9119247198104858, 0.8974834084510803, 0.8948332071304321, 0.8869886994361877, 0.87576824426651, 0.8716757297515869, 0.8596838116645813, 0.8529959917068481, 0.8478371500968933, 0.8369719982147217, 0.8270591497421265, 0.8268624544143677, 0.8204999566078186, 0.8066290020942688, 0.7992244362831116, 0.8020810484886169, 0.7911171317100525, 0.7878833413124084, 0.7794114351272583, 0.7743076086044312, 0.7632108330726624, 0.7581638097763062, 0.753632664680481, 0.7457848191261292, 0.7422192692756653, 0.7358782291412354, 0.7339444160461426, 0.7273056507110596, 0.7241889834403992, 0.7166182398796082, 0.7090189456939697, 0.7066932320594788, 0.6993706822395325, 0.6930524110794067, 0.6871904134750366, 0.6833062767982483, 0.6736591458320618, 0.6750261783599854, 0.6692119836807251, 0.6647011041641235, 0.6576884984970093, 0.6508172750473022, 0.6470357179641724, 0.6442062258720398, 0.6324871182441711, 0.6354300379753113, 0.62508225440979, 0.6203434467315674, 0.6177006959915161, 0.6099059581756592, 0.6052391529083252, 0.6016430258750916, 0.5998395681381226, 0.597205400466919, 0.5871350169181824, 0.587746798992157, 0.572343647480011, 0.5738239288330078, 0.5691826343536377, 0.5629349946975708, 0.5583241581916809, 0.5543699860572815, 0.5511913299560547, 0.5444743633270264, 0.5381677150726318, 0.5351946353912354, 0.5344144701957703, 0.5310186147689819, 0.5263716578483582, 0.5250039100646973, 0.5208532214164734, 0.5155885219573975, 0.5112819075584412, 0.5078257322311401, 0.5030954480171204, 0.503689169883728, 0.4984734058380127, 0.49214842915534973, 0.4878566563129425, 0.48736268281936646, 0.48378241062164307, 0.48319411277770996, 0.48446035385131836, 0.4773962199687958, 0.47562503814697266, 0.4729023277759552, 0.4698159098625183, 0.4651096761226654, 0.46679428219795227, 0.4612194299697876, 0.4590102732181549, 0.45596301555633545, 0.4549731910228729, 0.45054754614830017, 0.4455684721469879, 0.4428935647010803, 0.4447336494922638, 0.4394594430923462, 0.44057580828666687, 0.434421181678772, 0.432090699672699, 0.4286936819553375, 0.426604688167572, 0.4242016673088074, 0.42397475242614746, 0.4240403175354004, 0.4177011251449585, 0.41758954524993896, 0.4144328832626343, 0.41548261046409607, 0.41107916831970215, 0.4096162021160126, 0.40894272923469543, 0.40522053837776184, 0.40355005860328674, 0.4043412208557129, 0.40024054050445557, 0.39516207575798035, 0.3962844908237457, 0.39669597148895264, 0.39167869091033936, 0.391292542219162, 0.38930580019950867, 0.3854522705078125, 0.38365480303764343, 0.38423582911491394, 0.38175222277641296], "rmse": [1.567880630493164, 1.5317392349243164, 1.5123012065887451, 1.4898629188537598, 1.4666398763656616, 1.4328663349151611, 1.3948029279708862, 1.359689712524414, 1.3297497034072876, 1.3035619258880615, 1.2861688137054443, 1.2709332704544067, 1.2629098892211914, 1.2487837076187134, 1.2393039464950562, 1.2360516786575317, 1.226388692855835, 1.2209367752075195, 1.2129379510879517, 1.2050213813781738, 1.1977132558822632, 1.1910467147827148, 1.1880290508270264, 1.1791291236877441, 1.1744800806045532, 1.1693049669265747, 1.1616123914718628, 1.1579091548919678, 1.1523336172103882, 1.1455364227294922, 1.140150785446167, 1.134411334991455, 1.1296334266662598, 1.123569130897522, 1.1170272827148438, 1.1098029613494873, 1.1057618856430054, 1.098523736000061, 1.091955304145813, 1.0882195234298706, 1.08072030544281, 1.0778007507324219, 1.0672229528427124, 1.0632612705230713, 1.0577497482299805, 1.0508633852005005, 1.0444319248199463, 1.039289116859436, 1.0330504179000854, 1.0257877111434937, 1.0225497484207153, 1.013108730316162, 1.0090689659118652, 0.999845564365387, 0.9961135387420654, 0.9880361557006836, 0.9832929968833923, 0.9781355261802673, 0.9707574844360352, 0.965848445892334, 0.9626219868659973, 0.9551644325256348, 0.95143723487854, 0.9457842707633972, 0.941028892993927, 0.9375527501106262, 0.9300447702407837, 0.9291229844093323, 0.9248733520507812, 0.9192473888397217, 0.9171116948127747, 0.9110826253890991, 0.9069709777832031, 0.9039046168327332, 0.8983283638954163, 0.8934831023216248, 0.8928107619285583, 0.8902680277824402, 0.8815215826034546, 0.8776077032089233, 0.8786884546279907, 0.8731971383094788, 0.8711627125740051, 0.8667029142379761, 0.8636727333068848, 0.8575023412704468, 0.8548340797424316, 0.8522480130195618, 0.8477107882499695, 0.8450847268104553, 0.8417478203773499, 0.8409848213195801, 0.8367840647697449, 0.8350232243537903, 0.8311831951141357, 0.8260752558708191, 0.825537383556366, 0.8205627799034119, 0.8176192045211792, 0.8137210607528687, 0.8114572167396545, 0.8057634234428406, 0.8069974780082703, 0.8025360107421875, 0.8004621863365173, 0.7962262630462646, 0.7916321158409119, 0.7895023226737976, 0.788017988204956, 0.7806804180145264, 0.7824399471282959, 0.7764238119125366, 0.7727890610694885, 0.7702712416648865, 0.7667942047119141, 0.7635042667388916, 0.7618582248687744, 0.7604390382766724, 0.7585194110870361, 0.7523415684700012, 0.7527648210525513, 0.7427434325218201, 0.7442702651023865, 0.7404443621635437, 0.736250638961792, 0.7332327365875244, 0.7312279939651489, 0.7289599776268005, 0.7247441411018372, 0.7211943864822388, 0.7185419797897339, 0.7185337543487549, 0.7156726121902466, 0.7123843431472778, 0.711398720741272, 0.7083901762962341, 0.705171525478363, 0.701935887336731, 0.6995441317558289, 0.6972038745880127, 0.6965888142585754, 0.6934314966201782, 0.689156174659729, 0.6859539151191711, 0.6857008337974548, 0.6826532483100891, 0.6829944252967834, 0.6835564970970154, 0.6786791682243347, 0.6769973039627075, 0.6753310561180115, 0.6733490228652954, 0.6694796085357666, 0.670874297618866, 0.667468249797821, 0.6653920412063599, 0.6627522110939026, 0.6615973711013794, 0.6599347591400146, 0.6557003259658813, 0.6539672017097473, 0.6552003622055054, 0.6509987115859985, 0.6520167589187622, 0.6472368240356445, 0.6458296179771423, 0.6431718468666077, 0.6415724754333496, 0.639951229095459, 0.6398427486419678, 0.6395450830459595, 0.6352754235267639, 0.6349075436592102, 0.6322776079177856, 0.6332399845123291, 0.6296688914299011, 0.6287506222724915, 0.6277459263801575, 0.6250823736190796, 0.6237128973007202, 0.6246212720870972, 0.6209613680839539, 0.6171706318855286, 0.6187670826911926, 0.6188486218452454, 0.6148420572280884, 0.6146281957626343, 0.6134577989578247, 0.6104940176010132, 0.608955979347229, 0.6087708473205566, 0.6071326732635498],