{"n_parameters": 470161, "training_time": 21973.631772994995, "loss": [4.28265905380249, 2.653691053390503, 2.4227731227874756, 2.2473032474517822, 2.1063225269317627, 1.9605510234832764, 1.8256142139434814, 1.7116926908493042, 1.5987389087677002, 1.519757866859436, 1.4520080089569092, 1.3908110857009888, 1.349215030670166, 1.3078700304031372, 1.2805777788162231, 1.2446117401123047, 1.2177354097366333, 1.1986534595489502, 1.1736482381820679, 1.1446291208267212, 1.1376529932022095, 1.1182564496994019, 1.0934380292892456, 1.0777806043624878, 1.0612812042236328, 1.04030442237854, 1.0291666984558105, 1.01265549659729, 0.9913941025733948, 0.977593719959259, 0.9571183323860168, 0.9460055232048035, 0.9271470904350281, 0.9161604642868042, 0.9022782444953918, 0.8869484066963196, 0.8762816190719604, 0.8587356805801392, 0.8497433662414551, 0.8388858437538147, 0.8230066895484924, 0.81142258644104, 0.798096776008606, 0.7862768173217773, 0.7783291339874268, 0.7701457738876343, 0.7544512152671814, 0.7473916411399841, 0.7347394227981567, 0.7275106310844421, 0.722533106803894, 0.7141543030738831, 0.7031394839286804, 0.6966670751571655, 0.6849662661552429, 0.6729121804237366, 0.6681370735168457, 0.6614512801170349, 0.6499287486076355, 0.6441529989242554, 0.6313896179199219, 0.6234325766563416, 0.6195538640022278, 0.6173593997955322, 0.6060625314712524, 0.6000323295593262, 0.5873987674713135, 0.5846204161643982, 0.5774369835853577, 0.5716123580932617, 0.5645602345466614, 0.5574043393135071, 0.5524324178695679, 0.5483576655387878, 0.5394564867019653, 0.5327077507972717, 0.5305229425430298, 0.5215516686439514, 0.5187116861343384, 0.513529896736145, 0.5071512460708618, 0.5031161308288574, 0.4979647397994995, 0.492784321308136, 0.48909953236579895, 0.48105865716934204, 0.47878751158714294, 0.47908905148506165, 0.4693014621734619, 0.4652886688709259, 0.46243909001350403, 0.4560978412628174, 0.4536278545856476, 0.44984525442123413, 0.44094720482826233, 0.44347089529037476, 0.44007211923599243, 0.43125858902931213, 0.4317834675312042, 0.4258045554161072, 0.4247506260871887, 0.41869035363197327, 0.4203276038169861, 0.4135187268257141, 0.4157327115535736, 0.4070567786693573, 0.4079512357711792, 0.4025711417198181, 0.4006780683994293, 0.3991307318210602, 0.39244210720062256, 0.39325740933418274, 0.3895706534385681, 0.38945263624191284, 0.385083943605423, 0.381477028131485, 0.3808665871620178, 0.37807729840278625, 0.37499159574508667, 0.3769742548465729, 0.37569132447242737, 0.3692154884338379, 0.37026530504226685, 0.36754289269447327, 0.3648349940776825, 0.3643956780433655, 0.36358416080474854, 0.3613281548023224, 0.3586861193180084, 0.3558889329433441, 0.35729560256004333, 0.352806955575943, 0.35299694538116455, 0.35154834389686584, 0.34797778725624084, 0.34816399216651917, 0.3483910858631134, 0.34556907415390015, 0.34488731622695923, 0.3436291217803955, 0.33986619114875793, 0.3408028483390808, 0.33855390548706055, 0.3384264409542084, 0.3353147506713867, 0.33371537923812866, 0.3337464928627014, 0.3310346007347107, 0.3312040865421295, 0.32862916588783264, 0.32852789759635925, 0.3275688886642456, 0.3259444236755371, 0.3269558846950531, 0.3242027461528778, 0.3226739466190338, 0.32288607954978943, 0.3220561146736145, 0.31760942935943604, 0.3195899426937103, 0.3174913823604584, 0.31514713168144226, 0.3145400881767273, 0.31372547149658203, 0.31246456503868103, 0.31060072779655457, 0.31067976355552673, 0.3115316927433014, 0.3097630441188812, 0.3097028136253357, 0.3080011308193207, 0.30659791827201843, 0.307724267244339, 0.3044899106025696, 0.30456438660621643, 0.3032071590423584, 0.3014806807041168, 0.3012562692165375], "rmse": [2.0036396980285645, 1.6052849292755127, 1.5342916250228882, 1.4764708280563354, 1.4291973114013672, 1.3791334629058838, 1.3317549228668213, 1.2884455919265747, 1.245497703552246, 1.215397834777832, 1.188054084777832, 1.1633057594299316, 1.1459254026412964, 1.1288424730300903, 1.1171338558197021, 1.1017546653747559, 1.089902400970459, 1.0815767049789429, 1.0703039169311523, 1.057175874710083, 1.0533158779144287, 1.0451438426971436, 1.03363037109375, 1.0265508890151978, 1.0192660093307495, 1.0090230703353882, 1.0036858320236206, 0.9955303072929382, 0.9849143028259277, 0.9783779978752136, 0.967635989189148, 0.9623826146125793, 0.952520489692688, 0.9467765688896179, 0.9395601153373718, 0.9313446283340454, 0.9259254932403564, 0.9162980914115906, 0.9118571877479553, 0.9061744213104248, 0.8977066874504089, 0.8913875222206116, 0.8836022019386292, 0.8776035904884338, 0.873271107673645, 0.8680782318115234, 0.8593379259109497, 0.8553106188774109, 0.8482359647750854, 0.8440066576004028, 0.8409587740898132, 0.836007297039032, 0.8302617073059082, 0.8258840441703796, 0.8190922737121582, 0.8118848204612732, 0.8087043762207031, 0.8047072291374207, 0.7978643774986267, 0.7942174673080444, 0.7862753868103027, 0.7813202142715454, 0.7791347503662109, 0.7778016328811646, 0.7703652381896973, 0.7665437459945679, 0.7580653429031372, 0.7562440037727356, 0.7517285943031311, 0.7483246922492981, 0.7439877390861511, 0.7387327551841736, 0.7357924580574036, 0.7328859567642212, 0.7269349098205566, 0.7221048474311829, 0.7205933928489685, 0.7144397497177124, 0.7125663757324219, 0.708981454372406, 0.7048176527023315, 0.7018659710884094, 0.6987034678459167, 0.6945335865020752, 0.6923388242721558, 0.6860914826393127, 0.6848032474517822, 0.6849026083946228, 0.6780653595924377, 0.674613356590271, 0.6727683544158936, 0.6681432127952576, 0.6660075187683105, 0.6638636589050293, 0.6572411060333252, 0.6588890552520752, 0.656577467918396, 0.6495615243911743, 0.6499263644218445, 0.6455915570259094, 0.6446048021316528, 0.6401724219322205, 0.6413618326187134, 0.6360560059547424, 0.6378200054168701, 0.6312748789787292, 0.6315799355506897, 0.6273452043533325, 0.6259809732437134, 0.6250531077384949, 0.6193529963493347, 0.6201991438865662, 0.6168225407600403, 0.6173874735832214, 0.613400936126709, 0.6106469035148621, 0.6099658012390137, 0.6079719662666321, 0.6055318117141724, 0.6069669127464294, 0.605681836605072, 0.6008081436157227, 0.6013697981834412, 0.5990090370178223, 0.5969226360321045, 0.5963637828826904, 0.5959379076957703, 0.5941609144210815, 0.5919085144996643, 0.5898435115814209, 0.590535581111908, 0.5870346426963806, 0.587374210357666, 0.5861040949821472, 0.5828633904457092, 0.5833976864814758, 0.58299320936203, 0.5808209776878357, 0.5802664756774902, 0.5794568061828613, 0.5761093497276306, 0.5769241452217102, 0.5749083161354065, 0.5748940706253052, 0.5721415877342224, 0.5707741975784302, 0.5708448886871338, 0.5684562921524048, 0.5690633654594421, 0.5667783617973328, 0.5663973093032837, 0.565273642539978, 0.5642183423042297, 0.5649127960205078, 0.5626202821731567, 0.5612224340438843, 0.5613114833831787, 0.5607848167419434, 0.5570225119590759, 0.5587133765220642, 0.5568697452545166, 0.5548860430717468, 0.5541672706604004, 0.5532184839248657, 0.5525059700012207, 0.5507937073707581, 0.5509546399116516, 0.5516435503959656, 0.549642026424408, 0.5500084757804871, 0.5484712719917297, 0.5473615527153015, 0.5479898452758789, 0.5452134013175964, 0.5449274182319641, 0.5437721014022827, 0.5420814156532288, 0.5422683358192444],