{"n_parameters": 539793, "training_time": 2650.521512746811, "loss": [2.6420812606811523, 2.5516035556793213, 2.5282692909240723, 2.502228260040283, 2.4940543174743652, 2.4842655658721924, 2.4683260917663574, 2.4611692428588867, 2.4509143829345703, 2.4503583908081055, 2.4415550231933594, 2.4392826557159424, 2.4312875270843506, 2.4294066429138184, 2.422839403152466, 2.424346446990967, 2.4229135513305664, 2.417973041534424, 2.414658308029175, 2.4141347408294678, 2.4103097915649414], "rmse": [1.6034679412841797, 1.57699453830719, 1.5697321891784668, 1.5607690811157227, 1.5582386255264282, 1.555633544921875, 1.5511834621429443, 1.5489015579223633, 1.5449912548065186, 1.5454623699188232, 1.5413535833358765, 1.542317271232605, 1.5392526388168335, 1.5379115343093872, 1.5367143154144287, 1.5367021560668945, 1.53579843044281, 1.5341562032699585, 1.5338683128356934, 1.5327790975570679, 1.5329338312149048], "val_loss": [2.505741834640503, 2.4953792095184326, 2.481938123703003, 2.4729888439178467, 2.4696788787841797, 2.4674715995788574, 2.4716227054595947, 2.4603145122528076, 2.4637198448181152, 2.4619340896606445, 2.4607269763946533, 2.4576408863067627, 2.4581398963928223, 2.4557509422302246, 2.4538981914520264, 2.4526898860931396, 2.4567248821258545, 2.454524040222168, 2.455674648284912, 2.4553840160369873, 2.4544830322265625], "val_rmse": [1.5593489408493042, 1.5560874938964844, 1.5517303943634033, 1.548947811126709, 1.5479142665863037, 1.5473424196243286, 1.548844575881958, 1.545122742652893, 1.5462439060211182, 1.5456327199935913, 1.5452396869659424, 1.5441982746124268, 1.544347882270813, 1.5436090230941772, 1.5430121421813965, 1.5425699949264526, 1.5437697172164917, 1.5431605577468872, 1.543495535850525, 1.5434578657150269, 1.5431138277053833]}