{"n_parameters": 251393, "training_time": 2258.2190141677856, "loss": [2.429431200027466, 2.357055902481079, 2.3148562908172607, 2.2764437198638916, 2.237717866897583, 2.1850767135620117, 2.1303563117980957, 2.064035654067993, 1.9932928085327148, 1.9160443544387817, 1.8348243236541748, 1.7625066041946411, 1.6918059587478638, 1.6357948780059814, 1.5742547512054443, 1.525860071182251, 1.4893914461135864, 1.44926118850708, 1.4208916425704956, 1.3933511972427368, 1.367520809173584, 1.347468376159668, 1.3265409469604492, 1.3038477897644043, 1.2963330745697021, 1.2797627449035645], "rmse": [1.5370848178863525, 1.513642430305481, 1.5005475282669067, 1.48775315284729, 1.4751051664352417, 1.4570281505584717, 1.4383333921432495, 1.4150203466415405, 1.392645239830017, 1.363686442375183, 1.334967017173767, 1.3080288171768188, 1.2817637920379639, 1.2608717679977417, 1.237717866897583, 1.2176172733306885, 1.203883171081543, 1.1870191097259521, 1.1763514280319214, 1.1644607782363892, 1.1544127464294434, 1.145728349685669, 1.1373581886291504, 1.1271034479141235, 1.1239078044891357, 1.117136001586914], "val_loss": [2.4339869022369385, 2.387040853500366, 2.3484396934509277, 2.303325653076172, 2.252810001373291, 2.187565803527832, 2.1145946979522705, 2.0362160205841064, 1.9551897048950195, 1.881992220878601, 1.8107367753982544, 1.7423439025878906, 1.6861742734909058, 1.6502615213394165, 1.622499704360962, 1.586685061454773, 1.5671309232711792, 1.5661472082138062, 1.561670184135437, 1.552088975906372, 1.5279207229614258, 1.5301730632781982, 1.5555633306503296, 1.546008586883545, 1.5358284711837769, 1.5528571605682373], "val_rmse": [1.5360851287841797, 1.5214656591415405, 1.5091098546981812, 1.4943236112594604, 1.477563738822937, 1.4556794166564941, 1.4310749769210815, 1.4043700695037842, 1.3763896226882935, 1.3510758876800537, 1.3260242938995361, 1.3015592098236084, 1.2813915014266968, 1.2687262296676636, 1.2590663433074951, 1.2457436323165894, 1.2387219667434692, 1.239138126373291, 1.2379143238067627, 1.234518051147461, 1.2249778509140015, 1.2261934280395508, 1.2368059158325195, 1.2331204414367676, 1.2291022539138794, 1.2361729145050049]}