{"n_parameters": 463329, "training_time": 18122.77397942543, "loss": [2.428037643432617, 2.320939302444458, 2.265169620513916, 2.2086000442504883, 2.141444444656372, 2.067636489868164, 1.9908522367477417, 1.90446937084198, 1.8155173063278198, 1.7369061708450317, 1.6695107221603394, 1.6108789443969727, 1.5629781484603882, 1.526373028755188, 1.4941073656082153, 1.4681650400161743, 1.4370460510253906, 1.4161763191223145, 1.4011735916137695, 1.3834903240203857, 1.364253044128418, 1.3460899591445923, 1.3313846588134766, 1.3090620040893555, 1.2994540929794312, 1.2790343761444092, 1.2662827968597412, 1.2506238222122192, 1.231995701789856, 1.2147985696792603, 1.199912190437317, 1.186195731163025, 1.169777750968933, 1.1554328203201294, 1.1374213695526123, 1.122632384300232, 1.1095067262649536, 1.0942994356155396, 1.0736156702041626, 1.0608628988265991, 1.04597008228302, 1.03008234500885, 1.013566255569458, 1.0017824172973633, 0.9859825968742371, 0.9758684039115906, 0.9606557488441467, 0.9474193453788757, 0.9329091310501099, 0.9191663861274719, 0.9065555930137634, 0.8913833498954773, 0.8799596428871155, 0.8645356893539429, 0.8531798124313354, 0.8404515981674194, 0.8274223208427429, 0.8137837052345276, 0.8022462725639343, 0.7945683598518372, 0.7850049734115601, 0.7736654877662659, 0.7693564891815186, 0.7539175152778625, 0.7426620721817017, 0.7358539700508118, 0.7269467115402222, 0.7138379216194153, 0.7046719789505005, 0.6984320878982544, 0.6897499561309814, 0.6800796985626221, 0.6720953583717346, 0.6629288196563721, 0.6538857221603394, 0.6439557671546936, 0.6382267475128174, 0.6288601160049438, 0.6182346343994141, 0.6125975847244263, 0.6027071475982666, 0.5898476839065552, 0.5846436619758606, 0.5791979432106018, 0.5723727345466614, 0.5647271871566772, 0.5559667348861694, 0.5506171584129333, 0.540111780166626, 0.5392547249794006, 0.5296529531478882, 0.5241407155990601, 0.5167033076286316, 0.5142471790313721, 0.5051811337471008, 0.4979124069213867, 0.49185436964035034, 0.4910278916358948, 0.48504379391670227, 0.4782150089740753, 0.4701344072818756, 0.4699036180973053, 0.46559154987335205, 0.46013304591178894, 0.4576859176158905, 0.4549190104007721, 0.44818976521492004, 0.44473546743392944, 0.43752241134643555, 0.4384535849094391, 0.43704527616500854, 0.4317844808101654, 0.42788612842559814, 0.42306452989578247, 0.422027051448822, 0.4188435971736908, 0.4174068868160248, 0.4123982787132263, 0.4102523624897003, 0.4078525900840759, 0.4056529402732849, 0.4043870270252228, 0.4039961099624634, 0.3973407447338104, 0.3939514756202698, 0.39587560296058655, 0.39343947172164917, 0.39115941524505615, 0.38243356347084045, 0.38440343737602234, 0.38244181871414185, 0.3824721872806549, 0.378365695476532, 0.37639427185058594, 0.37335556745529175, 0.37571483850479126, 0.3712761104106903, 0.3720592260360718, 0.3654330372810364, 0.37024426460266113, 0.3668350279331207, 0.3644755482673645, 0.36170223355293274, 0.3601083755493164, 0.3578275740146637, 0.3540363907814026, 0.35374715924263, 0.3528778851032257, 0.35354119539260864, 0.3530014455318451, 0.3490673899650574, 0.34586301445961, 0.3495490252971649, 0.34615978598594666, 0.33962324261665344, 0.3432007133960724, 0.3389776945114136, 0.3396317958831787, 0.33876246213912964, 0.33438441157341003, 0.3337803781032562, 0.334431529045105, 0.33245566487312317, 0.33357885479927063, 0.32828137278556824, 0.3280229866504669, 0.3262564539909363, 0.3225727379322052, 0.3256404399871826, 0.3238338530063629, 0.32317739725112915, 0.32101738452911377, 0.3189818263053894, 0.32100990414619446, 0.3163372874259949, 0.3147668242454529, 0.3165340721607208, 0.3129691779613495, 0.3128165006637573, 0.31060922145843506, 0.3102024495601654, 0.30996155738830566, 0.30673182010650635, 0.30951493978500366, 0.3033691346645355, 0.303508996963501, 0.30367714166641235, 0.3062644898891449, 0.30326294898986816, 0.29983627796173096, 0.30155593156814575, 0.30240294337272644, 0.3001115322113037, 0.29945898056030273, 0.29791539907455444, 0.2958477735519409, 0.2950264513492584, 0.29294413328170776, 0.294187992811203, 0.29105663299560547, 0.2920917868614197, 0.2936520278453827, 0.2895700931549072, 0.2923615276813507, 0.2877069115638733, 0.28632164001464844, 0.28990596532821655, 0.2866166830062866, 0.2882581949234009, 0.28414228558540344, 0.28630712628364563, 0.2839490473270416, 0.28470638394355774, 0.2824152112007141, 0.28150734305381775, 0.27815768122673035, 0.28005513548851013, 0.2785703241825104, 0.27734339237213135, 0.2785787880420685, 0.2789609134197235, 0.27509433031082153, 0.27542707324028015, 0.27654698491096497, 0.275553435087204, 0.2758406102657318, 0.2717973589897156, 0.2703073024749756, 0.26971635222435, 0.2718771696090698, 0.2689383625984192, 0.2687278389930725, 0.2707993984222412, 0.2694443464279175, 0.2673449218273163, 0.2658437490463257, 0.26501768827438354, 0.26608148217201233, 0.2648237347602844, 0.2622985541820526, 0.26396021246910095, 0.2625654935836792, 0.2631414532661438, 0.2612293064594269, 0.26204022765159607, 0.26338455080986023],