{"n_parameters": 156353, "training_time": 8095.7570724487305, "loss": [2.591456174850464, 2.47896146774292, 2.466219902038574, 2.456399917602539, 2.44681978225708, 2.4364397525787354, 2.4319276809692383, 2.4281537532806396, 2.4237618446350098, 2.4196715354919434, 2.4144251346588135, 2.407689332962036, 2.405837059020996, 2.4032111167907715, 2.4009766578674316, 2.4008641242980957, 2.397113084793091, 2.394582509994507, 2.393095016479492, 2.3901684284210205, 2.3868601322174072, 2.3855743408203125, 2.3848354816436768, 2.380431890487671, 2.378490447998047, 2.3789689540863037, 2.375246524810791, 2.3721930980682373, 2.370368242263794, 2.3623862266540527, 2.3620424270629883, 2.3562004566192627, 2.351022720336914, 2.3462040424346924, 2.3412747383117676, 2.3325839042663574, 2.3233094215393066, 2.3144752979278564, 2.300929307937622, 2.2883615493774414, 2.2696783542633057, 2.2528903484344482, 2.233445644378662, 2.2155673503875732, 2.1923182010650635, 2.1762146949768066, 2.1502392292022705, 2.1337389945983887, 2.1110665798187256, 2.088869333267212, 2.0670251846313477, 2.0378940105438232, 2.0283777713775635, 2.007112741470337, 1.9905622005462646, 1.9705393314361572, 1.9591811895370483, 1.9407458305358887, 1.930385947227478, 1.9118833541870117, 1.8977032899856567, 1.8810480833053589, 1.8798929452896118, 1.8737341165542603, 1.8535652160644531, 1.8430217504501343, 1.8348382711410522, 1.825335144996643, 1.8130074739456177, 1.805475115776062, 1.793207049369812, 1.7901148796081543, 1.7755320072174072, 1.7788481712341309, 1.7701342105865479, 1.7546559572219849, 1.750872254371643, 1.744539499282837, 1.7413650751113892, 1.7375211715698242, 1.7349340915679932, 1.7234143018722534, 1.7208675146102905, 1.7107834815979004, 1.704418420791626, 1.6997812986373901, 1.6978955268859863, 1.6874607801437378, 1.6881904602050781, 1.6852185726165771, 1.677060842514038, 1.6669905185699463, 1.6698354482650757, 1.6641333103179932, 1.6569576263427734, 1.6622291803359985, 1.6481493711471558, 1.6443923711776733, 1.6400604248046875, 1.6319446563720703, 1.6363643407821655, 1.6300249099731445, 1.6258771419525146, 1.6219444274902344, 1.6214103698730469, 1.6121221780776978, 1.6118388175964355, 1.602992296218872, 1.6084169149398804, 1.604810118675232, 1.6002848148345947, 1.5957109928131104, 1.5942000150680542, 1.5884029865264893, 1.584747076034546, 1.5815584659576416, 1.5824216604232788, 1.5748226642608643, 1.577074408531189, 1.571385145187378, 1.577382206916809, 1.57060968875885, 1.5611467361450195, 1.5646458864212036, 1.5677932500839233, 1.5659244060516357, 1.5571259260177612, 1.5608948469161987, 1.549851894378662, 1.5540984869003296, 1.5450814962387085, 1.542314052581787, 1.5381054878234863, 1.537953495979309, 1.5415246486663818, 1.5352742671966553, 1.5306035280227661], "rmse": [1.5874406099319458, 1.5544358491897583, 1.5499061346054077, 1.5469955205917358, 1.543724775314331, 1.5401726961135864, 1.5394407510757446, 1.5385617017745972, 1.5368540287017822, 1.5350172519683838, 1.5333439111709595, 1.5309758186340332, 1.5305217504501343, 1.5301471948623657, 1.5292326211929321, 1.5291407108306885, 1.5273106098175049, 1.5265597105026245, 1.5263828039169312, 1.5252546072006226, 1.524429440498352, 1.5239206552505493, 1.5234788656234741, 1.5226658582687378, 1.521758794784546, 1.5227024555206299, 1.5202524662017822, 1.5197832584381104, 1.51920747756958, 1.5165014266967773, 1.517519235610962, 1.5145421028137207, 1.5127041339874268, 1.511735200881958, 1.5093117952346802, 1.5061619281768799, 1.504219651222229, 1.5018212795257568, 1.49579656124115, 1.4927819967269897, 1.485901951789856, 1.480199933052063, 1.4745221138000488, 1.4674712419509888, 1.460226058959961, 1.4554839134216309, 1.4456837177276611, 1.440634846687317, 1.4324138164520264, 1.424926519393921, 1.4168951511383057, 1.407163381576538, 1.4038503170013428, 1.3966491222381592, 1.3905003070831299, 1.3841403722763062, 1.3790547847747803, 1.3718363046646118, 1.369537591934204, 1.3638216257095337, 1.3582344055175781, 1.3525491952896118, 1.352164387702942, 1.3490649461746216, 1.3413050174713135, 1.3380032777786255, 1.335658311843872, 1.331468105316162, 1.327595591545105, 1.325211763381958, 1.3216090202331543, 1.3188985586166382, 1.3140158653259277, 1.3144264221191406, 1.3127506971359253, 1.3062894344329834, 1.3046413660049438, 1.3023751974105835, 1.3008407354354858, 1.2995710372924805, 1.2981948852539062, 1.2950795888900757, 1.2940287590026855, 1.2898489236831665, 1.2873687744140625, 1.2859761714935303, 1.2859021425247192, 1.2814147472381592, 1.2817596197128296, 1.2804296016693115, 1.2775607109069824, 1.2732828855514526, 1.2743287086486816, 1.2728885412216187, 1.2694003582000732, 1.2716634273529053, 1.2663377523422241, 1.2646257877349854, 1.2634669542312622, 1.2611892223358154, 1.2623403072357178, 1.2595770359039307, 1.2578634023666382, 1.2564176321029663, 1.256606101989746, 1.2539050579071045, 1.2530300617218018, 1.2493743896484375, 1.2498337030410767, 1.2494460344314575, 1.248626708984375, 1.2472299337387085, 1.2457395792007446, 1.2447171211242676, 1.2428053617477417, 1.2411267757415771, 1.2423057556152344, 1.2383463382720947, 1.239554762840271, 1.2370904684066772, 1.2387502193450928, 1.2367222309112549, 1.2333112955093384, 1.2346763610839844, 1.2354267835617065, 1.2351473569869995, 1.2319650650024414, 1.2328466176986694, 1.2291072607040405, 1.2307058572769165, 1.226383924484253, 1.225225806236267, 1.2245630025863647, 1.223311185836792, 1.225041151046753, 1.2231115102767944, 1.2213236093521118],