{"n_parameters": 162865, "training_time": 5478.783688783646, "loss": [2.7672648429870605, 2.459652900695801, 2.3791956901550293, 2.3354673385620117, 2.2909977436065674, 2.244147300720215, 2.1908137798309326, 2.1327619552612305, 2.069892168045044, 2.004586935043335, 1.9351402521133423, 1.866837501525879, 1.797228217124939, 1.7280306816101074, 1.660247802734375, 1.5965298414230347, 1.5349370241165161, 1.4796241521835327, 1.4296040534973145, 1.3834359645843506, 1.3454070091247559, 1.3114649057388306, 1.2792569398880005, 1.2536728382110596, 1.2321182489395142, 1.209301233291626, 1.1899058818817139, 1.1735243797302246, 1.158058762550354, 1.144750952720642, 1.1308789253234863, 1.1187200546264648, 1.1075279712677002, 1.0957932472229004, 1.0879180431365967, 1.0761910676956177, 1.0675495862960815, 1.0586297512054443, 1.0527722835540771, 1.0414265394210815, 1.0351301431655884, 1.0227876901626587, 1.0187259912490845, 1.0130077600479126, 1.0030325651168823, 1.0005717277526855, 0.9932146072387695, 0.9853370189666748, 0.9784969687461853, 0.9734982848167419, 0.9655606746673584, 0.9613725543022156, 0.9555986523628235, 0.9482022523880005, 0.9423524141311646, 0.9369786977767944, 0.9306436777114868, 0.9247931838035583, 0.9205495119094849, 0.914562463760376, 0.9054111838340759, 0.9014756679534912, 0.8937631249427795, 0.8916009068489075, 0.8851965665817261, 0.8760107159614563, 0.8719450235366821, 0.8655961155891418, 0.8583936095237732, 0.8524027466773987, 0.8477582335472107, 0.8399670720100403, 0.8353033661842346, 0.8312435746192932, 0.8239296674728394, 0.8167466521263123, 0.8120760917663574, 0.8076713681221008, 0.8009685277938843, 0.7967358231544495, 0.7876103520393372, 0.7799857258796692, 0.775783121585846, 0.769942045211792, 0.7658029794692993, 0.7591632008552551, 0.7534714937210083, 0.7472270131111145, 0.7412676215171814, 0.7341962456703186, 0.730072021484375, 0.7225223779678345, 0.718692421913147, 0.7153413891792297, 0.7079787254333496, 0.7010765075683594, 0.695527195930481, 0.6913050413131714, 0.6863701343536377, 0.6801278591156006, 0.6743963956832886, 0.668242335319519, 0.6619065403938293, 0.6601220369338989, 0.6564053893089294, 0.6476886868476868, 0.6455353498458862, 0.6376617550849915, 0.6344059705734253, 0.6289111375808716, 0.624117910861969, 0.6180624961853027, 0.6136286854743958, 0.6097227334976196, 0.6040830612182617, 0.598871648311615, 0.593891978263855, 0.5862548351287842, 0.5836939215660095, 0.5801956057548523, 0.5752819180488586, 0.5692867636680603, 0.5633096694946289, 0.5610056519508362, 0.5567947626113892, 0.5525107383728027, 0.5480212569236755, 0.5405530333518982, 0.5375667214393616, 0.5338253378868103, 0.5283970832824707, 0.5259867310523987, 0.5194961428642273, 0.5171263813972473, 0.5118976831436157, 0.5086866617202759, 0.5046954154968262, 0.49918991327285767, 0.4948977530002594, 0.49068576097488403, 0.4872224032878876, 0.4842779040336609, 0.4811932444572449, 0.4765029549598694, 0.4707995653152466, 0.47032487392425537, 0.4655625820159912, 0.4646899402141571, 0.4605593681335449, 0.45341160893440247, 0.45015794038772583, 0.4499310255050659, 0.4445589482784271, 0.44147786498069763, 0.43858346343040466, 0.43599873781204224, 0.43241333961486816, 0.4295385181903839, 0.4269855320453644, 0.4249401390552521, 0.4207720160484314, 0.42011162638664246, 0.41731441020965576, 0.4141499102115631, 0.4110255837440491, 0.40963032841682434, 0.4077962636947632, 0.40440019965171814, 0.4031749665737152, 0.4015599191188812, 0.3990824222564697, 0.3955177366733551, 0.3951713740825653, 0.3892304599285126, 0.3924957513809204, 0.3887344300746918, 0.38815781474113464, 0.38278791308403015, 0.3831654489040375, 0.3821720778942108, 0.37748897075653076, 0.37716537714004517, 0.37635156512260437, 0.37433162331581116, 0.37544435262680054, 0.37136492133140564, 0.3686426281929016, 0.3688707947731018, 0.36659449338912964, 0.36801275610923767, 0.3641369938850403, 0.3612671196460724, 0.36105382442474365, 0.3600691854953766, 0.3604559302330017, 0.3584793508052826, 0.35675370693206787, 0.3555082380771637, 0.3534433841705322, 0.35085487365722656, 0.35144713521003723, 0.35197100043296814, 0.3484957218170166, 0.3491196036338806, 0.3454378843307495, 0.34512150287628174, 0.3438912332057953, 0.3444182276725769, 0.3409370183944702, 0.3425060510635376, 0.33879750967025757, 0.3377360999584198, 0.33864977955818176, 0.3383710980415344, 0.3358771800994873, 0.33716413378715515, 0.33663660287857056, 0.33257773518562317, 0.33517318964004517, 0.33233487606048584, 0.33188706636428833, 0.3319937288761139, 0.3286071717739105, 0.3282541334629059, 0.328542560338974],