{"n_parameters": 259745, "training_time": 18249.372295618057, "loss": [2.6679928302764893, 2.376483678817749, 2.2665345668792725, 2.150707960128784, 2.0348622798919678, 1.920798420906067, 1.8051329851150513, 1.690504789352417, 1.5752404928207397, 1.4702614545822144, 1.3758833408355713, 1.3007258176803589, 1.2459381818771362, 1.2019580602645874, 1.1673457622528076, 1.136949896812439, 1.1122443675994873, 1.0929551124572754, 1.0729082822799683, 1.054139494895935, 1.0342119932174683, 1.0229109525680542, 1.0016132593154907, 0.9825063347816467, 0.9682251811027527, 0.9505836963653564, 0.9331226348876953, 0.9186257123947144, 0.9015492796897888, 0.8869820237159729, 0.8709414601325989, 0.8524152040481567, 0.8382089734077454, 0.819713830947876, 0.8027411699295044, 0.7870752215385437, 0.771254301071167, 0.7569714784622192, 0.7384421825408936, 0.7237025499343872, 0.7066848278045654, 0.6910107135772705, 0.6776182055473328, 0.6596584320068359, 0.6500449776649475, 0.6372804045677185, 0.6224535703659058, 0.6104382276535034, 0.6003803610801697, 0.5856454968452454, 0.5751996040344238, 0.5642383694648743, 0.5533522367477417, 0.5429642796516418, 0.5330967903137207, 0.5237289071083069, 0.5157260298728943, 0.5077913403511047, 0.49675464630126953, 0.48932400345802307, 0.4815394878387451, 0.47377538681030273, 0.4678836464881897, 0.45890483260154724, 0.45271384716033936, 0.44485440850257874, 0.4366285800933838, 0.4319557547569275, 0.4238831400871277, 0.4190705716609955, 0.41362133622169495, 0.40882954001426697, 0.4061909019947052, 0.40167665481567383, 0.395000696182251, 0.39288485050201416, 0.38790082931518555, 0.3827786445617676, 0.37872961163520813, 0.3766011893749237, 0.3704898953437805, 0.3669893145561218, 0.3650045394897461, 0.36101043224334717, 0.3568904399871826, 0.3564833700656891, 0.3507899045944214, 0.35085028409957886, 0.34674695134162903, 0.34375661611557007, 0.3431325852870941, 0.3393024504184723, 0.3374573588371277, 0.33621451258659363, 0.33250170946121216, 0.32967913150787354, 0.32791242003440857, 0.32834622263908386, 0.32229799032211304, 0.3206394910812378, 0.3184675872325897, 0.31821152567863464, 0.31621238589286804, 0.3130418658256531, 0.31355637311935425, 0.30890408158302307, 0.3088097870349884, 0.3075215518474579, 0.3041835427284241, 0.3038817346096039, 0.3003740906715393, 0.2999841570854187, 0.298186719417572, 0.2956320345401764, 0.29454317688941956, 0.29256442189216614, 0.2948651611804962, 0.2920766770839691, 0.29073822498321533, 0.290347695350647, 0.2898523807525635, 0.2866728603839874, 0.2858794629573822, 0.2845614552497864, 0.2817176282405853, 0.2822962999343872, 0.27833202481269836, 0.27885007858276367, 0.2774450480937958, 0.27607643604278564, 0.2757043242454529, 0.2733723819255829, 0.272903174161911, 0.27196934819221497, 0.2715010941028595, 0.2702779471874237, 0.2689981162548065, 0.26859644055366516, 0.26626718044281006, 0.2649858593940735, 0.2635209262371063, 0.2652309536933899, 0.2629619836807251, 0.26132604479789734, 0.2616022825241089, 0.2611769139766693, 0.25950509309768677, 0.258552223443985, 0.25707319378852844, 0.2559359073638916, 0.25554683804512024, 0.2554141581058502, 0.25434908270835876, 0.2538556158542633, 0.25310781598091125, 0.25136950612068176, 0.25004249811172485, 0.2508516013622284, 0.2489074468612671, 0.2473202794790268, 0.24661090970039368, 0.2469477504491806, 0.2460688203573227, 0.24574284255504608, 0.24470937252044678, 0.24287149310112, 0.24195177853107452, 0.24204516410827637, 0.24088072776794434, 0.24140644073486328, 0.2395281195640564, 0.23951195180416107, 0.23798803985118866, 0.23722736537456512, 0.23776032030582428, 0.23755061626434326, 0.23611974716186523, 0.23535557091236115, 0.2355724275112152, 0.23521949350833893, 0.23410096764564514, 0.2314784973859787, 0.23220576345920563, 0.23253384232521057, 0.2309296429157257, 0.23117466270923615, 0.23025919497013092, 0.2299731969833374, 0.2293146401643753, 0.2290208488702774, 0.22787480056285858, 0.22871895134449005, 0.22722585499286652, 0.22779631614685059, 0.2268359661102295, 0.22709974646568298, 0.22593417763710022, 0.22369928658008575, 0.2239365428686142, 0.22450414299964905, 0.2227165400981903, 0.2234610617160797, 0.2235688865184784, 0.22155074775218964, 0.22158196568489075, 0.2215140014886856, 0.221015065908432, 0.22156207263469696, 0.22026586532592773, 0.21968190371990204, 0.21883690357208252, 0.21746917068958282, 0.21787001192569733, 0.21749837696552277, 0.21753141283988953, 0.2165219783782959, 0.21438689529895782, 0.21450664103031158, 0.21489913761615753, 0.21388179063796997, 0.21358752250671387, 0.2147575318813324, 0.21364666521549225, 0.2130408138036728, 0.2126464545726776, 0.21231289207935333, 0.21268031001091003, 0.21193291246891022, 0.210763081908226, 0.21118953824043274],