{"n_parameters": 224241, "training_time": 18074.56995201111, "loss": [2.6863949298858643, 2.3622355461120605, 2.2712395191192627, 2.1832051277160645, 2.0937108993530273, 2.005119800567627, 1.9130005836486816, 1.819610357284546, 1.7279185056686401, 1.6345499753952026, 1.5507769584655762, 1.4711281061172485, 1.4038723707199097, 1.3444116115570068, 1.2988736629486084, 1.256523847579956, 1.226555585861206, 1.1985695362091064, 1.1787846088409424, 1.1591153144836426, 1.1438162326812744, 1.1290725469589233, 1.1189178228378296, 1.1043505668640137, 1.097004771232605, 1.08833646774292, 1.0774224996566772, 1.0675321817398071, 1.05592679977417, 1.0493412017822266, 1.0408167839050293, 1.0298482179641724, 1.0209827423095703, 1.01174795627594, 1.0023131370544434, 0.9963182210922241, 0.9884081482887268, 0.9786501526832581, 0.9718741774559021, 0.9651203751564026, 0.9564597606658936, 0.9484525918960571, 0.9389389753341675, 0.928451657295227, 0.9199124574661255, 0.9095697402954102, 0.9032565355300903, 0.8944616317749023, 0.885972797870636, 0.8779625296592712, 0.8660160899162292, 0.857562243938446, 0.8486119508743286, 0.8414351940155029, 0.8298982977867126, 0.8217477202415466, 0.8117568492889404, 0.8063074350357056, 0.7973082065582275, 0.7874966263771057, 0.779901921749115, 0.771838366985321, 0.7646173238754272, 0.7530143857002258, 0.7482896447181702, 0.7369294166564941, 0.7276003956794739, 0.722862184047699, 0.7142230868339539, 0.7032610774040222, 0.6951150298118591, 0.6855975985527039, 0.6738666296005249, 0.6739884614944458, 0.6621764898300171, 0.6543263792991638, 0.6464159488677979, 0.6378694176673889, 0.6308940052986145, 0.6210812330245972, 0.6162252426147461, 0.6096835136413574, 0.6023440361022949, 0.5902735590934753, 0.5845575928688049, 0.5764761567115784, 0.5687910914421082, 0.5621417760848999, 0.556814968585968, 0.5483448505401611, 0.5436855554580688, 0.5368725657463074, 0.5261367559432983, 0.5209434628486633, 0.5200202465057373, 0.510466992855072, 0.504641056060791, 0.4975980222225189, 0.49369141459465027, 0.4880988597869873, 0.4833828806877136, 0.4820272922515869, 0.47194674611091614, 0.4721660017967224, 0.4650443494319916, 0.4581986963748932, 0.45675086975097656, 0.453166127204895, 0.44472452998161316, 0.4428882598876953, 0.44515520334243774, 0.43752676248550415, 0.4353201985359192, 0.4324890673160553, 0.42791548371315, 0.4245709776878357, 0.42198991775512695, 0.41959914565086365, 0.4164654612541199, 0.4134913384914398, 0.41020381450653076, 0.41157740354537964, 0.40783655643463135, 0.4030638635158539, 0.4003572165966034, 0.3996331989765167, 0.39735445380210876, 0.3934745490550995, 0.3930864930152893, 0.3903471529483795, 0.38943320512771606, 0.38786938786506653, 0.3861759305000305, 0.38256630301475525, 0.3834492266178131, 0.37895432114601135, 0.376733660697937, 0.3776242136955261, 0.377730131149292, 0.37292036414146423, 0.3728829622268677, 0.37064579129219055, 0.3680681586265564, 0.36519691348075867, 0.36901554465293884, 0.3657364249229431, 0.3623751103878021, 0.35965418815612793, 0.36026960611343384, 0.35857927799224854, 0.3576033115386963, 0.3556179106235504, 0.3554648160934448, 0.3546541631221771, 0.3513558506965637, 0.34981244802474976, 0.3491502106189728, 0.3509765565395355, 0.34720319509506226, 0.3446168899536133, 0.34548571705818176, 0.34409984946250916, 0.34228068590164185, 0.342952698469162, 0.34210285544395447, 0.3395160138607025, 0.34018996357917786, 0.3377474546432495, 0.33623799681663513, 0.33655694127082825, 0.33801206946372986, 0.33464184403419495, 0.3331342041492462, 0.33263659477233887, 0.33224570751190186, 0.3305594325065613, 0.33103176951408386, 0.3283438980579376, 0.3285996615886688, 0.32738783955574036, 0.32831963896751404, 0.32384681701660156, 0.32434597611427307, 0.32296785712242126, 0.3262821435928345, 0.32341545820236206, 0.32004255056381226, 0.3183267116546631, 0.31868642568588257, 0.3173837661743164, 0.31607499718666077, 0.3172588646411896, 0.3170831501483917, 0.3163931369781494, 0.3135777413845062, 0.313601016998291, 0.31232431530952454, 0.3119167387485504, 0.31171271204948425, 0.3099774122238159, 0.31068551540374756, 0.3092884421348572, 0.3085348904132843, 0.3076413869857788, 0.3069562315940857, 0.3055490255355835, 0.3052380383014679, 0.303468257188797, 0.30497461557388306, 0.3041172921657562, 0.30392321944236755, 0.3024127185344696, 0.3027516007423401, 0.30391380190849304, 0.30050569772720337, 0.29947128891944885, 0.29800307750701904, 0.29899317026138306, 0.29820698499679565, 0.2962179183959961, 0.2956741452217102, 0.29461541771888733, 0.2940411865711212, 0.29525941610336304],