{"n_parameters": 215281, "training_time": 14508.016216039658, "loss": [3.0597150325775146, 2.8774349689483643, 2.788966417312622, 2.701965808868408, 2.6232783794403076, 2.5599682331085205, 2.4579367637634277, 2.3698010444641113, 2.277832508087158, 2.2003698348999023, 2.1115665435791016, 2.0396716594696045, 1.9572581052780151, 1.8776062726974487, 1.8256361484527588, 1.7525758743286133, 1.6966153383255005, 1.6388336420059204, 1.5907649993896484, 1.536557674407959, 1.4944156408309937, 1.4563391208648682, 1.428096055984497, 1.4044269323349, 1.3651447296142578, 1.3425565958023071, 1.3172926902770996, 1.3025060892105103, 1.2747424840927124, 1.2614103555679321, 1.23921537399292, 1.2316502332687378, 1.215193748474121, 1.2000185251235962, 1.191479206085205, 1.1733156442642212, 1.165218710899353, 1.1495871543884277, 1.1345627307891846, 1.127221941947937, 1.1107875108718872, 1.0997637510299683, 1.0884857177734375, 1.0732265710830688, 1.0634061098098755, 1.0534125566482544, 1.0432467460632324, 1.032043218612671, 1.0179370641708374, 1.0025490522384644, 1.0004220008850098, 0.9905242323875427, 0.9702007174491882, 0.9602362513542175, 0.9543336629867554, 0.9476430416107178, 0.9348790645599365, 0.92705899477005, 0.9127764701843262, 0.9006640911102295, 0.8921428918838501, 0.8809515833854675, 0.8694949150085449, 0.85954749584198, 0.8555129170417786, 0.8422846794128418, 0.8361244797706604, 0.8236344456672668, 0.8154953718185425, 0.8044068217277527, 0.7994706630706787, 0.7876855134963989, 0.7809898853302002, 0.7743685841560364, 0.7625582814216614, 0.7551946043968201, 0.7489147782325745, 0.7325871586799622, 0.7303760051727295, 0.7206023335456848, 0.7134000658988953, 0.7094364762306213, 0.6980797648429871, 0.6934670209884644, 0.6874955296516418, 0.6770098805427551, 0.6721733212471008, 0.6658581495285034, 0.6608246564865112, 0.6536331176757812, 0.6418421864509583, 0.6410922408103943, 0.635741651058197, 0.6284772157669067, 0.6206141114234924, 0.61725252866745, 0.6072502136230469, 0.6030365228652954, 0.5984974503517151, 0.5884239077568054, 0.5866879224777222, 0.5805482268333435, 0.5771475434303284, 0.5695504546165466, 0.5654630661010742, 0.562898576259613, 0.5582148432731628, 0.5528667569160461, 0.5504095554351807, 0.5459258556365967, 0.5385738611221313, 0.5386735796928406, 0.5327774286270142, 0.528599202632904, 0.5244854688644409, 0.5206663608551025, 0.5182007551193237, 0.512108564376831, 0.5075730681419373, 0.5061251521110535, 0.49807074666023254, 0.49644121527671814, 0.491817444562912, 0.4918043613433838, 0.486268550157547, 0.48365485668182373, 0.478570818901062, 0.4760904908180237, 0.4724457859992981, 0.47001057863235474, 0.4677380621433258, 0.46750298142433167, 0.461946576833725, 0.46093377470970154, 0.45306554436683655, 0.4514542818069458, 0.4500812292098999, 0.4478015899658203, 0.4446532130241394, 0.44471418857574463, 0.43956252932548523, 0.4387679398059845, 0.4365171492099762, 0.4318883419036865, 0.42932260036468506, 0.428221195936203, 0.4277850091457367, 0.4205191433429718, 0.42401123046875, 0.4161587059497833, 0.41862455010414124, 0.4135541319847107, 0.4107314348220825, 0.41011321544647217, 0.40549030900001526, 0.4052340090274811, 0.4013436436653137, 0.3992883265018463, 0.3975246846675873, 0.39715108275413513, 0.390872061252594, 0.39148229360580444, 0.3896618187427521, 0.38837894797325134, 0.3877045214176178, 0.38483309745788574, 0.38577839732170105, 0.38002973794937134, 0.3798920214176178, 0.3763193190097809], "rmse": [1.7281500101089478, 1.6756947040557861, 1.6499055624008179, 1.624400019645691, 1.6002501249313354, 1.5798808336257935, 1.5481207370758057, 1.5196466445922852, 1.488355278968811, 1.46284818649292, 1.4320526123046875, 1.4089908599853516, 1.380063533782959, 1.352976679801941, 1.332459568977356, 1.306901454925537, 1.2852790355682373, 1.262944221496582, 1.2445634603500366, 1.223222255706787, 1.206957221031189, 1.1921494007110596, 1.1794164180755615, 1.1702855825424194, 1.1536966562271118, 1.1442866325378418, 1.1336488723754883, 1.1270662546157837, 1.1151889562606812, 1.109522819519043, 1.0993027687072754, 1.0963371992111206, 1.089396595954895, 1.0822534561157227, 1.0786203145980835, 1.070557713508606, 1.0664814710617065, 1.0597962141036987, 1.0526938438415527, 1.0494751930236816, 1.0412800312042236, 1.0366131067276, 1.0308265686035156, 1.0236965417861938, 1.0195294618606567, 1.0149505138397217, 1.0095250606536865, 1.0032778978347778, 0.9970112442970276, 0.9893819689750671, 0.9884635210037231, 0.9833466410636902, 0.9739433526992798, 0.9686189889907837, 0.9656291604042053, 0.9622718095779419, 0.9558592438697815, 0.9517814517021179, 0.9448627829551697, 0.9378137588500977, 0.9334499835968018, 0.9282748103141785, 0.9215505123138428, 0.9162201285362244, 0.9146023988723755, 0.9075006246566772, 0.9040607810020447, 0.8977439403533936, 0.8930450081825256, 0.8867477178573608, 0.8836668133735657, 0.8780227303504944, 0.8739944100379944, 0.8706737756729126, 0.8636208772659302, 0.8596649169921875, 0.8558380007743835, 0.8464601635932922, 0.8455303907394409, 0.8393440246582031, 0.8353626132011414, 0.8334582448005676, 0.8265307545661926, 0.8233524560928345, 0.8203829526901245, 0.8138097524642944, 0.8112301230430603, 0.8070825934410095, 0.803977370262146, 0.7996471524238586, 0.792707085609436, 0.7923367023468018, 0.7889689803123474, 0.7839837670326233, 0.7793591618537903, 0.7777544856071472, 0.7713284492492676, 0.7681456208229065, 0.765146791934967, 0.7593497633934021, 0.7580834031105042, 0.7540873885154724, 0.7518903613090515, 0.7467955350875854, 0.743979275226593, 0.7428783178329468, 0.7392198443412781, 0.7360153198242188, 0.7344062328338623, 0.7312476634979248, 0.7263832092285156, 0.7263688445091248, 0.7223772406578064, 0.7195553183555603, 0.7165716290473938, 0.7142450213432312, 0.7127304673194885, 0.7082325220108032, 0.7053565979003906, 0.704430878162384, 0.6985327005386353, 0.6973381042480469, 0.6940117478370667, 0.6943410634994507, 0.6903541684150696, 0.6883387565612793, 0.6847065091133118, 0.6830613017082214, 0.6805742383003235, 0.6788010001182556, 0.6769439578056335, 0.6766926050186157, 0.6731019616127014, 0.6718835830688477, 0.6662483215332031, 0.6654103994369507, 0.6639604568481445, 0.6624643802642822, 0.6602962613105774, 0.659903347492218, 0.6560177803039551, 0.6552581787109375, 0.6538946032524109, 0.650619387626648, 0.6483957767486572, 0.6478084921836853, 0.6474953293800354, 0.6419824361801147, 0.6446790099143982, 0.63881915807724, 0.6404085755348206, 0.6367071866989136, 0.634524405002594, 0.6336269378662109, 0.630206286907196, 0.6299214959144592, 0.6270888447761536, 0.6256294846534729, 0.6239048838615417, 0.6240267753601074, 0.618845522403717, 0.6195117831230164, 0.6182047724723816, 0.6165860891342163, 0.6165022253990173, 0.6138941645622253, 0.615067183971405, 0.6102799773216248, 0.6099919676780701, 0.6070235371589661],