{"n_parameters": 452785, "training_time": 2451.2801876068115, "loss": [2.5639705657958984, 2.514036178588867, 2.494434356689453, 2.481804847717285, 2.474337339401245, 2.464836835861206, 2.4594833850860596, 2.4549717903137207, 2.452903985977173, 2.45086669921875, 2.4448623657226562, 2.4495561122894287, 2.442780017852783, 2.4462997913360596, 2.4378085136413574, 2.440864324569702, 2.4389681816101074, 2.438404083251953, 2.4340972900390625, 2.434544563293457, 2.431021213531494], "rmse": [1.5796071290969849, 1.565232753753662, 1.5590531826019287, 1.554970622062683, 1.552226185798645, 1.5492020845413208, 1.5470396280288696, 1.5457205772399902, 1.5445585250854492, 1.5438926219940186, 1.5434244871139526, 1.5442934036254883, 1.541677713394165, 1.5429069995880127, 1.5407404899597168, 1.5417795181274414, 1.5400792360305786, 1.541002631187439, 1.5391374826431274, 1.5394560098648071, 1.5378320217132568], "val_loss": [2.5213205814361572, 2.5270626544952393, 2.503916025161743, 2.497091770172119, 2.5051159858703613, 2.494533061981201, 2.4938647747039795, 2.4924774169921875, 2.4901223182678223, 2.4906656742095947, 2.488097667694092, 2.484865427017212, 2.4833130836486816, 2.4823415279388428, 2.480020523071289, 2.479572296142578, 2.4834301471710205, 2.48358416557312, 2.4834554195404053, 2.48044490814209, 2.479949712753296], "val_rmse": [1.5638493299484253, 1.5657633543014526, 1.558241605758667, 1.5558879375457764, 1.5587139129638672, 1.5551238059997559, 1.5549460649490356, 1.5545796155929565, 1.5537776947021484, 1.5541871786117554, 1.5531220436096191, 1.5523368120193481, 1.5517572164535522, 1.5514189004898071, 1.5506947040557861, 1.5506106615066528, 1.5519723892211914, 1.5520564317703247, 1.552014946937561, 1.5508958101272583, 1.5507676601409912]}