{"n_parameters": 130689, "training_time": 812.8557465076447, "loss": [2.611340045928955, 2.5176374912261963, 2.5012705326080322, 2.4875290393829346, 2.482194185256958, 2.470088005065918, 2.4693214893341064, 2.461542844772339, 2.4574337005615234, 2.456015110015869, 2.446108818054199, 2.446047782897949, 2.443554162979126], "rmse": [1.5947670936584473, 1.5656023025512695, 1.5612517595291138, 1.5559037923812866, 1.554563283920288, 1.5511603355407715, 1.5511795282363892, 1.5481820106506348, 1.546518325805664, 1.5462557077407837, 1.5426013469696045, 1.5441021919250488, 1.542792558670044], "val_loss": [2.5079259872436523, 2.5043840408325195, 2.499070405960083, 2.4970431327819824, 2.4953105449676514, 2.4896562099456787, 2.489381790161133, 2.4860010147094727, 2.4924142360687256, 2.4883296489715576, 2.489832639694214, 2.4960482120513916, 2.4951658248901367], "val_rmse": [1.5591658353805542, 1.5580239295959473, 1.5563334226608276, 1.5556501150131226, 1.5550355911254883, 1.5532680749893188, 1.5531872510910034, 1.5521348714828491, 1.5541529655456543, 1.5528693199157715, 1.553331732749939, 1.5552916526794434, 1.55502450466156]}