{"n_parameters": 249809, "training_time": 10872.31622004509, "loss": [2.6079518795013428, 2.476734161376953, 2.416191816329956, 2.3696298599243164, 2.3233020305633545, 2.278158187866211, 2.230043888092041, 2.1817376613616943, 2.1300201416015625, 2.0754098892211914, 2.020731210708618, 1.960902452468872, 1.9054538011550903, 1.8529164791107178, 1.7922005653381348, 1.7489985227584839, 1.704409122467041, 1.6619789600372314, 1.6284254789352417, 1.6033592224121094, 1.57988703250885, 1.5520730018615723, 1.5300137996673584, 1.5006511211395264, 1.485156536102295, 1.4699914455413818, 1.4512766599655151, 1.43559730052948, 1.419441819190979, 1.410326600074768, 1.395241618156433, 1.382858395576477, 1.3698455095291138, 1.3635106086730957, 1.3463397026062012, 1.3388175964355469, 1.3303067684173584, 1.3199217319488525, 1.3138844966888428, 1.30219566822052, 1.2930359840393066, 1.2875847816467285, 1.2772009372711182, 1.268662929534912, 1.264493703842163, 1.2540431022644043, 1.2469696998596191, 1.2405122518539429, 1.2365297079086304, 1.2301445007324219, 1.218308687210083, 1.211671233177185, 1.2077653408050537, 1.1978068351745605, 1.1957910060882568, 1.1906191110610962, 1.1793301105499268, 1.1742641925811768, 1.1656439304351807, 1.1590087413787842, 1.1541905403137207, 1.1447949409484863, 1.1462701559066772, 1.1340440511703491, 1.1315479278564453, 1.120227575302124, 1.1147339344024658, 1.1097065210342407, 1.1017725467681885, 1.0988014936447144, 1.095096468925476, 1.0816444158554077, 1.0748370885849, 1.070671796798706, 1.0692280530929565, 1.0609557628631592, 1.056229829788208, 1.0505858659744263, 1.0452227592468262, 1.0366452932357788, 1.033942461013794, 1.0314747095108032, 1.0216542482376099, 1.017088770866394, 1.0083729028701782, 1.0096334218978882, 1.0047962665557861, 0.9954719543457031, 0.9879025816917419, 0.986763596534729, 0.9807998538017273, 0.9688652753829956, 0.9674332141876221, 0.9675679206848145, 0.960546612739563, 0.9537031054496765, 0.9523625373840332, 0.9460803270339966, 0.9406854510307312, 0.9351291656494141, 0.9316786527633667, 0.9231708645820618, 0.9185609221458435, 0.9139294624328613, 0.9143570065498352, 0.9068796038627625, 0.9040465354919434, 0.8998456597328186, 0.8931638598442078, 0.8870969414710999, 0.8834357261657715, 0.8812686800956726, 0.8781764507293701, 0.874003529548645, 0.8658375144004822, 0.8644921779632568, 0.8604242205619812, 0.8507758975028992], "rmse": [1.5928149223327637, 1.5524052381515503, 1.5334950685501099, 1.5181853771209717, 1.503609299659729, 1.488453984260559, 1.4729353189468384, 1.456289291381836, 1.43911612033844, 1.4200083017349243, 1.4009473323822021, 1.3801438808441162, 1.3617026805877686, 1.3417032957077026, 1.3198412656784058, 1.3032423257827759, 1.287515640258789, 1.2715519666671753, 1.2584394216537476, 1.2486608028411865, 1.2404361963272095, 1.228926420211792, 1.2206840515136719, 1.2089040279388428, 1.2027159929275513, 1.196808934211731, 1.189392328262329, 1.1826722621917725, 1.1769099235534668, 1.1723133325576782, 1.1669138669967651, 1.1621665954589844, 1.155099868774414, 1.1535391807556152, 1.1467337608337402, 1.142913818359375, 1.1394238471984863, 1.1355732679367065, 1.1327717304229736, 1.127285361289978, 1.1238601207733154, 1.1216905117034912, 1.1164649724960327, 1.1133551597595215, 1.1117348670959473, 1.1073411703109741, 1.1037758588790894, 1.1010491847991943, 1.0990986824035645, 1.0961871147155762, 1.091300368309021, 1.088159441947937, 1.0863319635391235, 1.081883192062378, 1.081695318222046, 1.07858407497406, 1.0738955736160278, 1.071338415145874, 1.0676532983779907, 1.0647159814834595, 1.0622175931930542, 1.058099627494812, 1.0584627389907837, 1.0535982847213745, 1.0526156425476074, 1.046621561050415, 1.0446877479553223, 1.041890025138855, 1.0386908054351807, 1.0369346141815186, 1.0346895456314087, 1.029477834701538, 1.0261197090148926, 1.0235908031463623, 1.0234280824661255, 1.0194759368896484, 1.0171211957931519, 1.0142744779586792, 1.0117651224136353, 1.0076555013656616, 1.006286382675171, 1.0048165321350098, 1.000525951385498, 0.9980900883674622, 0.9940654635429382, 0.9945772290229797, 0.992034375667572, 0.9877126812934875, 0.9838734865188599, 0.9831266403198242, 0.9804723262786865, 0.9744167327880859, 0.9737997651100159, 0.9737060070037842, 0.9695920348167419, 0.9668126106262207, 0.9660600423812866, 0.962670624256134, 0.9603295922279358, 0.9571890830993652, 0.955670952796936, 0.9509685039520264, 0.9491367936134338, 0.9467310309410095, 0.9461120963096619, 0.9427821636199951, 0.9411266446113586, 0.9388123750686646, 0.9354255795478821, 0.932364284992218, 0.9302709698677063, 0.9295700788497925, 0.9276935458183289, 0.9249753355979919, 0.9212916493415833, 0.9203024506568909, 0.9180706143379211, 0.9134461879730225], "val_loss": [2.541405439376831, 2.4610891342163086, 2.396530866622925, 2.348599910736084, 2.299530506134033, 2.262173891067505, 2.2092678546905518, 2.157205820083618, 2.1010472774505615, 2.047361373901367, 1.972426176071167, 1.9035552740097046, 1.837289810180664, 1.7719606161117554, 1.7088104486465454, 1.6540318727493286, 1.6180239915847778, 1.57903254032135, 1.5550692081451416, 1.5288450717926025, 1.516570806503296, 1.4931446313858032, 1.4930204153060913, 1.469216227531433, 1.4734103679656982, 1.453832983970642, 1.4659265279769897, 1.4555116891860962, 1.4445836544036865, 1.443131685256958, 1.4422211647033691, 1.4404187202453613, 1.448372483253479, 1.4380450248718262, 1.441642165184021, 1.4507288932800293, 1.4329657554626465, 1.434845209121704, 1.4191533327102661, 1.42294442653656, 1.4333797693252563, 1.410276174545288, 1.4198157787322998, 1.4169323444366455, 1.4137665033340454, 1.4077391624450684, 1.3879574537277222, 1.3857171535491943, 1.3911608457565308, 1.3731486797332764, 1.3825955390930176, 1.3676611185073853, 1.3562731742858887, 1.3474634885787964, 1.343422770500183, 1.3510823249816895, 1.3379842042922974, 1.3212162256240845, 1.3306952714920044, 1.3251979351043701, 1.3208355903625488, 1.3152514696121216, 1.311379313468933, 1.282576084136963, 1.2828261852264404, 1.2706326246261597, 1.2659999132156372, 1.2584586143493652, 1.254876732826233, 1.24982750415802, 1.225387454032898, 1.2366549968719482, 1.2021185159683228, 1.2261781692504883, 1.1926928758621216, 1.1888283491134644, 1.182255744934082, 1.1732059717178345, 1.1754850149154663, 1.172471523284912, 1.1554341316223145, 1.1379759311676025, 1.1280319690704346, 1.1388685703277588, 1.1163724660873413, 1.1257429122924805, 1.1131155490875244, 1.1090258359909058, 1.0965358018875122, 1.1093155145645142, 1.0794557332992554, 1.0796886682510376, 1.062109351158142, 1.0598195791244507, 1.0454699993133545, 1.057603120803833, 1.0455752611160278, 1.033193588256836, 1.0401840209960938, 1.014873743057251, 1.0091801881790161, 1.0205423831939697, 1.0241608619689941, 1.003867268562317, 0.9966739416122437, 0.9817820191383362, 1.001139760017395, 0.9853516221046448, 0.9795034527778625, 0.9629495143890381, 0.9882282018661499, 0.9614591598510742, 0.9375019669532776, 0.948424220085144, 0.9500042200088501, 0.9444754123687744, 0.9392667412757874, 0.9379980564117432],