{"n_parameters": 347505, "training_time": 3273.1851296424866, "loss": [2.627274990081787, 2.549711227416992, 2.5220766067504883, 2.4918594360351562, 2.4643936157226562, 2.450101375579834, 2.434882879257202, 2.4275503158569336, 2.4035120010375977, 2.392146348953247, 2.37117862701416, 2.356565237045288, 2.327927589416504, 2.315092086791992, 2.2896676063537598, 2.2663776874542236, 2.2423348426818848, 2.2155137062072754, 2.1818435192108154, 2.148972749710083, 2.1202850341796875, 2.0799648761749268, 2.036638021469116, 1.9902421236038208, 1.9437260627746582, 1.895917296409607, 1.852616786956787, 1.810844898223877, 1.7712949514389038, 1.740755558013916, 1.7101680040359497, 1.6900745630264282, 1.6630606651306152], "rmse": [1.6010463237762451, 1.5769375562667847, 1.5683354139328003, 1.5595582723617554, 1.549203872680664, 1.5451093912124634, 1.5403763055801392, 1.5375210046768188, 1.5294996500015259, 1.5275901556015015, 1.520446538925171, 1.515305995941162, 1.5057765245437622, 1.5020126104354858, 1.4925976991653442, 1.4848332405090332, 1.4778600931167603, 1.4668165445327759, 1.4571112394332886, 1.447150468826294, 1.4362596273422241, 1.4227311611175537, 1.4078618288040161, 1.3907884359359741, 1.3740283250808716, 1.3570256233215332, 1.3415782451629639, 1.3256829977035522, 1.3123995065689087, 1.3004229068756104, 1.289774775505066, 1.2823066711425781, 1.2722690105438232], "val_loss": [2.4955310821533203, 2.457125663757324, 2.436704397201538, 2.4212958812713623, 2.4037351608276367, 2.3864710330963135, 2.3702707290649414, 2.355642557144165, 2.3401939868927, 2.325505018234253, 2.3053314685821533, 2.2855758666992188, 2.2589809894561768, 2.229440212249756, 2.198530435562134, 2.1641829013824463, 2.1283326148986816, 2.089449405670166, 2.04864239692688, 2.0063042640686035, 1.9628764390945435, 1.9243829250335693, 1.8775962591171265, 1.8417937755584717, 1.8264760971069336, 1.7862532138824463, 1.770710825920105, 1.765433669090271, 1.7734410762786865, 1.777466893196106, 1.8036375045776367, 1.7882003784179688, 1.7919402122497559], "val_rmse": [1.5557523965835571, 1.5437812805175781, 1.5374165773391724, 1.5326058864593506, 1.5269197225570679, 1.5214312076568604, 1.5162136554718018, 1.5115023851394653, 1.5065345764160156, 1.5017364025115967, 1.495241641998291, 1.4886953830718994, 1.4800807237625122, 1.4702460765838623, 1.459902286529541, 1.4483213424682617, 1.4360402822494507, 1.4228521585464478, 1.4087368249893188, 1.3938522338867188, 1.3785773515701294, 1.3651809692382812, 1.348325252532959, 1.3356447219848633, 1.330655574798584, 1.3159946203231812, 1.310943603515625, 1.3096715211868286, 1.313393235206604, 1.3156293630599976, 1.325909972190857, 1.3205387592315674, 1.3222742080688477]}