{"n_parameters": 385457, "training_time": 1004.2057368755341, "loss": [3.678511142730713, 2.9473087787628174, 2.737100601196289, 2.6180248260498047, 2.54180908203125, 2.4924094676971436, 2.4773764610290527, 2.461007595062256, 2.4513068199157715], "rmse": [1.8885459899902344, 1.695987582206726, 1.6340632438659668, 1.597722053527832, 1.5745569467544556, 1.5582770109176636, 1.5537924766540527, 1.5466622114181519, 1.546097755432129], "val_loss": [2.777388572692871, 2.56215763092041, 2.4862849712371826, 2.471644401550293, 2.48248291015625, 2.483020782470703, 2.4841487407684326, 2.4814796447753906, 2.4752063751220703], "val_rmse": [1.6441057920455933, 1.5776273012161255, 1.5528208017349243, 1.5481219291687012, 1.551356554031372, 1.5515145063400269, 1.5519928932189941, 1.5513559579849243, 1.5492732524871826]}