{"n_parameters": 189921, "training_time": 1712.4802916049957, "loss": [2.8942906856536865, 2.681619167327881, 2.6329941749572754, 2.6146862506866455, 2.5932414531707764, 2.568706512451172, 2.554197072982788, 2.547034978866577, 2.527731418609619, 2.5260725021362305, 2.511631727218628, 2.510368585586548, 2.5028305053710938, 2.492356300354004, 2.4870033264160156, 2.4725072383880615, 2.469423770904541, 2.463778018951416, 2.467312812805176, 2.4583287239074707, 2.4498860836029053], "rmse": [1.6757735013961792, 1.6179829835891724, 1.6024632453918457, 1.5961337089538574, 1.5898524522781372, 1.581679344177246, 1.5776270627975464, 1.5765577554702759, 1.5702801942825317, 1.5698208808898926, 1.5641322135925293, 1.5646120309829712, 1.5612536668777466, 1.5583356618881226, 1.5566105842590332, 1.5515302419662476, 1.5504040718078613, 1.5499910116195679, 1.5497148036956787, 1.5484650135040283, 1.5454872846603394], "val_loss": [2.5369551181793213, 2.521857738494873, 2.5158987045288086, 2.5117909908294678, 2.518372058868408, 2.5027427673339844, 2.4987099170684814, 2.499499559402466, 2.5004353523254395, 2.4994397163391113, 2.476057767868042, 2.4963598251342773, 2.4919350147247314, 2.4741334915161133, 2.4803836345672607, 2.46600079536438, 2.471358060836792, 2.470879077911377, 2.4898266792297363, 2.4663357734680176, 2.467785120010376], "val_rmse": [1.5682718753814697, 1.563800573348999, 1.5621562004089355, 1.5610560178756714, 1.5632379055023193, 1.5582979917526245, 1.5570844411849976, 1.5574655532836914, 1.5578217506408691, 1.5576022863388062, 1.5500458478927612, 1.5567481517791748, 1.5553503036499023, 1.5495820045471191, 1.5516881942749023, 1.5470826625823975, 1.5489481687545776, 1.5488691329956055, 1.555114507675171, 1.5475125312805176, 1.548056721687317]}