{"n_parameters": 348273, "training_time": 24044.51082253456, "loss": [3.2009124755859375, 2.496515989303589, 2.4266607761383057, 2.3532891273498535, 2.27508282661438, 2.1819307804107666, 2.0511271953582764, 1.9256542921066284, 1.8217263221740723, 1.7357947826385498, 1.6654119491577148, 1.6114164590835571, 1.5744540691375732, 1.5425491333007812, 1.5141921043395996, 1.489351749420166, 1.465572714805603, 1.453789234161377, 1.437638282775879, 1.4200037717819214, 1.4028937816619873, 1.3882280588150024, 1.3738293647766113, 1.3592652082443237, 1.3495702743530273, 1.3276265859603882, 1.3117763996124268, 1.3045135736465454, 1.2812976837158203, 1.2694025039672852, 1.256543755531311, 1.2393126487731934, 1.2327022552490234, 1.2149566411972046, 1.196384310722351, 1.185079574584961, 1.1730008125305176, 1.159893274307251, 1.1414728164672852, 1.1284316778182983, 1.115456461906433, 1.0986955165863037, 1.0810571908950806, 1.0732542276382446, 1.0538382530212402, 1.042391300201416, 1.023112177848816, 1.0108709335327148, 0.9958563446998596, 0.9802449345588684, 0.96147221326828, 0.9469887018203735, 0.9365687966346741, 0.9169031381607056, 0.9022529721260071, 0.8852555751800537, 0.8691220283508301, 0.858433723449707, 0.8427284359931946, 0.8255460262298584, 0.8141829967498779, 0.8032830357551575, 0.7878102660179138, 0.7720619440078735, 0.762683629989624, 0.7558188438415527, 0.7405712604522705, 0.7341995239257812, 0.7239957451820374, 0.7091208100318909, 0.7012885212898254, 0.6899791359901428, 0.6803837418556213, 0.6760348081588745, 0.6675468683242798, 0.6560585498809814, 0.6519116163253784, 0.6385590434074402, 0.6358749866485596, 0.6244494915008545, 0.6125825047492981, 0.6092947721481323, 0.6051304936408997, 0.5948539972305298, 0.5845569372177124, 0.5828661322593689, 0.5743417739868164, 0.565737783908844, 0.5609807968139648, 0.5555641055107117, 0.5459433197975159, 0.543546736240387, 0.5343191027641296, 0.53075110912323, 0.5211735963821411, 0.5184195041656494, 0.5126556158065796, 0.5113065838813782, 0.5037592649459839, 0.4962223470211029, 0.4925283193588257, 0.48800694942474365, 0.4800164997577667, 0.47929465770721436, 0.47617530822753906, 0.46691468358039856, 0.46463021636009216, 0.46006709337234497, 0.45974642038345337, 0.4570462107658386, 0.4491989016532898, 0.448905885219574, 0.4400688707828522, 0.4391213357448578, 0.43675801157951355, 0.4329160153865814, 0.4288616180419922, 0.42708343267440796, 0.42280665040016174, 0.4194113314151764, 0.4200868606567383, 0.4134795367717743, 0.40762078762054443, 0.4089849293231964, 0.40248316526412964, 0.4060896337032318, 0.4008435606956482, 0.39655187726020813, 0.39321213960647583, 0.3951627016067505, 0.39110639691352844, 0.3886606991291046, 0.38261184096336365, 0.38551202416419983, 0.3819042444229126, 0.3775577247142792, 0.3746875524520874, 0.37636375427246094, 0.37427645921707153, 0.37013497948646545, 0.37018412351608276, 0.3674885928630829, 0.36145785450935364, 0.364457368850708, 0.36247512698173523, 0.3560517132282257, 0.35850992798805237, 0.3549271523952484, 0.35598763823509216, 0.3562690019607544, 0.3496745824813843, 0.35156482458114624, 0.3460158705711365, 0.3453530967235565, 0.3448762893676758, 0.3445824384689331, 0.34377968311309814, 0.3378157913684845, 0.3372774124145508, 0.33795052766799927, 0.3365393877029419, 0.33457645773887634, 0.3323969542980194, 0.3320947587490082, 0.33176329731941223, 0.3303050696849823, 0.3286149203777313, 0.3275071978569031, 0.3244754374027252, 0.3242110013961792, 0.3247028589248657, 0.3223349153995514, 0.3184516429901123, 0.3201577663421631, 0.31913506984710693, 0.31682711839675903, 0.31556594371795654, 0.3146185874938965, 0.31448569893836975, 0.3123556077480316, 0.3105689287185669, 0.3110835552215576, 0.3089999556541443, 0.30797266960144043, 0.30845385789871216, 0.30948030948638916, 0.3100574016571045, 0.30322521924972534, 0.3021644055843353, 0.30398139357566833, 0.3023461401462555, 0.30113762617111206, 0.30155739188194275, 0.3005233705043793, 0.30146703124046326, 0.29769623279571533, 0.29978007078170776, 0.29585233330726624, 0.29506006836891174, 0.294487327337265, 0.295402854681015, 0.2942730486392975, 0.29323774576187134, 0.2902148962020874, 0.29136934876441956, 0.2887958884239197, 0.28916072845458984, 0.2872687578201294],