{"n_parameters": 83361, "training_time": 10940.016976356506, "loss": [2.5889780521392822, 2.445744276046753, 2.411261558532715, 2.3711960315704346, 2.341041326522827, 2.2959351539611816, 2.256314277648926, 2.214999198913574, 2.1761486530303955, 2.1266396045684814, 2.073931932449341, 2.0144307613372803, 1.943773627281189, 1.881212592124939, 1.8019182682037354, 1.733450174331665, 1.6585584878921509, 1.6030393838882446, 1.5515812635421753, 1.5143359899520874, 1.4664483070373535, 1.4368388652801514, 1.4094699621200562, 1.3856375217437744, 1.3696717023849487, 1.3496389389038086, 1.3361537456512451, 1.315535545349121, 1.2978447675704956, 1.2909574508666992, 1.273871660232544, 1.256919026374817, 1.25017249584198, 1.234226942062378, 1.2275506258010864, 1.2189446687698364, 1.2028687000274658, 1.2000458240509033, 1.190016508102417, 1.175011396408081, 1.1721553802490234, 1.1542381048202515, 1.1486730575561523, 1.137137770652771, 1.1286548376083374, 1.1177412271499634, 1.1062003374099731, 1.1016347408294678, 1.0941053628921509, 1.0839259624481201, 1.075281023979187, 1.066683053970337, 1.057787537574768, 1.0460939407348633, 1.0409619808197021, 1.0229005813598633, 1.0161429643630981, 1.0147006511688232, 1.0049256086349487, 0.9988074898719788, 0.9868327975273132, 0.980916440486908, 0.9694444537162781, 0.9598764181137085, 0.9537006616592407, 0.9488452076911926, 0.940119743347168, 0.9339622855186462, 0.9251416921615601, 0.9120103120803833, 0.9056565165519714, 0.8962497115135193, 0.8902662396430969, 0.8834999799728394, 0.8762604594230652, 0.867350161075592, 0.859889030456543, 0.8520978689193726, 0.8498189449310303, 0.8475843667984009, 0.836679995059967, 0.8281852006912231, 0.8203592896461487, 0.8162795305252075, 0.8127709031105042, 0.7989364266395569, 0.7946842908859253, 0.7917420268058777, 0.7813055515289307, 0.7826418876647949, 0.7700121402740479, 0.7640588879585266, 0.7554903030395508, 0.7529960870742798, 0.7498472929000854, 0.7446619868278503, 0.739289402961731, 0.7321345806121826, 0.7280222773551941, 0.7191963195800781, 0.7202109098434448, 0.7099101543426514, 0.7106327414512634, 0.702957808971405, 0.7020217776298523, 0.6951589584350586, 0.6844116449356079, 0.6798118352890015, 0.6767797470092773, 0.6805926561355591, 0.6679883003234863, 0.6670818328857422, 0.660048246383667, 0.6562179923057556, 0.6554346680641174, 0.6510292887687683, 0.6449872851371765, 0.6405113935470581, 0.6374753713607788, 0.6355284452438354, 0.6330351233482361, 0.6212576627731323, 0.6242049932479858, 0.6214914321899414, 0.6155704855918884, 0.6137239336967468, 0.6094845533370972, 0.610114336013794, 0.6010735034942627, 0.5985514521598816, 0.5926304459571838, 0.5891813635826111, 0.585058331489563, 0.5807696580886841, 0.5801377296447754, 0.5752599239349365, 0.5732572674751282, 0.5683196783065796, 0.5713416337966919, 0.5647200345993042, 0.5605581402778625, 0.5546922087669373, 0.5537995100021362, 0.5529903173446655, 0.5495019555091858, 0.5454188585281372, 0.5415022969245911, 0.5430732369422913, 0.5408253073692322, 0.5359357595443726, 0.5341280102729797, 0.5291206240653992, 0.5274349451065063, 0.5246058106422424, 0.5226767063140869, 0.5200091600418091, 0.5181126594543457, 0.5164110064506531, 0.5144811272621155, 0.5112680792808533, 0.5097942352294922, 0.503976583480835, 0.49913322925567627, 0.49412089586257935, 0.4973698854446411, 0.4925311505794525, 0.49029281735420227, 0.49044010043144226, 0.4881550073623657, 0.48790279030799866, 0.48513373732566833, 0.4800628423690796, 0.47670045495033264, 0.47850900888442993, 0.4734030067920685, 0.470868855714798, 0.47146040201187134, 0.47462356090545654, 0.46725788712501526, 0.46619758009910583, 0.4651859700679779, 0.4628026485443115, 0.45844098925590515, 0.4620496928691864, 0.45882105827331543, 0.45817694067955017, 0.4553305208683014, 0.45396578311920166, 0.4499734044075012, 0.4480865001678467, 0.44862064719200134, 0.44384002685546875, 0.4424591064453125, 0.44228148460388184, 0.43727606534957886, 0.43908169865608215, 0.4346655011177063, 0.43379077315330505, 0.4349859952926636, 0.4318496286869049, 0.4294217526912689, 0.42604270577430725, 0.42839315533638, 0.4282086491584778, 0.42354562878608704, 0.42020848393440247, 0.4233091175556183, 0.42068836092948914, 0.4183609187602997, 0.4190247654914856, 0.41723617911338806, 0.41554248332977295, 0.41222766041755676, 0.41288191080093384, 0.4105224013328552, 0.40823858976364136, 0.4091454744338989, 0.40702512860298157, 0.40960419178009033, 0.4070749282836914, 0.40549737215042114],