{"n_parameters": 220177, "training_time": 17048.18030643463, "loss": [3.0926363468170166, 2.8036344051361084, 2.662318706512451, 2.5925493240356445, 2.5430052280426025, 2.4887142181396484, 2.460192918777466, 2.4235000610351562, 2.3933539390563965, 2.3692708015441895, 2.3361763954162598, 2.3033246994018555, 2.262744665145874, 2.2279539108276367, 2.182920217514038, 2.140864372253418, 2.093982219696045, 2.038151502609253, 1.9838887453079224, 1.9355831146240234, 1.876430630683899, 1.8362371921539307, 1.7844527959823608, 1.7424396276474, 1.7139018774032593, 1.6821688413619995, 1.6545419692993164, 1.633291482925415, 1.609485149383545, 1.5932127237319946, 1.5730258226394653, 1.555756688117981, 1.5450869798660278, 1.524032711982727, 1.5147957801818848, 1.5090340375900269, 1.494988203048706, 1.4829180240631104, 1.4692851305007935, 1.464988350868225, 1.45598566532135, 1.4469739198684692, 1.4382014274597168, 1.4296002388000488, 1.4235255718231201, 1.4079266786575317, 1.400521159172058, 1.4055336713790894, 1.393438696861267, 1.3870830535888672, 1.375239610671997, 1.3702436685562134, 1.3650023937225342, 1.3560843467712402, 1.3533024787902832, 1.3479682207107544, 1.3418010473251343, 1.3429664373397827, 1.324149250984192, 1.319049596786499, 1.323534607887268, 1.3173396587371826, 1.311039924621582, 1.303383231163025, 1.2959800958633423, 1.2964715957641602, 1.289366364479065, 1.2842059135437012, 1.280407428741455, 1.2727470397949219, 1.2684687376022339, 1.2678366899490356, 1.2611982822418213, 1.256201148033142, 1.2515795230865479, 1.2528935670852661, 1.2471933364868164, 1.2489405870437622, 1.2425248622894287, 1.2351349592208862, 1.2308965921401978, 1.2259929180145264, 1.2251145839691162, 1.2272586822509766, 1.2179378271102905, 1.213384985923767, 1.2047542333602905, 1.2044291496276855, 1.202769160270691, 1.1958084106445312, 1.1937055587768555, 1.1853207349777222, 1.186623215675354, 1.1830886602401733, 1.1810095310211182, 1.1722099781036377, 1.1654534339904785, 1.1622809171676636, 1.16331148147583, 1.159653902053833, 1.1552906036376953, 1.1488595008850098, 1.1421940326690674, 1.139695167541504, 1.1313765048980713, 1.1304868459701538, 1.1279901266098022, 1.119010090827942, 1.11190664768219, 1.1100083589553833, 1.1098132133483887, 1.1025539636611938, 1.1002875566482544, 1.0907671451568604, 1.088384985923767, 1.0863914489746094, 1.0773439407348633, 1.0782065391540527, 1.0618817806243896, 1.060271143913269, 1.0580732822418213, 1.0569802522659302, 1.0507445335388184, 1.0417211055755615, 1.0415313243865967, 1.0376417636871338, 1.0351370573043823, 1.0255576372146606, 1.0171371698379517, 1.0215299129486084, 1.0123406648635864, 1.003902554512024, 1.0047553777694702, 1.001258373260498, 0.9913082122802734, 0.98851078748703, 0.9812604784965515, 0.984454333782196, 0.9730179309844971, 0.9721460938453674, 0.9638137817382812, 0.9605826139450073, 0.9583566188812256, 0.955581784248352, 0.943878710269928, 0.9414644837379456, 0.9383981823921204, 0.9353264570236206, 0.9355711936950684, 0.9267544150352478, 0.9231770634651184, 0.9187852144241333, 0.9127729535102844, 0.9123924374580383, 0.901857852935791, 0.8978227972984314, 0.9037838578224182, 0.8986208438873291, 0.8868957757949829, 0.8817794919013977, 0.8842930197715759, 0.8801968097686768, 0.8751968145370483, 0.8673197627067566, 0.8672978281974792, 0.8603730797767639, 0.8595818281173706, 0.8564850091934204, 0.8612350225448608, 0.8475556969642639, 0.8501791954040527, 0.8384611010551453, 0.8418968915939331, 0.8284529447555542, 0.8346167206764221, 0.8293244242668152, 0.8241693377494812, 0.8251951932907104, 0.8193155527114868, 0.8189179301261902, 0.8064678907394409, 0.8067553639411926, 0.8039829730987549, 0.8068505525588989, 0.7939620018005371, 0.7962051033973694, 0.7888115644454956, 0.7867631912231445, 0.7828665375709534, 0.7808153033256531, 0.7842162251472473, 0.7734125256538391, 0.7738672494888306, 0.7713892459869385, 0.7685229182243347, 0.7648032903671265, 0.7610107660293579, 0.7610127329826355, 0.7531651854515076, 0.749360978603363, 0.7510151267051697, 0.7439433336257935, 0.7449856996536255, 0.7378433346748352, 0.7390866279602051, 0.7310739159584045, 0.733816385269165, 0.7302128076553345, 0.7264561057090759, 0.7253131866455078, 0.7256776094436646, 0.7232869267463684, 0.7201962471008301, 0.7109984755516052, 0.7111616134643555, 0.7113582491874695, 0.7088057398796082, 0.7107908129692078, 0.7043840289115906, 0.6976139545440674, 0.695878267288208, 0.6982969045639038, 0.6917527318000793, 0.6935850977897644, 0.6898349523544312, 0.6852441430091858, 0.683691143989563, 0.680945873260498, 0.6813117861747742, 0.6775362491607666, 0.6759704947471619, 0.6726803779602051, 0.6666743159294128, 0.6702000498771667],