{"n_parameters": 294545, "training_time": 16672.532034158707, "loss": [2.4935686588287354, 2.3735179901123047, 2.2981300354003906, 2.228562116622925, 2.1685454845428467, 2.095216751098633, 2.021519184112549, 1.9420287609100342, 1.859239101409912, 1.773188591003418, 1.6844340562820435, 1.598370909690857, 1.5207622051239014, 1.45232355594635, 1.3924353122711182, 1.346794605255127, 1.3161870241165161, 1.2811216115951538, 1.2551051378250122, 1.240116000175476, 1.2187740802764893, 1.203218936920166, 1.1971338987350464, 1.179579734802246, 1.1681339740753174, 1.1600216627120972, 1.1508961915969849, 1.1413216590881348, 1.132082223892212, 1.125773549079895, 1.1077945232391357, 1.1018644571304321, 1.095145344734192, 1.0846565961837769, 1.0723345279693604, 1.0683306455612183, 1.0591521263122559, 1.0447810888290405, 1.0342259407043457, 1.0216801166534424, 1.0137585401535034, 1.0081095695495605, 0.9945030212402344, 0.9845452308654785, 0.9759526252746582, 0.9613550901412964, 0.9526752233505249, 0.9428206086158752, 0.9323779344558716, 0.9214378595352173, 0.9101697206497192, 0.8995029330253601, 0.8916480541229248, 0.879278838634491, 0.866384744644165, 0.856719970703125, 0.846963107585907, 0.8326166272163391, 0.8226734399795532, 0.8139345645904541, 0.8043466806411743, 0.7930763363838196, 0.778338611125946, 0.7712810635566711, 0.7636418342590332, 0.7511059641838074, 0.7419317364692688, 0.7286403179168701, 0.7196635603904724, 0.7092186212539673, 0.7003605961799622, 0.6911691427230835, 0.6814272999763489, 0.6706865429878235, 0.6632376909255981, 0.6550061702728271, 0.6470066905021667, 0.6388552188873291, 0.6284053921699524, 0.6182442903518677, 0.6095889210700989, 0.6023395657539368, 0.5931661128997803, 0.5849838852882385, 0.5776859521865845, 0.5747854113578796, 0.5612407326698303, 0.5558372735977173, 0.547620952129364, 0.5422383546829224, 0.5314809083938599, 0.5249761939048767, 0.5228195786476135, 0.5124641060829163, 0.5060880780220032, 0.5022448897361755, 0.49655887484550476, 0.4936283230781555, 0.4846719801425934, 0.4803365468978882, 0.47451016306877136, 0.4678674638271332, 0.46504858136177063, 0.45921996235847473, 0.4521534740924835, 0.44980737566947937, 0.442859023809433, 0.4415362775325775, 0.43517959117889404, 0.4332001507282257, 0.4306168854236603, 0.4209860563278198, 0.42059585452079773, 0.4167782962322235, 0.41257044672966003, 0.4119581878185272, 0.40638411045074463, 0.404054194688797, 0.3977460265159607, 0.39888063073158264, 0.39392614364624023, 0.3926946520805359, 0.386933296918869, 0.38572779297828674, 0.3816540241241455, 0.3802478313446045, 0.3758787512779236, 0.3738075792789459, 0.37146493792533875, 0.3699907958507538, 0.3680996298789978, 0.3660287857055664, 0.3644156754016876, 0.36235690116882324, 0.36259976029396057, 0.35952478647232056, 0.3560159206390381, 0.35466617345809937, 0.3527270555496216, 0.3513747453689575, 0.3502562940120697, 0.3478968143463135, 0.34411513805389404, 0.3424313962459564, 0.3442646861076355, 0.34152156114578247, 0.3372426927089691, 0.3382853865623474, 0.3363332450389862, 0.3362791836261749, 0.334999144077301, 0.3333645761013031, 0.3322834074497223, 0.3303825855255127, 0.329582542181015, 0.3273436725139618, 0.3274856209754944, 0.32471147179603577, 0.32567334175109863, 0.32196134328842163, 0.32200050354003906, 0.32224804162979126, 0.31864675879478455, 0.3174296021461487], "rmse": [1.5582472085952759, 1.520262360572815, 1.495224952697754, 1.4719682931900024, 1.4506630897521973, 1.426356554031372, 1.3998926877975464, 1.3719055652618408, 1.3417237997055054, 1.3119382858276367, 1.2780728340148926, 1.2452422380447388, 1.214470386505127, 1.1866875886917114, 1.1629527807235718, 1.1434552669525146, 1.1304714679718018, 1.1165863275527954, 1.105059266090393, 1.098854660987854, 1.0889450311660767, 1.082905650138855, 1.0796353816986084, 1.0723609924316406, 1.0667264461517334, 1.0635532140731812, 1.0593860149383545, 1.0545529127120972, 1.0507452487945557, 1.0473856925964355, 1.0396074056625366, 1.0362025499343872, 1.032701015472412, 1.0288490056991577, 1.0233449935913086, 1.0207685232162476, 1.016403079032898, 1.010187029838562, 1.004421353340149, 0.9985847473144531, 0.9948842525482178, 0.992160439491272, 0.9848294854164124, 0.9807068705558777, 0.9763965606689453, 0.9689127206802368, 0.9645283818244934, 0.9593779444694519, 0.9541699290275574, 0.9488465189933777, 0.942805826663971, 0.9380158185958862, 0.93410325050354, 0.9274677634239197, 0.920330822467804, 0.9152288436889648, 0.9101020097732544, 0.9024302363395691, 0.8972907662391663, 0.8924188613891602, 0.887590229511261, 0.8808297514915466, 0.8726505637168884, 0.8691956996917725, 0.8645961284637451, 0.8578376173973083, 0.8529062867164612, 0.844411313533783, 0.8397937417030334, 0.8330128788948059, 0.8284921646118164, 0.8228728771209717, 0.8172429800033569, 0.8109797835350037, 0.8059598207473755, 0.801073431968689, 0.7964341044425964, 0.7912177443504333, 0.7846902012825012, 0.7784500122070312, 0.7731760144233704, 0.7682798504829407, 0.7622478604316711, 0.7568638920783997, 0.7525873184204102, 0.7501025795936584, 0.7413600087165833, 0.738127589225769, 0.7324864864349365, 0.7288875579833984, 0.7217175960540771, 0.7172558903694153, 0.7155956029891968, 0.70882648229599, 0.7041823267936707, 0.7013998627662659, 0.6969752311706543, 0.6954898238182068, 0.6885596513748169, 0.685783863067627, 0.6820146441459656, 0.6770017743110657, 0.6747421622276306, 0.6705551147460938, 0.6655788421630859, 0.6635193228721619, 0.6583234071731567, 0.6579087972640991, 0.6526056528091431, 0.651275634765625, 0.6493027210235596, 0.6420606374740601, 0.6415961384773254, 0.6385891437530518, 0.6353405714035034, 0.634993314743042, 0.6308977603912354, 0.629204511642456, 0.6239213943481445, 0.6250046491622925, 0.6208387613296509, 0.6198261380195618, 0.6152679920196533, 0.6141157150268555, 0.6110479235649109, 0.6096139550209045, 0.6064594388008118, 0.6046206951141357, 0.6029627323150635, 0.601483166217804, 0.5997066497802734, 0.5984644889831543, 0.5971914529800415, 0.5953567028045654, 0.595618486404419, 0.5930565595626831, 0.5902218222618103, 0.5891426801681519, 0.5874031186103821, 0.5860652923583984, 0.5850546360015869, 0.5832422375679016, 0.5801903605461121, 0.5790044665336609, 0.5800095200538635, 0.5778226256370544, 0.5743963122367859, 0.5751764178276062, 0.5733879208564758, 0.5734845399856567, 0.5723982453346252, 0.570740282535553, 0.570012629032135, 0.5683391690254211, 0.5677300691604614, 0.5654618144035339, 0.5653345584869385, 0.5635188221931458, 0.5643348097801208, 0.5609083771705627, 0.5610304474830627, 0.5611883401870728, 0.5582888126373291, 0.5572508573532104],