{"n_parameters": 251985, "training_time": 16164.5710272789, "loss": [2.7516531944274902, 2.4716575145721436, 2.426929235458374, 2.399348020553589, 2.3647451400756836, 2.3415567874908447, 2.3132517337799072, 2.275836229324341, 2.2519397735595703, 2.220456600189209, 2.185133695602417, 2.14791202545166, 2.1088411808013916, 2.0663018226623535, 2.024836540222168, 1.9826221466064453, 1.9365030527114868, 1.8909072875976562, 1.8423237800598145, 1.793089509010315, 1.759389877319336, 1.722364902496338, 1.6858521699905396, 1.6558763980865479, 1.630708932876587, 1.5989441871643066, 1.580538272857666, 1.5521576404571533, 1.5378023386001587, 1.5209629535675049, 1.5063225030899048, 1.492154836654663, 1.4769854545593262, 1.45987069606781, 1.4524942636489868, 1.4374096393585205, 1.4259769916534424, 1.4170128107070923, 1.3971649408340454, 1.3892533779144287, 1.3834869861602783, 1.3721681833267212, 1.3599789142608643, 1.3494760990142822, 1.3466689586639404, 1.332303524017334, 1.3278472423553467, 1.3204433917999268, 1.3083018064498901, 1.3015965223312378, 1.299598217010498, 1.2883983850479126, 1.2798486948013306, 1.2706797122955322, 1.264647364616394, 1.256203532218933, 1.2525428533554077, 1.252415418624878, 1.2413288354873657, 1.2347978353500366, 1.2287086248397827, 1.220947504043579, 1.2161030769348145, 1.212491512298584, 1.2033346891403198, 1.1987801790237427, 1.1899745464324951, 1.1887189149856567, 1.180890440940857, 1.17061448097229, 1.1676825284957886, 1.1659902334213257, 1.1601717472076416, 1.1521873474121094, 1.148247480392456, 1.1415151357650757, 1.133819818496704, 1.1250910758972168, 1.1152664422988892, 1.115980863571167, 1.107589602470398, 1.1034334897994995, 1.0998395681381226, 1.0929290056228638, 1.0817784070968628, 1.078026294708252, 1.0750688314437866, 1.0670334100723267, 1.0598686933517456, 1.0528464317321777, 1.0442270040512085, 1.038909673690796, 1.0318328142166138, 1.0293595790863037, 1.0191102027893066, 1.0121015310287476, 1.0107157230377197, 1.0001617670059204, 0.9931289553642273, 0.9920129179954529, 0.9811857342720032, 0.9760947227478027, 0.9669189453125, 0.9623224139213562, 0.9550808668136597, 0.9460147619247437, 0.9409818649291992, 0.9362211227416992, 0.9295865297317505, 0.9202005863189697, 0.9190424680709839, 0.907069742679596, 0.905255913734436, 0.9000436067581177, 0.8934013843536377, 0.8859791159629822, 0.881892740726471, 0.8774553537368774, 0.875206470489502, 0.8690329790115356, 0.8665504455566406, 0.8578771352767944, 0.8480237722396851, 0.846569836139679, 0.8437361121177673, 0.8371152281761169, 0.8331552147865295, 0.8280981779098511, 0.8232656717300415, 0.823092520236969, 0.8184142112731934, 0.8142450451850891, 0.8055211901664734, 0.8042487502098083, 0.7998995780944824, 0.7997629642486572, 0.7958887219429016, 0.7905244827270508, 0.7873162031173706, 0.7841218709945679, 0.7794421315193176, 0.7790195941925049, 0.7744370102882385, 0.7698526978492737, 0.7711195349693298, 0.7660973072052002, 0.7607992887496948, 0.758019208908081, 0.7548609375953674, 0.7530048489570618, 0.7560176253318787, 0.7475181221961975, 0.7468032240867615, 0.7436729669570923, 0.7380073666572571, 0.7364821434020996, 0.7348924875259399, 0.7308504581451416, 0.7298545241355896, 0.7269361615180969, 0.7249642610549927, 0.7241151928901672, 0.7159816026687622, 0.7141069769859314, 0.7101346254348755, 0.7130581736564636, 0.7067133784294128, 0.7042258381843567, 0.7026259899139404, 0.7014628052711487, 0.69843989610672, 0.6920245289802551, 0.6944466233253479, 0.6938133835792542, 0.6875178813934326, 0.693289577960968, 0.6875619292259216, 0.6902981996536255, 0.6880626082420349, 0.6840366721153259, 0.6772463917732239, 0.6757286190986633, 0.6745725870132446, 0.6684197783470154, 0.672142744064331, 0.6708951592445374, 0.6658668518066406, 0.661169171333313, 0.6655032634735107, 0.6591181755065918, 0.6567563414573669, 0.6584234833717346, 0.6573651432991028, 0.6540645360946655, 0.6554797887802124, 0.652570366859436, 0.64466392993927, 0.643822431564331, 0.6395107507705688, 0.6440694332122803, 0.6353230476379395, 0.6367145776748657, 0.6382872462272644, 0.6363407969474792, 0.6365474462509155, 0.628193736076355, 0.628318727016449, 0.6214483380317688, 0.6215038895606995, 0.6252351403236389, 0.6195000410079956, 0.6160741448402405, 0.6175409555435181, 0.6157599091529846, 0.6144360899925232, 0.6147834062576294, 0.6113373041152954, 0.6042822599411011, 0.6056571006774902, 0.6033765077590942, 0.6030251979827881, 0.6004133820533752, 0.6028327941894531, 0.5975486040115356, 0.5966881513595581, 0.5934179425239563, 0.5906341671943665, 0.5899938344955444, 0.594464898109436],