{"n_parameters": 487201, "training_time": 3753.3104202747345, "loss": [3.2727110385894775, 3.0405380725860596, 2.89064621925354, 2.79498291015625, 2.749676465988159, 2.709817409515381, 2.6628520488739014, 2.6510331630706787, 2.6293082237243652, 2.601860761642456, 2.5910069942474365, 2.5821516513824463, 2.5708250999450684, 2.5666584968566895, 2.5574166774749756, 2.5466787815093994, 2.545382022857666, 2.53874135017395, 2.5273866653442383, 2.529754877090454, 2.5205161571502686, 2.517324686050415, 2.515549659729004, 2.5125482082366943, 2.5115716457366943, 2.506452798843384, 2.504171371459961, 2.4990017414093018, 2.4964120388031006, 2.488980293273926, 2.493469476699829, 2.492720603942871], "rmse": [1.7881665229797363, 1.7232741117477417, 1.6804481744766235, 1.6517285108566284, 1.6377366781234741, 1.625827670097351, 1.6114835739135742, 1.6078948974609375, 1.6010499000549316, 1.592614769935608, 1.5896517038345337, 1.5857962369918823, 1.5826444625854492, 1.5810954570770264, 1.578200340270996, 1.575018048286438, 1.575063943862915, 1.572668433189392, 1.5697647333145142, 1.5692981481552124, 1.5671952962875366, 1.565482258796692, 1.5654397010803223, 1.5650533437728882, 1.5639028549194336, 1.5625338554382324, 1.5619741678237915, 1.5606424808502197, 1.5596191883087158, 1.557364583015442, 1.558730125427246, 1.5577309131622314], "val_loss": [2.4966907501220703, 2.4933762550354004, 2.4963815212249756, 2.5032448768615723, 2.499943733215332, 2.5057711601257324, 2.4928176403045654, 2.4931564331054688, 2.491438627243042, 2.4912610054016113, 2.4872517585754395, 2.4875247478485107, 2.486441135406494, 2.486358165740967, 2.486966133117676, 2.4851510524749756, 2.485722064971924, 2.4847280979156494, 2.4865779876708984, 2.485271453857422, 2.484693765640259, 2.4847426414489746, 2.4854793548583984, 2.485373020172119, 2.4843039512634277, 2.4826555252075195, 2.4823434352874756, 2.4836230278015137, 2.4828271865844727, 2.483154058456421, 2.483921766281128, 2.4837043285369873], "val_rmse": [1.5556198358535767, 1.5546320676803589, 1.555816888809204, 1.55802583694458, 1.5570130348205566, 1.5589864253997803, 1.554797649383545, 1.5548335313796997, 1.5542241334915161, 1.5541484355926514, 1.5529212951660156, 1.5529654026031494, 1.5526254177093506, 1.5526169538497925, 1.5528223514556885, 1.5523165464401245, 1.552502989768982, 1.5521981716156006, 1.5527377128601074, 1.5523715019226074, 1.552193522453308, 1.5521900653839111, 1.5524508953094482, 1.5523930788040161, 1.5521286725997925, 1.551576018333435, 1.55144464969635, 1.5517817735671997, 1.5515692234039307, 1.5516455173492432, 1.5518602132797241, 1.5517932176589966]}