{"n_parameters": 237297, "training_time": 15633.76604437828, "loss": [2.848787784576416, 2.3878400325775146, 2.271909236907959, 2.1522462368011475, 2.0284829139709473, 1.8989049196243286, 1.7731376886367798, 1.6698501110076904, 1.5795434713363647, 1.5040996074676514, 1.439028024673462, 1.3811347484588623, 1.3329232931137085, 1.2885761260986328, 1.2494434118270874, 1.2170848846435547, 1.1870958805084229, 1.1608614921569824, 1.1420927047729492, 1.120926856994629, 1.1012699604034424, 1.0801483392715454, 1.0646250247955322, 1.0476206541061401, 1.03432297706604, 1.0131109952926636, 1.0056432485580444, 0.9921790361404419, 0.9752944111824036, 0.9670907855033875, 0.9534034132957458, 0.9419726729393005, 0.9289344549179077, 0.9173547029495239, 0.9056942462921143, 0.8957985043525696, 0.881121039390564, 0.8701835870742798, 0.860525369644165, 0.8486006259918213, 0.8368392586708069, 0.8265761137008667, 0.8129352331161499, 0.8051581382751465, 0.7922412157058716, 0.7793759107589722, 0.767589807510376, 0.7548484206199646, 0.7429618835449219, 0.733185887336731, 0.71992027759552, 0.7090668678283691, 0.6965690851211548, 0.6857346892356873, 0.6747602224349976, 0.662300169467926, 0.6512780785560608, 0.6412397027015686, 0.6258832812309265, 0.6140573024749756, 0.6048842072486877, 0.5950530767440796, 0.5846996307373047, 0.5698719024658203, 0.562980592250824, 0.5507128834724426, 0.5427510142326355, 0.5322386026382446, 0.5254568457603455, 0.5123748183250427, 0.5039858818054199, 0.495357871055603, 0.489534467458725, 0.48013293743133545, 0.47497156262397766, 0.46683597564697266, 0.4600163698196411, 0.4528210461139679, 0.4503410756587982, 0.4427160620689392, 0.436443954706192, 0.4323430061340332, 0.4281763732433319, 0.4222477078437805, 0.41677871346473694, 0.4154259264469147, 0.41042524576187134, 0.4055170714855194, 0.40201085805892944, 0.3995237946510315, 0.39615875482559204, 0.3941417932510376, 0.3908034861087799, 0.3876403570175171, 0.3843535780906677, 0.3842122256755829, 0.3798518180847168, 0.3778161406517029, 0.3760650157928467, 0.3711499273777008, 0.37065190076828003, 0.3681175112724304, 0.36221814155578613, 0.3616369068622589, 0.3609820008277893, 0.3579866290092468, 0.35664454102516174, 0.3527270257472992, 0.35237300395965576, 0.35047054290771484, 0.34741678833961487, 0.346578985452652, 0.3458593785762787, 0.3430860936641693, 0.341581255197525, 0.33922532200813293, 0.33712637424468994, 0.3358505070209503, 0.3336167633533478, 0.3326098620891571, 0.3293168544769287, 0.3319321572780609, 0.3274275064468384, 0.32672446966171265, 0.32534074783325195, 0.32573285698890686, 0.32297566533088684, 0.32169562578201294, 0.3193446397781372, 0.3194568455219269, 0.3164733052253723, 0.3179546594619751, 0.3161136209964752, 0.3125879764556885, 0.3118066191673279, 0.3108205497264862, 0.3106842339038849, 0.30952176451683044, 0.3070470690727234, 0.3046935796737671, 0.3059628903865814, 0.3054291605949402, 0.3043573200702667, 0.30157703161239624, 0.3009849488735199, 0.30000463128089905, 0.29962101578712463, 0.2990376055240631, 0.29759401082992554, 0.29687222838401794, 0.2949258089065552, 0.29468563199043274, 0.2929968237876892, 0.2919023036956787, 0.29231977462768555, 0.29127755761146545, 0.2896960377693176, 0.28836363554000854, 0.28783705830574036, 0.28789910674095154, 0.2844262719154358, 0.2862703204154968, 0.2850394546985626, 0.28255555033683777, 0.2824926972389221, 0.28253477811813354, 0.2827697992324829, 0.2804190516471863, 0.2796385884284973, 0.2792409062385559, 0.2799416780471802, 0.27686837315559387, 0.27646294236183167, 0.27786287665367126, 0.27315959334373474, 0.274602472782135, 0.2744338810443878, 0.2734838128089905, 0.2708554267883301, 0.27155619859695435, 0.2705141007900238, 0.2691953182220459, 0.27074435353279114, 0.2684359550476074, 0.2682937681674957], "rmse": [1.6648991107940674, 1.523788571357727, 1.4863417148590088, 1.445373296737671, 1.4041014909744263, 1.3568859100341797, 1.3118295669555664, 1.272961974143982, 1.238856554031372, 1.207290530204773, 1.182266354560852, 1.1576404571533203, 1.1385233402252197, 1.1199116706848145, 1.1033070087432861, 1.0892680883407593, 1.076210856437683, 1.0642462968826294, 1.0547733306884766, 1.0465216636657715, 1.037294626235962, 1.027956247329712, 1.0201836824417114, 1.0118517875671387, 1.005448579788208, 0.9956476092338562, 0.9920442700386047, 0.9855309128761292, 0.9774579405784607, 0.972806990146637, 0.9663299918174744, 0.9601319432258606, 0.9537007212638855, 0.9478101134300232, 0.9416588544845581, 0.9367057681083679, 0.9295371174812317, 0.9234733581542969, 0.9182164072990417, 0.9120737314224243, 0.9062584638595581, 0.8999117612838745, 0.8929775357246399, 0.8886934518814087, 0.8814732432365417, 0.8741686344146729, 0.8675747513771057, 0.8603033423423767, 0.8537578582763672, 0.8486068844795227, 0.8405593633651733, 0.8341009616851807, 0.8266556262969971, 0.8200809955596924, 0.8134833574295044, 0.8063327074050903, 0.7996463179588318, 0.7933340072631836, 0.7836600542068481, 0.7764115929603577, 0.7704067230224609, 0.7646021246910095, 0.7573566436767578, 0.747968852519989, 0.7434702515602112, 0.7354087829589844, 0.7298263311386108, 0.7227038741111755, 0.7183278203010559, 0.7090674042701721, 0.7031829357147217, 0.6975750923156738, 0.693213701248169, 0.6863410472869873, 0.6828431487083435, 0.6767092347145081, 0.6721896529197693, 0.6666603684425354, 0.6648017764091492, 0.6593157649040222, 0.6544512510299683, 0.6515901684761047, 0.6486101150512695, 0.6432616710662842, 0.6391761302947998, 0.6384047865867615, 0.6339994668960571, 0.6307740211486816, 0.6277608275413513, 0.625791072845459, 0.623288094997406, 0.6218308806419373, 0.6193532347679138, 0.6163097620010376, 0.6139941215515137, 0.6136067509651184, 0.610397458076477, 0.6086776852607727, 0.607157289981842, 0.6031287908554077, 0.6027858257293701, 0.600795328617096, 0.5958786606788635, 0.5954170823097229, 0.5945683121681213, 0.5921546220779419, 0.5913732051849365, 0.587864339351654, 0.5874354839324951, 0.5861648321151733, 0.5834206938743591, 0.5829542875289917, 0.5821398496627808, 0.5799561142921448, 0.5784128308296204, 0.5767722725868225, 0.5744365453720093, 0.5736361145973206, 0.5716102123260498, 0.5711215734481812, 0.567876935005188, 0.5700092315673828, 0.5663549900054932, 0.5658441781997681, 0.5645678639411926, 0.5649764537811279, 0.5626150369644165, 0.5612799525260925, 0.5594632625579834, 0.5593388676643372, 0.5567647814750671, 0.5579014420509338, 0.5562615990638733, 0.5533967018127441, 0.5527665615081787, 0.5517787337303162, 0.5513924956321716, 0.5505378842353821, 0.5484279990196228, 0.5465012788772583, 0.5471389889717102, 0.5467424392700195, 0.5457179546356201, 0.5434175133705139, 0.5427600145339966, 0.5418628454208374, 0.5415854454040527, 0.5411611795425415, 0.5399654507637024, 0.5393589735031128, 0.5373538136482239, 0.5368539094924927, 0.5355870127677917, 0.5344440340995789, 0.5349851846694946, 0.5337607264518738, 0.5324563384056091, 0.5309959053993225, 0.5308512449264526, 0.5307194590568542, 0.5280609130859375, 0.5294708013534546, 0.5283495783805847, 0.5261573195457458, 0.5256249308586121, 0.5258910655975342, 0.5262117981910706, 0.524013876914978, 0.5231942534446716, 0.5229217410087585, 0.5232416987419128, 0.5205950736999512, 0.5201772451400757, 0.5213862657546997, 0.51722252368927, 0.5184650421142578, 0.5182023644447327, 0.5173625946044922, 0.5150021314620972, 0.5153696537017822, 0.514552652835846, 0.5131229758262634, 0.5144665241241455, 0.5126689076423645, 0.5123783349990845],