{"n_parameters": 149697, "training_time": 11124.874113082886, "loss": [3.4545977115631104, 2.4497299194335938, 2.4080004692077637, 2.369410276412964, 2.3423898220062256, 2.3130698204040527, 2.279616117477417, 2.2407126426696777, 2.2092883586883545, 2.1703901290893555, 2.1257855892181396, 2.0741865634918213, 2.024296760559082, 1.9647314548492432, 1.9162375926971436, 1.8713284730911255, 1.8196758031845093, 1.7647196054458618, 1.719050645828247, 1.6805534362792969, 1.640130639076233, 1.5995579957962036, 1.5664622783660889, 1.5398223400115967, 1.5147907733917236, 1.4864450693130493, 1.464477300643921, 1.4390881061553955, 1.4198148250579834, 1.3996151685714722, 1.3831576108932495, 1.3678462505340576, 1.3545254468917847, 1.3386884927749634, 1.3222968578338623, 1.3066449165344238, 1.297528624534607, 1.285839319229126, 1.2740789651870728, 1.2628411054611206, 1.2545956373214722, 1.2498435974121094, 1.2362704277038574, 1.2292348146438599, 1.2214055061340332, 1.2118606567382812, 1.2031301259994507, 1.196629285812378, 1.187340497970581, 1.185301423072815, 1.1765888929367065, 1.1683528423309326, 1.1640114784240723, 1.1622551679611206, 1.1466692686080933, 1.1456470489501953, 1.1381962299346924, 1.1333521604537964, 1.1237322092056274, 1.1198740005493164, 1.1129746437072754, 1.1066102981567383, 1.098801612854004, 1.091500997543335, 1.0891010761260986, 1.0821278095245361, 1.0767661333084106, 1.0719250440597534, 1.06599760055542, 1.057386040687561, 1.0534718036651611, 1.0476634502410889, 1.040678858757019, 1.0362497568130493, 1.028760552406311, 1.0207266807556152, 1.019943356513977, 1.0099250078201294, 1.0044132471084595, 1.0017153024673462, 0.9945063591003418, 0.9879902601242065, 0.9823294878005981, 0.97694993019104, 0.9711816906929016, 0.9665923118591309, 0.9633846879005432, 0.9557985067367554, 0.9493510127067566, 0.9441083669662476, 0.9373032450675964, 0.9278510808944702, 0.9252944588661194, 0.9222937226295471, 0.9151181578636169, 0.9096113443374634, 0.9054118394851685, 0.8985201716423035, 0.8908630609512329, 0.8857250213623047, 0.8858789801597595, 0.8735947012901306, 0.8658322095870972, 0.8649311065673828, 0.8593416213989258, 0.8517277240753174, 0.848355233669281, 0.8402407169342041, 0.838742733001709, 0.8284932374954224, 0.822938084602356, 0.8196729421615601, 0.8071191906929016, 0.8093165755271912, 0.8009737133979797, 0.7960295677185059, 0.7922584414482117, 0.7865707874298096, 0.7818278074264526, 0.7735326290130615, 0.7712000608444214, 0.763603687286377, 0.7607915997505188, 0.7524527311325073, 0.7503892183303833, 0.7436266541481018, 0.7381464838981628, 0.7335408329963684, 0.7287569642066956, 0.7241421937942505, 0.7193166613578796, 0.7145251035690308, 0.7124230861663818, 0.7070722579956055, 0.7031536102294922, 0.6981854438781738, 0.6961986422538757, 0.6853200197219849, 0.6841210126876831, 0.6819071173667908, 0.6733795404434204, 0.6699872016906738, 0.6671848297119141, 0.6652048826217651, 0.6602786779403687, 0.6544241309165955, 0.64833664894104, 0.6431369781494141, 0.6409992575645447, 0.6420610547065735, 0.6394813060760498, 0.6303532719612122, 0.6321929693222046, 0.6227418780326843, 0.6192270517349243, 0.6139594316482544, 0.6099844574928284, 0.6084729433059692, 0.6057659387588501, 0.6041851043701172, 0.5976113677024841, 0.5935591459274292, 0.5937541723251343, 0.5849171876907349, 0.5858728885650635, 0.5799553990364075, 0.5799879431724548, 0.5765787959098816, 0.5707839131355286, 0.5680372714996338, 0.5653619766235352, 0.5616993308067322, 0.5567086338996887, 0.5603903532028198, 0.5500534772872925, 0.5501272678375244, 0.5483064651489258, 0.546004056930542, 0.5391359329223633, 0.5362663865089417, 0.5371780395507812, 0.5307034850120544, 0.5320180654525757, 0.5279169082641602, 0.5263743996620178, 0.5259396433830261, 0.5201087594032288, 0.5183283090591431, 0.5182942748069763, 0.5115653872489929, 0.5097514986991882, 0.5058594942092896, 0.5055607557296753, 0.500812828540802, 0.501643717288971, 0.4984108507633209, 0.4953664243221283, 0.49288132786750793, 0.49491655826568604, 0.4930044114589691, 0.4893178343772888, 0.4854232668876648, 0.482614129781723, 0.47764596343040466, 0.4771164655685425, 0.4745914041996002, 0.4800690710544586, 0.47329890727996826, 0.47230762243270874, 0.4681395888328552, 0.4654625356197357, 0.46408188343048096, 0.4638810157775879, 0.45861220359802246, 0.45980557799339294],