{"n_parameters": 527169, "training_time": 19468.014887809753, "loss": [2.398005962371826, 2.3020198345184326, 2.230414867401123, 2.155040740966797, 2.0743825435638428, 1.9916234016418457, 1.9035553932189941, 1.8133522272109985, 1.7254542112350464, 1.6385431289672852, 1.5555187463760376, 1.4795202016830444, 1.408231258392334, 1.3459231853485107, 1.2926007509231567, 1.2492367029190063, 1.2140672206878662, 1.183600664138794, 1.1584302186965942, 1.1403552293777466, 1.1272072792053223, 1.1100316047668457, 1.0974388122558594, 1.086817741394043, 1.0761728286743164, 1.0675230026245117, 1.0579227209091187, 1.049095869064331, 1.0411652326583862, 1.0330064296722412, 1.0253827571868896, 1.0161328315734863, 1.0091509819030762, 1.0013021230697632, 0.9928224086761475, 0.9848142862319946, 0.9770216941833496, 0.9693679213523865, 0.9604301452636719, 0.9545711874961853, 0.9428771138191223, 0.9360100626945496, 0.929610013961792, 0.9205664992332458, 0.911584198474884, 0.9020057916641235, 0.89425128698349, 0.8856531381607056, 0.8781894445419312, 0.8691820502281189, 0.8604258894920349, 0.8512420654296875, 0.8410656452178955, 0.8327846527099609, 0.8225078582763672, 0.8153923153877258, 0.8062970638275146, 0.7978826761245728, 0.7887789011001587, 0.7802391052246094, 0.7703068852424622, 0.7623899579048157, 0.7531662583351135, 0.7435922622680664, 0.7351741194725037, 0.7256551384925842, 0.7141081094741821, 0.7077091336250305, 0.6969290375709534, 0.689298152923584, 0.6785768866539001, 0.6702293753623962, 0.6590193510055542, 0.6534193158149719, 0.6422649025917053, 0.6301506757736206, 0.6234232783317566, 0.6110239028930664, 0.6023368835449219, 0.5934402346611023, 0.5839563012123108, 0.5731688141822815, 0.5652514100074768, 0.5555831789970398, 0.5469599366188049, 0.538813591003418, 0.5276915431022644, 0.519540011882782, 0.5119289755821228, 0.5025858879089355, 0.49446073174476624, 0.4867355525493622, 0.47937843203544617, 0.47156617045402527, 0.46547815203666687, 0.4608571529388428, 0.4514067769050598, 0.4449794888496399, 0.43947795033454895, 0.4337017238140106, 0.4282516837120056, 0.42217254638671875, 0.41811197996139526, 0.41056403517723083, 0.40651220083236694, 0.4015004634857178, 0.3974454998970032, 0.3931595981121063, 0.38640084862709045, 0.384434312582016, 0.37918853759765625, 0.3743531107902527, 0.3723655343055725, 0.3696310222148895, 0.36586785316467285, 0.3615248203277588, 0.35849401354789734, 0.35505780577659607, 0.3517727851867676, 0.3499052822589874, 0.34746748208999634, 0.34544339776039124, 0.34476935863494873, 0.3392624258995056, 0.33728888630867004, 0.3349917531013489, 0.33493492007255554, 0.32891640067100525, 0.3304396867752075, 0.32641103863716125, 0.32568830251693726, 0.3225015699863434, 0.32049086689949036, 0.3197416663169861, 0.31733471155166626, 0.3163338005542755, 0.315204381942749, 0.3123142123222351, 0.3102422058582306, 0.3095454275608063, 0.30726468563079834, 0.30730751156806946, 0.3041761517524719, 0.304004430770874, 0.30256709456443787, 0.3019450604915619, 0.30039891600608826, 0.2983103096485138, 0.2971622347831726, 0.2959705591201782, 0.2950412333011627, 0.2928043007850647, 0.2936578392982483, 0.29109328985214233, 0.2899474501609802, 0.28941091895103455, 0.28835996985435486, 0.2866832911968231, 0.2853841483592987, 0.28523120284080505, 0.28292396664619446, 0.28197363018989563, 0.2816680073738098, 0.2806621193885803, 0.2795807123184204, 0.2780842185020447, 0.27729105949401855, 0.2779410183429718], "rmse": [1.5261963605880737, 1.4969104528427124, 1.4715529680252075, 1.4460022449493408, 1.4191187620162964, 1.3890433311462402, 1.3580020666122437, 1.3250551223754883, 1.2924973964691162, 1.2599632740020752, 1.2269415855407715, 1.1964401006698608, 1.168272614479065, 1.1423338651657104, 1.119710087776184, 1.1018706560134888, 1.085172414779663, 1.0719873905181885, 1.0608757734298706, 1.0523761510849, 1.047888994216919, 1.0399006605148315, 1.0336834192276, 1.0285993814468384, 1.0240169763565063, 1.0200369358062744, 1.0157359838485718, 1.0113555192947388, 1.0074247121810913, 1.003710389137268, 0.9996002912521362, 0.9960511922836304, 0.9919004440307617, 0.9883794784545898, 0.9849890470504761, 0.980082631111145, 0.9767274260520935, 0.9727522134780884, 0.9683917164802551, 0.9647535681724548, 0.9597569704055786, 0.9556849002838135, 0.9532865881919861, 0.9485757350921631, 0.9435871839523315, 0.9390232563018799, 0.9343859553337097, 0.9302371144294739, 0.9260883927345276, 0.9216010570526123, 0.9170936942100525, 0.9121942520141602, 0.9070994257926941, 0.9021885395050049, 0.8962120413780212, 0.8928313255310059, 0.8879914283752441, 0.8835961222648621, 0.8782128095626831, 0.8737894892692566, 0.8678736090660095, 0.8633641004562378, 0.8584429621696472, 0.8526062965393066, 0.8478943705558777, 0.8423879742622375, 0.8356527090072632, 0.8322456479072571, 0.8256016969680786, 0.8206984400749207, 0.8143786787986755, 0.809723436832428, 0.8031154870986938, 0.7997316718101501, 0.7929295301437378, 0.78495854139328, 0.7810382843017578, 0.7731985449790955, 0.7673173546791077, 0.7621109485626221, 0.7560989260673523, 0.7490795254707336, 0.7434101104736328, 0.7370829582214355, 0.7314707040786743, 0.7261471152305603, 0.7186261415481567, 0.7128710150718689, 0.7078701257705688, 0.7015175819396973, 0.6954631209373474, 0.690104067325592, 0.6846445798873901, 0.6793316602706909, 0.6750112771987915, 0.6715115904808044, 0.6649661064147949, 0.659775972366333, 0.6555261611938477, 0.6512287259101868, 0.647316038608551, 0.6426170468330383, 0.6398162245750427, 0.6337715983390808, 0.6305127143859863, 0.6268630027770996, 0.6236817836761475, 0.6201901435852051, 0.6149037480354309, 0.61338871717453, 0.6091275811195374, 0.605364978313446, 0.603506863117218, 0.6014990210533142, 0.5983917117118835, 0.5947941541671753, 0.5921434760093689, 0.5893524289131165, 0.5870065689086914, 0.5852441787719727, 0.5831441879272461, 0.5812776684761047, 0.5810612440109253, 0.5759924650192261, 0.574288010597229, 0.572309672832489, 0.5724271535873413, 0.5674310922622681, 0.5684970021247864, 0.5651198625564575, 0.5641846060752869, 0.5613949298858643, 0.5597562193870544, 0.5590800642967224, 0.5570571422576904, 0.5564312934875488, 0.5550108551979065, 0.5525832772254944, 0.55082106590271, 0.5501232743263245, 0.5481297969818115, 0.548346757888794, 0.5455746054649353, 0.54534912109375, 0.5440044403076172, 0.5433074235916138, 0.5418680310249329, 0.5403692126274109, 0.539131760597229, 0.5379788875579834, 0.5371390581130981, 0.5352595448493958, 0.5355772972106934, 0.533511221408844, 0.532760739326477, 0.5323340892791748, 0.5309186577796936, 0.5293830633163452, 0.5282089710235596, 0.5284828543663025, 0.5259708762168884, 0.5248074531555176, 0.5248141288757324, 0.5240653157234192, 0.5230619311332703, 0.5215914249420166, 0.5206677913665771, 0.5215178728103638],