{"n_parameters": 293169, "training_time": 11035.744733095169, "loss": [2.7112510204315186, 2.2881903648376465, 2.167023181915283, 2.0509650707244873, 1.9387943744659424, 1.8277530670166016, 1.7180523872375488, 1.6145552396774292, 1.5214556455612183, 1.4341375827789307, 1.3586260080337524, 1.2949548959732056, 1.2416043281555176, 1.1968408823013306, 1.1576242446899414, 1.1276779174804688, 1.1005758047103882, 1.0760592222213745, 1.052883267402649, 1.0329327583312988, 1.0155620574951172, 0.9968379139900208, 0.9786203503608704, 0.962295651435852, 0.9451844692230225, 0.929629385471344, 0.9129775166511536, 0.8976069688796997, 0.883514404296875, 0.8676884174346924, 0.8542635440826416, 0.8395485877990723, 0.8264444470405579, 0.8123462796211243, 0.798878014087677, 0.7865277528762817, 0.771892786026001, 0.7605608105659485, 0.7444522976875305, 0.7336270809173584, 0.7210524082183838, 0.7089696526527405, 0.6992725133895874, 0.6858881711959839, 0.6742109060287476, 0.6629859209060669, 0.65362948179245, 0.6413585543632507, 0.6315802931785583, 0.6219780445098877, 0.6120436787605286, 0.5983089208602905, 0.5910050272941589, 0.5809066295623779, 0.5691797733306885, 0.5624931454658508, 0.5497812032699585, 0.5409526228904724, 0.5337047576904297, 0.5255873203277588, 0.5172180533409119, 0.5104106068611145, 0.5015324950218201, 0.49294590950012207, 0.4838609993457794, 0.4765336811542511, 0.46714499592781067, 0.46018582582473755, 0.4549638032913208, 0.44757986068725586, 0.43936887383461, 0.4340227246284485, 0.4285058081150055, 0.4216606616973877, 0.4141558110713959, 0.40843650698661804, 0.40469425916671753, 0.3997268080711365, 0.3927009701728821, 0.3892563283443451, 0.3841377794742584, 0.3790944814682007, 0.3744484484195709, 0.3700069189071655, 0.36587339639663696, 0.36226630210876465, 0.3592088520526886, 0.3543177545070648, 0.3498533368110657, 0.3481588661670685, 0.34315577149391174, 0.34137436747550964, 0.33832183480262756, 0.334096223115921, 0.33190953731536865, 0.32796645164489746, 0.32619890570640564, 0.32315003871917725, 0.3215506970882416, 0.318282812833786, 0.3164637088775635, 0.3151104748249054, 0.3117353618144989, 0.31061261892318726, 0.3067428469657898, 0.30495521426200867, 0.3046892285346985, 0.30260196328163147, 0.3004980683326721, 0.298591673374176, 0.29724764823913574, 0.29592737555503845, 0.29353299736976624, 0.2908284366130829, 0.28909531235694885, 0.28743210434913635, 0.28666695952415466, 0.28421297669410706, 0.2837260961532593], "rmse": [1.6198186874389648, 1.4909052848815918, 1.4503026008605957, 1.409759759902954, 1.3699935674667358, 1.3298701047897339, 1.2879539728164673, 1.2491607666015625, 1.2137407064437866, 1.1766561269760132, 1.1462680101394653, 1.1191166639328003, 1.0971492528915405, 1.0779551267623901, 1.0607938766479492, 1.0469675064086914, 1.0342216491699219, 1.0227152109146118, 1.0122859477996826, 1.00312340259552, 0.9948411583900452, 0.9854603409767151, 0.9769374132156372, 0.968900740146637, 0.9603747725486755, 0.9524858593940735, 0.9439002871513367, 0.9363322854042053, 0.9288983941078186, 0.9207266569137573, 0.9138556122779846, 0.9062966108322144, 0.899014949798584, 0.8911335468292236, 0.8840619921684265, 0.8774614930152893, 0.8692250847816467, 0.8624585270881653, 0.8537976741790771, 0.8476037979125977, 0.8402935266494751, 0.8330003619194031, 0.8271469473838806, 0.8195884823799133, 0.812683641910553, 0.8057566285133362, 0.7999566793441772, 0.7927832007408142, 0.7866238951683044, 0.780548632144928, 0.7746889591217041, 0.7658961415290833, 0.7614080905914307, 0.754651665687561, 0.7470410466194153, 0.7427746653556824, 0.7340283393859863, 0.7283965945243835, 0.723442792892456, 0.7179007530212402, 0.7122707366943359, 0.707413375377655, 0.7010605335235596, 0.6954039335250854, 0.6887906193733215, 0.6837523579597473, 0.6767276525497437, 0.6720174551010132, 0.6680265665054321, 0.6625852584838867, 0.656743586063385, 0.6525156497955322, 0.6483103632926941, 0.6435073018074036, 0.6377179622650146, 0.6329008936882019, 0.6301369071006775, 0.6265760660171509, 0.6209828853607178, 0.6180047392845154, 0.6137612462043762, 0.6099134683609009, 0.6060011982917786, 0.602632999420166, 0.5993974208831787, 0.596189022064209, 0.5938560962677002, 0.5894927978515625, 0.5857577919960022, 0.5844839215278625, 0.5800906419754028, 0.5790894627571106, 0.576253354549408, 0.5727158188819885, 0.5706329345703125, 0.5674740672111511, 0.5656386613845825, 0.5631629824638367, 0.5617170929908752, 0.5588339567184448, 0.5569949746131897, 0.5559477210044861, 0.5530233979225159, 0.552010178565979, 0.5485585927963257, 0.5467348098754883, 0.5464950799942017, 0.5448970794677734, 0.5427893996238708, 0.5411546230316162, 0.5398223996162415, 0.5386621952056885, 0.5362686514854431, 0.5340937376022339, 0.5323505401611328, 0.530936062335968, 0.5301557779312134, 0.5278656482696533, 0.5273834466934204], "val_loss": [2.40158748626709, 2.2805778980255127, 2.163210391998291, 2.046208381652832, 1.9393821954727173, 1.8290684223175049, 1.724458932876587, 1.622273325920105, 1.5302824974060059, 1.4448477029800415, 1.3718124628067017, 1.3091917037963867, 1.2514674663543701, 1.207167148590088, 1.174748182296753, 1.1412878036499023, 1.1182760000228882, 1.0902235507965088, 1.0688084363937378, 1.046701431274414, 1.0216217041015625, 1.0043878555297852, 0.9852705001831055, 0.9678157567977905, 0.951515257358551, 0.933036208152771, 0.91995769739151, 0.8998318314552307, 0.878044843673706, 0.8646251559257507, 0.849002480506897, 0.8291836380958557, 0.8174871206283569, 0.7971596717834473, 0.7825471758842468, 0.769102931022644, 0.7538620233535767, 0.7407861351966858, 0.7284778356552124, 0.7132755517959595, 0.6985411643981934, 0.6874261498451233, 0.6777298450469971, 0.6631555557250977, 0.6474082469940186, 0.6399543881416321, 0.6267815232276917, 0.6164928078651428, 0.6006863713264465, 0.5948837399482727, 0.58323073387146, 0.5751194953918457, 0.5639994740486145, 0.5501741766929626, 0.5443254113197327, 0.5362508296966553, 0.5264915823936462, 0.5216789245605469, 0.5155218243598938, 0.5000457763671875, 0.49606144428253174, 0.48633766174316406, 0.47887909412384033, 0.4683057367801666, 0.4591948091983795, 0.45063668489456177, 0.4477943480014801, 0.43792733550071716, 0.43238455057144165, 0.4304617941379547, 0.4138134717941284, 0.41191399097442627, 0.408944308757782, 0.3995622396469116, 0.39442014694213867, 0.39362195134162903, 0.3818366825580597, 0.3770397901535034, 0.37230977416038513, 0.3669689893722534, 0.36617302894592285, 0.3539295494556427, 0.3537587821483612, 0.3494211733341217, 0.3525620102882385, 0.34110337495803833, 0.3439941108226776, 0.33451318740844727, 0.33502861857414246, 0.3293269872665405, 0.3322805166244507, 0.3252290189266205, 0.33030059933662415, 0.32268378138542175, 0.3183797001838684, 0.3180982172489166, 0.3179018795490265, 0.30883699655532837, 0.31435155868530273, 0.3066229522228241, 0.3085148334503174, 0.3061387836933136, 0.3007761538028717, 0.30261874198913574, 0.2948547303676605, 0.29773372411727905, 0.3071395754814148, 0.29528582096099854, 0.2943859398365021, 0.29618263244628906, 0.29583898186683655, 0.2874597907066345, 0.28681689500808716, 0.28171923756599426, 0.28416958451271057, 0.2844058871269226, 0.28246450424194336, 0.28629031777381897, 0.2861119508743286],