{"n_parameters": 302225, "training_time": 10497.12869811058, "loss": [2.467411756515503, 2.3978962898254395, 2.3699212074279785, 2.3426408767700195, 2.30891489982605, 2.2629547119140625, 2.196963310241699, 2.1193928718566895, 2.021200180053711, 1.9137545824050903, 1.8216571807861328, 1.7409248352050781, 1.6723275184631348, 1.6253968477249146, 1.5874581336975098, 1.556551218032837, 1.5281813144683838, 1.5058224201202393, 1.482353687286377, 1.4621769189834595, 1.4396982192993164, 1.4240808486938477, 1.4056532382965088, 1.392270803451538, 1.374440312385559, 1.3597391843795776, 1.344428300857544, 1.3265233039855957, 1.3146438598632812, 1.2981846332550049, 1.2858761548995972, 1.272569179534912, 1.259128212928772, 1.2430009841918945, 1.231738805770874, 1.2164572477340698, 1.2109873294830322, 1.1915391683578491, 1.1844972372055054, 1.1678905487060547, 1.1634612083435059, 1.147939682006836, 1.135041356086731, 1.1260986328125, 1.1116265058517456, 1.1064262390136719, 1.0963400602340698, 1.0838264226913452, 1.0697678327560425, 1.0600796937942505, 1.052207350730896, 1.0451035499572754, 1.033955693244934, 1.0238640308380127, 1.014021396636963, 1.005386233329773, 0.9959337115287781, 0.9863739013671875, 0.9791179895401001, 0.9703070521354675, 0.9617629051208496, 0.9513299465179443, 0.942606508731842, 0.9374096989631653, 0.9274158477783203, 0.9162797927856445, 0.9086130261421204, 0.9017935991287231, 0.892645001411438, 0.8808107972145081, 0.8722416758537292, 0.8692936897277832, 0.8598755598068237, 0.8553376793861389, 0.8421053886413574, 0.8358916640281677, 0.8273583650588989, 0.8212062120437622, 0.8147229552268982, 0.8031615018844604, 0.7950948476791382, 0.7908802032470703, 0.7826887369155884, 0.7763900756835938, 0.7655894160270691, 0.7621697187423706, 0.7510882616043091, 0.7455063462257385, 0.7361478805541992, 0.7256324291229248, 0.723330020904541, 0.7138639688491821, 0.7099199891090393, 0.7039461731910706, 0.6994059681892395, 0.6881352663040161, 0.6853501796722412, 0.6769679188728333, 0.6704574823379517, 0.6625744700431824, 0.6562036275863647, 0.6574326753616333, 0.6503934264183044, 0.6470350623130798, 0.6392037272453308, 0.6319504380226135, 0.6251989603042603, 0.6233047246932983, 0.6198822259902954, 0.6194358468055725, 0.6098592877388, 0.6050440073013306, 0.6038345694541931, 0.5953482389450073, 0.5970315933227539, 0.5909262299537659, 0.5866759419441223, 0.5845275521278381, 0.57949298620224, 0.5787152647972107, 0.5723330974578857, 0.5683404803276062, 0.5726043581962585, 0.565792977809906, 0.566512942314148, 0.5612203478813171, 0.5561835169792175, 0.5541470050811768, 0.553223192691803, 0.5471785664558411, 0.5462398529052734, 0.5410125255584717, 0.5385907292366028, 0.5382019281387329, 0.5375747084617615, 0.5318185091018677, 0.52945476770401], "rmse": [1.5494228601455688, 1.5286037921905518, 1.5191434621810913, 1.5108124017715454, 1.4994373321533203, 1.4844576120376587, 1.4627035856246948, 1.4355496168136597, 1.4019031524658203, 1.3634570837020874, 1.3293267488479614, 1.300300121307373, 1.274238109588623, 1.2576751708984375, 1.243607759475708, 1.2305121421813965, 1.2209587097167969, 1.21086847782135, 1.2022733688354492, 1.1945172548294067, 1.185256004333496, 1.1783028841018677, 1.1705012321472168, 1.165542483329773, 1.1584948301315308, 1.1521409749984741, 1.1454155445098877, 1.1381598711013794, 1.1333668231964111, 1.125706434249878, 1.1203908920288086, 1.115135669708252, 1.1086300611495972, 1.1020997762680054, 1.0971934795379639, 1.090349793434143, 1.0873217582702637, 1.0788650512695312, 1.0756323337554932, 1.067367434501648, 1.0654094219207764, 1.0589851140975952, 1.0533021688461304, 1.0484569072723389, 1.0417587757110596, 1.0403951406478882, 1.0353013277053833, 1.0286844968795776, 1.0220415592193604, 1.0176002979278564, 1.0137311220169067, 1.009870171546936, 1.005035161972046, 0.9996517300605774, 0.9958243370056152, 0.991374135017395, 0.9866056442260742, 0.9812021851539612, 0.9785019755363464, 0.9739478826522827, 0.9693043231964111, 0.9641780257225037, 0.9594346284866333, 0.9576061367988586, 0.9521416425704956, 0.9459765553474426, 0.9425754547119141, 0.9388549327850342, 0.9342206120491028, 0.928263247013092, 0.923366904258728, 0.9222885966300964, 0.9166132211685181, 0.9145941734313965, 0.9074744582176208, 0.9036605954170227, 0.8997507691383362, 0.8963194489479065, 0.8931359052658081, 0.8865517973899841, 0.882288932800293, 0.8797734975814819, 0.8750543594360352, 0.8711076378822327, 0.8654946684837341, 0.8633852005004883, 0.8572861552238464, 0.8541015386581421, 0.8492456078529358, 0.8426728844642639, 0.8414034247398376, 0.8359776735305786, 0.833330512046814, 0.8300567269325256, 0.826996386051178, 0.820993959903717, 0.8188721537590027, 0.8141186237335205, 0.8103524446487427, 0.8053752779960632, 0.801439642906189, 0.8018578290939331, 0.7978194952011108, 0.796064555644989, 0.7913435697555542, 0.786993682384491, 0.7827446460723877, 0.7812491655349731, 0.7796697616577148, 0.7791199684143066, 0.7729307413101196, 0.7698853015899658, 0.7691105008125305, 0.7636799216270447, 0.7648745775222778, 0.7607662081718445, 0.7582340836524963, 0.7568026781082153, 0.753401517868042, 0.752794623374939, 0.7486445903778076, 0.7461563944816589, 0.7489501237869263, 0.7443625330924988, 0.7451362609863281, 0.7414487600326538, 0.7382006049156189, 0.7365359663963318, 0.7360636591911316, 0.732201337814331, 0.7317045331001282, 0.728095293045044, 0.7263898849487305, 0.7262778878211975, 0.725528359413147, 0.7218766808509827, 0.7204622626304626],