{"n_parameters": 210081, "training_time": 15801.805730581284, "loss": [2.4139108657836914, 2.239180326461792, 2.0961804389953613, 1.9357869625091553, 1.7782567739486694, 1.6278811693191528, 1.5007781982421875, 1.3956493139266968, 1.3135933876037598, 1.2427470684051514, 1.1841455698013306, 1.1358293294906616, 1.092217206954956, 1.0567517280578613, 1.0262885093688965, 1.0007238388061523, 0.9743258357048035, 0.9501372575759888, 0.930334746837616, 0.9107105731964111, 0.887710690498352, 0.8699912428855896, 0.8522495627403259, 0.8308132290840149, 0.8131009340286255, 0.7962947487831116, 0.7801398038864136, 0.757648766040802, 0.7419052124023438, 0.7248793840408325, 0.7093756198883057, 0.6924850940704346, 0.6783514618873596, 0.6622776389122009, 0.6471529603004456, 0.6335272789001465, 0.6162099242210388, 0.6035159826278687, 0.5893076062202454, 0.5805959105491638, 0.5663150548934937, 0.5507615208625793, 0.5400668382644653, 0.529731810092926, 0.5198311805725098, 0.5094152688980103, 0.4998847544193268, 0.48773300647735596, 0.4787523150444031, 0.47136929631233215, 0.46098750829696655, 0.45381826162338257, 0.4469670057296753, 0.4401126205921173, 0.43282872438430786, 0.4254259169101715, 0.4192783832550049, 0.41284897923469543, 0.4050512909889221, 0.4025428295135498, 0.39878448843955994, 0.39240577816963196, 0.3880091905593872, 0.38295838236808777, 0.3789968192577362, 0.3728046119213104, 0.37014782428741455, 0.3664199113845825, 0.3627406060695648, 0.3583962917327881, 0.35586220026016235, 0.3529454171657562, 0.34850385785102844, 0.34628742933273315, 0.3425998389720917, 0.3422415256500244, 0.33764412999153137, 0.3328516185283661, 0.3323136568069458, 0.3285025954246521, 0.32698002457618713, 0.32650530338287354, 0.32148492336273193, 0.319692999124527, 0.31689342856407166, 0.3126584589481354, 0.3143332898616791, 0.3091544806957245, 0.309077650308609, 0.3063897490501404, 0.30491188168525696, 0.3034491240978241, 0.29979291558265686, 0.29862260818481445, 0.2990608215332031, 0.29477986693382263, 0.2948739528656006, 0.2904484272003174, 0.29067566990852356, 0.2883422076702118, 0.28712475299835205, 0.2843739092350006, 0.2827143371105194, 0.28252914547920227, 0.27905210852622986, 0.27820703387260437, 0.2755794823169708, 0.2768661081790924, 0.2761528789997101, 0.274043470621109, 0.27133098244667053, 0.2671450972557068, 0.26954421401023865, 0.26617100834846497, 0.26486560702323914, 0.26490122079849243, 0.26446327567100525, 0.2651728391647339, 0.2607297897338867, 0.26052573323249817, 0.2594705820083618, 0.25939732789993286, 0.25632062554359436, 0.25430452823638916, 0.25330686569213867, 0.2542792558670044, 0.25169143080711365, 0.2509761452674866, 0.24915385246276855, 0.24852025508880615, 0.24852584302425385, 0.2479129433631897, 0.24698421359062195, 0.24526777863502502, 0.24567891657352448, 0.24517549574375153, 0.2432599663734436, 0.2405356913805008, 0.2420102059841156, 0.239445760846138, 0.239070326089859, 0.23874087631702423, 0.23625554144382477, 0.23684756457805634, 0.23544462025165558, 0.2338135689496994, 0.23236162960529327, 0.23597502708435059, 0.2316988855600357, 0.23397944867610931, 0.23156079649925232, 0.2318745106458664, 0.2290370911359787, 0.229664146900177, 0.22618426382541656, 0.22990748286247253, 0.22779801487922668, 0.22714772820472717, 0.227372407913208, 0.22471019625663757, 0.22407084703445435, 0.22469717264175415, 0.22206373512744904, 0.22310969233512878, 0.22220709919929504, 0.21947869658470154, 0.22225289046764374, 0.219683438539505, 0.21912939846515656, 0.2203279733657837, 0.21846280992031097, 0.21887332201004028, 0.2176978588104248, 0.21594910323619843, 0.21641650795936584, 0.21526916325092316, 0.2149249017238617, 0.21458977460861206, 0.21458564698696136, 0.2121630162000656, 0.2126929610967636, 0.21306857466697693, 0.21219126880168915, 0.21084244549274445, 0.21160854399204254, 0.21037808060646057, 0.20960697531700134, 0.2075183242559433, 0.20964832603931427, 0.20940347015857697, 0.2088543027639389, 0.20833349227905273, 0.20664732158184052, 0.2076353281736374, 0.2064841389656067, 0.20451360940933228, 0.20563624799251556, 0.2049328237771988, 0.20424960553646088, 0.20611882209777832, 0.20416171848773956, 0.20340700447559357, 0.2029993236064911, 0.20409554243087769, 0.20269343256950378, 0.20217566192150116, 0.20144426822662354, 0.20216068625450134, 0.20220904052257538, 0.2000608891248703, 0.19924217462539673, 0.19942866265773773, 0.19973348081111908, 0.1995270699262619, 0.19920304417610168, 0.19892705976963043, 0.19837336242198944, 0.19748173654079437, 0.19678914546966553, 0.1980755776166916, 0.19568151235580444, 0.19649054110050201, 0.19501103460788727, 0.1973406821489334, 0.19542017579078674, 0.19391092658042908, 0.19381405413150787, 0.1956101655960083, 0.19332954287528992, 0.19287791848182678, 0.1907953917980194, 0.19201374053955078, 0.19306206703186035, 0.1923157423734665, 0.19233082234859467, 0.1925317794084549, 0.19234415888786316, 0.19098637998104095, 0.1899418979883194, 0.19073867797851562, 0.19110222160816193, 0.1901751458644867, 0.18941785395145416],