{"n_parameters": 286129, "training_time": 14295.272058010101, "loss": [3.273678779602051, 2.5873236656188965, 2.4509594440460205, 2.3606672286987305, 2.28224515914917, 2.198158025741577, 2.1153907775878906, 2.031461000442505, 1.9643795490264893, 1.8939298391342163, 1.8405083417892456, 1.7841107845306396, 1.7417857646942139, 1.7080397605895996, 1.6757304668426514, 1.6525354385375977, 1.6318070888519287, 1.6144429445266724, 1.5898094177246094, 1.5743361711502075, 1.5593596696853638, 1.5430831909179688, 1.530083179473877, 1.5199791193008423, 1.5069572925567627, 1.4974713325500488, 1.4814398288726807, 1.4677740335464478, 1.4525299072265625, 1.4390509128570557, 1.437983751296997, 1.4224629402160645, 1.4094375371932983, 1.4011008739471436, 1.3876287937164307, 1.377219796180725, 1.366758108139038, 1.3566559553146362, 1.348791480064392, 1.3312355279922485, 1.3172461986541748, 1.3099411725997925, 1.304103970527649, 1.2884013652801514, 1.2810773849487305, 1.2690789699554443, 1.2574338912963867, 1.2507539987564087, 1.2420427799224854, 1.2282031774520874, 1.216035008430481, 1.2096854448318481, 1.2018063068389893, 1.188063621520996, 1.1741336584091187, 1.1668156385421753, 1.159600019454956, 1.153425693511963, 1.1342685222625732, 1.1251194477081299, 1.123233675956726, 1.1083287000656128, 1.097450613975525, 1.0928248167037964, 1.08235502243042, 1.0679972171783447, 1.06492280960083, 1.055403232574463, 1.0443998575210571, 1.0414575338363647, 1.0287102460861206, 1.019936442375183, 1.0064433813095093, 1.003218173980713, 0.9914475679397583, 0.9855664968490601, 0.9700649380683899, 0.9653638005256653, 0.954764187335968, 0.9476542472839355, 0.9442477822303772, 0.9341802597045898, 0.9291480779647827, 0.9220106601715088, 0.9143682718276978, 0.9061553478240967, 0.8985616564750671, 0.8893601894378662, 0.8812269568443298, 0.8741005063056946, 0.8712210059165955, 0.8638187646865845, 0.8629060983657837, 0.854546070098877, 0.8457030057907104, 0.8424729108810425, 0.8359582424163818, 0.8278192281723022, 0.8262590765953064, 0.8167217969894409, 0.8180117607116699, 0.8029161691665649, 0.8023799657821655, 0.8017228841781616, 0.7976371049880981, 0.7915698885917664, 0.7826881408691406, 0.7787121534347534, 0.7733898162841797, 0.7655737400054932, 0.7660486102104187, 0.7625448703765869, 0.7632280588150024, 0.7541440725326538, 0.7503385543823242, 0.7475227117538452, 0.7449045777320862, 0.7389190196990967, 0.7359024286270142, 0.7278829216957092, 0.7258429527282715, 0.7195056080818176, 0.7159175872802734, 0.7136082053184509, 0.7150629162788391, 0.7091283202171326, 0.7074395418167114, 0.6974771618843079, 0.7010509967803955, 0.6969651579856873, 0.691760241985321, 0.6914982795715332, 0.6855968236923218, 0.6849023699760437, 0.6792146563529968, 0.6762258410453796, 0.6717813611030579, 0.668179452419281, 0.6662282347679138, 0.666110098361969, 0.6597223877906799, 0.6565897464752197, 0.6544116139411926, 0.6496437788009644, 0.648939847946167, 0.6464479565620422, 0.643545389175415, 0.6440128684043884, 0.6374942660331726, 0.6358411908149719, 0.6346419453620911, 0.6327981352806091, 0.6287477612495422, 0.6253339052200317, 0.6240849494934082, 0.6216626167297363, 0.616288423538208, 0.6159637570381165, 0.6112949252128601, 0.615564227104187, 0.6070181727409363, 0.5992375016212463, 0.6012004017829895, 0.6000868082046509, 0.5987355709075928, 0.5943354368209839, 0.5948876738548279, 0.5944375991821289, 0.5892605781555176, 0.587809145450592, 0.5861769318580627, 0.5821593999862671, 0.5834312438964844, 0.5799963474273682, 0.5816500782966614, 0.5767919421195984, 0.5726210474967957, 0.5730399489402771, 0.5671507716178894, 0.569692850112915, 0.5674159526824951, 0.5630467534065247], "rmse": [1.7736738920211792, 1.5883406400680542, 1.5452240705490112, 1.5168355703353882, 1.4908535480499268, 1.4634166955947876, 1.4355419874191284, 1.4055440425872803, 1.3819763660430908, 1.357130765914917, 1.3375251293182373, 1.3176313638687134, 1.3019434213638306, 1.289584755897522, 1.2780520915985107, 1.2689779996871948, 1.2610009908676147, 1.2545254230499268, 1.2450727224349976, 1.239159107208252, 1.2331758737564087, 1.2268716096878052, 1.2215718030929565, 1.2178453207015991, 1.2125900983810425, 1.2088236808776855, 1.20278799533844, 1.1972546577453613, 1.1910496950149536, 1.1854373216629028, 1.1853257417678833, 1.1787530183792114, 1.1740045547485352, 1.1699142456054688, 1.1644010543823242, 1.1601282358169556, 1.156211256980896, 1.151785135269165, 1.1474372148513794, 1.1408584117889404, 1.1342638731002808, 1.1319736242294312, 1.1287051439285278, 1.1223613023757935, 1.1193102598190308, 1.1143054962158203, 1.1089417934417725, 1.1061235666275024, 1.1021243333816528, 1.0960134267807007, 1.0902389287948608, 1.087849497795105, 1.0844149589538574, 1.0773999691009521, 1.0713707208633423, 1.0681450366973877, 1.0648443698883057, 1.0618278980255127, 1.0535609722137451, 1.0487430095672607, 1.0478451251983643, 1.0413472652435303, 1.0360546112060547, 1.0339704751968384, 1.029084324836731, 1.0221874713897705, 1.0206881761550903, 1.0160712003707886, 1.0108039379119873, 1.0097774267196655, 1.0035219192504883, 0.9992936849594116, 0.9925960898399353, 0.9911458492279053, 0.9854257106781006, 0.982023298740387, 0.9749822616577148, 0.9724059700965881, 0.9669488668441772, 0.9636483192443848, 0.961804986000061, 0.9564476013183594, 0.9539219737052917, 0.9501959681510925, 0.9468168616294861, 0.9417925477027893, 0.9380338191986084, 0.9333518743515015, 0.928809404373169, 0.9252842664718628, 0.9241166710853577, 0.9198980927467346, 0.9199126958847046, 0.9149688482284546, 0.9099804759025574, 0.9090728759765625, 0.9044516682624817, 0.9009042978286743, 0.8998644351959229, 0.8948312401771545, 0.8953813910484314, 0.8869496583938599, 0.8864580988883972, 0.8866897225379944, 0.884146511554718, 0.8810622692108154, 0.8756645917892456, 0.8731388449668884, 0.8701806664466858, 0.8663381934165955, 0.8663202524185181, 0.8647440075874329, 0.8648351430892944, 0.8593806624412537, 0.8575683832168579, 0.8562469482421875, 0.8545057773590088, 0.8508737683296204, 0.8489452600479126, 0.8444775342941284, 0.8432426452636719, 0.8394738435745239, 0.8375412821769714, 0.8360965251922607, 0.8370963335037231, 0.8339583277702332, 0.832413375377655, 0.8264584541320801, 0.8290948867797852, 0.8262717723846436, 0.8230693936347961, 0.8229131698608398, 0.8196600675582886, 0.8190332055091858, 0.8155407309532166, 0.8143547177314758, 0.8113421201705933, 0.8090354204177856, 0.8079030513763428, 0.8081914186477661, 0.8040951490402222, 0.8022407293319702, 0.8002733588218689, 0.7975959181785583, 0.797200083732605, 0.7956805229187012, 0.7938472032546997, 0.7941334247589111, 0.7900066375732422, 0.7890657782554626, 0.7887621521949768, 0.7874349355697632, 0.7845076322555542, 0.7825064659118652, 0.7819437384605408, 0.7802318930625916, 0.7772325277328491, 0.7767355442047119, 0.7737311720848083, 0.7769129872322083, 0.7712271809577942, 0.76590496301651, 0.7676512598991394, 0.7665964365005493, 0.7656850218772888, 0.7631734609603882, 0.7635634541511536, 0.7628934383392334, 0.7597182989120483, 0.7587143182754517, 0.7578908801078796, 0.7551449537277222, 0.7559261918067932, 0.7534029483795166, 0.7545230388641357, 0.7518153190612793, 0.7489128112792969, 0.7488399744033813, 0.7454825043678284, 0.7467347979545593, 0.7458074688911438, 0.7423025369644165],