{"n_parameters": 341041, "training_time": 11961.905710935593, "loss": [2.5091147422790527, 2.314021348953247, 2.206040620803833, 2.081139326095581, 1.9518405199050903, 1.8269251585006714, 1.7159223556518555, 1.6219990253448486, 1.5395891666412354, 1.4707902669906616, 1.4107303619384766, 1.3598673343658447, 1.3189401626586914, 1.2806859016418457, 1.2497165203094482, 1.2206522226333618, 1.1943066120147705, 1.1679445505142212, 1.1466197967529297, 1.1250228881835938, 1.1070976257324219, 1.089410424232483, 1.0719988346099854, 1.0566178560256958, 1.040419578552246, 1.0282988548278809, 1.0108823776245117, 0.9969882965087891, 0.9864723682403564, 0.9723142385482788, 0.9602956771850586, 0.9481630921363831, 0.9369773864746094, 0.92293381690979, 0.9148846864700317, 0.8968116044998169, 0.8884771466255188, 0.8748610019683838, 0.8633614778518677, 0.852730393409729, 0.8413858413696289, 0.8302181363105774, 0.8208385109901428, 0.8093903660774231, 0.7968529462814331, 0.7840062975883484, 0.7737320065498352, 0.7630254030227661, 0.7488670945167542, 0.7378607392311096, 0.7271899580955505, 0.7147235870361328, 0.7044997811317444, 0.6945937871932983, 0.6822450160980225, 0.6743549704551697, 0.6635269522666931, 0.6539172530174255, 0.643011748790741, 0.6339395046234131, 0.6221261024475098, 0.6134111881256104, 0.6067158579826355, 0.5940396189689636, 0.5868268013000488, 0.5766221284866333, 0.5699009895324707, 0.5647740364074707, 0.5523919463157654, 0.5459250807762146, 0.5369831919670105, 0.5333913564682007, 0.5237333178520203, 0.5187218189239502, 0.5113862752914429, 0.5080330967903137, 0.4990013539791107, 0.4918091893196106, 0.4842512905597687, 0.48102298378944397, 0.4753810465335846, 0.47063571214675903, 0.4652951955795288, 0.4595866799354553, 0.4544679522514343, 0.45098063349723816, 0.44642671942710876, 0.4428868591785431, 0.4388519525527954, 0.4343602955341339, 0.42984092235565186, 0.42755523324012756, 0.4217803180217743, 0.42168134450912476, 0.4196557402610779, 0.41453757882118225, 0.41069096326828003, 0.4098644554615021, 0.40531307458877563, 0.4019101858139038, 0.4006142020225525, 0.3970560133457184, 0.39174771308898926, 0.39067381620407104, 0.38654112815856934, 0.38255125284194946, 0.38156843185424805, 0.37706413865089417, 0.3782179057598114, 0.3732394874095917, 0.3713369369506836, 0.3677618205547333, 0.36749744415283203, 0.36229783296585083, 0.3623895049095154, 0.36201906204223633, 0.357119083404541, 0.35719916224479675, 0.35283395648002625, 0.350536972284317, 0.3493388295173645, 0.3478066623210907, 0.34759408235549927, 0.34605956077575684, 0.34210261702537537, 0.3402000665664673, 0.3402799069881439, 0.33755186200141907, 0.3340984582901001, 0.33486390113830566, 0.3317127227783203, 0.3309592008590698, 0.3275948762893677, 0.32752320170402527, 0.3259177505970001, 0.32421010732650757, 0.32263725996017456, 0.3199259340763092, 0.32138654589653015], "rmse": [1.5634504556655884, 1.5005513429641724, 1.463951587677002, 1.4224119186401367, 1.3763036727905273, 1.3313153982162476, 1.2898675203323364, 1.2540727853775024, 1.2223392724990845, 1.1949000358581543, 1.1711307764053345, 1.1498563289642334, 1.1320757865905762, 1.115939974784851, 1.102590799331665, 1.090333342552185, 1.0790674686431885, 1.066969633102417, 1.0570738315582275, 1.047227382659912, 1.0384478569030762, 1.0310698747634888, 1.0229463577270508, 1.0147310495376587, 1.0079249143600464, 1.0019983053207397, 0.9933174252510071, 0.986709713935852, 0.9817262291908264, 0.9747470021247864, 0.9688897132873535, 0.9623623490333557, 0.956929087638855, 0.9501210451126099, 0.9459422826766968, 0.9363486170768738, 0.9323310852050781, 0.9245464205741882, 0.9187512397766113, 0.9134646654129028, 0.9073403477668762, 0.9011939167976379, 0.8964740633964539, 0.8901928663253784, 0.883043646812439, 0.8761377930641174, 0.8704694509506226, 0.8640419840812683, 0.8563584089279175, 0.8502092361450195, 0.8435646295547485, 0.8366623520851135, 0.8305549621582031, 0.824593722820282, 0.8173136711120605, 0.812615156173706, 0.8061941266059875, 0.8005284070968628, 0.7934703230857849, 0.7880502939224243, 0.7806150913238525, 0.7751686573028564, 0.7710240483283997, 0.762789249420166, 0.7577981352806091, 0.7517659068107605, 0.7470280528068542, 0.7437162399291992, 0.7354539036750793, 0.7310704588890076, 0.7252389788627625, 0.7230173945426941, 0.7161579132080078, 0.7127071619033813, 0.7075895071029663, 0.7050670981407166, 0.6990266442298889, 0.6938384771347046, 0.6888235807418823, 0.6863860487937927, 0.6821627020835876, 0.678517758846283, 0.6747004389762878, 0.6710633635520935, 0.6668355464935303, 0.6645725965499878, 0.6609780788421631, 0.6583171486854553, 0.655433714389801, 0.651686429977417, 0.6486378908157349, 0.6468477845191956, 0.6421931385993958, 0.6421325206756592, 0.6407920718193054, 0.6369873881340027, 0.6336956024169922, 0.6333576440811157, 0.6296502947807312, 0.6270235180854797, 0.6261324882507324, 0.6233932971954346, 0.6191511750221252, 0.6179372072219849, 0.6149047613143921, 0.6120925545692444, 0.611016035079956, 0.6075877547264099, 0.6083495020866394, 0.6041753888130188, 0.6028240919113159, 0.5996307134628296, 0.5993733406066895, 0.5953400135040283, 0.595682680606842, 0.5950638055801392, 0.5909162759780884, 0.5906164050102234, 0.5877546668052673, 0.5856882929801941, 0.5845277309417725, 0.5832078456878662, 0.5831890106201172, 0.5817707777023315, 0.5782904028892517, 0.5768934488296509, 0.5767704844474792, 0.5746179223060608, 0.5715818405151367, 0.5720240473747253, 0.5696795582771301, 0.5687353610992432, 0.5659342408180237, 0.565970242023468, 0.564400851726532, 0.5629504919052124, 0.5615794062614441, 0.5596334934234619, 0.5606134533882141],