{"n_parameters": 309441, "training_time": 18899.03884768486, "loss": [2.7049708366394043, 2.3387200832366943, 2.2034547328948975, 2.058021306991577, 1.9059263467788696, 1.7525713443756104, 1.6045325994491577, 1.4683647155761719, 1.3512252569198608, 1.257749319076538, 1.193129062652588, 1.1473190784454346, 1.11590576171875, 1.0873206853866577, 1.067132592201233, 1.0489420890808105, 1.0311696529388428, 1.0154458284378052, 0.9997609853744507, 0.9855349659919739, 0.9732204675674438, 0.9603331685066223, 0.9452284574508667, 0.9330838322639465, 0.9189735054969788, 0.905410647392273, 0.8937176465988159, 0.8808317184448242, 0.8664990067481995, 0.853403627872467, 0.8412564992904663, 0.8257900476455688, 0.8119788765907288, 0.7970127463340759, 0.780322253704071, 0.7669857740402222, 0.7527700066566467, 0.7369474768638611, 0.7247551679611206, 0.7092925310134888, 0.6966009736061096, 0.6834906935691833, 0.6740183234214783, 0.6614777445793152, 0.6494346261024475, 0.6377637386322021, 0.6291149854660034, 0.6191514730453491, 0.6078061461448669, 0.5979517102241516, 0.5899680256843567, 0.5792480707168579, 0.5725300312042236, 0.56228107213974, 0.5521671175956726, 0.5451310873031616, 0.5354885458946228, 0.529442548751831, 0.5222275853157043, 0.5149291157722473, 0.5078898668289185, 0.5016859769821167, 0.49459922313690186, 0.48631778359413147, 0.4798335134983063, 0.4740297496318817, 0.468975692987442, 0.46226412057876587, 0.45667368173599243, 0.4486866891384125, 0.4449843764305115, 0.43867361545562744, 0.43347033858299255, 0.42670875787734985, 0.42229124903678894, 0.4172995090484619, 0.41111597418785095, 0.40562939643859863, 0.39984130859375, 0.3968845307826996, 0.3901359736919403, 0.3850039839744568, 0.3817519545555115, 0.3783666789531708, 0.37439048290252686, 0.3687226176261902, 0.36509189009666443, 0.36004796624183655, 0.35950902104377747, 0.35635554790496826, 0.35214897990226746, 0.34753549098968506, 0.344932496547699, 0.3428594768047333, 0.3387649357318878, 0.33810439705848694, 0.33360981941223145, 0.3329944610595703, 0.32787570357322693, 0.32607826590538025, 0.3248857259750366, 0.322913259267807, 0.32122811675071716, 0.32006222009658813, 0.31827831268310547, 0.31587421894073486, 0.3118404150009155, 0.31171107292175293, 0.3102712631225586, 0.30706140398979187, 0.30650749802589417, 0.30485066771507263, 0.30394870042800903, 0.3015834093093872, 0.30291488766670227, 0.3010072112083435, 0.30005067586898804, 0.29777300357818604, 0.2950352132320404, 0.29428935050964355, 0.29212772846221924, 0.2926141619682312, 0.2902960181236267, 0.28964146971702576, 0.2885567545890808, 0.28865230083465576, 0.2855813205242157, 0.28563496470451355, 0.2833474278450012, 0.28323736786842346, 0.2811700403690338, 0.2793370187282562, 0.27941226959228516, 0.2793164551258087, 0.27706438302993774, 0.2764984965324402, 0.27527472376823425, 0.27356860041618347, 0.27358582615852356, 0.27195778489112854, 0.2720797061920166, 0.27043458819389343, 0.2695748805999756, 0.2691134214401245, 0.26820605993270874, 0.2674260139465332, 0.2651144862174988, 0.26731017231941223, 0.2666186988353729, 0.26330405473709106, 0.2642735242843628, 0.26253828406333923, 0.26370495557785034, 0.261173814535141, 0.26033204793930054, 0.2607242465019226, 0.2585887610912323, 0.2602238059043884, 0.25984305143356323, 0.2575390040874481, 0.25552991032600403, 0.2555304169654846, 0.2572832405567169, 0.25387677550315857, 0.25493675470352173, 0.25269070267677307, 0.2525337040424347, 0.25259554386138916, 0.2514617145061493, 0.25152650475502014, 0.25012680888175964, 0.2511080801486969, 0.25122490525245667, 0.24758674204349518, 0.24860192835330963, 0.24752609431743622, 0.24744287133216858, 0.24538661539554596, 0.2470797449350357, 0.24504823982715607, 0.24746516346931458, 0.24568897485733032, 0.24457146227359772, 0.2444663792848587, 0.24383845925331116, 0.24341608583927155, 0.2416347712278366, 0.2419106364250183, 0.2409934550523758, 0.24088509380817413, 0.2401803582906723, 0.23965905606746674, 0.23897866904735565, 0.23897206783294678, 0.23807081580162048, 0.23758693039417267, 0.23752136528491974, 0.23623935878276825, 0.23665298521518707, 0.23708166182041168, 0.23521140217781067, 0.2359504997730255, 0.23442614078521729, 0.2336728721857071, 0.23348784446716309, 0.23330391943454742, 0.23201049864292145, 0.23311111330986023, 0.2322852462530136, 0.23221039772033691, 0.2322656661272049, 0.23125483095645905, 0.23169304430484772, 0.2299562394618988, 0.23003412783145905, 0.23047782480716705, 0.22847335040569305, 0.23017054796218872, 0.22926855087280273, 0.22867131233215332, 0.22815406322479248, 0.22745147347450256, 0.22836793959140778, 0.22666874527931213, 0.2276024967432022, 0.22594782710075378, 0.22566260397434235, 0.22605277597904205, 0.2257472425699234, 0.22658288478851318, 0.22723248600959778, 0.22307699918746948, 0.2232760787010193, 0.22415588796138763, 0.22224488854408264, 0.22210364043712616, 0.22311389446258545, 0.22175133228302002, 0.22174131870269775, 0.22185197472572327, 0.2205236405134201, 0.2219277173280716, 0.22116400301456451],