{"n_parameters": 381089, "training_time": 19232.84863758087, "loss": [3.3041300773620605, 2.3767573833465576, 2.274836301803589, 2.1853349208831787, 2.0912158489227295, 1.9823969602584839, 1.8569389581680298, 1.73151433467865, 1.6033430099487305, 1.5098587274551392, 1.4367538690567017, 1.3889901638031006, 1.345368504524231, 1.3100805282592773, 1.2765861749649048, 1.2524421215057373, 1.2300876379013062, 1.2081860303878784, 1.186004400253296, 1.1735306978225708, 1.154305338859558, 1.1401864290237427, 1.1210365295410156, 1.1067407131195068, 1.0926082134246826, 1.0780264139175415, 1.0643603801727295, 1.0510058403015137, 1.0325381755828857, 1.0171010494232178, 1.0021296739578247, 0.9900097846984863, 0.9745557904243469, 0.9593241214752197, 0.9432337880134583, 0.9291937351226807, 0.9087833166122437, 0.891993522644043, 0.8766522407531738, 0.8609335422515869, 0.8443579077720642, 0.8300217986106873, 0.8120635151863098, 0.799053430557251, 0.7836039662361145, 0.7716573476791382, 0.7540550231933594, 0.7479046583175659, 0.7332668900489807, 0.7186254262924194, 0.705740749835968, 0.6956139802932739, 0.6849809885025024, 0.671637773513794, 0.6631412506103516, 0.6545504331588745, 0.6448874473571777, 0.6334632635116577, 0.6295126676559448, 0.6190099120140076, 0.6092507839202881, 0.6023423671722412, 0.5931692123413086, 0.5854820013046265, 0.5782722234725952, 0.5791366100311279, 0.5703993439674377, 0.5664576292037964, 0.5582432746887207, 0.5544865727424622, 0.5459954142570496, 0.5452232956886292, 0.537339985370636, 0.5359455943107605, 0.5267207622528076, 0.5247281789779663, 0.5232568979263306, 0.518623948097229, 0.5080277919769287, 0.5080979466438293, 0.5046572685241699, 0.5006740093231201, 0.4950437843799591, 0.4923878014087677, 0.4914957582950592, 0.48636406660079956, 0.48048752546310425, 0.4781056046485901, 0.47456836700439453, 0.4683099389076233, 0.46734970808029175, 0.4660128057003021, 0.4628920257091522, 0.4594496786594391, 0.45677390694618225, 0.45519158244132996, 0.4516719579696655, 0.44594496488571167, 0.4434467852115631, 0.43826720118522644, 0.44102609157562256, 0.43506693840026855, 0.43581804633140564, 0.4329094886779785, 0.428537517786026, 0.42544347047805786, 0.4225117862224579, 0.42296671867370605, 0.4200975000858307, 0.41741102933883667, 0.413646399974823, 0.41212165355682373, 0.40811029076576233, 0.4047735929489136, 0.4046787619590759, 0.40206512808799744, 0.3988747000694275, 0.39996466040611267, 0.3953462243080139, 0.3933809697628021, 0.3886740505695343, 0.3887803852558136, 0.3892943561077118, 0.3835810124874115, 0.3823634088039398, 0.3809041976928711, 0.37813588976860046, 0.3742913007736206, 0.3755480647087097, 0.37265700101852417, 0.3694356679916382, 0.36951732635498047, 0.36760467290878296, 0.36687660217285156, 0.3652667999267578, 0.36442890763282776, 0.36208245158195496, 0.35895130038261414, 0.3574709892272949, 0.3546847999095917, 0.35673391819000244, 0.3519600033760071, 0.34982559084892273, 0.3507409691810608, 0.3481919765472412, 0.3467406928539276, 0.3457738757133484, 0.3439108431339264, 0.3429890275001526, 0.3404296040534973, 0.3406710624694824, 0.3395242989063263, 0.34038716554641724, 0.3358621597290039, 0.3365355134010315, 0.33423352241516113, 0.3314383924007416, 0.33127591013908386, 0.3306926190853119, 0.3288336396217346, 0.32808953523635864, 0.32753971219062805, 0.3222728967666626, 0.32412460446357727, 0.32442519068717957, 0.32250431180000305, 0.3201853632926941, 0.31795626878738403, 0.321473091840744, 0.3170742094516754, 0.3183751404285431, 0.31730565428733826, 0.3140642046928406, 0.3139518201351166, 0.31261804699897766, 0.3117449879646301, 0.31310710310935974, 0.31206387281417847, 0.30868983268737793, 0.308052122592926, 0.30694445967674255, 0.3048519492149353, 0.3055835962295532, 0.3037026822566986, 0.302443265914917, 0.30258122086524963, 0.30244991183280945, 0.30045127868652344, 0.2993852496147156, 0.30003899335861206, 0.2990681231021881, 0.3006240129470825, 0.2966189384460449, 0.2975682318210602, 0.2961866557598114, 0.2938298285007477, 0.2947872281074524, 0.29355984926223755, 0.2947221100330353, 0.29132330417633057],