{"n_parameters": 532785, "training_time": 28969.967383623123, "loss": [2.376757860183716, 2.2136242389678955, 2.053821325302124, 1.8855955600738525, 1.732478141784668, 1.6217615604400635, 1.5532350540161133, 1.4996048212051392, 1.4647337198257446, 1.434449315071106, 1.404454231262207, 1.3791900873184204, 1.3495811223983765, 1.3283565044403076, 1.3024996519088745, 1.2803428173065186, 1.2604258060455322, 1.2375398874282837, 1.2138526439666748, 1.189378261566162, 1.1639626026153564, 1.1381784677505493, 1.1162710189819336, 1.0949532985687256, 1.0638021230697632, 1.047119140625, 1.0239331722259521, 1.0022773742675781, 0.9830172657966614, 0.96040940284729, 0.9375564455986023, 0.9196452498435974, 0.8998275995254517, 0.8798514604568481, 0.8679941296577454, 0.8500625491142273, 0.8328608274459839, 0.8187023401260376, 0.8023356199264526, 0.7852043509483337, 0.7706719636917114, 0.7603169083595276, 0.7496206760406494, 0.7364261746406555, 0.7239255905151367, 0.716205358505249, 0.7051459550857544, 0.6953920722007751, 0.6837078928947449, 0.6743192076683044, 0.6657195687294006, 0.6543263792991638, 0.6476313471794128, 0.6358426809310913, 0.6328959465026855, 0.6205684542655945, 0.6136229038238525, 0.6065868139266968, 0.6020904779434204, 0.5920814871788025, 0.5841074585914612, 0.5763938426971436, 0.5707741379737854, 0.5656582713127136, 0.55831378698349, 0.5496326088905334, 0.5493029356002808, 0.539271891117096, 0.5337751507759094, 0.5309543013572693, 0.5235408544540405, 0.5212590098381042, 0.5160836577415466, 0.5079807043075562, 0.5075164437294006, 0.49768492579460144, 0.4941686987876892, 0.4912295341491699, 0.4867418110370636, 0.4828604757785797, 0.4809911549091339, 0.4759407043457031, 0.4711259603500366, 0.4691440165042877, 0.4645518660545349, 0.4594259560108185, 0.45984384417533875, 0.4518176317214966, 0.44874557852745056, 0.4456213116645813, 0.445390522480011, 0.44152408838272095, 0.43746092915534973, 0.43581053614616394, 0.432271808385849, 0.42863261699676514, 0.42754170298576355, 0.4221765100955963, 0.42042455077171326, 0.42074814438819885, 0.4168342053890228, 0.41478073596954346, 0.4125351905822754, 0.40508756041526794, 0.4070523977279663, 0.40339452028274536, 0.4020079970359802, 0.3973178565502167, 0.3971642851829529, 0.39501410722732544, 0.3906703591346741, 0.3906610608100891, 0.3871696889400482, 0.38620349764823914, 0.38165053725242615, 0.3818270266056061, 0.37839818000793457, 0.37505027651786804, 0.37581056356430054, 0.3725840449333191, 0.3678724765777588, 0.3691517412662506, 0.36621788144111633, 0.36492785811424255, 0.3604617714881897, 0.3623576760292053, 0.3619057238101959, 0.35838305950164795, 0.35854843258857727, 0.3561211824417114, 0.353074848651886, 0.3524560034275055, 0.35027334094047546, 0.34747183322906494, 0.34514617919921875, 0.34607625007629395, 0.34581196308135986, 0.341891884803772, 0.34006795287132263, 0.3411298990249634, 0.3387484550476074, 0.34174227714538574, 0.33492547273635864, 0.33482205867767334, 0.33051538467407227, 0.33204448223114014, 0.33082228899002075, 0.3301657438278198, 0.32935914397239685, 0.3268181383609772, 0.32680243253707886, 0.3256405293941498, 0.3247855007648468, 0.3238341510295868, 0.32162120938301086, 0.31985628604888916, 0.31950467824935913, 0.3195832371711731, 0.31684526801109314, 0.3164381980895996, 0.31647923588752747, 0.3115456700325012, 0.3124474585056305, 0.3159431219100952, 0.3126049339771271, 0.3114262819290161, 0.3087778091430664, 0.30781659483909607, 0.3076394200325012, 0.3049268126487732, 0.3085979223251343, 0.30438512563705444, 0.30281051993370056, 0.3038317561149597, 0.30369773507118225, 0.30212339758872986, 0.29951995611190796, 0.3006524443626404, 0.30187472701072693, 0.2988704741001129, 0.29837101697921753, 0.2978290617465973, 0.2955496907234192, 0.2951109707355499, 0.29436975717544556, 0.29297712445259094, 0.2947322130203247, 0.2935190498828888, 0.2920379638671875, 0.2920224666595459, 0.28817591071128845, 0.28799962997436523, 0.29060935974121094, 0.2874087989330292, 0.28737127780914307, 0.28746724128723145, 0.2864622473716736, 0.28624746203422546, 0.2844265401363373, 0.2839371860027313, 0.28437528014183044, 0.2853829264640808, 0.28384238481521606, 0.283724844455719, 0.28245216608047485, 0.2821410894393921, 0.28266966342926025, 0.28202736377716064, 0.2773090600967407, 0.27557456493377686, 0.2800758481025696, 0.27848759293556213],