{"n_parameters": 167761, "training_time": 4166.27530837059, "loss": [2.5243477821350098, 2.4872679710388184, 2.475767135620117, 2.4719815254211426, 2.464618682861328, 2.4602582454681396, 2.4596245288848877, 2.451446771621704, 2.4514236450195312, 2.447848081588745, 2.4489104747772217, 2.4439752101898193, 2.440342903137207, 2.4389913082122803, 2.4369547367095947, 2.4330742359161377, 2.4322962760925293, 2.4305310249328613, 2.4292867183685303, 2.4278669357299805, 2.4258968830108643, 2.4238481521606445, 2.4229793548583984, 2.423898220062256, 2.423821449279785, 2.42148756980896, 2.4203402996063232, 2.421140670776367, 2.4187512397766113, 2.416874408721924, 2.418452501296997, 2.416289806365967, 2.416006326675415, 2.4156999588012695, 2.4146595001220703, 2.4142494201660156, 2.4114365577697754, 2.4116623401641846, 2.4130783081054688, 2.4102137088775635, 2.411564826965332, 2.404987096786499, 2.409149169921875, 2.4071619510650635, 2.4058797359466553, 2.4074831008911133, 2.411283254623413, 2.405876398086548, 2.40746808052063, 2.40675950050354, 2.4022207260131836, 2.403355121612549, 2.404923439025879, 2.402750253677368, 2.402681350708008, 2.4066178798675537, 2.4017770290374756, 2.4032936096191406, 2.4030466079711914, 2.3999085426330566, 2.3978638648986816, 2.3960540294647217, 2.399343967437744, 2.3980839252471924, 2.399113178253174, 2.3952279090881348, 2.3940882682800293, 2.396279811859131, 2.394251585006714, 2.3937318325042725, 2.3918039798736572], "rmse": [1.5681605339050293, 1.5562307834625244, 1.5525343418121338, 1.5515122413635254, 1.5490670204162598, 1.5482923984527588, 1.5480473041534424, 1.5445369482040405, 1.5444810390472412, 1.543500542640686, 1.5446571111679077, 1.5424226522445679, 1.5409568548202515, 1.541203498840332, 1.5398143529891968, 1.5392177104949951, 1.5390616655349731, 1.537779688835144, 1.5377516746520996, 1.5369174480438232, 1.5370205640792847, 1.5361154079437256, 1.5360606908798218, 1.5357683897018433, 1.5357898473739624, 1.5356626510620117, 1.534913420677185, 1.5352925062179565, 1.5343083143234253, 1.5348594188690186, 1.534224510192871, 1.5332441329956055, 1.533970832824707, 1.5332081317901611, 1.5343782901763916, 1.5332707166671753, 1.5326075553894043, 1.532775640487671, 1.5329550504684448, 1.5326099395751953, 1.5325686931610107, 1.5296812057495117, 1.5325311422348022, 1.530936360359192, 1.5308947563171387, 1.5309840440750122, 1.5328941345214844, 1.5314093828201294, 1.5321104526519775, 1.5313730239868164, 1.5296039581298828, 1.5298855304718018, 1.5304956436157227, 1.5294742584228516, 1.529293179512024, 1.5317481756210327, 1.5286418199539185, 1.5298211574554443, 1.529963493347168, 1.5290836095809937, 1.5287060737609863, 1.5278087854385376, 1.528204321861267, 1.5278433561325073, 1.528406023979187, 1.5275440216064453, 1.5264275074005127, 1.5279104709625244, 1.5274678468704224, 1.5272783041000366, 1.525278091430664], "val_loss": [2.5082364082336426, 2.5027623176574707, 2.502631664276123, 2.4975080490112305, 2.4962592124938965, 2.49322509765625, 2.4913294315338135, 2.489452362060547, 2.487281084060669, 2.4858806133270264, 2.4850564002990723, 2.4836535453796387, 2.484239101409912, 2.483393907546997, 2.4814789295196533, 2.482654094696045, 2.480416774749756, 2.477792501449585, 2.477729320526123, 2.479004144668579, 2.481013298034668, 2.4770724773406982, 2.473846197128296, 2.473001480102539, 2.4742634296417236, 2.4735300540924072, 2.474048376083374, 2.471766233444214, 2.469280958175659, 2.4702372550964355, 2.469242811203003, 2.4709174633026123, 2.467014789581299, 2.4657342433929443, 2.4659245014190674, 2.464900255203247, 2.4643983840942383, 2.4659855365753174, 2.465557813644409, 2.465782642364502, 2.4663596153259277, 2.4587793350219727, 2.460036277770996, 2.4612927436828613, 2.46195912361145, 2.4565999507904053, 2.4571001529693604, 2.456709146499634, 2.4546029567718506, 2.454277992248535, 2.4561944007873535, 2.458540678024292, 2.45375657081604, 2.452979803085327, 2.4560890197753906, 2.4527149200439453, 2.4555392265319824, 2.4517736434936523, 2.451582670211792, 2.4499685764312744, 2.4462101459503174, 2.4503014087677, 2.450110673904419, 2.445930242538452, 2.450180768966675, 2.441148519515991, 2.4441733360290527, 2.4450325965881348, 2.4416701793670654, 2.4435858726501465, 2.446300745010376], "val_rmse": [1.5594264268875122, 1.5576461553573608, 1.557581901550293, 1.5560156106948853, 1.5556062459945679, 1.5546681880950928, 1.554101824760437, 1.5535540580749512, 1.5529364347457886, 1.5524784326553345, 1.5522061586380005, 1.5517895221710205, 1.5519565343856812, 1.5517255067825317, 1.5511542558670044, 1.551495909690857, 1.5508266687393188, 1.550064206123352, 1.5500472784042358, 1.5504069328308105, 1.5509891510009766, 1.5497947931289673, 1.5488533973693848, 1.5485732555389404, 1.5489692687988281, 1.5487993955612183, 1.548936367034912, 1.5482523441314697, 1.5475329160690308, 1.5478309392929077, 1.5475443601608276, 1.5480165481567383, 1.546851396560669, 1.5464504957199097, 1.5464844703674316, 1.5461862087249756, 1.5460689067840576, 1.5464731454849243, 1.5463942289352417, 1.5464578866958618, 1.5466227531433105, 1.5443073511123657, 1.5446348190307617, 1.5450063943862915, 1.5452204942703247, 1.5436561107635498, 1.5437992811203003, 1.5436197519302368, 1.54297935962677, 1.5428651571273804, 1.5434784889221191, 1.5442010164260864, 1.5427287817001343, 1.5424234867095947, 1.543352484703064, 1.542348861694336, 1.5432356595993042, 1.5420589447021484, 1.5419774055480957, 1.5414704084396362, 1.5403227806091309, 1.5415884256362915, 1.54150390625, 1.54022216796875, 1.541533350944519, 1.5387496948242188, 1.539671778678894, 1.5399394035339355, 1.5388853549957275, 1.5394935607910156, 1.540320634841919]}