{"n_parameters": 405393, "training_time": 17395.60631251335, "loss": [2.9340524673461914, 2.8146779537200928, 2.706787347793579, 2.5940728187561035, 2.4585142135620117, 2.3293840885162354, 2.1860158443450928, 2.046217441558838, 1.8955764770507812, 1.7647449970245361, 1.6622695922851562, 1.5662697553634644, 1.5023216009140015, 1.4508854150772095, 1.4019851684570312, 1.35988450050354, 1.3360252380371094, 1.3055617809295654, 1.2828104496002197, 1.2577451467514038, 1.2384964227676392, 1.223423957824707, 1.2029200792312622, 1.1761243343353271, 1.158774733543396, 1.1468496322631836, 1.1304528713226318, 1.115699052810669, 1.0967144966125488, 1.0829273462295532, 1.0636013746261597, 1.0500646829605103, 1.0314465761184692, 1.023842215538025, 1.0028257369995117, 0.9897387623786926, 0.9762435555458069, 0.9718368649482727, 0.9537419676780701, 0.9420439600944519, 0.9300875663757324, 0.9169857501983643, 0.9049461483955383, 0.890435516834259, 0.8851889967918396, 0.875245988368988, 0.8608756065368652, 0.8531591296195984, 0.840822696685791, 0.8298517465591431, 0.8198184370994568, 0.8106728196144104, 0.8014200329780579, 0.7927871346473694, 0.7839046716690063, 0.7779717445373535, 0.7673352360725403, 0.7588592171669006, 0.747585654258728, 0.7404047846794128, 0.7322645783424377, 0.7230134010314941, 0.7177846431732178, 0.704658031463623, 0.6985642910003662, 0.6880239248275757, 0.6801379919052124, 0.671387791633606, 0.6665313839912415, 0.6570053696632385, 0.6479648351669312, 0.6418274641036987, 0.6326389312744141, 0.6258633136749268, 0.6171791553497314, 0.6078528165817261, 0.6002965569496155, 0.5927319526672363, 0.5880411863327026, 0.5821529626846313, 0.572611391544342, 0.5634461641311646, 0.5574852824211121, 0.5513171553611755, 0.5458559393882751, 0.5380469560623169, 0.5299581289291382, 0.5255331993103027, 0.5198121666908264, 0.5107716917991638, 0.5051054954528809, 0.4979083240032196, 0.494186669588089, 0.48671600222587585, 0.4829953908920288, 0.4782875180244446, 0.4698200225830078, 0.46687349677085876, 0.45790374279022217, 0.4522024989128113, 0.45291370153427124, 0.44747310876846313, 0.441347599029541, 0.4385291635990143, 0.434213787317276, 0.43188726902008057, 0.4244069457054138, 0.4221121668815613, 0.41877293586730957, 0.4143546223640442, 0.4111565053462982, 0.40657490491867065, 0.4041893184185028, 0.40085768699645996, 0.39807796478271484, 0.39496466517448425, 0.38948801159858704, 0.3901149332523346, 0.384626179933548, 0.38146597146987915, 0.38087666034698486, 0.3755975067615509, 0.37502631545066833, 0.37190690636634827, 0.3703591227531433, 0.36727607250213623, 0.364342600107193, 0.3636758327484131, 0.3580838739871979, 0.35644426941871643, 0.35569944977760315, 0.3518787622451782, 0.348382830619812, 0.3487492799758911, 0.3489986062049866, 0.34585896134376526, 0.34352627396583557, 0.3397254943847656, 0.33998242020606995, 0.33845439553260803, 0.336438924074173, 0.3339701294898987, 0.3327662944793701, 0.33051154017448425, 0.33014553785324097, 0.32828426361083984, 0.32565125823020935, 0.324378103017807, 0.3232562839984894, 0.3229524791240692, 0.3212888240814209, 0.318826287984848, 0.3188135027885437, 0.31522640585899353, 0.31486064195632935, 0.3165813386440277, 0.3130108416080475, 0.3112826645374298, 0.3114684820175171, 0.30794721841812134, 0.3075319826602936, 0.306833952665329, 0.30403873324394226, 0.30410224199295044, 0.30441761016845703, 0.3028542697429657, 0.3014516830444336, 0.2998705804347992, 0.2986028492450714, 0.2969028055667877, 0.29700955748558044, 0.2966933846473694, 0.2935021221637726, 0.2927479147911072, 0.29162612557411194, 0.29116198420524597, 0.2907901406288147, 0.28925034403800964, 0.28933435678482056, 0.2863449454307556, 0.28720682859420776, 0.2865949869155884, 0.28523772954940796], "rmse": [1.693245768547058, 1.6579203605651855, 1.6250919103622437, 1.5899512767791748, 1.5467473268508911, 1.5059034824371338, 1.4579906463623047, 1.410359501838684, 1.3563482761383057, 1.3095639944076538, 1.271277904510498, 1.2348453998565674, 1.2096880674362183, 1.1885770559310913, 1.1688196659088135, 1.1509528160095215, 1.1411876678466797, 1.1278343200683594, 1.1183723211288452, 1.1073198318481445, 1.0983591079711914, 1.091751217842102, 1.0833792686462402, 1.0704333782196045, 1.0631872415542603, 1.057469129562378, 1.0500260591506958, 1.043615698814392, 1.0339558124542236, 1.0282061100006104, 1.0190061330795288, 1.0120583772659302, 1.003448486328125, 0.9995794296264648, 0.9897521138191223, 0.9831602573394775, 0.9767187237739563, 0.9747400283813477, 0.9660137891769409, 0.9601156711578369, 0.9532971382141113, 0.9472892880439758, 0.9405686259269714, 0.9330146908760071, 0.9311040639877319, 0.9254067540168762, 0.9172456860542297, 0.9143139123916626, 0.9070921540260315, 0.9011842012405396, 0.8960472345352173, 0.8909320831298828, 0.885391354560852, 0.8812539577484131, 0.876121461391449, 0.8724449872970581, 0.8673178553581238, 0.8621876239776611, 0.8552125096321106, 0.8519889116287231, 0.8469714522361755, 0.8417332172393799, 0.8384002447128296, 0.8312888145446777, 0.8276752829551697, 0.821372926235199, 0.816396176815033, 0.811293363571167, 0.8084980249404907, 0.802362859249115, 0.7973774075508118, 0.7932067513465881, 0.7877854108810425, 0.783383846282959, 0.7778095602989197, 0.7720865607261658, 0.7669864296913147, 0.7622670531272888, 0.7594081163406372, 0.7555809617042542, 0.7495641708374023, 0.7429925799369812, 0.739104151725769, 0.7350482940673828, 0.7316181659698486, 0.7264243960380554, 0.7205576300621033, 0.7175212502479553, 0.7136792540550232, 0.7076095938682556, 0.703666627407074, 0.6983937621116638, 0.6960168480873108, 0.6906152367591858, 0.688147783279419, 0.684734046459198, 0.6787173748016357, 0.6765486598014832, 0.6696867942810059, 0.6656956672668457, 0.6658867001533508, 0.6618662476539612, 0.6574484705924988, 0.6551594138145447, 0.6522457599639893, 0.6501811742782593, 0.6448928117752075, 0.6428394913673401, 0.6403318047523499, 0.6374569535255432, 0.6346035599708557, 0.6309605240821838, 0.6293351054191589, 0.6264312863349915, 0.624211847782135, 0.6217875480651855, 0.6175666451454163, 0.6180354356765747, 0.6136114001274109, 0.611189603805542, 0.6105223894119263, 0.606425404548645, 0.6060055494308472, 0.6033200621604919, 0.6019389629364014, 0.599520206451416, 0.5971835255622864, 0.5964412689208984, 0.5921481847763062, 0.590796172618866, 0.5899550914764404, 0.5870879888534546, 0.5841281414031982, 0.5843437910079956, 0.5846207141876221, 0.5816226601600647, 0.5799576044082642, 0.5766688585281372, 0.5769361853599548, 0.5753949284553528, 0.5738936066627502, 0.5717214345932007, 0.5705825686454773, 0.5689077973365784, 0.568440854549408, 0.5666570067405701, 0.5645427703857422, 0.563170850276947, 0.5623127222061157, 0.5622075200080872, 0.560789167881012, 0.5587179660797119, 0.5583303570747375, 0.5555542707443237, 0.5550171732902527, 0.55656498670578, 0.5533186793327332, 0.5519999265670776, 0.5522864460945129, 0.5491289496421814, 0.5488048791885376, 0.5483767986297607, 0.5456388592720032, 0.5453446507453918, 0.5454778671264648, 0.5442572832107544, 0.5428363680839539, 0.541820228099823, 0.5404646992683411, 0.5389198660850525, 0.5393433570861816, 0.5387380123138428, 0.5359805226325989, 0.5354227423667908, 0.5342205166816711, 0.5334296226501465, 0.5332954525947571, 0.5317546725273132, 0.5321018695831299, 0.5294009447097778, 0.5301347970962524, 0.5293510556221008, 0.5281773209571838],