{"n_parameters": 290945, "training_time": 16550.407447576523, "loss": [2.5273144245147705, 2.3666985034942627, 2.286043405532837, 2.1838412284851074, 2.0430288314819336, 1.885288119316101, 1.758854866027832, 1.6636689901351929, 1.5902982950210571, 1.5356258153915405, 1.4899790287017822, 1.4500013589859009, 1.418842077255249, 1.3878557682037354, 1.360140323638916, 1.3395053148269653, 1.322127103805542, 1.2989803552627563, 1.2781643867492676, 1.2616329193115234, 1.2439333200454712, 1.219954013824463, 1.205384373664856, 1.1938413381576538, 1.1745389699935913, 1.1589642763137817, 1.1396681070327759, 1.1235456466674805, 1.1119517087936401, 1.1003934144973755, 1.0805250406265259, 1.069471001625061, 1.0552003383636475, 1.0367367267608643, 1.0216612815856934, 1.0021065473556519, 0.9883228540420532, 0.9687289595603943, 0.9546388387680054, 0.9377158880233765, 0.9228347539901733, 0.9074094295501709, 0.8909226059913635, 0.8741915822029114, 0.8598622679710388, 0.8452824950218201, 0.8310017585754395, 0.8129879236221313, 0.805354654788971, 0.7914599180221558, 0.7772995233535767, 0.7638550400733948, 0.753262460231781, 0.7440631985664368, 0.7328882217407227, 0.7243900895118713, 0.7135475873947144, 0.7059356570243835, 0.6959375739097595, 0.6882217526435852, 0.6783332824707031, 0.6685161590576172, 0.6637153029441833, 0.656309187412262, 0.6492750644683838, 0.6398733258247375, 0.6322489976882935, 0.6269200444221497, 0.6203857064247131, 0.6155107617378235, 0.6077065467834473, 0.6042341589927673, 0.595611572265625, 0.5897738337516785, 0.5847538113594055, 0.579034686088562, 0.5715457797050476, 0.5642186403274536, 0.5623718500137329, 0.5571147799491882, 0.5484082102775574, 0.5452670454978943, 0.5386302471160889, 0.5338578224182129, 0.5312507152557373, 0.5259618759155273, 0.5206040740013123, 0.5128594636917114, 0.5097309350967407, 0.5040292143821716, 0.5026888251304626, 0.49596062302589417, 0.49266114830970764, 0.48768460750579834, 0.4839507043361664, 0.4834136366844177, 0.47707659006118774, 0.4718160331249237, 0.47128382325172424, 0.4645899832248688, 0.4589371085166931, 0.4576161503791809, 0.45287594199180603, 0.45001381635665894, 0.4477110803127289, 0.44323402643203735, 0.4387723505496979, 0.4372093081474304, 0.43358832597732544, 0.4319438636302948, 0.4265434741973877, 0.4242783784866333, 0.42029282450675964, 0.4175078868865967, 0.4184795916080475, 0.4110807776451111, 0.40991899371147156, 0.409256249666214, 0.40608644485473633, 0.40262097120285034, 0.40067100524902344, 0.3949432671070099, 0.3928886353969574, 0.39400234818458557, 0.3910480737686157, 0.38813599944114685, 0.3861647844314575, 0.3851131498813629, 0.38121476769447327, 0.3786643147468567, 0.3803214430809021, 0.37799689173698425, 0.37290245294570923, 0.37320971488952637, 0.36693689227104187, 0.36730411648750305, 0.3672017455101013, 0.36572563648223877, 0.36528006196022034, 0.3601105511188507, 0.35725003480911255, 0.3573839068412781, 0.355182945728302, 0.35307255387306213, 0.35361090302467346, 0.34968793392181396, 0.3495608866214752, 0.347790390253067, 0.34648770093917847, 0.34550589323043823, 0.34318554401397705, 0.33960092067718506, 0.3373013436794281, 0.3403068780899048, 0.3375440239906311, 0.33802810311317444, 0.3347019553184509, 0.3323940634727478, 0.32991036772727966, 0.330971896648407, 0.3310791552066803, 0.32791048288345337, 0.32761242985725403, 0.3266870975494385, 0.3249998688697815, 0.3221224844455719, 0.3208462595939636, 0.32079601287841797, 0.31747230887413025, 0.3165457844734192, 0.3158511519432068, 0.3165978491306305, 0.31564754247665405, 0.3141092360019684, 0.3129836320877075, 0.31067997217178345, 0.30849525332450867, 0.30911785364151, 0.30894532799720764, 0.3089558184146881, 0.30565622448921204, 0.3045678436756134, 0.3042980134487152, 0.30451756715774536, 0.3018289804458618, 0.3007609248161316, 0.3010522723197937, 0.302241712808609, 0.2959633767604828, 0.2992885112762451, 0.29567843675613403, 0.2963733971118927, 0.2948973774909973, 0.2938261032104492, 0.29366829991340637, 0.2928112745285034, 0.2922431230545044, 0.2883320450782776, 0.2900940179824829, 0.2888416349887848, 0.28504979610443115, 0.28558349609375, 0.28625935316085815],