{"n_parameters": 485137, "training_time": 23071.183391809464, "loss": [2.440725088119507, 2.2251524925231934, 2.0636751651763916, 1.9106366634368896, 1.761324167251587, 1.6095508337020874, 1.4653174877166748, 1.3397095203399658, 1.2381198406219482, 1.163044810295105, 1.1096408367156982, 1.066939353942871, 1.0321005582809448, 1.0022709369659424, 0.9754132032394409, 0.9513204097747803, 0.9318756461143494, 0.9110551476478577, 0.892711341381073, 0.8765905499458313, 0.8576212525367737, 0.8407254219055176, 0.8245173692703247, 0.8077186346054077, 0.789880633354187, 0.7712855339050293, 0.7556539177894592, 0.7376553416252136, 0.720175564289093, 0.7037052512168884, 0.6871910095214844, 0.6703516840934753, 0.6524720788002014, 0.6366572976112366, 0.6206027865409851, 0.602516770362854, 0.5870450735092163, 0.5708982944488525, 0.5546864867210388, 0.5406494736671448, 0.524328351020813, 0.5093095898628235, 0.4952286183834076, 0.4819740653038025, 0.46971485018730164, 0.45722463726997375, 0.44653376936912537, 0.4346492290496826, 0.424715518951416, 0.41420280933380127, 0.40480029582977295, 0.39856502413749695, 0.38909828662872314, 0.3818480968475342, 0.37516462802886963, 0.36911147832870483, 0.36294662952423096, 0.3559677004814148, 0.3517207205295563, 0.34704482555389404, 0.340736985206604, 0.3367370665073395, 0.33259448409080505, 0.32750096917152405, 0.3260502517223358, 0.32138553261756897, 0.31790846586227417, 0.31404224038124084, 0.3109695315361023, 0.307534396648407, 0.30594876408576965, 0.30375370383262634, 0.30154770612716675, 0.2987423837184906, 0.29428714513778687, 0.29236117005348206, 0.29150763154029846, 0.28834569454193115, 0.28522393107414246, 0.28217729926109314, 0.2820298373699188, 0.28047823905944824, 0.2785530984401703, 0.27771347761154175, 0.27470001578330994, 0.2737256586551666, 0.2707326114177704, 0.2694588899612427, 0.2683810889720917, 0.26705899834632874, 0.2636995315551758, 0.26292064785957336, 0.26147979497909546, 0.25991958379745483, 0.25872018933296204, 0.2578403055667877, 0.2549296021461487, 0.2534390389919281, 0.25160613656044006, 0.25071799755096436, 0.249202162027359, 0.24841377139091492, 0.24777983129024506, 0.24606841802597046, 0.24486729502677917, 0.2440454214811325, 0.24197973310947418, 0.24223151803016663, 0.24054451286792755, 0.23861809074878693, 0.23650607466697693, 0.23721522092819214, 0.23661941289901733, 0.23329004645347595, 0.23325233161449432, 0.23228959739208221, 0.2313016653060913, 0.23091508448123932, 0.23006793856620789, 0.22786615788936615, 0.2281898856163025, 0.225773885846138, 0.22568032145500183, 0.22449280321598053, 0.22443939745426178, 0.22413918375968933, 0.2221357226371765, 0.2219458371400833, 0.22260782122612, 0.22061856091022491, 0.21918131411075592, 0.22014711797237396, 0.218924880027771, 0.2175668478012085, 0.21701592206954956, 0.2166866511106491, 0.21579167246818542, 0.21441295742988586, 0.21565639972686768, 0.21362090110778809, 0.21346865594387054, 0.21247214078903198, 0.21082854270935059, 0.21096982061862946, 0.2102753221988678, 0.20991472899913788, 0.20870766043663025, 0.207868754863739, 0.2088686227798462, 0.20745737850666046, 0.20676328241825104, 0.2048375904560089, 0.20510996878147125, 0.20446547865867615, 0.20351900160312653, 0.2036968618631363, 0.2031993716955185, 0.2016819715499878, 0.20243225991725922, 0.2014596313238144, 0.20032979547977448, 0.1999792605638504, 0.19966870546340942, 0.19831570982933044, 0.1981639862060547, 0.1983719766139984, 0.19783160090446472, 0.19531495869159698, 0.19656778872013092, 0.19584877789020538, 0.19424699246883392, 0.19566595554351807, 0.19514718651771545, 0.19452732801437378, 0.19364942610263824, 0.1937316656112671, 0.19382333755493164, 0.19223611056804657, 0.19199898838996887, 0.19149918854236603, 0.19166918098926544, 0.19028712809085846, 0.1903817504644394, 0.1897481381893158, 0.1887427419424057, 0.18888111412525177, 0.18741370737552643, 0.18832749128341675, 0.1873604655265808, 0.18719524145126343, 0.18687842786312103, 0.18660610914230347, 0.18645638227462769, 0.18539847433567047, 0.18549665808677673, 0.1847531944513321, 0.18469564616680145, 0.18407084047794342, 0.1838533580303192, 0.1835680454969406],