{"n_parameters": 579729, "training_time": 22042.457624912262, "loss": [2.5453929901123047, 2.460547924041748, 2.40857195854187, 2.3748674392700195, 2.3258121013641357, 2.2580947875976562, 2.1504995822906494, 2.02978777885437, 1.924246072769165, 1.8569748401641846, 1.807331919670105, 1.7651926279067993, 1.7409212589263916, 1.715520977973938, 1.6857740879058838, 1.664345383644104, 1.6398921012878418, 1.6237388849258423, 1.6011401414871216, 1.581073522567749, 1.5675463676452637, 1.5506739616394043, 1.5296283960342407, 1.5085186958312988, 1.5054986476898193, 1.4855140447616577, 1.4688884019851685, 1.4576423168182373, 1.44716477394104, 1.4291141033172607, 1.4160126447677612, 1.3979665040969849, 1.3794028759002686, 1.368257999420166, 1.3604954481124878, 1.343201756477356, 1.32297945022583, 1.3067700862884521, 1.293257236480713, 1.2571048736572266, 1.2463271617889404, 1.2231945991516113, 1.2050789594650269, 1.1835083961486816, 1.1612117290496826, 1.1397091150283813, 1.1109697818756104, 1.098124384880066, 1.0747419595718384, 1.054857611656189, 1.040137529373169, 1.0194400548934937, 1.007138967514038, 0.9871224164962769, 0.9741968512535095, 0.9640400409698486, 0.9475439786911011, 0.936398983001709, 0.9271302223205566, 0.9063085913658142, 0.8936304450035095, 0.8837102055549622, 0.8687348365783691, 0.8626005053520203, 0.8464232087135315, 0.8370217084884644, 0.8230382204055786, 0.8146172761917114, 0.8035149574279785, 0.7912130355834961, 0.777497410774231, 0.7691105604171753, 0.7552894949913025, 0.7464840412139893, 0.7413841485977173, 0.7287169694900513, 0.7168397307395935, 0.7129319906234741, 0.7027018666267395, 0.6892804503440857, 0.6839730739593506, 0.6667482852935791, 0.6639299392700195, 0.6598418951034546, 0.6495856642723083, 0.6499732732772827, 0.6343359351158142, 0.6279096007347107, 0.6212870478630066, 0.6129425168037415, 0.6064532399177551, 0.6029871702194214, 0.6005078554153442, 0.5838724970817566, 0.5844852328300476, 0.5728986859321594, 0.568699300289154, 0.565728485584259, 0.555724561214447, 0.5552977323532104, 0.5522258281707764, 0.5427770614624023, 0.539394199848175, 0.5335511565208435, 0.5312284827232361, 0.5275058746337891, 0.5251892805099487, 0.5203806161880493, 0.512446939945221, 0.5123284459114075, 0.5103774070739746, 0.49891579151153564, 0.4965915083885193, 0.4987524449825287, 0.4895220100879669, 0.48635581135749817, 0.48301568627357483, 0.47789931297302246, 0.4748954176902771, 0.47435012459754944, 0.4683474898338318, 0.4665057361125946, 0.4626721441745758, 0.45582786202430725, 0.46060359477996826, 0.4517466723918915, 0.4470115303993225, 0.451419472694397, 0.44732704758644104, 0.44618791341781616], "rmse": [1.5743801593780518, 1.5483663082122803, 1.5318143367767334, 1.520639181137085, 1.5044987201690674, 1.482230544090271, 1.4461920261383057, 1.4042216539382935, 1.367177963256836, 1.3430243730545044, 1.3263217210769653, 1.3100733757019043, 1.3005728721618652, 1.2909737825393677, 1.2804255485534668, 1.272741675376892, 1.263403058052063, 1.2576662302017212, 1.2492252588272095, 1.2405822277069092, 1.2352443933486938, 1.228972315788269, 1.220807433128357, 1.2124810218811035, 1.2109973430633545, 1.2025939226150513, 1.1954325437545776, 1.1910927295684814, 1.187027096748352, 1.1795998811721802, 1.1744191646575928, 1.1666003465652466, 1.1591672897338867, 1.1546235084533691, 1.1502739191055298, 1.1431543827056885, 1.1353269815444946, 1.127724051475525, 1.121519923210144, 1.1053258180618286, 1.1008533239364624, 1.0901854038238525, 1.0819134712219238, 1.071481466293335, 1.0611997842788696, 1.0512419939041138, 1.03765070438385, 1.0315314531326294, 1.0203344821929932, 1.0107828378677368, 1.0026880502700806, 0.9927011728286743, 0.9866828322410583, 0.976965606212616, 0.9700183272361755, 0.965663731098175, 0.9557618498802185, 0.9508069157600403, 0.9465464949607849, 0.9357526898384094, 0.9291807413101196, 0.9232063293457031, 0.9153863787651062, 0.912298321723938, 0.9040022492408752, 0.8987991809844971, 0.8913657069206238, 0.8858937621116638, 0.880303144454956, 0.8746464252471924, 0.8664406538009644, 0.8618156313896179, 0.8546919226646423, 0.8486732840538025, 0.8461614847183228, 0.8394134640693665, 0.8326032161712646, 0.829717218875885, 0.8244308829307556, 0.8163301348686218, 0.8131919503211975, 0.802494466304779, 0.8014301061630249, 0.798564076423645, 0.7919681072235107, 0.7925045490264893, 0.7834149599075317, 0.7789614200592041, 0.7750937342643738, 0.7699936628341675, 0.7658370137214661, 0.7641763687133789, 0.7614501714706421, 0.7520570158958435, 0.7523283958435059, 0.7448983192443848, 0.7418575286865234, 0.739875078201294, 0.733549952507019, 0.7328795194625854, 0.7304481267929077, 0.7243536114692688, 0.7223735451698303, 0.7188574075698853, 0.7169281244277954, 0.7146128416061401, 0.7125658988952637, 0.7097851634025574, 0.7040668725967407, 0.7038062214851379, 0.702791154384613, 0.6945383548736572, 0.6931239366531372, 0.6945027709007263, 0.688045084476471, 0.6858504414558411, 0.6833704710006714, 0.6796084642410278, 0.6776162385940552, 0.6772563457489014, 0.673301100730896, 0.6713593602180481, 0.6689869165420532, 0.6636188626289368, 0.6668662428855896, 0.6609833836555481, 0.6581946015357971, 0.6600476503372192, 0.6573612689971924, 0.6574097275733948], "val_loss": [2.498861789703369, 2.4592809677124023, 2.4464943408966064, 2.377547264099121, 2.3329391479492188, 2.1795454025268555, 2.007410764694214, 1.8473138809204102, 1.7508348226547241, 1.7181930541992188, 1.6460018157958984, 1.6002777814865112, 1.6127464771270752, 1.5526418685913086, 1.52848482131958, 1.5079575777053833, 1.489422082901001, 1.4780186414718628, 1.450652003288269, 1.4317841529846191, 1.4143437147140503, 1.3954517841339111, 1.380933403968811, 1.3643827438354492, 1.3517425060272217, 1.336918592453003, 1.3229973316192627, 1.3081518411636353, 1.2958602905273438, 1.2816063165664673, 1.2677382230758667, 1.2558683156967163, 1.2344250679016113, 1.2178534269332886, 1.2019555568695068, 1.1784511804580688, 1.1506034135818481, 1.1439154148101807, 1.1059751510620117, 1.083293080329895, 1.0560414791107178, 1.0315141677856445, 1.0034949779510498, 0.9752358794212341, 0.9452162384986877, 0.9184695482254028, 0.8933545351028442, 0.8714809417724609, 0.8404834866523743, 0.8164137005805969, 0.7932425141334534, 0.7759299874305725, 0.7520931959152222, 0.732912003993988, 0.7208916544914246, 0.6997358798980713, 0.6891724467277527, 0.6699365973472595, 0.6612976789474487, 0.6416836380958557, 0.634198784828186, 0.6171953678131104, 0.6071445941925049, 0.5927772521972656, 0.5833716988563538, 0.5737220644950867, 0.5621303915977478, 0.5475589632987976, 0.5355988144874573, 0.5277830362319946, 0.5157586932182312, 0.5086160898208618, 0.4995063543319702, 0.4843505620956421, 0.47307682037353516, 0.4684607684612274, 0.46424946188926697, 0.44821736216545105, 0.4481370151042938, 0.4369426369667053, 0.43293389678001404, 0.42122510075569153, 0.41145703196525574, 0.41221821308135986, 0.40683066844940186, 0.39806458353996277, 0.39096784591674805, 0.38752877712249756, 0.37964916229248047, 0.37137457728385925, 0.368716835975647, 0.36985817551612854, 0.3579936623573303, 0.35119807720184326, 0.35032719373703003, 0.34295496344566345, 0.34178242087364197, 0.33881330490112305, 0.3261541724205017, 0.32561299204826355, 0.3207198977470398, 0.3128993809223175, 0.31894156336784363, 0.3107321262359619, 0.3097189962863922, 0.30659109354019165, 0.3106450140476227, 0.30062589049339294, 0.29663312435150146, 0.299313485622406, 0.2970411777496338, 0.2916422188282013, 0.2885773777961731, 0.284298837184906, 0.2825794219970703, 0.27923083305358887, 0.27943310141563416, 0.28192684054374695, 0.28079935908317566, 0.27481356263160706, 0.269880473613739, 0.27121466398239136, 0.2686534821987152, 0.2696625292301178, 0.25932449102401733, 0.26852646470069885, 0.26028475165367126, 0.2597440779209137, 0.2649053931236267, 0.2621229887008667],