{"n_parameters": 238161, "training_time": 18354.803042411804, "loss": [2.4591622352600098, 2.3130481243133545, 2.2293341159820557, 2.1611855030059814, 2.095935344696045, 2.0305631160736084, 1.962174654006958, 1.8931578397750854, 1.8233914375305176, 1.7539118528366089, 1.686265230178833, 1.624910593032837, 1.5660218000411987, 1.5100668668746948, 1.4676910638809204, 1.4254461526870728, 1.3903313875198364, 1.3575315475463867, 1.3300286531448364, 1.3033463954925537, 1.2810447216033936, 1.2609628438949585, 1.2489525079727173, 1.2250192165374756, 1.2120364904403687, 1.1964694261550903, 1.1813621520996094, 1.1682993173599243, 1.156099796295166, 1.1450650691986084, 1.137815237045288, 1.1249940395355225, 1.1125189065933228, 1.103273868560791, 1.090844750404358, 1.0807353258132935, 1.0684620141983032, 1.0599724054336548, 1.0488475561141968, 1.0384788513183594, 1.0282459259033203, 1.0196563005447388, 1.0120905637741089, 0.9963567852973938, 0.9851557612419128, 0.9744899272918701, 0.9681217670440674, 0.9596781730651855, 0.9486621618270874, 0.9370926022529602, 0.9277759194374084, 0.9215025901794434, 0.9048212170600891, 0.9010420441627502, 0.8892978429794312, 0.8802967667579651, 0.8736813068389893, 0.8613648414611816, 0.8558800220489502, 0.847115159034729, 0.8358805179595947, 0.8272510170936584, 0.8192587494850159, 0.8095923066139221, 0.8001039028167725, 0.7932932376861572, 0.7869506478309631, 0.774430513381958, 0.7659439444541931, 0.7604572176933289, 0.7520730495452881, 0.7405478954315186, 0.7339769601821899, 0.7254248261451721, 0.7210761904716492, 0.7124595046043396, 0.703927755355835, 0.6986498236656189, 0.6884423494338989, 0.6827419400215149, 0.6736242771148682, 0.6698794364929199, 0.6647050380706787, 0.6575597524642944, 0.6486914753913879, 0.6428022384643555, 0.6357687711715698, 0.6305005550384521, 0.6245751976966858, 0.6205291152000427, 0.6096855998039246, 0.605923593044281, 0.5994098782539368, 0.5957280993461609, 0.5894741415977478, 0.5844976305961609, 0.5783044099807739, 0.5749831199645996, 0.5637450218200684, 0.5603169798851013, 0.5577275156974792, 0.5497473478317261, 0.5467221736907959, 0.5399690270423889, 0.5376394987106323, 0.5318902730941772, 0.5271936058998108, 0.5254247784614563, 0.5165550708770752, 0.513799250125885, 0.510869026184082, 0.5041146278381348, 0.5017299652099609, 0.494613379240036, 0.4912908971309662, 0.48754575848579407, 0.4869665801525116, 0.4812237620353699, 0.47534650564193726, 0.473050594329834, 0.4683624804019928, 0.46640992164611816, 0.4618746340274811, 0.45674124360084534, 0.45475122332572937, 0.45266416668891907, 0.44749218225479126, 0.4427875876426697, 0.4420185089111328, 0.4373597502708435, 0.4337872564792633, 0.4319387376308441, 0.42939651012420654, 0.42457088828086853, 0.4219527542591095, 0.42044293880462646, 0.41556164622306824, 0.41441547870635986, 0.41036972403526306, 0.4074127674102783, 0.40714582800865173, 0.40471887588500977, 0.4014732539653778, 0.39495328068733215, 0.39430302381515503, 0.3913988769054413, 0.3928506672382355, 0.38785478472709656, 0.38583463430404663, 0.3818172216415405, 0.38321027159690857, 0.38179290294647217, 0.37864574790000916, 0.3743903934955597, 0.3731124997138977, 0.37368613481521606, 0.37062135338783264, 0.36842280626296997, 0.3662920296192169, 0.3617877960205078, 0.3615033030509949, 0.36226534843444824, 0.35863572359085083, 0.3570050597190857, 0.35446855425834656, 0.3537083864212036, 0.35065901279449463, 0.34800177812576294, 0.3490903079509735, 0.3463928997516632, 0.3441312313079834, 0.3447311222553253, 0.34204983711242676, 0.3406595289707184, 0.34038591384887695, 0.337253212928772, 0.33710476756095886, 0.333644837141037, 0.3322703242301941, 0.331479549407959, 0.3316148519515991, 0.32988280057907104, 0.32930901646614075, 0.3274657726287842, 0.3278200626373291, 0.32490867376327515, 0.3242957293987274, 0.32379600405693054, 0.3183102607727051, 0.320136159658432, 0.3182393014431, 0.3158620297908783, 0.3158532381057739, 0.3153745234012604, 0.3138236701488495, 0.3131740093231201, 0.31120309233665466, 0.3092547357082367, 0.31012246012687683, 0.3077692985534668, 0.3075423836708069, 0.30829891562461853, 0.30413544178009033, 0.3044605255126953, 0.3050786256790161, 0.3035517930984497, 0.30045217275619507, 0.3018468916416168, 0.30018529295921326, 0.29718491435050964, 0.2994813621044159, 0.2985641360282898, 0.29596877098083496, 0.29631370306015015, 0.2952975332736969, 0.2951442003250122, 0.29403477907180786, 0.29182305932044983, 0.2932756543159485, 0.29127153754234314, 0.2897776663303375, 0.289014607667923, 0.2900201082229614, 0.2882848381996155, 0.28855958580970764, 0.28657954931259155, 0.2857481837272644, 0.2864415943622589, 0.2852135896682739, 0.28284958004951477, 0.28325337171554565],