{"n_parameters": 94001, "training_time": 9434.366998672485, "loss": [2.5566158294677734, 2.38491153717041, 2.3201303482055664, 2.254627227783203, 2.17659068107605, 2.0846304893493652, 1.9957969188690186, 1.9234766960144043, 1.857032060623169, 1.8051561117172241, 1.762688159942627, 1.7326756715774536, 1.699708104133606, 1.6769310235977173, 1.6552067995071411, 1.6303514242172241, 1.6084233522415161, 1.5963553190231323, 1.5820226669311523, 1.5589238405227661, 1.5398352146148682, 1.5215790271759033, 1.5058075189590454, 1.4892444610595703, 1.478118658065796, 1.466073989868164, 1.44460129737854, 1.4285743236541748, 1.4200990200042725, 1.400301218032837, 1.3885550498962402, 1.3735483884811401, 1.3581266403198242, 1.353164792060852, 1.333302617073059, 1.3239047527313232, 1.3103773593902588, 1.2978918552398682, 1.2875878810882568, 1.2775524854660034, 1.2667529582977295, 1.2536303997039795, 1.244793176651001, 1.2393858432769775, 1.2249221801757812, 1.214078664779663, 1.2103657722473145, 1.1979466676712036, 1.1852500438690186, 1.1846586465835571, 1.1709097623825073, 1.160090446472168, 1.1538231372833252, 1.1481589078903198, 1.1352543830871582, 1.1294629573822021, 1.1151487827301025, 1.1058096885681152, 1.0967568159103394, 1.0911680459976196, 1.081318974494934, 1.0754070281982422, 1.071696162223816, 1.0564206838607788, 1.0490977764129639, 1.0445139408111572, 1.0370208024978638, 1.0247913599014282, 1.0230540037155151, 1.016331434249878, 1.002629280090332, 0.9934739470481873, 0.9886246919631958, 0.9866063594818115, 0.9762665033340454, 0.9671807885169983, 0.9565168619155884, 0.9532049298286438, 0.9482635259628296, 0.9439457058906555, 0.9234552383422852, 0.9292747974395752, 0.9113655686378479, 0.9090890884399414, 0.9016647934913635, 0.8960379958152771, 0.8885887265205383, 0.8825249075889587, 0.8819319009780884, 0.8695471286773682, 0.8664811849594116, 0.8593759536743164, 0.8476389050483704, 0.8456857800483704, 0.8369572758674622, 0.8339277505874634, 0.8266192078590393, 0.8176848292350769, 0.809417724609375, 0.8133811950683594, 0.8001098036766052, 0.8000550270080566, 0.7957866191864014, 0.7872852087020874, 0.7809224724769592, 0.7790451645851135, 0.7760481238365173, 0.7666060328483582, 0.763884425163269, 0.7589561343193054, 0.7565374970436096, 0.7472079992294312, 0.741895854473114, 0.7403042316436768, 0.7358494400978088, 0.7346243262290955, 0.727111279964447, 0.7221583724021912, 0.7232136130332947, 0.7196959853172302, 0.7191598415374756, 0.7139574289321899, 0.709891676902771, 0.7070415616035461, 0.701271653175354, 0.7018704414367676, 0.6910388469696045, 0.6917096376419067, 0.692141592502594, 0.6856521964073181, 0.6878914833068848, 0.6834952235221863, 0.675741970539093, 0.6772336363792419, 0.6724135279655457, 0.6723791360855103, 0.6714891195297241, 0.6641612648963928, 0.663621187210083, 0.6609951257705688, 0.6576681137084961, 0.6509007215499878, 0.6524370908737183, 0.6492980718612671, 0.645984411239624, 0.64652019739151, 0.6492539644241333, 0.6420912742614746, 0.6364695429801941, 0.6381739377975464, 0.6369355320930481, 0.6294927597045898, 0.6307344436645508, 0.6303723454475403, 0.6291855573654175, 0.6218000650405884, 0.6263784170150757, 0.6186226010322571, 0.6211353540420532, 0.6159995198249817, 0.6166786551475525, 0.6095989346504211, 0.6092400550842285, 0.60843825340271, 0.608529269695282, 0.6044474840164185, 0.5973419547080994, 0.5997679233551025, 0.5990529656410217, 0.596341073513031, 0.5970583558082581, 0.5963605046272278, 0.5927116870880127, 0.589695155620575, 0.5897343754768372, 0.579903781414032, 0.5846534371376038, 0.5827707648277283, 0.5840417742729187, 0.5824769735336304, 0.577435314655304, 0.5760879516601562, 0.574770450592041, 0.5725137591362, 0.5752814412117004, 0.5695109963417053, 0.5696614384651184, 0.5682809948921204, 0.5721381306648254, 0.5680563449859619, 0.5661247968673706, 0.5620335340499878, 0.5581812858581543, 0.5624896883964539, 0.562410831451416, 0.5584372878074646, 0.5582157969474792, 0.5559606552124023, 0.5528779625892639], "rmse": [1.578429102897644, 1.5239602327346802, 1.503340482711792, 1.4814499616622925, 1.455174207687378, 1.4233174324035645, 1.3915963172912598, 1.3673486709594727, 1.3425496816635132, 1.3246346712112427, 1.3090872764587402, 1.297706127166748, 1.2850509881973267, 1.27728271484375, 1.2689560651779175, 1.2593390941619873, 1.251334309577942, 1.2460393905639648, 1.2403005361557007, 1.2319891452789307, 1.224834680557251, 1.216607689857483, 1.210582971572876, 1.2039706707000732, 1.1990195512771606, 1.195347785949707, 1.1858422756195068, 1.1799662113189697, 1.17591392993927, 1.1678872108459473, 1.1628819704055786, 1.1563729047775269, 1.150171160697937, 1.1479120254516602, 1.1391180753707886, 1.1362864971160889, 1.1304422616958618, 1.1245849132537842, 1.1201149225234985, 1.1159145832061768, 1.110949993133545, 1.106382131576538, 1.1011872291564941, 1.0988749265670776, 1.092223048210144, 1.0885648727416992, 1.0858495235443115, 1.0802875757217407, 1.0744054317474365, 1.074282169342041, 1.0680186748504639, 1.0630301237106323, 1.0606131553649902, 1.0585639476776123, 1.0518860816955566, 1.0488008260726929, 1.0430481433868408, 1.0379658937454224, 1.0337598323822021, 1.0309492349624634, 1.026807188987732, 1.0236226320266724, 1.0219507217407227, 1.0146127939224243, 1.0114363431930542, 1.0089157819747925, 1.0050841569900513, 0.9997257590293884, 0.9991307258605957, 0.9958000183105469, 0.9887633919715881, 0.9840195178985596, 0.982506513595581, 0.9806452393531799, 0.9758083820343018, 0.9709989428520203, 0.9654726982116699, 0.964634120464325, 0.9619890451431274, 0.9600041508674622, 0.9492550492286682, 0.9519240260124207, 0.9428827166557312, 0.9418597221374512, 0.9380562901496887, 0.9347843527793884, 0.9312666654586792, 0.9279295802116394, 0.928062379360199, 0.9218591451644897, 0.9193278551101685, 0.9161895513534546, 0.9092269539833069, 0.9082134366035461, 0.9030141830444336, 0.9024397730827332, 0.8979517817497253, 0.8934105634689331, 0.8889984488487244, 0.8910109996795654, 0.8839943408966064, 0.8836245536804199, 0.881350576877594, 0.8769866824150085, 0.8729956746101379, 0.8723194599151611, 0.8709059953689575, 0.8656706809997559, 0.863675594329834, 0.8611270189285278, 0.85965895652771, 0.8543053865432739, 0.8512095212936401, 0.8504945039749146, 0.8474216461181641, 0.8472585082054138, 0.8427530527114868, 0.8398728966712952, 0.8405561447143555, 0.8387181162834167, 0.8379746675491333, 0.8348125219345093, 0.8327560424804688, 0.8311290144920349, 0.8281242251396179, 0.8282697200775146, 0.8216630220413208, 0.8218249082565308, 0.8221725821495056, 0.8181664347648621, 0.8201171159744263, 0.8171438574790955, 0.8127993941307068, 0.8129993081092834, 0.8105279207229614, 0.8101704716682434, 0.8097668886184692, 0.8052826523780823, 0.8046113848686218, 0.8037198781967163, 0.8017139434814453, 0.7973498702049255, 0.7983207106590271, 0.7961632609367371, 0.7942562699317932, 0.7947053909301758, 0.7966130971908569, 0.7920312285423279, 0.7888299822807312, 0.7894476652145386, 0.788512647151947, 0.7840230464935303, 0.7848414182662964, 0.7847146391868591, 0.7839740514755249, 0.7789724469184875, 0.7822374105453491, 0.7777113914489746, 0.7786273956298828, 0.7752847075462341, 0.7760950922966003, 0.7716827392578125, 0.771432101726532, 0.7711108326911926, 0.7707072496414185, 0.7683106660842896, 0.7637901902198792, 0.7652522921562195, 0.76506507396698, 0.7633280158042908, 0.7636505365371704, 0.7632094621658325, 0.7607786059379578, 0.7590160369873047, 0.7588851451873779, 0.7526293992996216, 0.7555747032165527, 0.7544331550598145, 0.7549824118614197, 0.7543295621871948, 0.7510293126106262, 0.7504023909568787, 0.7490997910499573, 0.7476629018783569, 0.7493018507957458, 0.7458767890930176, 0.7458136081695557, 0.7449978590011597, 0.74727863073349, 0.7451189756393433, 0.7438080906867981, 0.7409887909889221, 0.7384184002876282, 0.7412021160125732, 0.7412266135215759, 0.7383769154548645, 0.738275945186615, 0.7369987964630127, 0.7349357604980469],