{"n_parameters": 180433, "training_time": 10141.056930541992, "loss": [2.9181206226348877, 2.4198060035705566, 2.312601327896118, 2.182305097579956, 2.048001527786255, 1.9284650087356567, 1.822760820388794, 1.7305740118026733, 1.6537798643112183, 1.5931404829025269, 1.5392054319381714, 1.495991587638855, 1.455730676651001, 1.425134301185608, 1.3958017826080322, 1.3725204467773438, 1.3458577394485474, 1.3229563236236572, 1.3039462566375732, 1.2792245149612427, 1.2636765241622925, 1.2450662851333618, 1.2236734628677368, 1.2026903629302979, 1.187149167060852, 1.1692668199539185, 1.156385064125061, 1.1389201879501343, 1.12226402759552, 1.1074419021606445, 1.091871976852417, 1.0785799026489258, 1.0646916627883911, 1.0491620302200317, 1.0400420427322388, 1.030155062675476, 1.0147665739059448, 1.0022112131118774, 0.991158664226532, 0.975895881652832, 0.9664555788040161, 0.9531633257865906, 0.9416646957397461, 0.9283739924430847, 0.9192060828208923, 0.9058786034584045, 0.8961307406425476, 0.8829740285873413, 0.8733199238777161, 0.8603547811508179, 0.8501617312431335, 0.8362639546394348, 0.8228999376296997, 0.8177794814109802, 0.8036794066429138, 0.7909104824066162, 0.7811340689659119, 0.7681148052215576, 0.757922351360321, 0.7467953562736511, 0.737313449382782, 0.7247990965843201, 0.7181681394577026, 0.7050753831863403, 0.6948437094688416, 0.6823952198028564, 0.6763538718223572, 0.66368567943573, 0.6589539051055908, 0.6478716731071472, 0.638203501701355, 0.6285431981086731, 0.6240262985229492, 0.6125884652137756, 0.6039705872535706, 0.5989767909049988, 0.5917418003082275, 0.5827791094779968, 0.5759658813476562, 0.5685549974441528, 0.563819944858551, 0.5551480650901794, 0.5499845147132874, 0.5447251200675964, 0.538676381111145, 0.5331580638885498, 0.5295610427856445, 0.5256848335266113, 0.5207481980323792, 0.5145083069801331, 0.5112013816833496, 0.5074098706245422, 0.502475917339325, 0.4981481730937958, 0.4926993250846863, 0.48807698488235474, 0.4865534007549286, 0.4823533296585083, 0.47892341017723083, 0.4740396738052368, 0.46920648217201233, 0.4669727385044098, 0.46553564071655273, 0.4623640775680542, 0.4565415680408478, 0.45358970761299133, 0.45460572838783264, 0.4502006769180298, 0.4458615779876709, 0.4435633718967438, 0.4406266510486603, 0.4391845464706421, 0.4399869740009308, 0.4335094094276428, 0.4319072365760803, 0.4313206374645233, 0.4244292676448822, 0.42411336302757263, 0.42318397760391235, 0.4209408462047577, 0.4213060438632965, 0.41641366481781006, 0.4140204191207886, 0.41059890389442444, 0.4086361527442932, 0.4063066244125366, 0.4060966372489929, 0.40476492047309875, 0.4002027213573456, 0.4012795388698578, 0.39778581261634827, 0.3985135555267334, 0.39456474781036377, 0.39316242933273315, 0.39039790630340576, 0.38934841752052307, 0.38957297801971436, 0.38526371121406555, 0.3819800019264221, 0.3823859393596649, 0.3814702332019806, 0.3793984055519104, 0.3776547312736511, 0.37621259689331055, 0.37480103969573975, 0.37235504388809204, 0.37189117074012756, 0.3715550899505615, 0.369075745344162, 0.3680441081523895, 0.3645407259464264, 0.3644048273563385, 0.36425352096557617, 0.35963132977485657, 0.3591507077217102, 0.35991787910461426, 0.35824236273765564, 0.35850071907043457, 0.35910502076148987, 0.3548300862312317, 0.35670140385627747, 0.3518736660480499, 0.3521367907524109, 0.35037511587142944, 0.3483838438987732, 0.34879347681999207, 0.34630221128463745, 0.3451765775680542, 0.34423208236694336, 0.344999223947525], "rmse": [1.6810951232910156, 1.5355831384658813, 1.499951720237732, 1.456888198852539, 1.4100288152694702, 1.3689440488815308, 1.3307881355285645, 1.2969355583190918, 1.2668802738189697, 1.2450146675109863, 1.223663568496704, 1.206658959388733, 1.1902121305465698, 1.1784008741378784, 1.1666182279586792, 1.1561915874481201, 1.144836187362671, 1.1353379487991333, 1.126981496810913, 1.116727590560913, 1.1101421117782593, 1.1020324230194092, 1.0927703380584717, 1.0829914808273315, 1.0764442682266235, 1.0683268308639526, 1.061722755432129, 1.054287075996399, 1.0468734502792358, 1.038742184638977, 1.0319533348083496, 1.0260201692581177, 1.0193043947219849, 1.011629581451416, 1.0077812671661377, 1.0025017261505127, 0.9952579140663147, 0.9890779256820679, 0.9836231470108032, 0.9760906100273132, 0.9711389541625977, 0.9644103050231934, 0.9581137299537659, 0.9525550007820129, 0.9471477270126343, 0.9409427046775818, 0.9356568455696106, 0.9287141561508179, 0.9240538477897644, 0.917021632194519, 0.9113768339157104, 0.9038580060005188, 0.8971806764602661, 0.8941850662231445, 0.8863535523414612, 0.8799843192100525, 0.8735775947570801, 0.8661963939666748, 0.8610349297523499, 0.8546406030654907, 0.8491742014884949, 0.8418666124343872, 0.8374878764152527, 0.8306652903556824, 0.8247545957565308, 0.8169045448303223, 0.8130831122398376, 0.8059607744216919, 0.8029163479804993, 0.7960352301597595, 0.7904989123344421, 0.7842103242874146, 0.780661940574646, 0.7744954824447632, 0.7689404487609863, 0.7657681703567505, 0.7610856890678406, 0.7548571228981018, 0.7506417632102966, 0.7459116578102112, 0.7428938746452332, 0.7371302843093872, 0.7334718108177185, 0.7304819822311401, 0.7261008620262146, 0.722138524055481, 0.7201751470565796, 0.7173598408699036, 0.7140601277351379, 0.7096005082130432, 0.7072701454162598, 0.7047348618507385, 0.7013417482376099, 0.6978493928909302, 0.6945279836654663, 0.6913483142852783, 0.6902069449424744, 0.6871265172958374, 0.6845055222511292, 0.681024432182312, 0.6777247786521912, 0.676093578338623, 0.6748098134994507, 0.6725499033927917, 0.6684209704399109, 0.6665211915969849, 0.6673405766487122, 0.6640388369560242, 0.6608492136001587, 0.6590868234634399, 0.6566800475120544, 0.6558037400245667, 0.6560067534446716, 0.6510940194129944, 0.6504994630813599, 0.6496577858924866, 0.6443012356758118, 0.6442316770553589, 0.643494188785553, 0.6416672468185425, 0.6421104669570923, 0.6383418440818787, 0.6363855600357056, 0.6336563229560852, 0.6325422525405884, 0.6306815147399902, 0.6307380199432373, 0.6293028593063354, 0.6256861686706543, 0.6269211173057556, 0.623980700969696, 0.6240804195404053, 0.6220026016235352, 0.6205825209617615, 0.6179479360580444, 0.6175192594528198, 0.6173760294914246, 0.6139549016952515, 0.6116662621498108, 0.611800491809845, 0.6109966039657593, 0.6089126467704773, 0.6080895066261292, 0.6069909930229187, 0.6055842041969299, 0.6039193272590637, 0.6034013628959656, 0.6029601693153381, 0.6007698178291321, 0.6000233888626099, 0.5973552465438843, 0.5969337821006775, 0.5969664454460144, 0.5935429930686951, 0.592817485332489, 0.5935194492340088, 0.5923668742179871, 0.5924108624458313, 0.5926609635353088, 0.5893711447715759, 0.5907773971557617, 0.5868977904319763, 0.5866302251815796, 0.585791826248169, 0.5839853286743164, 0.5844228267669678, 0.5821328163146973, 0.5809899568557739, 0.5801578164100647, 0.5809985995292664],