{"n_parameters": 456129, "training_time": 6389.196936845779, "loss": [3.038397789001465, 2.6510932445526123, 2.5775036811828613, 2.538203716278076, 2.5117292404174805, 2.5024290084838867, 2.4809348583221436, 2.4731554985046387, 2.4643661975860596, 2.457491397857666, 2.4520583152770996, 2.4460525512695312, 2.437575578689575, 2.4286344051361084, 2.423201322555542, 2.4190688133239746, 2.4137983322143555, 2.4053919315338135, 2.394671678543091, 2.392918109893799, 2.386528491973877, 2.3675198554992676, 2.360633373260498, 2.3490450382232666, 2.330425977706909, 2.315631628036499, 2.3035972118377686, 2.2729833126068115, 2.2663824558258057, 2.240708112716675, 2.2234561443328857, 2.1913273334503174, 2.1717686653137207, 2.1469521522521973, 2.123497486114502, 2.1005635261535645, 2.0749130249023438, 2.048140287399292, 2.027547597885132, 1.9975438117980957, 1.983886957168579, 1.9582418203353882, 1.939934492111206, 1.924254059791565, 1.915704607963562, 1.887336254119873, 1.8773412704467773, 1.861616849899292, 1.842312216758728, 1.8346631526947021, 1.8146895170211792, 1.809345006942749, 1.8010139465332031], "rmse": [1.7128348350524902, 1.6073933839797974, 1.584897518157959, 1.5727978944778442, 1.5643526315689087, 1.5620874166488647, 1.555312991142273, 1.5528053045272827, 1.5512809753417969, 1.5474321842193604, 1.5455137491226196, 1.5436408519744873, 1.5409224033355713, 1.5384122133255005, 1.5361816883087158, 1.5351756811141968, 1.5332719087600708, 1.5307364463806152, 1.5272313356399536, 1.527060866355896, 1.5248727798461914, 1.5183347463607788, 1.5161969661712646, 1.5119625329971313, 1.5062004327774048, 1.5016111135482788, 1.499319076538086, 1.4874818325042725, 1.4848116636276245, 1.4772355556488037, 1.4705541133880615, 1.4597370624542236, 1.45255446434021, 1.4451954364776611, 1.436341404914856, 1.4282559156417847, 1.4201165437698364, 1.4108426570892334, 1.4040271043777466, 1.3926379680633545, 1.3886314630508423, 1.3791216611862183, 1.3730734586715698, 1.3681955337524414, 1.3647974729537964, 1.3554548025131226, 1.3513060808181763, 1.3446662425994873, 1.3384408950805664, 1.3349766731262207, 1.3279519081115723, 1.3248876333236694, 1.3237290382385254], "val_loss": [2.537602424621582, 2.484548330307007, 2.4881179332733154, 2.4728171825408936, 2.4747064113616943, 2.487064838409424, 2.4811081886291504, 2.4721696376800537, 2.4728918075561523, 2.456444025039673, 2.461270809173584, 2.4519410133361816, 2.443650007247925, 2.4373176097869873, 2.431074380874634, 2.4216670989990234, 2.398249864578247, 2.36814284324646, 2.3744513988494873, 2.3442020416259766, 2.335874557495117, 2.3190412521362305, 2.3271913528442383, 2.2925639152526855, 2.2714321613311768, 2.2656469345092773, 2.221283197402954, 2.1800127029418945, 2.1336708068847656, 2.105405330657959, 2.029709577560425, 1.9872334003448486, 1.9439024925231934, 1.873685359954834, 1.824023962020874, 1.8011044263839722, 1.784195065498352, 1.7310409545898438, 1.7392675876617432, 1.7303248643875122, 1.6896262168884277, 1.6927666664123535, 1.6649481058120728, 1.6617985963821411, 1.6560730934143066, 1.6403181552886963, 1.6571727991104126, 1.6195330619812012, 1.640007495880127, 1.6397193670272827, 1.6346113681793213, 1.621546745300293, 1.6670268774032593], "val_rmse": [1.568920373916626, 1.5519734621047974, 1.553146481513977, 1.5484110116958618, 1.5490473508834839, 1.5528318881988525, 1.5509268045425415, 1.5480852127075195, 1.5483828783035278, 1.543278694152832, 1.5447312593460083, 1.5419409275054932, 1.5392951965332031, 1.5372917652130127, 1.535369634628296, 1.5323278903961182, 1.5248929262161255, 1.515373706817627, 1.5173426866531372, 1.5078340768814087, 1.5049651861190796, 1.4996041059494019, 1.5021905899047852, 1.4909625053405762, 1.4840543270111084, 1.4820456504821777, 1.4668728113174438, 1.453493356704712, 1.437986135482788, 1.4283543825149536, 1.4026075601577759, 1.3876981735229492, 1.3727929592132568, 1.3479622602462769, 1.330121397972107, 1.3219125270843506, 1.315568447113037, 1.29655921459198, 1.2993696928024292, 1.2960715293884277, 1.281420111656189, 1.282684087753296, 1.272624135017395, 1.2714523077011108, 1.269307017326355, 1.2636642456054688, 1.26978600025177, 1.2561612129211426, 1.2636966705322266, 1.2636750936508179, 1.261917233467102, 1.2572357654571533, 1.273857593536377]}