{"n_parameters": 475521, "training_time": 709.4612648487091, "loss": [3.0827622413635254, 2.81294846534729, 2.7158563137054443, 2.6370935440063477, 2.583683490753174, 2.5318424701690674], "rmse": [1.735722303390503, 1.6571537256240845, 1.6287355422973633, 1.603556752204895, 1.586919903755188, 1.5715068578720093], "val_loss": [2.440800666809082, 2.4811112880706787, 2.4758081436157227, 2.49540638923645, 2.4901657104492188, 2.4634876251220703], "val_rmse": [1.537958025932312, 1.5509006977081299, 1.5490511655807495, 1.5547364950180054, 1.5530811548233032, 1.544581651687622]}