{"n_parameters": 291377, "training_time": 9298.934204339981, "loss": [2.6610727310180664, 2.3289880752563477, 2.2136497497558594, 2.076159715652466, 1.916778326034546, 1.7827579975128174, 1.6884303092956543, 1.6172994375228882, 1.5634387731552124, 1.5253405570983887, 1.4926457405090332, 1.4621996879577637, 1.4342174530029297, 1.410465955734253, 1.3827606439590454, 1.3559613227844238, 1.3370507955551147, 1.3110599517822266, 1.289954662322998, 1.2713310718536377, 1.249986171722412, 1.2284778356552124, 1.2108571529388428, 1.1904252767562866, 1.168896198272705, 1.1497740745544434, 1.132448434829712, 1.1156564950942993, 1.1008801460266113, 1.082648754119873, 1.0680904388427734, 1.0578933954238892, 1.0392792224884033, 1.0251566171646118, 1.0104751586914062, 0.9979538321495056, 0.9852220416069031, 0.9704611897468567, 0.957648515701294, 0.9458662867546082, 0.9309604167938232, 0.9170995354652405, 0.9050788879394531, 0.8927582502365112, 0.874993085861206, 0.8685795068740845, 0.8561594486236572, 0.8424246311187744, 0.8274745941162109, 0.8161197900772095, 0.8048647046089172, 0.792153537273407, 0.7787014245986938, 0.7691085338592529, 0.7588778734207153, 0.7447935938835144, 0.734626054763794, 0.7246526479721069, 0.7125788331031799, 0.7046213746070862, 0.6933301091194153, 0.6812567114830017, 0.6733592748641968, 0.6657543778419495, 0.6547370553016663, 0.643714427947998, 0.633581817150116, 0.6257097721099854, 0.6154234409332275, 0.6085225343704224, 0.5997446179389954, 0.5936876535415649, 0.5880035758018494, 0.5787487626075745, 0.572951078414917, 0.568304181098938, 0.5594162940979004, 0.5517030954360962, 0.5491798520088196, 0.543449878692627, 0.5360302329063416, 0.5294317007064819, 0.5289861559867859, 0.5207703113555908, 0.5123039484024048, 0.5117424130439758, 0.5066001415252686, 0.5020498037338257, 0.49846410751342773, 0.4933829605579376, 0.48941659927368164, 0.4860469102859497, 0.47908109426498413, 0.47888389229774475, 0.4741572439670563, 0.4705640375614166, 0.46764007210731506, 0.4623141288757324, 0.4616773724555969, 0.45867159962654114, 0.4569924771785736, 0.4535723328590393, 0.4478669762611389, 0.44349992275238037, 0.4433552324771881, 0.4429362118244171, 0.4406808018684387, 0.43707871437072754, 0.43285977840423584, 0.43082138895988464, 0.42957639694213867, 0.42734238505363464, 0.42382293939590454, 0.42339399456977844, 0.41963937878608704, 0.4169917702674866, 0.41579505801200867], "rmse": [1.6062157154083252, 1.5067529678344727, 1.4667478799819946, 1.420759916305542, 1.3645408153533936, 1.3164238929748535, 1.2795064449310303, 1.2532262802124023, 1.2326902151107788, 1.2188795804977417, 1.2059623003005981, 1.1935077905654907, 1.1826527118682861, 1.1724385023117065, 1.161325454711914, 1.1496025323867798, 1.1424329280853271, 1.1303393840789795, 1.1215016841888428, 1.1133737564086914, 1.1039683818817139, 1.0942986011505127, 1.0870838165283203, 1.07758367061615, 1.0678683519363403, 1.0591998100280762, 1.0506097078323364, 1.0432953834533691, 1.0361968278884888, 1.0277713537216187, 1.021061897277832, 1.015633225440979, 1.0068740844726562, 0.9995653033256531, 0.992596447467804, 0.9860163331031799, 0.98014235496521, 0.972800612449646, 0.9668935537338257, 0.9605268836021423, 0.9523826837539673, 0.9454392790794373, 0.9393119215965271, 0.9332497119903564, 0.9236595630645752, 0.9200153350830078, 0.9138005375862122, 0.906092643737793, 0.8984031677246094, 0.8921821117401123, 0.8857149481773376, 0.8789928555488586, 0.8706898093223572, 0.8660818934440613, 0.8602196574211121, 0.851779580116272, 0.8464627265930176, 0.8405911922454834, 0.8329548835754395, 0.8293168544769287, 0.8222651481628418, 0.8151348233222961, 0.810257077217102, 0.8060900568962097, 0.7993379235267639, 0.792490541934967, 0.7862212657928467, 0.7817646265029907, 0.7751016020774841, 0.7709062099456787, 0.7654630541801453, 0.7615746259689331, 0.7573680877685547, 0.7516388893127441, 0.7479607462882996, 0.7447968125343323, 0.7394794821739197, 0.7339814901351929, 0.7324234247207642, 0.7287851572036743, 0.7237849235534668, 0.7194456458091736, 0.719194233417511, 0.7132543921470642, 0.707796573638916, 0.7071086764335632, 0.7037971019744873, 0.7006779313087463, 0.697767972946167, 0.694344699382782, 0.6911167502403259, 0.6890378594398499, 0.6845190525054932, 0.6841530203819275, 0.681079089641571, 0.6781705617904663, 0.6762208342552185, 0.672275960445404, 0.6719070672988892, 0.6696271896362305, 0.6686150431632996, 0.6658062934875488, 0.6617862582206726, 0.6587011218070984, 0.6583099365234375, 0.6579927802085876, 0.656446099281311, 0.6534622311592102, 0.6507017016410828, 0.6490696668624878, 0.6479563117027283, 0.6464756727218628, 0.6437316536903381, 0.6433871388435364, 0.6409775614738464, 0.6384676694869995, 0.637965977191925], "val_loss": [2.3936829566955566, 2.2579727172851562, 2.125190496444702, 1.9701708555221558, 1.8146252632141113, 1.7105224132537842, 1.6399224996566772, 1.5911575555801392, 1.5499000549316406, 1.5142478942871094, 1.474043607711792, 1.4412784576416016, 1.4092206954956055, 1.3806240558624268, 1.3499850034713745, 1.3237440586090088, 1.2991795539855957, 1.2730683088302612, 1.251197099685669, 1.2254284620285034, 1.2047908306121826, 1.1860318183898926, 1.1631057262420654, 1.136723279953003, 1.1124323606491089, 1.096789836883545, 1.0867396593093872, 1.0644606351852417, 1.0477557182312012, 1.0399518013000488, 1.0161956548690796, 1.0032837390899658, 0.9829168915748596, 0.9694435000419617, 0.9592063426971436, 0.9501306414604187, 0.9274101257324219, 0.9118473529815674, 0.9006779789924622, 0.8836061358451843, 0.8724985718727112, 0.864898681640625, 0.8415942192077637, 0.8329907059669495, 0.8241459131240845, 0.801555871963501, 0.7935101985931396, 0.7758426666259766, 0.7596229314804077, 0.7455432415008545, 0.7376584410667419, 0.7250238656997681, 0.7174410820007324, 0.7012532353401184, 0.6829074025154114, 0.6737426519393921, 0.6646658182144165, 0.6560677289962769, 0.6499350070953369, 0.6288977861404419, 0.6219987273216248, 0.6193827986717224, 0.6037697196006775, 0.6020324230194092, 0.5825476050376892, 0.5656599402427673, 0.5530160665512085, 0.5493950843811035, 0.5339780449867249, 0.5393840074539185, 0.531310498714447, 0.5158620476722717, 0.5089966654777527, 0.5044876933097839, 0.49408257007598877, 0.48907381296157837, 0.48215675354003906, 0.4785568118095398, 0.47145968675613403, 0.46787306666374207, 0.4674454629421234, 0.45728644728660583, 0.4471113979816437, 0.44998323917388916, 0.4344189763069153, 0.44251129031181335, 0.42962825298309326, 0.4223896861076355, 0.41944360733032227, 0.4183892607688904, 0.4135155975818634, 0.4086098372936249, 0.4060172438621521, 0.3975209593772888, 0.39476656913757324, 0.390566349029541, 0.38911503553390503, 0.38352009654045105, 0.38292357325553894, 0.3765735328197479, 0.3810249865055084, 0.38017958402633667, 0.36877983808517456, 0.3669712245464325, 0.36213964223861694, 0.36693233251571655, 0.37438493967056274, 0.36152175068855286, 0.364027202129364, 0.36105379462242126, 0.35368070006370544, 0.34626156091690063, 0.3507879972457886, 0.35331347584724426, 0.35258492827415466, 0.3514724373817444, 0.34913933277130127],