{"n_parameters": 287169, "training_time": 16054.904735803604, "loss": [2.4492411613464355, 2.3210396766662598, 2.230867385864258, 2.1331610679626465, 2.0271637439727783, 1.9131646156311035, 1.8015018701553345, 1.692757248878479, 1.6010898351669312, 1.5163171291351318, 1.4518225193023682, 1.3922295570373535, 1.3482065200805664, 1.3108725547790527, 1.2692933082580566, 1.2418620586395264, 1.2173898220062256, 1.1912752389907837, 1.1744704246520996, 1.15272855758667, 1.1358028650283813, 1.1206516027450562, 1.108912706375122, 1.0957961082458496, 1.0794638395309448, 1.0700322389602661, 1.0573337078094482, 1.0478992462158203, 1.035836100578308, 1.027042031288147, 1.0171458721160889, 1.006691336631775, 0.9940595626831055, 0.9869856834411621, 0.9786941409111023, 0.9681684970855713, 0.9594807624816895, 0.9486598968505859, 0.94170081615448, 0.9318503737449646, 0.9236332178115845, 0.9153271317481995, 0.9051931500434875, 0.8984319567680359, 0.8874907493591309, 0.8796131610870361, 0.8688533902168274, 0.860190212726593, 0.8528350591659546, 0.8434537053108215, 0.8367519378662109, 0.827428936958313, 0.8197750449180603, 0.8135819435119629, 0.804309070110321, 0.7967084646224976, 0.7858954071998596, 0.7828900218009949, 0.7731640934944153, 0.7665075659751892, 0.7590355277061462, 0.7491527199745178, 0.7415302991867065, 0.7372919321060181, 0.7324599623680115, 0.7259873747825623, 0.7153474688529968, 0.7090048789978027, 0.7024423480033875, 0.6946558952331543, 0.6889735460281372, 0.6824884414672852, 0.6747469902038574, 0.6706293225288391, 0.6599729061126709, 0.6562243103981018, 0.6485016345977783, 0.6376055479049683, 0.6344680786132812, 0.6273033022880554, 0.6178116798400879, 0.6140821576118469, 0.6092250943183899, 0.5999500155448914, 0.5932321548461914, 0.5868064165115356, 0.5781988501548767, 0.571312665939331, 0.5635170340538025, 0.5582307577133179, 0.5497273802757263, 0.5463897585868835, 0.537859320640564, 0.5303724408149719, 0.5272289514541626, 0.5173556804656982, 0.5112200379371643, 0.504393994808197, 0.49989819526672363, 0.49547097086906433, 0.48636698722839355, 0.4801596999168396, 0.4761996269226074, 0.47094404697418213, 0.4661868214607239, 0.45934221148490906, 0.4557010531425476, 0.45151904225349426, 0.44547516107559204, 0.44280707836151123, 0.4338810443878174, 0.43185144662857056, 0.42777660489082336, 0.42520856857299805, 0.41972509026527405, 0.41796302795410156, 0.41345494985580444, 0.4086019694805145, 0.4072709083557129, 0.4062056541442871, 0.40403324365615845, 0.39826351404190063, 0.39322859048843384, 0.39116406440734863, 0.3910253643989563, 0.38599246740341187, 0.3847596049308777, 0.38164106011390686, 0.38086435198783875, 0.3783019483089447, 0.376514732837677, 0.3741855323314667, 0.37121349573135376, 0.3676546812057495, 0.3676251173019409, 0.36330336332321167, 0.36566978693008423, 0.36257097125053406, 0.36016497015953064, 0.35754886269569397, 0.3568468689918518, 0.3543552756309509, 0.35314232110977173, 0.34869006276130676, 0.3490288257598877, 0.3473506569862366, 0.343813419342041, 0.34165167808532715, 0.3421177864074707, 0.33980992436408997, 0.34099528193473816, 0.3373022675514221, 0.337078332901001, 0.33505499362945557, 0.3337838351726532, 0.3328808546066284, 0.33111464977264404, 0.3303675949573517, 0.32921236753463745, 0.3271963596343994, 0.32546690106391907, 0.3232004642486572, 0.3226311206817627, 0.32121574878692627, 0.3215104043483734, 0.3213635981082916, 0.31841757893562317, 0.317088782787323, 0.3176112771034241, 0.3129647970199585, 0.31173357367515564, 0.3115308880805969, 0.3101530373096466, 0.30989426374435425, 0.3100659251213074, 0.3072022497653961, 0.3063206672668457, 0.30754438042640686, 0.3052983582019806, 0.30412256717681885, 0.30380186438560486, 0.3041470944881439, 0.3037591278553009, 0.2991926968097687, 0.29875627160072327, 0.29878973960876465, 0.2986272871494293, 0.2959492802619934, 0.29733678698539734, 0.294647216796875, 0.29294338822364807, 0.2920036017894745], "rmse": [1.5435922145843506, 1.5020347833633423, 1.4726449251174927, 1.4386227130889893, 1.403003454208374, 1.362433671951294, 1.3223739862442017, 1.2804679870605469, 1.2461344003677368, 1.2133492231369019, 1.1873610019683838, 1.1639857292175293, 1.1445643901824951, 1.1295156478881836, 1.111510992050171, 1.1000988483428955, 1.0890306234359741, 1.076852798461914, 1.070425033569336, 1.0605136156082153, 1.0529953241348267, 1.0457459688186646, 1.0408334732055664, 1.0347144603729248, 1.0277937650680542, 1.0230087041854858, 1.016803503036499, 1.012267827987671, 1.0064821243286133, 1.0025899410247803, 0.9971100091934204, 0.9921723008155823, 0.9859116077423096, 0.982562243938446, 0.9790145754814148, 0.9731729030609131, 0.9691709280014038, 0.9638098478317261, 0.9603034853935242, 0.9554703831672668, 0.9510708451271057, 0.9477103352546692, 0.9418736100196838, 0.938132643699646, 0.9325615167617798, 0.9283298254013062, 0.9227583408355713, 0.9180236458778381, 0.9148623943328857, 0.9093273878097534, 0.9058037996292114, 0.9005193114280701, 0.8967050909996033, 0.8936639428138733, 0.8880229592323303, 0.8838522434234619, 0.8779575228691101, 0.876137375831604, 0.8710317015647888, 0.8670440912246704, 0.863020122051239, 0.8570812940597534, 0.8527374267578125, 0.8504897356033325, 0.8479763269424438, 0.8441017866134644, 0.8377971649169922, 0.8344253897666931, 0.8302929997444153, 0.8254658579826355, 0.8221592307090759, 0.8183619976043701, 0.8139217495918274, 0.8113089203834534, 0.8046925067901611, 0.8026883602142334, 0.7977524995803833, 0.7912488579750061, 0.7889828085899353, 0.7847753167152405, 0.7788946032524109, 0.7766010165214539, 0.7733203768730164, 0.7677102088928223, 0.763205885887146, 0.7590210437774658, 0.7532569169998169, 0.7488785982131958, 0.7436926960945129, 0.7401723265647888, 0.7347677946090698, 0.732294499874115, 0.7264636158943176, 0.7214008569717407, 0.7194647789001465, 0.7128104567527771, 0.708578884601593, 0.7032809257507324, 0.7002988457679749, 0.6973559856414795, 0.690920352935791, 0.6866804361343384, 0.6838261485099792, 0.6796843409538269, 0.6762089729309082, 0.6714926362037659, 0.6688023805618286, 0.6654462218284607, 0.6611910462379456, 0.6592483520507812, 0.6523029208183289, 0.650963306427002, 0.6481435298919678, 0.6457211971282959, 0.6417074203491211, 0.6401183605194092, 0.6370177865028381, 0.6330515742301941, 0.6320128440856934, 0.6308326125144958, 0.6293929815292358, 0.62517249584198, 0.6208295822143555, 0.6194953918457031, 0.619222104549408, 0.6152211427688599, 0.6141275763511658, 0.6119175553321838, 0.6112195253372192, 0.6088561415672302, 0.6075825095176697, 0.605522096157074, 0.603493869304657, 0.6003113985061646, 0.6002521514892578, 0.5967844724655151, 0.5984481573104858, 0.596238374710083, 0.5942514538764954, 0.5921422243118286, 0.5913230180740356, 0.5892618894577026, 0.5881329774856567, 0.5844764113426208, 0.5849297642707825, 0.5832595229148865, 0.5803122520446777, 0.5786210298538208, 0.5791236162185669, 0.5770211219787598, 0.5778456926345825, 0.5745683312416077, 0.5747263431549072, 0.5730177760124207, 0.571961522102356, 0.5709060430526733, 0.5695399641990662, 0.5690481066703796, 0.5678515434265137, 0.5661237239837646, 0.5646631121635437, 0.5625190138816833, 0.5624382495880127, 0.5608291029930115, 0.561004102230072, 0.5609051585197449, 0.5585140585899353, 0.5570409297943115, 0.5574358701705933, 0.5536816716194153, 0.552574872970581, 0.5521191954612732, 0.5513423085212708, 0.5509728789329529, 0.5511769652366638, 0.5486217737197876, 0.547755241394043, 0.5487886667251587, 0.546728253364563, 0.5459774732589722, 0.5453290939331055, 0.5455438494682312, 0.5454892516136169, 0.5412653684616089, 0.5406520366668701, 0.5406397581100464, 0.5404485464096069, 0.537909984588623, 0.5395488739013672, 0.5370890498161316, 0.5353442430496216, 0.5343043804168701],