{"n_parameters": 118961, "training_time": 3503.450142621994, "loss": [2.709446907043457, 2.538933277130127, 2.5008223056793213, 2.472425937652588, 2.4485511779785156, 2.4312593936920166, 2.417349338531494, 2.402316093444824, 2.393228530883789, 2.3867545127868652, 2.367751359939575, 2.355964183807373, 2.3474814891815186, 2.334519386291504, 2.323180913925171, 2.313339948654175, 2.290489673614502, 2.273775815963745, 2.259244918823242, 2.241105556488037, 2.222254753112793, 2.20534348487854, 2.1784050464630127, 2.1502015590667725, 2.127612352371216, 2.0981597900390625, 2.075167655944824, 2.0396618843078613, 2.0085997581481934, 1.9778605699539185, 1.9461181163787842, 1.91278076171875, 1.883021593093872, 1.8530081510543823, 1.820042610168457, 1.7993690967559814, 1.777140498161316, 1.7596713304519653, 1.7357957363128662, 1.719582200050354, 1.704609990119934, 1.692641019821167, 1.6797858476638794, 1.6653883457183838, 1.6553641557693481, 1.64309823513031, 1.6444056034088135, 1.6340056657791138, 1.6287909746170044, 1.6195682287216187, 1.616910696029663, 1.6061898469924927, 1.5979785919189453, 1.5972882509231567, 1.5846973657608032, 1.5805476903915405, 1.5803468227386475, 1.5716062784194946, 1.5714236497879028, 1.5594215393066406], "rmse": [1.6229174137115479, 1.571345329284668, 1.5603060722351074, 1.5510133504867554, 1.5441046953201294, 1.5386730432510376, 1.534335732460022, 1.5301382541656494, 1.5263763666152954, 1.524987816810608, 1.5181243419647217, 1.514068603515625, 1.5120840072631836, 1.5081454515457153, 1.5041844844818115, 1.5001846551895142, 1.4935426712036133, 1.4870182275772095, 1.4822529554367065, 1.4757534265518188, 1.4701228141784668, 1.4645355939865112, 1.4555869102478027, 1.4465867280960083, 1.4382621049880981, 1.4285292625427246, 1.4193291664123535, 1.4072682857513428, 1.3981525897979736, 1.3868391513824463, 1.37490713596344, 1.363275170326233, 1.3518683910369873, 1.3407280445098877, 1.3290801048278809, 1.3218036890029907, 1.3137317895889282, 1.306931972503662, 1.2996317148208618, 1.2923449277877808, 1.2868341207504272, 1.282959222793579, 1.2783246040344238, 1.2732170820236206, 1.2690234184265137, 1.2642576694488525, 1.2642489671707153, 1.2601593732833862, 1.2592120170593262, 1.254698395729065, 1.2540706396102905, 1.2492300271987915, 1.2462531328201294, 1.2466994524002075, 1.241515874862671, 1.239823579788208, 1.2399462461471558, 1.2362189292907715, 1.23704993724823, 1.231999397277832], "val_loss": [2.555321216583252, 2.523970603942871, 2.4930148124694824, 2.4663949012756348, 2.4728806018829346, 2.455251932144165, 2.4368560314178467, 2.4271657466888428, 2.4209558963775635, 2.4157238006591797, 2.408646583557129, 2.388807535171509, 2.3710036277770996, 2.364276647567749, 2.3685379028320312, 2.333665609359741, 2.3316643238067627, 2.306394100189209, 2.2797048091888428, 2.2709436416625977, 2.252589702606201, 2.2025387287139893, 2.210570812225342, 2.161674976348877, 2.140928030014038, 2.1037724018096924, 2.1065759658813477, 2.0583364963531494, 2.0232717990875244, 2.0075576305389404, 1.961285948753357, 1.9341932535171509, 1.8977662324905396, 1.889041781425476, 1.8687084913253784, 1.8322378396987915, 1.8267788887023926, 1.7923839092254639, 1.8013296127319336, 1.7538506984710693, 1.772552728652954, 1.75929594039917, 1.740717887878418, 1.7380086183547974, 1.740260362625122, 1.7262290716171265, 1.695601224899292, 1.7258503437042236, 1.7088147401809692, 1.6845403909683228, 1.7154661417007446, 1.6843982934951782, 1.6848057508468628, 1.717726230621338, 1.673991322517395, 1.7087454795837402, 1.6753478050231934, 1.6742483377456665, 1.6989591121673584, 1.674207329750061], "val_rmse": [1.574076771736145, 1.5642331838607788, 1.5545680522918701, 1.5462313890457153, 1.548237681388855, 1.5426979064941406, 1.5369303226470947, 1.5338948965072632, 1.5319617986679077, 1.5303449630737305, 1.5280855894088745, 1.521809458732605, 1.5161316394805908, 1.513977289199829, 1.515332818031311, 1.5041661262512207, 1.5035004615783691, 1.4951456785202026, 1.4864439964294434, 1.4835883378982544, 1.4774831533432007, 1.4608330726623535, 1.4636613130569458, 1.4471375942230225, 1.4402559995651245, 1.427477478981018, 1.4287766218185425, 1.4123138189315796, 1.4002896547317505, 1.3954862356185913, 1.379417061805725, 1.369868278503418, 1.3570936918258667, 1.3544944524765015, 1.3474310636520386, 1.3344011306762695, 1.3327537775039673, 1.3201024532318115, 1.324042797088623, 1.3062697649002075, 1.3135713338851929, 1.3087552785873413, 1.3019260168075562, 1.3009734153747559, 1.3019871711730957, 1.2964732646942139, 1.2849348783493042, 1.2962130308151245, 1.2899372577667236, 1.2806692123413086, 1.2925809621810913, 1.2805366516113281, 1.2809665203094482, 1.2933909893035889, 1.2767194509506226, 1.2899397611618042, 1.2772889137268066, 1.2767701148986816, 1.2862039804458618, 1.2768831253051758]}