{"n_parameters": 229505, "training_time": 12071.474229812622, "loss": [2.45847749710083, 2.32790470123291, 2.19687557220459, 2.0775699615478516, 1.9447063207626343, 1.8101024627685547, 1.676133394241333, 1.5489681959152222, 1.4350130558013916, 1.3422632217407227, 1.270702838897705, 1.2131634950637817, 1.1722843647003174, 1.1331710815429688, 1.1041560173034668, 1.0821826457977295, 1.067288875579834, 1.0464212894439697, 1.0295754671096802, 1.013433575630188, 0.9990007877349854, 0.9810800552368164, 0.9699001908302307, 0.9592159390449524, 0.947566032409668, 0.9307189583778381, 0.9194499850273132, 0.9051491618156433, 0.8947128057479858, 0.8820204734802246, 0.8693246245384216, 0.8560566902160645, 0.8474581837654114, 0.835902750492096, 0.8252162337303162, 0.8070518970489502, 0.7949308156967163, 0.7825903296470642, 0.770359218120575, 0.7575340270996094, 0.7523788809776306, 0.7390906810760498, 0.7273684144020081, 0.713816225528717, 0.7029291987419128, 0.6912767887115479, 0.680060088634491, 0.6708924770355225, 0.6577742695808411, 0.6480812430381775, 0.6369457244873047, 0.6300839185714722, 0.6185327768325806, 0.610895574092865, 0.6004042625427246, 0.5875989198684692, 0.576636791229248, 0.5696185827255249, 0.5592567324638367, 0.5512223243713379, 0.5428095459938049, 0.5330245494842529, 0.5235604643821716, 0.5185465812683105, 0.5127583146095276, 0.5036900639533997, 0.4956004321575165, 0.4895498752593994, 0.47861117124557495, 0.47270187735557556, 0.46690014004707336, 0.4583006501197815, 0.45458152890205383, 0.44684651494026184, 0.4429924190044403, 0.43476903438568115, 0.42832186818122864, 0.4238227903842926, 0.41527196764945984, 0.41349175572395325, 0.40801921486854553, 0.40435343980789185, 0.39877259731292725, 0.397331565618515, 0.38969945907592773, 0.38972172141075134, 0.3834631145000458, 0.3765341639518738, 0.37476879358291626, 0.37199610471725464, 0.3691617250442505, 0.36493226885795593, 0.362764447927475, 0.36267781257629395, 0.3558003008365631, 0.3529350459575653, 0.35096415877342224, 0.3478991389274597, 0.34419286251068115, 0.34200945496559143, 0.3408649265766144, 0.3375413119792938, 0.336454302072525, 0.33257025480270386, 0.33186307549476624, 0.3304823637008667, 0.3285456895828247, 0.32359862327575684, 0.3235367238521576, 0.32404854893684387, 0.32059457898139954, 0.31689906120300293, 0.3176148533821106, 0.31571462750434875, 0.31438446044921875, 0.31157493591308594, 0.3105117380619049, 0.31000685691833496, 0.305755078792572, 0.3062180280685425, 0.30484744906425476, 0.30222848057746887, 0.30266517400741577, 0.30011337995529175, 0.29630255699157715, 0.29603129625320435, 0.295672744512558, 0.29412975907325745, 0.2949681282043457, 0.2933552861213684, 0.29095786809921265, 0.2909356951713562, 0.2901531755924225, 0.2874395251274109, 0.28664129972457886, 0.2860301733016968, 0.28285515308380127, 0.28473562002182007, 0.2827776372432709, 0.28281909227371216, 0.2800227701663971, 0.2802676260471344, 0.27954649925231934, 0.2784212827682495, 0.2772837281227112, 0.27649056911468506, 0.2772229015827179, 0.2733800411224365, 0.27265238761901855, 0.2730407118797302, 0.27166566252708435, 0.27199819684028625, 0.27118512988090515, 0.26900145411491394, 0.26841187477111816, 0.26782694458961487, 0.26783329248428345, 0.26485931873321533, 0.26412174105644226, 0.2661915123462677, 0.2626480460166931, 0.26280900835990906, 0.26198750734329224, 0.26022642850875854], "rmse": [1.5480308532714844, 1.5043224096298218, 1.4611064195632935, 1.419824481010437, 1.3739137649536133, 1.323766827583313, 1.2738455533981323, 1.224810242652893, 1.1790648698806763, 1.1410444974899292, 1.1104332208633423, 1.0857905149459839, 1.0673036575317383, 1.0502979755401611, 1.037095546722412, 1.027297854423523, 1.0200135707855225, 1.0105534791946411, 1.0030189752578735, 0.9948487281799316, 0.9882425665855408, 0.9791210889816284, 0.9734607338905334, 0.9681032299995422, 0.9626142382621765, 0.9539602398872375, 0.9475491046905518, 0.9405744075775146, 0.935169517993927, 0.9282951354980469, 0.922296404838562, 0.915252149105072, 0.910671591758728, 0.9043509364128113, 0.8987782597541809, 0.8885026574134827, 0.8817522525787354, 0.8747720718383789, 0.8678960800170898, 0.8610292673110962, 0.8582628965377808, 0.8506777286529541, 0.84361332654953, 0.8360015749931335, 0.829203724861145, 0.8223727941513062, 0.8159712553024292, 0.8099989891052246, 0.8026118278503418, 0.7960033416748047, 0.7890922427177429, 0.7856418490409851, 0.7780783176422119, 0.7729544639587402, 0.7668306827545166, 0.7580842971801758, 0.750815749168396, 0.7467072606086731, 0.7396658062934875, 0.7343591451644897, 0.728726863861084, 0.7221934199333191, 0.716035008430481, 0.7126643061637878, 0.7082317471504211, 0.7022717595100403, 0.6962228417396545, 0.6920508742332458, 0.6838628649711609, 0.6801726222038269, 0.67572420835495, 0.6695869565010071, 0.666649580001831, 0.6613430380821228, 0.6584693193435669, 0.6523723602294922, 0.6474482417106628, 0.6439024806022644, 0.6374416947364807, 0.6358029842376709, 0.6317183971405029, 0.6289263963699341, 0.6244537234306335, 0.6236795783042908, 0.6175646185874939, 0.61757892370224, 0.612619936466217, 0.6068648099899292, 0.605435848236084, 0.6033819317817688, 0.6011682152748108, 0.5976525545120239, 0.5956928133964539, 0.5957151055335999, 0.5902313590049744, 0.5877112746238708, 0.5858340859413147, 0.5833841562271118, 0.580206036567688, 0.5782821178436279, 0.5772223472595215, 0.5749154686927795, 0.5733342170715332, 0.5699760317802429, 0.5696979761123657, 0.5686940550804138, 0.5666214227676392, 0.5627399682998657, 0.5623389482498169, 0.5629514455795288, 0.5599589943885803, 0.5568779706954956, 0.5572574734687805, 0.5556859970092773, 0.5541478991508484, 0.5515692830085754, 0.5508623719215393, 0.5505998134613037, 0.5465309023857117, 0.5472365617752075, 0.5460747480392456, 0.5435830354690552, 0.5441023707389832, 0.5417510867118835, 0.5380749702453613, 0.5382146835327148, 0.5377064347267151, 0.5362635850906372, 0.536731481552124, 0.5353884100914001, 0.5336079001426697, 0.5331976413726807, 0.5325407981872559, 0.5299408435821533, 0.5292540788650513, 0.5288007855415344, 0.5254892706871033, 0.5272334218025208, 0.5255743265151978, 0.5256103277206421, 0.5232811570167542, 0.5234014391899109, 0.5226224064826965, 0.5218096971511841, 0.5208051800727844, 0.5200225710868835, 0.5202301144599915, 0.5170824527740479, 0.5158173441886902, 0.5164341330528259, 0.515126645565033, 0.5153784155845642, 0.5146587491035461, 0.5126703381538391, 0.5117954611778259, 0.511525571346283, 0.5114413499832153, 0.5084704756736755, 0.5079188346862793, 0.5097119212150574, 0.5067532062530518, 0.5065647959709167, 0.5059861540794373, 0.5041155815124512],