{"n_parameters": 250273, "training_time": 17225.82838702202, "loss": [2.699096918106079, 2.568826675415039, 2.505711078643799, 2.4718408584594727, 2.4432923793792725, 2.4160470962524414, 2.3991522789001465, 2.3710711002349854, 2.3569860458374023, 2.325230360031128, 2.2885994911193848, 2.247389316558838, 2.1999704837799072, 2.1357920169830322, 2.0710408687591553, 1.9983041286468506, 1.9265286922454834, 1.8646973371505737, 1.7995703220367432, 1.7634873390197754, 1.7249603271484375, 1.7058508396148682, 1.6847490072250366, 1.6668851375579834, 1.6616417169570923, 1.6479876041412354, 1.6374192237854004, 1.6282012462615967, 1.623430848121643, 1.6149126291275024, 1.6014705896377563, 1.598549246788025, 1.5927283763885498, 1.5832314491271973, 1.579895257949829, 1.5740783214569092, 1.5685546398162842, 1.5618318319320679, 1.5558924674987793, 1.5493730306625366, 1.5425376892089844, 1.5414477586746216, 1.5376578569412231, 1.5321987867355347, 1.521224856376648, 1.5115866661071777, 1.5103142261505127, 1.5066357851028442, 1.4971939325332642, 1.49416184425354, 1.4912378787994385, 1.481146216392517, 1.4737639427185059, 1.4712339639663696, 1.469700574874878, 1.4619834423065186, 1.4520478248596191, 1.448028326034546, 1.4386444091796875, 1.4350950717926025, 1.4288320541381836, 1.4220470190048218, 1.4189820289611816, 1.4151396751403809, 1.406126856803894, 1.4017430543899536, 1.3927875757217407, 1.3901396989822388, 1.3834235668182373, 1.3771610260009766, 1.369030237197876, 1.3651951551437378, 1.3593354225158691, 1.3463295698165894, 1.3461331129074097, 1.3364036083221436, 1.3316315412521362, 1.322964072227478, 1.3170605897903442, 1.3102412223815918, 1.2969118356704712, 1.2951198816299438, 1.285630226135254, 1.2835665941238403, 1.2701761722564697, 1.2638745307922363, 1.2545347213745117, 1.2488596439361572, 1.2372162342071533, 1.2304022312164307, 1.2256189584732056, 1.2141457796096802, 1.2045081853866577, 1.1981288194656372, 1.1834509372711182, 1.1784276962280273, 1.1676443815231323, 1.159730076789856, 1.1520742177963257, 1.1397467851638794, 1.1314666271209717, 1.1284970045089722, 1.1160298585891724, 1.105236530303955, 1.1012088060379028, 1.0840836763381958, 1.0762951374053955, 1.069322109222412, 1.060347080230713, 1.0499017238616943, 1.0351790189743042, 1.0266953706741333, 1.0222200155258179, 1.0125646591186523, 1.003121256828308, 0.9940338134765625, 0.9949343204498291, 0.9816390872001648, 0.9711232781410217, 0.9651095271110535, 0.9545251131057739, 0.9486857652664185, 0.9401084780693054, 0.9379087686538696, 0.9285014867782593, 0.9203276634216309, 0.9121954441070557, 0.9030710458755493, 0.9011251926422119, 0.8945870995521545, 0.8837494254112244, 0.8768190741539001, 0.8716236352920532, 0.868541955947876, 0.8604075312614441, 0.8510056138038635, 0.8495618104934692, 0.8415214419364929, 0.8371542692184448, 0.8296035528182983, 0.825967013835907, 0.81685471534729, 0.8070285320281982, 0.80498868227005, 0.7994384169578552, 0.796204686164856, 0.7862687706947327, 0.7822144627571106, 0.7742156982421875, 0.7730337977409363, 0.7699782252311707, 0.7608494162559509, 0.7502031922340393, 0.7459558844566345, 0.7437469959259033, 0.7331097722053528, 0.7353309392929077, 0.7323012351989746, 0.7212474942207336, 0.7105699777603149, 0.7078993320465088, 0.7037374973297119, 0.6993044018745422, 0.6921643614768982, 0.6895394325256348, 0.6829200387001038, 0.6837223768234253, 0.6687501072883606, 0.6685898900032043, 0.6650928854942322, 0.6569303274154663, 0.6533776521682739, 0.6444032192230225, 0.6468204259872437, 0.6378672122955322, 0.6318119168281555, 0.6270795464515686, 0.6253533959388733, 0.6213822364807129, 0.6192177534103394, 0.6108716130256653, 0.6055678129196167, 0.5990263819694519, 0.5959781408309937, 0.5938448309898376, 0.5847480893135071, 0.5901426076889038, 0.5845428705215454, 0.580348014831543, 0.5745632648468018, 0.5686429738998413, 0.5668086409568787, 0.5631526708602905, 0.5598890781402588, 0.5582436323165894, 0.5552440881729126, 0.550096869468689, 0.5500167608261108, 0.5479865074157715, 0.5471310615539551, 0.5375074744224548, 0.5388581156730652, 0.5344735980033875, 0.5329904556274414, 0.5276052355766296, 0.5309109091758728, 0.5183084011077881, 0.5222035050392151, 0.5210698843002319, 0.5166266560554504, 0.5142286419868469, 0.5099735856056213, 0.5078510046005249, 0.507111668586731, 0.5068662166595459, 0.5008838772773743, 0.49925756454467773, 0.49469929933547974, 0.4930698573589325, 0.49716150760650635, 0.4884570240974426, 0.48842644691467285, 0.4913288652896881, 0.48907727003097534, 0.483236700296402, 0.47610390186309814, 0.4781440198421478, 0.47920161485671997, 0.4758734703063965, 0.4722018837928772],