{"n_parameters": 386097, "training_time": 1179.9132914543152, "loss": [2.9378252029418945, 2.6246347427368164, 2.551665782928467, 2.522310495376587, 2.4975218772888184, 2.4856650829315186, 2.471104860305786, 2.463311195373535], "rmse": [1.690293312072754, 1.600626826286316, 1.576794147491455, 1.5679441690444946, 1.55941641330719, 1.555416226387024, 1.5515061616897583, 1.5478137731552124], "val_loss": [2.519676923751831, 2.4988303184509277, 2.4983139038085938, 2.5032427310943604, 2.5022714138031006, 2.507993459701538, 2.5159895420074463, 2.5104146003723145], "val_rmse": [1.5633084774017334, 1.5564947128295898, 1.55608069896698, 1.5576882362365723, 1.557340383529663, 1.5590672492980957, 1.5616073608398438, 1.5599099397659302]}