{"n_parameters": 203393, "training_time": 14910.910546064377, "loss": [2.457765817642212, 2.3763153553009033, 2.3233132362365723, 2.275381326675415, 2.2327191829681396, 2.188612937927246, 2.1419782638549805, 2.0931620597839355, 2.0481314659118652, 2.0063836574554443, 1.9599946737289429, 1.9152640104293823, 1.8788282871246338, 1.8464436531066895, 1.8139393329620361, 1.783251404762268, 1.7615675926208496, 1.7364168167114258, 1.7253868579864502, 1.7112252712249756, 1.6881612539291382, 1.6804530620574951, 1.6573331356048584, 1.649990200996399, 1.6383507251739502, 1.6314932107925415, 1.6143070459365845, 1.6040302515029907, 1.5961332321166992, 1.5913766622543335, 1.5766832828521729, 1.5647372007369995, 1.5665363073349, 1.5573124885559082, 1.5470843315124512, 1.5466437339782715, 1.5383789539337158, 1.5270028114318848, 1.5280364751815796, 1.5212678909301758, 1.5158008337020874, 1.5043681859970093, 1.5010002851486206, 1.5015521049499512, 1.5010695457458496, 1.4902856349945068, 1.48529851436615, 1.4837313890457153, 1.4714716672897339, 1.4724421501159668, 1.4664181470870972, 1.4610391855239868, 1.4598206281661987, 1.4499046802520752, 1.4429734945297241, 1.444423794746399, 1.443699598312378, 1.4379469156265259, 1.431984305381775, 1.426298975944519, 1.4236094951629639, 1.424080729484558, 1.4155099391937256, 1.4153635501861572, 1.4063873291015625, 1.405356526374817, 1.3997098207473755, 1.3990572690963745, 1.3932946920394897, 1.3921223878860474, 1.390073537826538, 1.383446455001831, 1.3815785646438599, 1.377673625946045, 1.3739911317825317, 1.375563144683838, 1.3632354736328125, 1.364190936088562, 1.3592326641082764, 1.360312819480896, 1.3528999090194702, 1.349377989768982, 1.3463802337646484, 1.3472667932510376, 1.345682978630066, 1.3389923572540283, 1.3382513523101807, 1.3297208547592163, 1.3245989084243774, 1.3283681869506836, 1.3235710859298706, 1.3248366117477417, 1.312165379524231, 1.3189119100570679, 1.3075307607650757, 1.311079978942871, 1.305230736732483, 1.304092526435852, 1.2973562479019165, 1.2921359539031982, 1.2926901578903198, 1.2892295122146606, 1.2830291986465454, 1.2799519300460815, 1.278433918952942, 1.27748703956604, 1.2727587223052979, 1.2754863500595093, 1.2689757347106934, 1.2624715566635132, 1.2606244087219238, 1.2577133178710938, 1.255261778831482, 1.250470757484436, 1.246985673904419, 1.2476314306259155, 1.24826979637146, 1.242051362991333, 1.2371066808700562, 1.233987808227539, 1.2320754528045654, 1.2295182943344116, 1.2266590595245361, 1.2223734855651855, 1.2196736335754395, 1.2155134677886963, 1.2114912271499634, 1.2122775316238403, 1.206249713897705, 1.2061970233917236, 1.2002595663070679, 1.198767066001892, 1.198715329170227, 1.1917338371276855, 1.1864358186721802, 1.185265302658081, 1.1858153343200684, 1.1796760559082031, 1.1732455492019653, 1.1743193864822388, 1.1699858903884888, 1.1703678369522095, 1.1676517724990845, 1.1533782482147217, 1.1608868837356567, 1.151089072227478, 1.148474097251892, 1.1485449075698853, 1.1479068994522095, 1.1404731273651123, 1.1408917903900146, 1.1374231576919556, 1.1318659782409668, 1.1214454174041748, 1.121644377708435, 1.120294451713562, 1.1168162822723389, 1.1137831211090088, 1.112167477607727, 1.1072481870651245, 1.1027846336364746, 1.100845456123352, 1.0969302654266357, 1.0920813083648682, 1.0887197256088257, 1.0917577743530273, 1.083666443824768, 1.0840927362442017, 1.0748376846313477, 1.0721547603607178, 1.072848916053772, 1.0714752674102783, 1.065630316734314, 1.0624051094055176, 1.058746337890625, 1.0559251308441162, 1.0503735542297363, 1.0496973991394043, 1.0494242906570435, 1.0419689416885376, 1.0403982400894165, 1.0407991409301758, 1.0285816192626953, 1.0279219150543213, 1.0297425985336304, 1.0275770425796509, 1.0246481895446777, 1.0162197351455688, 1.0150755643844604, 1.014134168624878, 1.008915662765503, 1.0055536031723022, 1.0077482461929321, 0.9992179274559021, 0.9913653135299683, 0.9935298562049866, 0.9923770427703857, 0.9856932163238525, 0.98357093334198, 0.9763250350952148, 0.9821180701255798, 0.9746734499931335, 0.9730254411697388, 0.9682813286781311, 0.9620035886764526, 0.9629722237586975, 0.9615904092788696, 0.9589566588401794, 0.9559363722801208, 0.9538534283638, 0.9485378265380859, 0.9454474449157715, 0.9521003365516663, 0.9381685853004456],