{"n_parameters": 170929, "training_time": 12411.50436258316, "loss": [2.606508731842041, 2.5296883583068848, 2.492316722869873, 2.4526734352111816, 2.414686679840088, 2.38988995552063, 2.359910249710083, 2.3309836387634277, 2.298935651779175, 2.2695541381835938, 2.2299513816833496, 2.181406021118164, 2.1407814025878906, 2.0850651264190674, 2.032736301422119, 1.982909917831421, 1.9234133958816528, 1.8692010641098022, 1.8126566410064697, 1.758758306503296, 1.7129071950912476, 1.672795295715332, 1.6379914283752441, 1.609230637550354, 1.5742361545562744, 1.5469788312911987, 1.5351014137268066, 1.513458013534546, 1.4941829442977905, 1.4887313842773438, 1.4699416160583496, 1.4576705694198608, 1.4408613443374634, 1.4301176071166992, 1.4116243124008179, 1.398453950881958, 1.3871241807937622, 1.3867276906967163, 1.3666067123413086, 1.361730694770813, 1.3491934537887573, 1.3341262340545654, 1.3286494016647339, 1.3179082870483398, 1.3066126108169556, 1.3033286333084106, 1.2884739637374878, 1.2766770124435425, 1.2704023122787476, 1.2657288312911987, 1.2552311420440674, 1.2492852210998535, 1.2387386560440063, 1.229621171951294, 1.2234429121017456, 1.2119255065917969, 1.2066152095794678, 1.1928277015686035, 1.1884372234344482, 1.1827565431594849, 1.1789345741271973, 1.1671977043151855, 1.1587835550308228, 1.1472113132476807, 1.1437908411026, 1.1361021995544434, 1.1312642097473145, 1.1261569261550903, 1.1143553256988525, 1.1060994863510132, 1.1016600131988525, 1.0970745086669922, 1.0883632898330688, 1.085065245628357, 1.0806589126586914, 1.0668500661849976, 1.0593581199645996, 1.0567811727523804, 1.0522764921188354, 1.0468705892562866, 1.0379831790924072, 1.0213254690170288, 1.0228999853134155, 1.014824628829956, 1.0128188133239746, 1.0043351650238037, 0.9952751398086548, 0.9892683029174805, 0.9789133071899414, 0.9744653701782227, 0.9694241881370544, 0.963495135307312, 0.9516415596008301, 0.9497395157814026, 0.9412926435470581, 0.9360321164131165, 0.9280954003334045, 0.9215701222419739, 0.9131067991256714, 0.9124493598937988, 0.9038472771644592, 0.8927162885665894, 0.8928080797195435, 0.8858035206794739, 0.8828089237213135, 0.8681015968322754, 0.8719052076339722, 0.8591253161430359, 0.8564721941947937, 0.8510221242904663, 0.8445551991462708, 0.8394343256950378, 0.8312262296676636, 0.8275056481361389, 0.8224252462387085, 0.8213908672332764, 0.8136089444160461, 0.8056151866912842, 0.8019673824310303, 0.7957335114479065, 0.7894364595413208, 0.7877883315086365, 0.7817034125328064, 0.7776167392730713, 0.772368311882019, 0.7669605016708374, 0.7644335627555847, 0.7585282921791077, 0.7536866664886475, 0.7445547580718994, 0.7379190325737, 0.7382469773292542, 0.7302864789962769, 0.7269801497459412, 0.7225801944732666, 0.7169440388679504, 0.7143861055374146, 0.7101234197616577, 0.7056111097335815, 0.7002191543579102, 0.6991452574729919, 0.6918185949325562, 0.6868733763694763, 0.682030200958252, 0.6870392560958862, 0.6755175590515137, 0.672357976436615, 0.6642916798591614, 0.6633510589599609, 0.6607229113578796, 0.6532163023948669, 0.6453730463981628, 0.6489648222923279, 0.6373350620269775, 0.6389687061309814, 0.6367636919021606, 0.6305023431777954, 0.6267029047012329, 0.6253803968429565, 0.6227399110794067, 0.6167262196540833, 0.6107575297355652, 0.6141067743301392, 0.6077693700790405, 0.6050297021865845, 0.59986811876297, 0.595914363861084, 0.5948939323425293, 0.590351402759552, 0.5879516005516052, 0.5817003846168518, 0.5793859362602234, 0.5803452134132385, 0.5750120878219604, 0.5727829933166504, 0.5720692276954651, 0.5686934590339661, 0.5623874068260193, 0.561493992805481, 0.5575549602508545, 0.5546862483024597, 0.5498203635215759, 0.5486636161804199, 0.5443916320800781, 0.5444918870925903, 0.5416345596313477, 0.5356717705726624, 0.5320126414299011, 0.5329596996307373, 0.5278072357177734, 0.5291122794151306, 0.522087574005127, 0.5255118012428284, 0.5211181640625, 0.5166423320770264, 0.5194852948188782, 0.5130048394203186], "rmse": [1.5935968160629272, 1.570234775543213, 1.55800199508667, 1.545568585395813, 1.5345475673675537, 1.5254484415054321, 1.5170152187347412, 1.5062472820281982, 1.4953110218048096, 1.4858360290527344, 1.4738068580627441, 1.4575873613357544, 1.4430533647537231, 1.4240071773529053, 1.4061824083328247, 1.3884027004241943, 1.366776466369629, 1.3473280668258667, 1.327877163887024, 1.3069298267364502, 1.2897521257400513, 1.2750874757766724, 1.2609792947769165, 1.2511630058288574, 1.2381123304367065, 1.2273725271224976, 1.222624659538269, 1.2144638299942017, 1.2062486410140991, 1.2043949365615845, 1.1965460777282715, 1.1920353174209595, 1.1857839822769165, 1.1812846660614014, 1.1728291511535645, 1.167582392692566, 1.1633555889129639, 1.163183331489563, 1.1546010971069336, 1.1523962020874023, 1.1479955911636353, 1.1412138938903809, 1.1387425661087036, 1.133582592010498, 1.1298176050186157, 1.1279377937316895, 1.1212269067764282, 1.116084337234497, 1.1131786108016968, 1.1118155717849731, 1.1072145700454712, 1.1051353216171265, 1.0992666482925415, 1.0956602096557617, 1.0930795669555664, 1.0881479978561401, 1.085844874382019, 1.0791535377502441, 1.0773855447769165, 1.0751665830612183, 1.0727773904800415, 1.0681077241897583, 1.06412672996521, 1.0583564043045044, 1.0570091009140015, 1.0524394512176514, 1.0501172542572021, 1.0492618083953857, 1.0435837507247925, 1.0395514965057373, 1.0377589464187622, 1.0348654985427856, 1.0317072868347168, 1.0295703411102295, 1.0273568630218506, 1.0206739902496338, 1.0171828269958496, 1.015774130821228, 1.0141440629959106, 1.0112836360931396, 1.006941556930542, 0.9988568425178528, 0.9994304776191711, 0.9955964088439941, 0.9945243000984192, 0.9902451038360596, 0.9861176609992981, 0.9827718734741211, 0.9775111675262451, 0.9758138656616211, 0.9726566076278687, 0.9704149961471558, 0.9642861485481262, 0.9631326794624329, 0.9594943523406982, 0.9564863443374634, 0.9522030353546143, 0.9490757584571838, 0.9448462128639221, 0.9443775415420532, 0.9398697018623352, 0.9340421557426453, 0.9337466955184937, 0.9303373098373413, 0.9293237328529358, 0.9204219579696655, 0.9229859709739685, 0.9159678220748901, 0.9147281050682068, 0.9115418791770935, 0.9086068868637085, 0.9055277705192566, 0.9013013243675232, 0.8987525701522827, 0.8967787027359009, 0.8954156637191772, 0.8916204571723938, 0.8871714472770691, 0.8846689462661743, 0.8817797303199768, 0.877470076084137, 0.8769837617874146, 0.8736722469329834, 0.8717111945152283, 0.8682529330253601, 0.8655937910079956, 0.8636823892593384, 0.8605269193649292, 0.8574775457382202, 0.851818323135376, 0.8484610319137573, 0.8488796949386597, 0.8446679711341858, 0.8423289060592651, 0.8397441506385803, 0.8363664150238037, 0.8350529074668884, 0.8326547145843506, 0.8297315239906311, 0.8259961009025574, 0.826122522354126, 0.8212327361106873, 0.8184241652488708, 0.8158479928970337, 0.8187258839607239, 0.8117616176605225, 0.8100545406341553, 0.805152952671051, 0.804231584072113, 0.8026124835014343, 0.798395037651062, 0.7935277819633484, 0.7960718274116516, 0.7890830039978027, 0.7891907691955566, 0.7880274653434753, 0.7842739224433899, 0.7819597125053406, 0.7813194990158081, 0.7796173095703125, 0.775320291519165, 0.7718532085418701, 0.77442866563797, 0.7706462740898132, 0.7682610154151917, 0.7652348279953003, 0.7627438902854919, 0.761722981929779, 0.7587421536445618, 0.7573632001876831, 0.7536856532096863, 0.7516723275184631, 0.7527149319648743, 0.7490648627281189, 0.7476171851158142, 0.7467923164367676, 0.7451484799385071, 0.7407150864601135, 0.7400956153869629, 0.7374547123908997, 0.7359541058540344, 0.73200523853302, 0.7316130995750427, 0.7291185259819031, 0.7291154265403748, 0.7271406650543213, 0.7227678298950195, 0.7208433747291565, 0.7210216522216797, 0.7179247736930847, 0.7182167172431946, 0.7138241529464722, 0.7159717082977295, 0.7129836678504944, 0.7100545167922974, 0.7117016315460205, 0.7075724601745605],