{"n_parameters": 377297, "training_time": 1946.0541806221008, "loss": [2.7966866493225098, 2.609158754348755, 2.5471558570861816, 2.5205576419830322, 2.5026822090148926, 2.489968776702881, 2.475390911102295, 2.467003583908081, 2.460967540740967, 2.4544765949249268, 2.4441356658935547, 2.446176767349243, 2.435258626937866, 2.4396536350250244, 2.4338490962982178, 2.432213544845581, 2.4259934425354004, 2.426332473754883, 2.428408622741699, 2.4186782836914062], "rmse": [1.6498745679855347, 1.5948686599731445, 1.5758153200149536, 1.5675538778305054, 1.562145709991455, 1.5582661628723145, 1.5538431406021118, 1.5499279499053955, 1.5480127334594727, 1.5462666749954224, 1.543152928352356, 1.5436792373657227, 1.5402960777282715, 1.5417853593826294, 1.540414571762085, 1.5396567583084106, 1.5374579429626465, 1.5373811721801758, 1.538771390914917, 1.534890055656433], "val_loss": [2.5971882343292236, 2.5531530380249023, 2.5058181285858154, 2.48144793510437, 2.476945638656616, 2.4822092056274414, 2.472158432006836, 2.4726505279541016, 2.47212815284729, 2.4737296104431152, 2.473930597305298, 2.468724250793457, 2.46737003326416, 2.4633705615997314, 2.4607009887695312, 2.463810682296753, 2.468618869781494, 2.4646122455596924, 2.461183786392212, 2.4637043476104736], "val_rmse": [1.5889699459075928, 1.5749521255493164, 1.559746503829956, 1.5518779754638672, 1.5504426956176758, 1.5522481203079224, 1.5489412546157837, 1.5490612983703613, 1.5488988161087036, 1.5494481325149536, 1.5495845079421997, 1.547877311706543, 1.5474454164505005, 1.5460467338562012, 1.545166254043579, 1.5462294816970825, 1.547864556312561, 1.5465188026428223, 1.545335292816162, 1.5462499856948853]}