{"n_parameters": 615777, "training_time": 22579.02210712433, "loss": [2.4141430854797363, 2.3665876388549805, 2.3232038021087646, 2.2697346210479736, 2.2065203189849854, 2.1313579082489014, 2.0386910438537598, 1.9474844932556152, 1.8589516878128052, 1.8059159517288208, 1.761217713356018, 1.7390493154525757, 1.7164862155914307, 1.705788254737854, 1.6838607788085938, 1.674620509147644, 1.6655669212341309, 1.652925968170166, 1.6406317949295044, 1.6283133029937744, 1.615858793258667, 1.6067314147949219, 1.5973351001739502, 1.5802541971206665, 1.57005774974823, 1.5628138780593872, 1.55659019947052, 1.5424227714538574, 1.5356557369232178, 1.5290992259979248, 1.5208275318145752, 1.5122175216674805, 1.504537582397461, 1.50101637840271, 1.488701343536377, 1.4843767881393433, 1.4766664505004883, 1.4706720113754272, 1.4594180583953857, 1.4506995677947998, 1.436964511871338, 1.4361462593078613, 1.4337143898010254, 1.409468173980713, 1.405709981918335, 1.3991714715957642, 1.38448166847229, 1.37680983543396, 1.375205397605896, 1.3580530881881714, 1.344968318939209, 1.3457695245742798, 1.3332031965255737, 1.3151746988296509, 1.3027199506759644, 1.2922298908233643, 1.2819201946258545, 1.2706663608551025, 1.2562484741210938, 1.2382959127426147, 1.224928617477417, 1.2114315032958984, 1.2081177234649658, 1.1879572868347168, 1.181959867477417, 1.1545220613479614, 1.1434235572814941, 1.131569743156433, 1.1178747415542603, 1.1073931455612183, 1.0972585678100586, 1.0842443704605103, 1.0695139169692993, 1.054489016532898, 1.047617793083191, 1.0402439832687378, 1.0264841318130493, 1.0198677778244019, 1.0183427333831787, 1.0005474090576172, 0.9960974454879761, 0.9852152466773987, 0.9800726771354675, 0.9756613969802856, 0.9609673023223877, 0.9592409133911133, 0.9501093626022339, 0.9477192759513855, 0.930759072303772, 0.9285941123962402, 0.9248116612434387, 0.921832263469696, 0.918567419052124, 0.9011783003807068, 0.899495005607605, 0.896597146987915, 0.8894712328910828, 0.8774088621139526, 0.8798470497131348, 0.8785223960876465, 0.86558997631073, 0.8584511876106262, 0.8532607555389404, 0.8466822504997253, 0.846018373966217, 0.8336475491523743, 0.8330712914466858, 0.8245213627815247, 0.8170208930969238, 0.813225507736206, 0.8065519332885742, 0.8011139631271362, 0.8031359314918518, 0.7908353209495544, 0.7874220013618469, 0.7838134765625, 0.7831988334655762, 0.7687042355537415, 0.7632583975791931, 0.7596873044967651, 0.7546401619911194, 0.7482345104217529, 0.7455061674118042, 0.7415028810501099, 0.7328460812568665, 0.7314724922180176, 0.7296796441078186, 0.7161655426025391, 0.713527500629425, 0.7016652226448059, 0.7030160427093506, 0.6962724328041077, 0.7022847533226013, 0.6903086304664612, 0.6910538673400879, 0.6807776093482971, 0.674795925617218, 0.6659846901893616, 0.6686268448829651, 0.6654385328292847, 0.6605728268623352, 0.6555421352386475, 0.6532651782035828, 0.6494811773300171, 0.6461384892463684, 0.6400802731513977, 0.6366809606552124, 0.6310259699821472, 0.6310747861862183, 0.6241034269332886, 0.6180672645568848, 0.6147925853729248, 0.6190083622932434, 0.6155210733413696, 0.6108431220054626, 0.6066828370094299, 0.6012488007545471, 0.5946149230003357, 0.5948807597160339, 0.593999445438385], "rmse": [1.5334339141845703, 1.5182572603225708, 1.504831075668335, 1.486107349395752, 1.4654414653778076, 1.4405580759048462, 1.4072896242141724, 1.3757822513580322, 1.3445924520492554, 1.3238215446472168, 1.307888150215149, 1.2999688386917114, 1.291183590888977, 1.2878541946411133, 1.2790882587432861, 1.2763503789901733, 1.2718584537506104, 1.2674850225448608, 1.2634209394454956, 1.2583447694778442, 1.2535829544067383, 1.2502408027648926, 1.2460025548934937, 1.2390997409820557, 1.2357546091079712, 1.2330896854400635, 1.2305598258972168, 1.2249568700790405, 1.2222367525100708, 1.2196531295776367, 1.216787576675415, 1.2128551006317139, 1.2100908756256104, 1.2082054615020752, 1.2040778398513794, 1.2020747661590576, 1.1981480121612549, 1.1965385675430298, 1.191208839416504, 1.188644528388977, 1.1829472780227661, 1.1821362972259521, 1.1802623271942139, 1.1710808277130127, 1.1697051525115967, 1.1672133207321167, 1.1601654291152954, 1.1568858623504639, 1.1569840908050537, 1.1485661268234253, 1.143784761428833, 1.1430541276931763, 1.1377389430999756, 1.129551649093628, 1.125587821006775, 1.1206601858139038, 1.1158937215805054, 1.1107126474380493, 1.104967713356018, 1.0966675281524658, 1.0905030965805054, 1.083680272102356, 1.0822805166244507, 1.0727087259292603, 1.0706790685653687, 1.0582425594329834, 1.052747368812561, 1.0469743013381958, 1.0405408143997192, 1.0346676111221313, 1.0298293828964233, 1.0238889455795288, 1.017729640007019, 1.0099706649780273, 1.0066125392913818, 1.0027720928192139, 0.9953137636184692, 0.9920818209648132, 0.9911892414093018, 0.9823285937309265, 0.9804914593696594, 0.9749765396118164, 0.9718679785728455, 0.9703811407089233, 0.9631646871566772, 0.9622358679771423, 0.9576160311698914, 0.9559541344642639, 0.9475270509719849, 0.94488525390625, 0.944295346736908, 0.9427793025970459, 0.94136643409729, 0.9320160746574402, 0.9311800599098206, 0.9295380711555481, 0.9258091449737549, 0.9183374047279358, 0.9208127856254578, 0.9197605848312378, 0.9128682017326355, 0.9094703197479248, 0.9067442417144775, 0.9034145474433899, 0.9031428694725037, 0.8956547975540161, 0.8959084749221802, 0.8903067111968994, 0.8871051669120789, 0.884706974029541, 0.8824236392974854, 0.8790804743766785, 0.879043698310852, 0.8730533719062805, 0.8708206415176392, 0.8696627020835876, 0.8685846924781799, 0.8609440922737122, 0.8576729893684387, 0.855974555015564, 0.8524388670921326, 0.8489842414855957, 0.8478186130523682, 0.8455392718315125, 0.8403854966163635, 0.8402463793754578, 0.8385543823242188, 0.831020176410675, 0.8292534351348877, 0.82304447889328, 0.8235757350921631, 0.8194854855537415, 0.822262704372406, 0.8158633708953857, 0.8162330389022827, 0.8104928135871887, 0.8063310384750366, 0.8019464612007141, 0.803618311882019, 0.8009230494499207, 0.7981162667274475, 0.7949919700622559, 0.7931183576583862, 0.792179524898529, 0.7893030047416687, 0.7862728834152222, 0.7831846475601196, 0.7803001999855042, 0.7811402678489685, 0.7758364081382751, 0.7721960544586182, 0.7706937193870544, 0.7733322381973267, 0.770973265171051, 0.7677953839302063, 0.7648389935493469, 0.7614467144012451, 0.7573665976524353, 0.7573000192642212, 0.756629228591919],