{"n_parameters": 205793, "training_time": 12301.214339971542, "loss": [3.6574912071228027, 2.5774645805358887, 2.31404185295105, 2.1284918785095215, 2.0224881172180176, 1.9357938766479492, 1.8649324178695679, 1.7953206300735474, 1.7405321598052979, 1.6929030418395996, 1.6387349367141724, 1.6002839803695679, 1.558863639831543, 1.5208855867385864, 1.4954322576522827, 1.4660643339157104, 1.4342185258865356, 1.4015361070632935, 1.3836286067962646, 1.3555537462234497, 1.33404541015625, 1.3157774209976196, 1.2973065376281738, 1.2754734754562378, 1.2525570392608643, 1.2393466234207153, 1.2170453071594238, 1.1985912322998047, 1.1852399110794067, 1.166967511177063, 1.1578843593597412, 1.1378124952316284, 1.1217914819717407, 1.108131766319275, 1.0925774574279785, 1.0758118629455566, 1.0583405494689941, 1.0527832508087158, 1.0383265018463135, 1.0237693786621094, 1.0123131275177002, 0.9941891431808472, 0.9833906888961792, 0.977574348449707, 0.9667855501174927, 0.9498583078384399, 0.9370977878570557, 0.928676426410675, 0.9155186414718628, 0.9088024497032166, 0.8967121243476868, 0.8896328806877136, 0.8738887906074524, 0.8637434244155884, 0.854205846786499, 0.8449230194091797, 0.8353167176246643, 0.823297381401062, 0.8171237111091614, 0.8045515418052673, 0.7995936274528503, 0.788191020488739, 0.7791283130645752, 0.7715335488319397, 0.7617711424827576, 0.7543700337409973, 0.7462371587753296, 0.7378036975860596, 0.7307159304618835, 0.7213123440742493, 0.7130258679389954, 0.7025620341300964, 0.6930359601974487, 0.6832898855209351, 0.6761221885681152, 0.6670787334442139, 0.6596605777740479, 0.6515417098999023, 0.6442011594772339, 0.6369273066520691, 0.6270837187767029, 0.6200700402259827, 0.6129035949707031, 0.602759599685669, 0.59636390209198, 0.5870938301086426, 0.5825289487838745, 0.5746110081672668, 0.5670138597488403, 0.5602314472198486, 0.5493252277374268, 0.5450337529182434, 0.538677990436554, 0.5297278761863708, 0.5231651663780212, 0.516951858997345, 0.5106897950172424, 0.5057910084724426, 0.495109885931015, 0.4933159351348877, 0.4854029715061188, 0.47994711995124817, 0.4737521708011627, 0.46879950165748596, 0.4638511538505554, 0.45867088437080383, 0.45213210582733154, 0.4495672583580017, 0.4446575939655304, 0.4386046528816223, 0.43597084283828735, 0.42928144335746765, 0.42530858516693115, 0.4226003587245941, 0.4187459945678711, 0.4141216576099396, 0.4122360050678253, 0.4062240421772003, 0.4023092985153198, 0.40156853199005127, 0.39634448289871216, 0.39137002825737, 0.3891754448413849, 0.3824256658554077, 0.3824808597564697, 0.378162145614624, 0.3750489354133606, 0.3728180527687073, 0.36867794394493103, 0.3681412935256958, 0.3647729754447937, 0.36191341280937195, 0.3593483865261078, 0.3572208285331726, 0.35540035367012024, 0.351741224527359, 0.3495790362358093, 0.3460795283317566, 0.3440605401992798, 0.3437821567058563, 0.3409598469734192, 0.33842217922210693, 0.3380797207355499, 0.33473387360572815, 0.3319830000400543, 0.3313031792640686, 0.32884299755096436, 0.32692211866378784, 0.3265756666660309, 0.32475611567497253, 0.323923796415329, 0.3212001621723175, 0.3184591829776764, 0.3180382549762726, 0.3164941966533661, 0.31559568643569946, 0.312727689743042, 0.31245604157447815, 0.3112335205078125, 0.3073584735393524, 0.3088787794113159, 0.3076648414134979, 0.30847039818763733, 0.3056243360042572, 0.30357789993286133, 0.30466336011886597, 0.30081599950790405, 0.2999289333820343, 0.30004170536994934, 0.2993644177913666, 0.29747694730758667, 0.2951067388057709, 0.2954747974872589, 0.29482805728912354, 0.2926405072212219], "rmse": [1.8772716522216797, 1.5849865674972534, 1.5003958940505981, 1.4377747774124146, 1.4003623723983765, 1.3704835176467896, 1.344565987586975, 1.3194690942764282, 1.2990821599960327, 1.2807613611221313, 1.2602920532226562, 1.2459255456924438, 1.2308374643325806, 1.2156076431274414, 1.205759882926941, 1.1932778358459473, 1.1814892292022705, 1.1672618389129639, 1.1598021984100342, 1.1479169130325317, 1.1390435695648193, 1.1315206289291382, 1.1228883266448975, 1.1135506629943848, 1.1042885780334473, 1.0994352102279663, 1.0884560346603394, 1.0809621810913086, 1.0744184255599976, 1.0663813352584839, 1.0626250505447388, 1.0540060997009277, 1.0459136962890625, 1.0397251844406128, 1.0322147607803345, 1.0243737697601318, 1.0163216590881348, 1.0138565301895142, 1.0071971416473389, 0.9998188614845276, 0.9944063425064087, 0.9854681491851807, 0.9799344539642334, 0.977175235748291, 0.9715062975883484, 0.9635443687438965, 0.9568226933479309, 0.9525938034057617, 0.9463196992874146, 0.9428315758705139, 0.9361727833747864, 0.9326124787330627, 0.9241575598716736, 0.9192111492156982, 0.9140780568122864, 0.9092898964881897, 0.9044506549835205, 0.8975779414176941, 0.8937827944755554, 0.8873515725135803, 0.8841104507446289, 0.8781619668006897, 0.8730519413948059, 0.868736207485199, 0.8632043600082397, 0.8586872220039368, 0.8542801141738892, 0.8495073318481445, 0.8450654149055481, 0.8401207327842712, 0.8353604674339294, 0.829067051410675, 0.8238329887390137, 0.8176748752593994, 0.8136228919029236, 0.807706356048584, 0.8028496503829956, 0.7984944581985474, 0.7937686443328857, 0.7889321446418762, 0.7832151651382446, 0.7785857915878296, 0.7740477919578552, 0.767560601234436, 0.7638451457023621, 0.7572299838066101, 0.7547563910484314, 0.7496204972267151, 0.7447171807289124, 0.7401276230812073, 0.7331809401512146, 0.7301695942878723, 0.7255238890647888, 0.7195469737052917, 0.7152160406112671, 0.7106506824493408, 0.7061014771461487, 0.7028200626373291, 0.6954113245010376, 0.6946914196014404, 0.6884365677833557, 0.6846789121627808, 0.680519163608551, 0.6769196391105652, 0.6731141209602356, 0.669540524482727, 0.6646733283996582, 0.6625580787658691, 0.6590050458908081, 0.6546341180801392, 0.6526650786399841, 0.6480070352554321, 0.6445096135139465, 0.6424413323402405, 0.6394153237342834, 0.636201024055481, 0.6343933939933777, 0.6297385692596436, 0.6267218589782715, 0.626115083694458, 0.6219902038574219, 0.6179030537605286, 0.6164524555206299, 0.611147403717041, 0.6111557483673096, 0.6075391173362732, 0.6051182746887207, 0.603461742401123, 0.6001136898994446, 0.5994877219200134, 0.59742271900177, 0.5945690870285034, 0.5925959348678589, 0.590952455997467, 0.5890093445777893, 0.5863314867019653, 0.5841528177261353, 0.5817129611968994, 0.5797930955886841, 0.5796855688095093, 0.5770125985145569, 0.5752109289169312, 0.5747188329696655, 0.5716816186904907, 0.5694612860679626, 0.5689951777458191, 0.5669750571250916, 0.5651511549949646, 0.564460813999176, 0.5633047223091125, 0.5628262162208557, 0.5601432919502258, 0.5574834942817688, 0.557701051235199, 0.5559773445129395, 0.5553032755851746, 0.5528952479362488, 0.552448570728302, 0.551556408405304, 0.5480003952980042, 0.5489223003387451, 0.5482584238052368, 0.5490023493766785, 0.5465503931045532, 0.544743001461029, 0.5454905033111572, 0.5420212745666504, 0.5412554740905762, 0.5414921641349792, 0.5409107804298401, 0.5393052697181702, 0.5367397665977478, 0.5370981693267822, 0.5368818044662476, 0.5347197651863098],