{"n_parameters": 289393, "training_time": 10726.162849664688, "loss": [2.612252950668335, 2.479152202606201, 2.4350128173828125, 2.392143964767456, 2.3442842960357666, 2.302328109741211, 2.249499797821045, 2.197610378265381, 2.1393749713897705, 2.072528123855591, 1.9949426651000977, 1.9248818159103394, 1.838637351989746, 1.7563267946243286, 1.677865743637085, 1.593016266822815, 1.5243651866912842, 1.4626418352127075, 1.4129259586334229, 1.3672873973846436, 1.3187813758850098, 1.2908384799957275, 1.2553791999816895, 1.2379473447799683, 1.2130237817764282, 1.1963337659835815, 1.175889253616333, 1.1695092916488647, 1.1597799062728882, 1.1444870233535767, 1.1390578746795654, 1.130185842514038, 1.1123024225234985, 1.1088590621948242, 1.0989362001419067, 1.090378761291504, 1.0814201831817627, 1.0715811252593994, 1.0620478391647339, 1.0589892864227295, 1.0484979152679443, 1.0409901142120361, 1.03408944606781, 1.0265339612960815, 1.0200976133346558, 1.0177886486053467, 1.0108776092529297, 0.9987152814865112, 0.9945806264877319, 0.988779604434967, 0.9830190539360046, 0.9759670495986938, 0.9711912274360657, 0.9648140072822571, 0.9533328413963318, 0.9535265564918518, 0.9480562806129456, 0.9400117993354797, 0.9347967505455017, 0.9304460287094116, 0.9181239604949951, 0.916536808013916, 0.9070631265640259, 0.9012497067451477, 0.8950014114379883, 0.8921716213226318, 0.8791489005088806, 0.8754979968070984, 0.8665108680725098, 0.8618523478507996, 0.8543117046356201, 0.8495185375213623, 0.840086817741394, 0.8344604969024658, 0.8260688185691833, 0.8199337720870972, 0.8157119750976562, 0.806550920009613, 0.800321638584137, 0.7905400991439819, 0.7883560061454773, 0.7759157419204712, 0.7711219787597656, 0.7616509199142456, 0.7583358883857727, 0.7505466341972351, 0.7396460771560669, 0.7351961731910706, 0.726530134677887, 0.716934084892273, 0.7128350138664246, 0.7030268907546997, 0.6967034935951233, 0.6900275349617004, 0.6795412302017212, 0.6746394634246826, 0.6659548878669739, 0.6593345403671265, 0.6511111259460449, 0.6426994800567627, 0.6360340118408203, 0.6261472105979919, 0.6179037690162659, 0.6109135150909424, 0.6086456775665283, 0.5950489640235901, 0.5898832678794861, 0.5809573531150818, 0.5775622129440308, 0.5714312195777893, 0.5623528361320496, 0.5590028762817383, 0.5494736433029175, 0.5451868176460266, 0.5392019748687744, 0.5343449711799622, 0.5300873517990112, 0.5277488827705383, 0.5200196504592896, 0.5146666765213013, 0.511684000492096, 0.5085957646369934, 0.5016106963157654, 0.4983340799808502], "rmse": [1.5948984622955322, 1.553341269493103, 1.539365291595459, 1.5262106657028198, 1.5100971460342407, 1.496217131614685, 1.4780755043029785, 1.4615675210952759, 1.4419357776641846, 1.4184077978134155, 1.39136803150177, 1.367593765258789, 1.3356534242630005, 1.3051409721374512, 1.2753820419311523, 1.2424356937408447, 1.2167623043060303, 1.1916484832763672, 1.1719448566436768, 1.153269648551941, 1.1315677165985107, 1.1202905178070068, 1.105025291442871, 1.098099946975708, 1.0862958431243896, 1.0793825387954712, 1.0702741146087646, 1.066799283027649, 1.0636075735092163, 1.056233286857605, 1.0538156032562256, 1.0497264862060547, 1.0416465997695923, 1.0402554273605347, 1.0350167751312256, 1.0313540697097778, 1.026734471321106, 1.022337555885315, 1.0177037715911865, 1.0163875818252563, 1.011788249015808, 1.0078264474868774, 1.003835678100586, 1.0008492469787598, 0.9972614645957947, 0.9966031908988953, 0.9935691356658936, 0.987485408782959, 0.9844345450401306, 0.982322096824646, 0.9796422719955444, 0.9756694436073303, 0.973543643951416, 0.9705072641372681, 0.965067446231842, 0.9647195339202881, 0.9621402621269226, 0.9576496481895447, 0.9552905559539795, 0.9529888033866882, 0.9464098215103149, 0.945504367351532, 0.9410704374313354, 0.937892735004425, 0.934700608253479, 0.9331870675086975, 0.926282525062561, 0.9245584607124329, 0.9199591279029846, 0.9175440669059753, 0.9135777950286865, 0.9112534523010254, 0.9051815271377563, 0.9029157161712646, 0.8981935381889343, 0.8947162628173828, 0.8928778171539307, 0.8879841566085815, 0.8846737146377563, 0.8789070844650269, 0.8772369623184204, 0.8704075813293457, 0.8682653903961182, 0.8625645041465759, 0.8600742220878601, 0.856480598449707, 0.8496304154396057, 0.8475475907325745, 0.8421112298965454, 0.8369479179382324, 0.8348656296730042, 0.8285583853721619, 0.8252347707748413, 0.8208684921264648, 0.8142892718315125, 0.8121283054351807, 0.8067363500595093, 0.8022549748420715, 0.7974486351013184, 0.7922160625457764, 0.7882726192474365, 0.7820243239402771, 0.7770931124687195, 0.7724686861038208, 0.7711885571479797, 0.7628330588340759, 0.7593041062355042, 0.7531556487083435, 0.7508676052093506, 0.7470388412475586, 0.741117000579834, 0.7391002178192139, 0.7327775359153748, 0.7296046614646912, 0.725975751876831, 0.7220507264137268, 0.7198713421821594, 0.7182429432868958, 0.7128317356109619, 0.7087652087211609, 0.7071763873100281, 0.7049071788787842, 0.6998087167739868, 0.6975587010383606], "val_loss": [2.5098061561584473, 2.453296422958374, 2.405719041824341, 2.3562681674957275, 2.3108327388763428, 2.26584792137146, 2.2100203037261963, 2.153898239135742, 2.0900325775146484, 2.0191097259521484, 1.9459891319274902, 1.8668969869613647, 1.773881435394287, 1.7010657787322998, 1.621092677116394, 1.5477243661880493, 1.4983636140823364, 1.434213638305664, 1.396221399307251, 1.3625272512435913, 1.3325868844985962, 1.3165247440338135, 1.3038606643676758, 1.2800744771957397, 1.2789998054504395, 1.266984462738037, 1.2567830085754395, 1.2437899112701416, 1.2430496215820312, 1.2344244718551636, 1.2143653631210327, 1.2025048732757568, 1.2058318853378296, 1.1904550790786743, 1.1987810134887695, 1.1870980262756348, 1.1787002086639404, 1.1667970418930054, 1.1659224033355713, 1.154564380645752, 1.1518735885620117, 1.1440684795379639, 1.1357907056808472, 1.1387184858322144, 1.1199957132339478, 1.1212724447250366, 1.115083932876587, 1.106217622756958, 1.0992389917373657, 1.0938944816589355, 1.103415608406067, 1.0829719305038452, 1.0654714107513428, 1.0861915349960327, 1.0738253593444824, 1.0632789134979248, 1.0640687942504883, 1.0486036539077759, 1.04977285861969, 1.0341459512710571, 1.0420035123825073, 1.034789800643921, 1.021138310432434, 1.0200636386871338, 1.0118218660354614, 1.0080686807632446, 0.9991277456283569, 0.9998907446861267, 0.9871413111686707, 0.9801425337791443, 0.9749947786331177, 0.9916614294052124, 0.9709418416023254, 0.9707686305046082, 0.9656341075897217, 0.9555603861808777, 0.9465488791465759, 0.9600529670715332, 0.9520200490951538, 0.9395241737365723, 0.944277286529541, 0.95020991563797, 0.9437576532363892, 0.9258343577384949, 0.9181241393089294, 0.9220882058143616, 0.9160243272781372, 0.8995127081871033, 0.9005778431892395, 0.9073401689529419, 0.8933093547821045, 0.8918426632881165, 0.8800020813941956, 0.8908578157424927, 0.8747628927230835, 0.8729982376098633, 0.8646749258041382, 0.8720259070396423, 0.8473577499389648, 0.8542909622192383, 0.8511111736297607, 0.8384315967559814, 0.8384914994239807, 0.8269920945167542, 0.8228287696838379, 0.8094550371170044, 0.8158161044120789, 0.7897753119468689, 0.801215410232544, 0.7998678684234619, 0.7953576445579529, 0.7905936241149902, 0.7742794752120972, 0.7724812626838684, 0.7706161141395569, 0.7690775394439697, 0.769866406917572, 0.7570594549179077, 0.7325721383094788, 0.7766122221946716, 0.7552890181541443, 0.7602043151855469, 0.745745837688446, 0.7403988838195801],