{"n_parameters": 466737, "training_time": 14411.720203638077, "loss": [2.6284008026123047, 2.5114622116088867, 2.4778501987457275, 2.456094980239868, 2.4512102603912354, 2.4409351348876953, 2.434211492538452, 2.427788019180298, 2.4250364303588867, 2.4168567657470703, 2.404224395751953, 2.3957533836364746, 2.3874800205230713, 2.371778964996338, 2.359879732131958, 2.354823350906372, 2.3440780639648438, 2.325032949447632, 2.313453197479248, 2.2918777465820312, 2.2838315963745117, 2.2604942321777344, 2.2476799488067627, 2.227526903152466, 2.2020111083984375, 2.183605909347534, 2.1599998474121094, 2.1347599029541016, 2.1170361042022705, 2.0972139835357666, 2.076793909072876, 2.0535213947296143, 2.0456554889678955, 2.023559808731079, 2.007434606552124, 1.991586446762085, 1.979797124862671, 1.9576152563095093, 1.9454073905944824, 1.9382007122039795, 1.9207035303115845, 1.9107049703598022, 1.8812627792358398, 1.8799997568130493, 1.8680366277694702, 1.8661274909973145, 1.8566972017288208, 1.8414864540100098, 1.8317172527313232, 1.8245437145233154, 1.813865065574646, 1.8091853857040405, 1.7865791320800781, 1.7931920289993286, 1.7762545347213745, 1.7773951292037964, 1.7551158666610718, 1.7562568187713623, 1.7402970790863037, 1.7437185049057007, 1.7267804145812988, 1.7134958505630493, 1.711423635482788, 1.7194905281066895, 1.6930116415023804, 1.696879506111145, 1.686187505722046, 1.6825048923492432, 1.6835088729858398, 1.6682616472244263, 1.6648017168045044, 1.6504679918289185, 1.6352407932281494, 1.636027455329895, 1.6371846199035645, 1.6326849460601807, 1.6171293258666992, 1.617772102355957, 1.6104074716567993, 1.6024261713027954, 1.6034454107284546, 1.5993530750274658, 1.5892791748046875, 1.5912611484527588, 1.5846686363220215, 1.5802792310714722, 1.5662932395935059, 1.5646443367004395, 1.569015622138977, 1.5571074485778809, 1.5508986711502075, 1.5454403162002563, 1.5337934494018555, 1.5398411750793457], "rmse": [1.6002061367034912, 1.5646677017211914, 1.5538147687911987, 1.5461900234222412, 1.5448840856552124, 1.5419925451278687, 1.5389056205749512, 1.5382165908813477, 1.5370675325393677, 1.5346143245697021, 1.5308451652526855, 1.5271459817886353, 1.5243301391601562, 1.5195280313491821, 1.5165075063705444, 1.51388418674469, 1.5114332437515259, 1.5040168762207031, 1.5008769035339355, 1.492856740951538, 1.4910227060317993, 1.4824801683425903, 1.4783989191055298, 1.4722011089324951, 1.463786005973816, 1.4576489925384521, 1.4492582082748413, 1.440815806388855, 1.4344199895858765, 1.4273096323013306, 1.4207663536071777, 1.4131876230239868, 1.4101691246032715, 1.4025094509124756, 1.3957782983779907, 1.390384316444397, 1.3865946531295776, 1.3798315525054932, 1.37446928024292, 1.371651291847229, 1.3661903142929077, 1.3622387647628784, 1.3516355752944946, 1.3513587713241577, 1.3468354940414429, 1.3461270332336426, 1.343726396560669, 1.3377799987792969, 1.3352446556091309, 1.3304708003997803, 1.3271971940994263, 1.326000452041626, 1.3182299137115479, 1.3199487924575806, 1.3141216039657593, 1.3138967752456665, 1.3064595460891724, 1.3056758642196655, 1.300758957862854, 1.300795555114746, 1.2970465421676636, 1.2906461954116821, 1.2903269529342651, 1.2931715250015259, 1.2832893133163452, 1.2844845056533813, 1.2801507711410522, 1.2790684700012207, 1.2792468070983887, 1.2729425430297852, 1.2722960710525513, 1.2663600444793701, 1.2613164186477661, 1.261983036994934, 1.2617439031600952, 1.2597116231918335, 1.254211187362671, 1.25420081615448, 1.2515482902526855, 1.2495888471603394, 1.2488490343093872, 1.2481708526611328, 1.2432750463485718, 1.2432641983032227, 1.2421973943710327, 1.2396270036697388, 1.23501455783844, 1.2337493896484375, 1.2357994318008423, 1.2303043603897095, 1.2279647588729858, 1.2259081602096558, 1.221649169921875, 1.2242999076843262], "val_loss": [2.5022621154785156, 2.4958930015563965, 2.490744113922119, 2.4756178855895996, 2.484609603881836, 2.455167055130005, 2.4390926361083984, 2.4430267810821533, 2.434954881668091, 2.412576198577881, 2.4032211303710938, 2.3840346336364746, 2.377208709716797, 2.3480355739593506, 2.3231451511383057, 2.30356764793396, 2.2757632732391357, 2.267045736312866, 2.244678258895874, 2.1893150806427, 2.1554369926452637, 2.132352113723755, 2.0855093002319336, 2.037074327468872, 1.9783862829208374, 1.965935468673706, 1.9395158290863037, 1.8912639617919922, 1.8411537408828735, 1.8185737133026123, 1.8121259212493896, 1.7548251152038574, 1.7425858974456787, 1.7255899906158447, 1.7048978805541992, 1.69722318649292, 1.6773853302001953, 1.6570770740509033, 1.6487791538238525, 1.6412345170974731, 1.6425952911376953, 1.6403782367706299, 1.6420403718948364, 1.6081452369689941, 1.6270132064819336, 1.5998493432998657, 1.5958014726638794, 1.6027741432189941, 1.5951398611068726, 1.5814952850341797, 1.5731332302093506, 1.5681936740875244, 1.5699365139007568, 1.5593671798706055, 1.5661715269088745, 1.5572887659072876, 1.54728364944458, 1.5464357137680054, 1.5497074127197266, 1.5359455347061157, 1.53571355342865, 1.5259007215499878, 1.5204297304153442, 1.515093207359314, 1.5210366249084473, 1.5054879188537598, 1.501143217086792, 1.491466999053955, 1.51515531539917, 1.485244631767273, 1.506141185760498, 1.48378324508667, 1.4690059423446655, 1.4704790115356445, 1.4619778394699097, 1.4678488969802856, 1.4488080739974976, 1.4726160764694214, 1.4502930641174316, 1.4304392337799072, 1.4313609600067139, 1.4242970943450928, 1.412966251373291, 1.4251911640167236, 1.4094674587249756, 1.4077411890029907, 1.410151481628418, 1.40122652053833, 1.3906137943267822, 1.4010353088378906, 1.3982306718826294, 1.4108717441558838, 1.4147238731384277, 1.3990193605422974], "val_rmse": [1.557745099067688, 1.5556756258010864, 1.5539371967315674, 1.5492286682128906, 1.5521695613861084, 1.5428434610366821, 1.5378434658050537, 1.539176106452942, 1.536533236503601, 1.529434323310852, 1.5264856815338135, 1.5205631256103516, 1.51824152469635, 1.5088441371917725, 1.5008152723312378, 1.4943174123764038, 1.485485315322876, 1.4823079109191895, 1.4751960039138794, 1.4570510387420654, 1.4456835985183716, 1.4379894733428955, 1.422012448310852, 1.4054405689239502, 1.3851758241653442, 1.3805023431777954, 1.3711422681808472, 1.3539055585861206, 1.3365310430526733, 1.3279087543487549, 1.3256038427352905, 1.305135726928711, 1.300580382347107, 1.2945835590362549, 1.28707754611969, 1.2842403650283813, 1.2768192291259766, 1.2694865465164185, 1.2668612003326416, 1.2638816833496094, 1.2643158435821533, 1.2632759809494019, 1.2637813091278076, 1.2522848844528198, 1.2581571340560913, 1.2485318183898926, 1.2469918727874756, 1.2491143941879272, 1.2463691234588623, 1.2414665222167969, 1.2393131256103516, 1.2369688749313354, 1.2369784116744995, 1.2333623170852661, 1.2352365255355835, 1.2320959568023682, 1.2284183502197266, 1.2279971837997437, 1.2289619445800781, 1.2239679098129272, 1.223591685295105, 1.220068097114563, 1.2179256677627563, 1.216354489326477, 1.217531681060791, 1.212266445159912, 1.2104765176773071, 1.2070887088775635, 1.2146111726760864, 1.2041329145431519, 1.2110596895217896, 1.2028030157089233, 1.1975293159484863, 1.1975903511047363, 1.1941685676574707, 1.1959563493728638, 1.1890594959259033, 1.197417140007019, 1.1889379024505615, 1.1815853118896484, 1.1814320087432861, 1.1788891553878784, 1.1744701862335205, 1.1787080764770508, 1.1726655960083008, 1.1719118356704712, 1.1727485656738281, 1.1693141460418701, 1.165167212486267, 1.168580412864685, 1.1675591468811035, 1.1721738576889038, 1.173521637916565, 1.1674124002456665]}