{"n_parameters": 126897, "training_time": 13593.154692411423, "loss": [2.559425115585327, 2.393317461013794, 2.349506378173828, 2.311401844024658, 2.2702713012695312, 2.2295994758605957, 2.182741641998291, 2.130666971206665, 2.0766806602478027, 2.0189201831817627, 1.958850383758545, 1.8931200504302979, 1.8265554904937744, 1.7581602334976196, 1.6933414936065674, 1.6293489933013916, 1.574600338935852, 1.5210793018341064, 1.4734210968017578, 1.4292323589324951, 1.3991690874099731, 1.3619107007980347, 1.3380810022354126, 1.31076979637146, 1.2921775579452515, 1.275062084197998, 1.2549830675125122, 1.2439206838607788, 1.2358168363571167, 1.2197567224502563, 1.2147454023361206, 1.2083008289337158, 1.195321798324585, 1.1932916641235352, 1.1827080249786377, 1.1788865327835083, 1.172460913658142, 1.1673616170883179, 1.1589350700378418, 1.1502758264541626, 1.1451995372772217, 1.1396048069000244, 1.1347558498382568, 1.128516435623169, 1.1183950901031494, 1.1184723377227783, 1.1112611293792725, 1.1025748252868652, 1.098293662071228, 1.09352707862854, 1.0904122591018677, 1.0782595872879028, 1.0755292177200317, 1.0682713985443115, 1.0630675554275513, 1.058245062828064, 1.0459258556365967, 1.0440187454223633, 1.0440922975540161, 1.0359344482421875, 1.0269439220428467, 1.0228352546691895, 1.015445351600647, 1.01312255859375, 1.0041526556015015, 0.9974587559700012, 0.9939858913421631, 0.9882528781890869, 0.9816676378250122, 0.9753315448760986, 0.970428466796875, 0.9631040692329407, 0.9559785723686218, 0.9492843151092529, 0.9462772607803345, 0.9393705725669861, 0.9311727285385132, 0.9259180426597595, 0.9250602722167969, 0.916864812374115, 0.910498857498169, 0.9000853896141052, 0.8969589471817017, 0.8897578716278076, 0.8877050280570984, 0.8793793320655823, 0.8753893971443176, 0.8692194223403931, 0.8656690716743469, 0.8542621731758118, 0.8539158701896667, 0.842715859413147, 0.8407934308052063, 0.8296678066253662, 0.8259668350219727, 0.8203888535499573, 0.8159147500991821, 0.8072022199630737, 0.8006517291069031, 0.7982230186462402, 0.7913488745689392, 0.7871243357658386, 0.7783464789390564, 0.7730318307876587, 0.7669327259063721, 0.7622363567352295, 0.7581796050071716, 0.7541602849960327, 0.7403474450111389, 0.740332305431366, 0.7312330007553101, 0.7272034287452698, 0.7209281325340271, 0.715386152267456, 0.7115581631660461, 0.7070245742797852, 0.7031098008155823, 0.6955680847167969, 0.6890387535095215, 0.6850536465644836, 0.6794710159301758, 0.6744343638420105, 0.6695763468742371, 0.6653274297714233, 0.6596118211746216, 0.6562932133674622, 0.6510576009750366, 0.6462066173553467, 0.6363921761512756, 0.6366176605224609, 0.6297184228897095, 0.6268139481544495, 0.6212880611419678, 0.6172747611999512, 0.6119332313537598, 0.6085891723632812, 0.6047013998031616, 0.6009607911109924, 0.5962367653846741, 0.5888212323188782, 0.588886559009552, 0.58309406042099, 0.581490159034729, 0.575592041015625, 0.5736002922058105, 0.5701972842216492, 0.564324676990509, 0.5610291957855225, 0.5580596327781677, 0.5535465478897095, 0.5524904131889343, 0.549859881401062, 0.5446599721908569, 0.540433943271637, 0.5400975942611694, 0.5356747508049011, 0.5317316055297852, 0.525583803653717, 0.5260756611824036, 0.5278054475784302, 0.5225356221199036, 0.5156129002571106, 0.5146448016166687, 0.5099902153015137, 0.5064980387687683, 0.5041452050209045, 0.49987030029296875, 0.5017998218536377, 0.4995644688606262, 0.49459436535835266, 0.4960601031780243, 0.4905618727207184, 0.4901374280452728, 0.4869877099990845, 0.4833742380142212, 0.4806060492992401, 0.4769703447818756, 0.47621405124664307, 0.4754563868045807, 0.4709135890007019, 0.47057127952575684, 0.46780112385749817, 0.4663754999637604, 0.4632950723171234, 0.46209532022476196, 0.4590654671192169, 0.45793014764785767, 0.4571307599544525, 0.45816123485565186, 0.45405131578445435, 0.44780465960502625, 0.4516121447086334, 0.4474409818649292, 0.4465833008289337, 0.4474860429763794, 0.4428049921989441, 0.4388904571533203, 0.44125160574913025, 0.4375264048576355, 0.43586182594299316, 0.43513941764831543, 0.4349669814109802, 0.42992016673088074, 0.42932894825935364, 0.42952048778533936, 0.4285770356655121, 0.4250607490539551, 0.4281037151813507, 0.42583733797073364, 0.4227800965309143, 0.4239925742149353, 0.4223751723766327, 0.4175879955291748, 0.4189005494117737, 0.4166841208934784, 0.41393083333969116, 0.4113723635673523, 0.41136762499809265, 0.41120222210884094, 0.41176900267601013, 0.41109031438827515, 0.4053169786930084, 0.40680810809135437, 0.40742969512939453, 0.40672770142555237, 0.40533024072647095, 0.4029947519302368, 0.4001486003398895, 0.4033806025981903, 0.40143412351608276, 0.3969913721084595, 0.3955049216747284, 0.39633888006210327, 0.3950728476047516, 0.3951801359653473, 0.3951021730899811, 0.39410319924354553, 0.3900814652442932, 0.3894442915916443, 0.38927707076072693, 0.3894028961658478, 0.38519158959388733, 0.3885534703731537, 0.38658440113067627, 0.3869484066963196],