{"n_parameters": 297713, "training_time": 17467.047508716583, "loss": [2.469376802444458, 2.1499783992767334, 1.9252963066101074, 1.738402247428894, 1.6010963916778564, 1.5139180421829224, 1.4497236013412476, 1.4089953899383545, 1.37216317653656, 1.3401650190353394, 1.309691309928894, 1.2866688966751099, 1.2548874616622925, 1.2308447360992432, 1.2093220949172974, 1.1820824146270752, 1.1573654413223267, 1.135362148284912, 1.1087474822998047, 1.0895864963531494, 1.0598366260528564, 1.0391345024108887, 1.014204502105713, 0.9905494451522827, 0.9622270464897156, 0.9401480555534363, 0.9180006384849548, 0.8977298736572266, 0.8721485137939453, 0.8545588850975037, 0.8336254358291626, 0.8132098317146301, 0.7971519231796265, 0.7840793132781982, 0.7670005559921265, 0.7508628368377686, 0.7376063466072083, 0.7292163968086243, 0.713100016117096, 0.7085570096969604, 0.6945053339004517, 0.686681866645813, 0.6732783913612366, 0.6640211939811707, 0.6549676656723022, 0.6487298607826233, 0.6401628851890564, 0.628764271736145, 0.6226681470870972, 0.614302396774292, 0.6048070788383484, 0.6003833413124084, 0.5907421708106995, 0.5818164348602295, 0.5755429267883301, 0.5665811896324158, 0.5616678595542908, 0.5536876320838928, 0.5463101267814636, 0.5431151390075684, 0.5373950600624084, 0.5255018472671509, 0.521149754524231, 0.5120240449905396, 0.5078051686286926, 0.49785467982292175, 0.4961453974246979, 0.4891963005065918, 0.47941190004348755, 0.47644299268722534, 0.47014120221138, 0.463706374168396, 0.4623918831348419, 0.4559115171432495, 0.4480600953102112, 0.4452357292175293, 0.4413452446460724, 0.4364149868488312, 0.42873305082321167, 0.42355483770370483, 0.4194338619709015, 0.4165892004966736, 0.4124029576778412, 0.40720659494400024, 0.40527376532554626, 0.3996666967868805, 0.3949504494667053, 0.391649067401886, 0.38929665088653564, 0.3834763765335083, 0.37947356700897217, 0.37787023186683655, 0.37438714504241943, 0.3718152642250061, 0.3686749041080475, 0.3652377128601074, 0.36468586325645447, 0.3597324788570404, 0.3567138910293579, 0.35290876030921936, 0.35095667839050293, 0.3472657799720764, 0.34579452872276306, 0.3433201313018799, 0.34081360697746277, 0.3403758108615875, 0.3366536796092987, 0.335536390542984, 0.3324255645275116, 0.32771340012550354, 0.32777491211891174, 0.3258298933506012, 0.322039395570755, 0.3252410888671875, 0.3211159110069275, 0.31999510526657104, 0.31749865412712097, 0.31670528650283813, 0.31563302874565125, 0.31282734870910645, 0.30997738242149353, 0.30845290422439575, 0.3073422610759735, 0.3069070875644684, 0.3039475977420807, 0.30483701825141907, 0.3014770746231079, 0.2999641001224518, 0.30098018050193787, 0.29833170771598816, 0.29591259360313416, 0.2974095046520233, 0.2944090962409973, 0.2930872142314911, 0.29149705171585083, 0.2924994230270386, 0.28984376788139343, 0.2901819050312042, 0.28592297434806824, 0.28592970967292786, 0.28544852137565613, 0.2836207449436188, 0.2840900123119354, 0.2815735638141632, 0.2806083559989929, 0.2800179421901703, 0.27869945764541626, 0.2785152196884155, 0.275738000869751, 0.27690598368644714, 0.2736594080924988, 0.2738790512084961, 0.2718146741390228, 0.2704584300518036, 0.2733936607837677, 0.26978379487991333, 0.2693694829940796, 0.2672538459300995, 0.2680516839027405, 0.2664342522621155, 0.2679111063480377, 0.2657392621040344, 0.26474958658218384, 0.2646249830722809, 0.26247429847717285, 0.2621144652366638, 0.26114702224731445, 0.2582935094833374, 0.2587360739707947, 0.2596006393432617, 0.25956231355667114, 0.257321834564209, 0.2557792365550995, 0.257011353969574, 0.25722792744636536, 0.25488725304603577, 0.2539152503013611, 0.25372233986854553, 0.2523573338985443, 0.25375717878341675, 0.25043562054634094, 0.25094181299209595, 0.2498612105846405, 0.25008708238601685, 0.24806775152683258, 0.2502271831035614, 0.24741241335868835, 0.2458210438489914, 0.24626410007476807, 0.24639740586280823, 0.24679259955883026, 0.24430418014526367, 0.24552090466022491, 0.24357809126377106], "rmse": [1.5490303039550781, 1.4452917575836182, 1.3663791418075562, 1.29889976978302, 1.245447039604187, 1.212432861328125, 1.1871424913406372, 1.1707097291946411, 1.155762791633606, 1.1416308879852295, 1.1288930177688599, 1.1187448501586914, 1.104468822479248, 1.0937376022338867, 1.0841524600982666, 1.0718486309051514, 1.060147762298584, 1.0494905710220337, 1.0379376411437988, 1.028840184211731, 1.0145273208618164, 1.0038658380508423, 0.9921861886978149, 0.9802375435829163, 0.965438723564148, 0.9548990726470947, 0.9419613480567932, 0.9322436451911926, 0.9185177683830261, 0.9093244075775146, 0.8979960083961487, 0.8858677744865417, 0.8774905800819397, 0.8700034022331238, 0.8610380291938782, 0.8513462543487549, 0.8430517315864563, 0.8387954235076904, 0.8296346664428711, 0.8262252807617188, 0.8186309933662415, 0.8134148716926575, 0.8056219816207886, 0.7999855279922485, 0.7945320010185242, 0.7912117838859558, 0.7859033346176147, 0.778723955154419, 0.7745118141174316, 0.7698871493339539, 0.7641499042510986, 0.7613513469696045, 0.7556819319725037, 0.7490821480751038, 0.7452059388160706, 0.7398175001144409, 0.7364750504493713, 0.7306609153747559, 0.7261540293693542, 0.7237427234649658, 0.720353364944458, 0.712584912776947, 0.709475040435791, 0.7033869624137878, 0.7007569074630737, 0.6937577128410339, 0.69240403175354, 0.6877565979957581, 0.6803569793701172, 0.6784963011741638, 0.6743740439414978, 0.6700738668441772, 0.6688166856765747, 0.663892388343811, 0.658559262752533, 0.6560333967208862, 0.6532857418060303, 0.6494372487068176, 0.6443734765052795, 0.6403471231460571, 0.637062668800354, 0.6349496245384216, 0.6318498849868774, 0.6282477378845215, 0.6259565353393555, 0.6217913031578064, 0.6185430288314819, 0.616317868232727, 0.6142981052398682, 0.6092409491539001, 0.6062119007110596, 0.604968249797821, 0.6021265983581543, 0.6004493236541748, 0.5975657105445862, 0.59524005651474, 0.5941935777664185, 0.5903567671775818, 0.5878522992134094, 0.5847897529602051, 0.5832095742225647, 0.5802242755889893, 0.5791041851043701, 0.576998233795166, 0.5749671459197998, 0.5746499300003052, 0.571688175201416, 0.5702390074729919, 0.5677372813224792, 0.5641726851463318, 0.5639330744743347, 0.5620331168174744, 0.5588877201080322, 0.5617092847824097, 0.5583876371383667, 0.5572217106819153, 0.5551753044128418, 0.5542072057723999, 0.553520917892456, 0.5511769652366638, 0.5486703515052795, 0.5469844937324524, 0.5464354157447815, 0.5459458827972412, 0.5429863929748535, 0.5439711809158325, 0.5409778356552124, 0.5398167371749878, 0.5403929948806763, 0.5379911661148071, 0.5359177589416504, 0.5374042391777039, 0.5344935059547424, 0.5335264801979065, 0.532175600528717, 0.5329285860061646, 0.5302538871765137, 0.5306557416915894, 0.5267243981361389, 0.5271759033203125, 0.5258857607841492, 0.5245189070701599, 0.5251303315162659, 0.5230966210365295, 0.5219115018844604, 0.521385908126831, 0.5202814340591431, 0.520124077796936, 0.5172232389450073, 0.518302857875824, 0.5157361030578613, 0.5158092975616455, 0.5137591361999512, 0.5125439763069153, 0.5153865218162537, 0.5117480158805847, 0.5113278031349182, 0.5095920562744141, 0.5102242231369019, 0.508382260799408, 0.5099737048149109, 0.508063554763794, 0.5066458582878113, 0.5068582892417908, 0.504569947719574, 0.5042205452919006, 0.503354549407959, 0.5007217526435852, 0.5011356472969055, 0.5017088651657104, 0.5020495653152466, 0.4999648630619049, 0.49837222695350647, 0.49947115778923035, 0.499630331993103, 0.49750396609306335, 0.4963584542274475, 0.49646514654159546, 0.4950201213359833, 0.4959472119808197, 0.4933964014053345, 0.49395111203193665, 0.4924629032611847, 0.49282482266426086, 0.4907875061035156, 0.49276044964790344, 0.4899405241012573, 0.4883286952972412, 0.48924362659454346, 0.48902153968811035, 0.4895939230918884, 0.4870246946811676, 0.4882221817970276, 0.48629507422447205],