{"n_parameters": 508241, "training_time": 6281.43425488472, "loss": [2.6884231567382812, 2.584303379058838, 2.538635492324829, 2.510244131088257, 2.4878149032592773, 2.4667515754699707, 2.452327251434326, 2.444685220718384, 2.4330573081970215, 2.420426845550537, 2.413440227508545, 2.3988189697265625, 2.3914356231689453, 2.379333019256592, 2.378722667694092, 2.3693325519561768, 2.3581502437591553, 2.3536880016326904, 2.348680257797241, 2.3337645530700684, 2.3290648460388184, 2.3132522106170654, 2.3042056560516357, 2.2967729568481445, 2.285001039505005, 2.2781577110290527, 2.2632052898406982, 2.2495644092559814, 2.2407193183898926, 2.2174489498138428, 2.204040765762329, 2.1906867027282715, 2.177799701690674, 2.1617751121520996, 2.1490392684936523, 2.132258176803589, 2.113222599029541, 2.0994532108306885, 2.087102174758911, 2.071298122406006, 2.0512232780456543, 2.0409328937530518, 2.025789737701416, 2.0029265880584717, 1.9953664541244507, 1.9731138944625854, 1.9608614444732666, 1.943712830543518, 1.9302096366882324], "rmse": [1.6189355850219727, 1.58676016330719, 1.5730063915252686, 1.5640463829040527, 1.556801438331604, 1.5500743389129639, 1.5447241067886353, 1.543320655822754, 1.539933204650879, 1.5348987579345703, 1.5331355333328247, 1.5279810428619385, 1.5253582000732422, 1.5221329927444458, 1.522724986076355, 1.5191802978515625, 1.5152090787887573, 1.5136903524398804, 1.5132204294204712, 1.507215976715088, 1.5066781044006348, 1.5009008646011353, 1.4972738027572632, 1.4952318668365479, 1.490502119064331, 1.4892981052398682, 1.4840584993362427, 1.4799797534942627, 1.4773590564727783, 1.4692326784133911, 1.4650824069976807, 1.4601646661758423, 1.4553868770599365, 1.4499722719192505, 1.4458870887756348, 1.4401330947875977, 1.4327770471572876, 1.4288580417633057, 1.4240446090698242, 1.4180805683135986, 1.4107966423034668, 1.4086507558822632, 1.4027198553085327, 1.3954955339431763, 1.3926421403884888, 1.3846925497055054, 1.3804986476898193, 1.3737854957580566, 1.3696589469909668], "val_loss": [2.478233814239502, 2.4469189643859863, 2.4430837631225586, 2.4316823482513428, 2.4264705181121826, 2.424607515335083, 2.42069411277771, 2.4189846515655518, 2.42289662361145, 2.4235832691192627, 2.403435707092285, 2.4041495323181152, 2.406403064727783, 2.3753020763397217, 2.383948564529419, 2.386021852493286, 2.3742103576660156, 2.3651514053344727, 2.3584344387054443, 2.355616569519043, 2.3279943466186523, 2.312812566757202, 2.309757709503174, 2.271657705307007, 2.2508738040924072, 2.2270867824554443, 2.222454786300659, 2.1899304389953613, 2.188777446746826, 2.1633496284484863, 2.138770341873169, 2.130610704421997, 2.1060609817504883, 2.073401927947998, 2.064588785171509, 2.0558950901031494, 2.0270886421203613, 2.026160955429077, 2.0208351612091064, 1.9949406385421753, 2.0081818103790283, 1.9978233575820923, 2.006002187728882, 1.9874976873397827, 2.0030317306518555, 1.9998037815093994, 2.0008296966552734, 1.9881130456924438, 1.991697907447815], "val_rmse": [1.550331473350525, 1.5405367612838745, 1.5391654968261719, 1.5355701446533203, 1.5338941812515259, 1.5332492589950562, 1.531964898109436, 1.531356930732727, 1.5324903726577759, 1.5326437950134277, 1.5260990858078003, 1.5263407230377197, 1.527046799659729, 1.5170501470565796, 1.5197620391845703, 1.520371675491333, 1.5164483785629272, 1.5134865045547485, 1.5112428665161133, 1.51034414768219, 1.5014550685882568, 1.4963167905807495, 1.4952802658081055, 1.4827113151550293, 1.4758230447769165, 1.4678438901901245, 1.4661965370178223, 1.4552702903747559, 1.4546890258789062, 1.4461544752120972, 1.4378471374511719, 1.4350601434707642, 1.4267233610153198, 1.4157220125198364, 1.412752389907837, 1.4098873138427734, 1.400153398513794, 1.399985909461975, 1.3984204530715942, 1.389521598815918, 1.3942898511886597, 1.3910150527954102, 1.3939259052276611, 1.3875961303710938, 1.3932186365127563, 1.392298936843872, 1.3929545879364014, 1.3887300491333008, 1.3899508714675903]}