{"n_parameters": 96785, "training_time": 341.6351692676544, "loss": [2.7968990802764893, 2.580157518386841, 2.522867441177368, 2.5063388347625732, 2.493800163269043, 2.4852588176727295], "rmse": [1.6515724658966064, 1.5851320028305054, 1.5681930780410767, 1.5619481801986694, 1.5582587718963623, 1.555476188659668], "val_loss": [2.5219857692718506, 2.5267622470855713, 2.527118682861328, 2.531672954559326, 2.53047251701355, 2.5319454669952393], "val_rmse": [1.5639219284057617, 1.5653923749923706, 1.5654845237731934, 1.5668967962265015, 1.5665192604064941, 1.5669699907302856]}